Time Stamp,ID,Extended,Dir,Bus,LEN,D1,D2,D3,D4,D5,D6,D7,D8
29000,625,false,Rx,0,8,25,00,11,43,FD,BB,E4,01
61000,2C4,false,Rx,0,8,05,00,00,00,AF,02,00,00
61000,2C5,false,Rx,0,8,00,00,00,00,00,00,00,00
61000,2C6,false,Rx,0,8,F4,01,84,03,00,00,00,00
72000,60D,false,Rx,0,8,0D,10,DF,23,02,20,70,00
79000,54,false,Rx,0,8,01,01,FE,FF,FE,FF,00,00
79000,55,false,Rx,0,8,10,27,00,00,00,00,00,00
79000,56,false,Rx,0,8,10,27,00,00,00,00,00,00
90000,57,false,Rx,0,8,00,00,FE,FF,FE,FF,00,00
129000,625,false,Rx,0,8,25,00,11,43,FD,BB,E4,01
169000,60D,false,Rx,0,8,0D,10,DF,23,02,20,70,00
229000,625,false,Rx,0,8,25,00,11,43,FD,BB,E4,01
261000,2C4,false,Rx,0,8,05,00,00,00,B2,02,00,00
261000,2C5,false,Rx,0,8,00,00,00,00,00,00,00,00
261000,2C6,false,Rx,0,8,F4,01,84,03,00,00,00,00
272000,60D,false,Rx,0,8,0D,10,DF,23,02,20,70,00
279000,54,false,Rx,0,8,01,01,FE,FF,FE,FF,00,00
279000,55,false,Rx,0,8,10,27,00,00,00,00,00,00
279000,56,false,Rx,0,8,10,27,00,00,00,00,00,00
289000,57,false,Rx,0,8,00,00,FE,FF,FE,FF,00,00
329000,625,false,Rx,0,8,25,00,11,43,FD,BB,E4,01
369000,60D,false,Rx,0,8,0D,10,DF,23,02,20,70,00
429000,625,false,Rx,0,8,25,00,11,43,FD,BB,E4,01
461000,2C4,false,Rx,0,8,05,00,00,00,AF,02,00,00
461000,2C5,false,Rx,0,8,00,00,00,00,00,00,00,00
461000,2C6,false,Rx,0,8,F4,01,84,03,00,00,00,00
472000,60D,false,Rx,0,8,0D,10,DF,23,02,20,70,00
479000,54,false,Rx,0,8,01,01,FE,FF,FE,FF,00,00
479000,55,false,Rx,0,8,10,27,00,00,00,00,00,00
479000,56,false,Rx,0,8,10,27,00,00,00,00,00,00
489000,57,false,Rx,0,8,00,00,FE,FF,FE,FF,00,00
529000,625,false,Rx,0,8,25,00,11,43,FD,BB,E4,01
569000,60D,false,Rx,0,8,0D,10,DF,23,02,20,70,00
629000,625,false,Rx,0,8,25,00,11,43,FD,BB,E4,01
661000,2C4,false,Rx,0,8,05,00,00,00,B2,02,00,00
661000,2C5,false,Rx,0,8,00,00,00,00,00,00,00,00
661000,2C6,false,Rx,0,8,F4,01,84,03,00,00,00,00
672000,60D,false,Rx,0,8,0D,10,DF,23,02,20,70,00
679000,54,false,Rx,0,8,01,01,FE,FF,FE,FF,00,00
679000,55,false,Rx,0,8,10,27,00,00,00,00,00,00
679000,56,false,Rx,0,8,10,27,00,00,00,00,00,00
690000,57,false,Rx,0,8,00,00,FE,FF,FE,FF,00,00
729000,625,false,Rx,0,8,25,00,11,43,FD,BB,E4,01
769000,60D,false,Rx,0,8,0D,10,DF,23,02,20,70,00
829000,625,false,Rx,0,8,25,00,11,43,FD,BB,E4,01
861000,2C4,false,Rx,0,8,05,00,00,00,B2,02,00,00
861000,2C5,false,Rx,0,8,00,00,00,00,00,00,00,00
861000,2C6,false,Rx,0,8,F4,01,84,03,00,00,00,00
872000,60D,false,Rx,0,8,0D,10,DF,23,02,20,70,00
878000,54,false,Rx,0,8,01,01,FE,FF,FE,FF,00,00
879000,55,false,Rx,0,8,10,27,00,00,00,00,00,00
879000,56,false,Rx,0,8,10,27,00,00,00,00,00,00
889000,57,false,Rx,0,8,00,00,FE,FF,FE,FF,00,00
929000,625,false,Rx,0,8,25,00,11,43,FD,BB,E4,01
969000,60D,false,Rx,0,8,0D,10,DF,23,02,20,70,00
1029000,625,false,Rx,0,8,25,00,11,43,FD,BB,E4,01
1061000,2C4,false,Rx,0,8,05,00,00,00,AF,02,00,00
1061000,2C5,false,Rx,0,8,00,00,00,00,00,00,00,00
1061000,2C6,false,Rx,0,8,F4,01,84,03,00,00,00,00
1072000,60D,false,Rx,0,8,0D,10,DF,23,02,20,70,00
1078000,54,false,Rx,0,8,01,01,FE,FF,FE,FF,00,00
1079000,55,false,Rx,0,8,10,27,00,00,00,00,00,00
1079000,56,false,Rx,0,8,10,27,00,00,00,00,00,00
1089000,57,false,Rx,0,8,00,00,FE,FF,FE,FF,00,00
1129000,625,false,Rx,0,8,25,00,11,43,FD,BB,E4,01
1169000,60D,false,Rx,0,8,0D,10,DF,23,02,20,70,00
1229000,625,false,Rx,0,8,25,00,11,43,FD,BB,E4,01
1261000,2C4,false,Rx,0,8,05,00,00,00,B2,02,00,00
1261000,2C5,false,Rx,0,8,00,00,00,00,00,00,00,00
1261000,2C6,false,Rx,0,8,F4,01,84,03,00,00,00,00
1272000,60D,false,Rx,0,8,0D,10,DF,23,02,20,70,00
1278000,54,false,Rx,0,8,01,01,FE,FF,FE,FF,00,00
1279000,55,false,Rx,0,8,10,27,00,00,00,00,00,00
1279000,56,false,Rx,0,8,10,27,00,00,00,00,00,00
1289000,57,false,Rx,0,8,00,00,FE,FF,FE,FF,00,00
1329000,625,false,Rx,0,8,25,00,11,43,FD,BB,E4,01
1369000,60D,false,Rx,0,8,0D,10,DF,23,02,20,70,00
1429000,625,false,Rx,0,8,25,00,11,43,FD,BB,E4,01
1461000,2C4,false,Rx,0,8,05,00,00,00,B2,02,00,00
1461000,2C5,false,Rx,0,8,00,00,00,00,00,00,00,00
1461000,2C6,false,Rx,0,8,F4,01,84,03,00,00,00,00
1472000,60D,false,Rx,0,8,0D,10,DF,23,02,20,70,00
1478000,54,false,Rx,0,8,01,01,FE,FF,FE,FF,00,00
1479000,55,false,Rx,0,8,10,27,00,00,00,00,00,00
1479000,56,false,Rx,0,8,10,27,00,00,00,00,00,00
1489000,57,false,Rx,0,8,00,00,FE,FF,FE,FF,00,00
1529000,625,false,Rx,0,8,25,00,11,43,FD,BB,E4,01
1569000,60D,false,Rx,0,8,0D,10,DF,23,02,20,70,00
1629000,625,false,Rx,0,8,25,00,11,43,FD,BB,E4,01
1661000,2C4,false,Rx,0,8,05,00,00,00,AF,02,00,00
1661000,2C5,false,Rx,0,8,00,00,00,00,00,00,00,00
1661000,2C6,false,Rx,0,8,F4,01,84,03,00,00,00,00
1672000,60D,false,Rx,0,8,0D,10,DF,23,02,20,70,00
1678000,54,false,Rx,0,8,01,01,FE,FF,FE,FF,00,00
1679000,55,false,Rx,0,8,10,27,00,00,00,00,00,00
1679000,56,false,Rx,0,8,10,27,00,00,00,00,00,00
1689000,57,false,Rx,0,8,00,00,FE,FF,FE,FF,00,00
1729000,625,false,Rx,0,8,25,00,11,43,FD,BB,E4,01
1769000,60D,false,Rx,0,8,0D,10,DF,23,02,20,70,00
1829000,625,false,Rx,0,8,25,00,11,43,FD,BB,E4,01
1861000,2C4,false,Rx,0,8,05,00,00,00,B2,02,00,00
1861000,2C5,false,Rx,0,8,00,00,00,00,00,00,00,00
1861000,2C6,false,Rx,0,8,F4,01,84,03,00,00,00,00
1872000,60D,false,Rx,0,8,0D,10,DF,23,02,20,70,00
1878000,54,false,Rx,0,8,01,01,FE,FF,FE,FF,00,00
1879000,55,false,Rx,0,8,10,27,00,00,00,00,00,00
1879000,56,false,Rx,0,8,10,27,00,00,00,00,00,00
1889000,57,false,Rx,0,8,00,00,FE,FF,FE,FF,00,00
1929000,625,false,Rx,0,8,25,00,11,43,FD,BB,E4,01
1969000,60D,false,Rx,0,8,0D,10,DF,23,02,20,70,00
2029000,625,false,Rx,0,8,25,00,11,43,FD,BB,E4,01
2061000,2C4,false,Rx,0,8,05,00,00,00,B2,02,00,00
2061000,2C5,false,Rx,0,8,00,00,00,00,00,00,00,00
2061000,2C6,false,Rx,0,8,F4,01,84,03,00,00,00,00
2072000,60D,false,Rx,0,8,0D,10,DF,23,02,20,70,00
2078000,54,false,Rx,0,8,01,01,FE,FF,FE,FF,00,00
2079000,55,false,Rx,0,8,10,27,00,00,00,00,00,00
2079000,56,false,Rx,0,8,10,27,00,00,00,00,00,00
2090000,57,false,Rx,0,8,00,00,FE,FF,FE,FF,00,00
2129000,625,false,Rx,0,8,25,00,11,43,FD,BB,E4,01
2169000,60D,false,Rx,0,8,0D,10,DF,23,02,20,70,00
2229000,625,false,Rx,0,8,25,00,11,43,FD,BB,E4,01
2261000,2C4,false,Rx,0,8,05,00,00,00,B2,02,00,00
2261000,2C5,false,Rx,0,8,00,00,00,00,00,00,00,00
2261000,2C6,false,Rx,0,8,F4,01,84,03,00,00,00,00
2272000,60D,false,Rx,0,8,0D,10,DF,23,02,20,70,00
2278000,54,false,Rx,0,8,01,01,FE,FF,FE,FF,00,00
2279000,55,false,Rx,0,8,10,27,00,00,00,00,00,00
2279000,56,false,Rx,0,8,10,27,00,00,00,00,00,00
2289000,57,false,Rx,0,8,00,00,FE,FF,FE,FF,00,00
2329000,625,false,Rx,0,8,25,00,11,43,FD,BB,E4,01
2369000,60D,false,Rx,0,8,0D,10,DF,23,02,20,70,00
2429000,625,false,Rx,0,8,25,00,11,43,FD,BB,E4,01
2461000,2C4,false,Rx,0,8,05,00,00,00,B2,02,00,00
2461000,2C5,false,Rx,0,8,00,00,00,00,00,00,00,00
2461000,2C6,false,Rx,0,8,F4,01,84,03,00,00,00,00
2472000,60D,false,Rx,0,8,0D,10,DF,23,02,20,70,00
2478000,54,false,Rx,0,8,01,01,FE,FF,FE,FF,00,00
2479000,55,false,Rx,0,8,10,27,00,00,00,00,00,00
2479000,56,false,Rx,0,8,10,27,00,00,00,00,00,00
2489000,57,false,Rx,0,8,00,00,FE,FF,FE,FF,00,00
2529000,625,false,Rx,0,8,25,00,11,43,FD,BB,E4,01
2569000,60D,false,Rx,0,8,0D,10,DF,23,02,20,70,00
2629000,625,false,Rx,0,8,25,00,11,43,FD,BB,E4,01
2661000,2C4,false,Rx,0,8,05,00,00,00,B2,02,00,00
2661000,2C5,false,Rx,0,8,00,00,00,00,00,00,00,00
2661000,2C6,false,Rx,0,8,F4,01,84,03,00,00,00,00
2672000,60D,false,Rx,0,8,0D,10,DF,23,02,20,70,00
2678000,54,false,Rx,0,8,01,01,FE,FF,FE,FF,00,00
2679000,55,false,Rx,0,8,10,27,00,00,00,00,00,00
2679000,56,false,Rx,0,8,10,27,00,00,00,00,00,00
2689000,57,false,Rx,0,8,00,00,FE,FF,FE,FF,00,00
2729000,625,false,Rx,0,8,25,00,11,43,FD,BB,E4,01
2769000,60D,false,Rx,0,8,0D,10,DF,23,02,20,70,00
2829000,625,false,Rx,0,8,25,00,11,43,FD,BB,E4,01
2861000,2C4,false,Rx,0,8,05,00,00,00,B2,02,00,00
2861000,2C5,false,Rx,0,8,00,00,00,00,00,00,00,00
2861000,2C6,false,Rx,0,8,F4,01,84,03,00,00,00,00
2872000,60D,false,Rx,0,8,0D,10,DF,23,02,20,70,00
2878000,54,false,Rx,0,8,01,01,FE,FF,FE,FF,00,00
2879000,55,false,Rx,0,8,10,27,00,00,00,00,00,00
2879000,56,false,Rx,0,8,10,27,00,00,00,00,00,00
2889000,57,false,Rx,0,8,00,00,FE,FF,FE,FF,00,00
2929000,625,false,Rx,0,8,25,00,11,43,FD,BB,E4,01
2969000,60D,false,Rx,0,8,0D,10,DF,23,02,20,70,00
3029000,625,false,Rx,0,8,25,00,11,43,FD,BB,E4,01
3061000,2C4,false,Rx,0,8,05,00,00,00,B2,02,00,00
3061000,2C5,false,Rx,0,8,00,00,00,00,00,00,00,00
3061000,2C6,false,Rx,0,8,F4,01,84,03,00,00,00,00
3072000,60D,false,Rx,0,8,0D,10,DF,23,02,20,70,00
3078000,54,false,Rx,0,8,01,01,FE,FF,FE,FF,00,00
3079000,55,false,Rx,0,8,10,27,00,00,00,00,00,00
3079000,56,false,Rx,0,8,10,27,00,00,00,00,00,00
3089000,57,false,Rx,0,8,00,00,FE,FF,FE,FF,00,00
3129000,625,false,Rx,0,8,25,00,11,43,FD,BB,E4,01
3169000,60D,false,Rx,0,8,0D,10,DF,23,02,20,70,00
3229000,625,false,Rx,0,8,25,00,11,43,FD,BB,E4,01
3261000,2C4,false,Rx,0,8,05,00,00,00,B2,02,00,00
3261000,2C5,false,Rx,0,8,00,00,00,00,00,00,00,00
3261000,2C6,false,Rx,0,8,F4,01,84,03,00,00,00,00
3272000,60D,false,Rx,0,8,0D,10,DF,23,02,20,70,00
3278000,54,false,Rx,0,8,01,01,FE,FF,FE,FF,00,00
3279000,55,false,Rx,0,8,10,27,00,00,00,00,00,00
3279000,56,false,Rx,0,8,10,27,00,00,00,00,00,00
3289000,57,false,Rx,0,8,00,00,FE,FF,FE,FF,00,00
3329000,625,false,Rx,0,8,25,00,11,43,FD,BB,E4,01
3369000,60D,false,Rx,0,8,0D,10,DF,23,02,20,70,00
3429000,625,false,Rx,0,8,25,00,11,43,FD,BB,E4,01
3461000,2C4,false,Rx,0,8,05,00,00,00,B2,02,00,00
3461000,2C5,false,Rx,0,8,00,00,00,00,00,00,00,00
3461000,2C6,false,Rx,0,8,F4,01,84,03,00,00,00,00
3472000,60D,false,Rx,0,8,0D,10,DF,23,02,20,70,00
3478000,54,false,Rx,0,8,01,01,FE,FF,FE,FF,00,00
3479000,55,false,Rx,0,8,10,27,00,00,00,00,00,00
3479000,56,false,Rx,0,8,10,27,00,00,00,00,00,00
3489000,57,false,Rx,0,8,00,00,FE,FF,FE,FF,00,00
3529000,625,false,Rx,0,8,25,00,11,43,FD,BB,E4,01
3569000,60D,false,Rx,0,8,0D,10,DF,23,02,20,70,00
3629000,625,false,Rx,0,8,25,00,11,43,FD,BB,E4,01
3661000,2C4,false,Rx,0,8,05,00,00,00,B2,02,00,00
3661000,2C5,false,Rx,0,8,00,00,00,00,00,00,00,00
3661000,2C6,false,Rx,0,8,F4,01,84,03,00,00,00,00
3672000,60D,false,Rx,0,8,0D,10,DF,23,02,20,70,00
3678000,54,false,Rx,0,8,01,01,FE,FF,FE,FF,00,00
3679000,55,false,Rx,0,8,10,27,00,00,00,00,00,00
3679000,56,false,Rx,0,8,10,27,00,00,00,00,00,00
3689000,57,false,Rx,0,8,00,00,FE,FF,FE,FF,00,00
3729000,625,false,Rx,0,8,25,00,11,43,FD,BB,E4,01
3769000,60D,false,Rx,0,8,0D,10,DF,23,02,20,70,00
3829000,625,false,Rx,0,8,25,00,11,43,FD,BB,E4,01
3861000,2C4,false,Rx,0,8,05,00,00,00,B2,02,00,00
3861000,2C5,false,Rx,0,8,00,00,00,00,00,00,00,00
3861000,2C6,false,Rx,0,8,F4,01,84,03,00,00,00,00
3872000,60D,false,Rx,0,8,0D,10,DF,23,02,20,70,00
3878000,54,false,Rx,0,8,01,01,FE,FF,FE,FF,00,00
3879000,55,false,Rx,0,8,10,27,00,00,00,00,00,00
3879000,56,false,Rx,0,8,10,27,00,00,00,00,00,00
3889000,57,false,Rx,0,8,00,00,FE,FF,FE,FF,00,00
3929000,625,false,Rx,0,8,25,00,11,43,FD,BB,E4,01
3969000,60D,false,Rx,0,8,0D,10,DF,23,02,20,70,00
4029000,625,false,Rx,0,8,25,00,11,43,FD,BB,E4,01
4061000,2C4,false,Rx,0,8,05,00,00,00,B2,02,00,00
4061000,2C5,false,Rx,0,8,00,00,00,00,00,00,00,00
4061000,2C6,false,Rx,0,8,F4,01,84,03,00,00,00,00
4072000,60D,false,Rx,0,8,0D,10,DF,23,02,20,70,00
4078000,54,false,Rx,0,8,01,01,FE,FF,FE,FF,00,00
4079000,55,false,Rx,0,8,10,27,00,00,00,00,00,00
4079000,56,false,Rx,0,8,10,27,00,00,00,00,00,00
4089000,57,false,Rx,0,8,00,00,FE,FF,FE,FF,00,00
4129000,625,false,Rx,0,8,25,00,11,43,FD,BB,E4,01
4169000,60D,false,Rx,0,8,0D,10,DF,23,02,20,70,00
4229000,625,false,Rx,0,8,25,00,11,43,FD,BB,E4,01
4261000,2C4,false,Rx,0,8,05,00,00,00,B2,02,00,00
4261000,2C5,false,Rx,0,8,00,00,00,00,00,00,00,00
4261000,2C6,false,Rx,0,8,F4,01,84,03,00,00,00,00
4272000,60D,false,Rx,0,8,0D,10,DF,23,02,20,70,00
4278000,54,false,Rx,0,8,01,01,FE,FF,FE,FF,00,00
4279000,55,false,Rx,0,8,10,27,00,00,00,00,00,00
4279000,56,false,Rx,0,8,10,27,00,00,00,00,00,00
4289000,57,false,Rx,0,8,00,00,FE,FF,FE,FF,00,00
4329000,625,false,Rx,0,8,25,00,11,43,FD,BB,E4,01
4369000,60D,false,Rx,0,8,0D,10,DF,23,02,20,70,00
4429000,625,false,Rx,0,8,25,00,11,43,FD,BB,E4,01
4461000,2C4,false,Rx,0,8,05,00,00,00,B2,02,00,00
4461000,2C5,false,Rx,0,8,00,00,00,00,00,00,00,00
4461000,2C6,false,Rx,0,8,F4,01,84,03,00,00,00,00
4472000,60D,false,Rx,0,8,0D,10,DF,23,02,20,70,00
4478000,54,false,Rx,0,8,01,01,FE,FF,FE,FF,00,00
4479000,55,false,Rx,0,8,10,27,00,00,00,00,00,00
4479000,56,false,Rx,0,8,10,27,00,00,00,00,00,00
4489000,57,false,Rx,0,8,00,00,FE,FF,FE,FF,00,00
4529000,625,false,Rx,0,8,25,00,11,43,FD,BB,E4,01
4569000,60D,false,Rx,0,8,0D,10,DF,23,02,20,70,00
4629000,625,false,Rx,0,8,25,00,11,43,FD,BB,E4,01
4661000,2C4,false,Rx,0,8,05,00,00,00,B2,02,00,00
4661000,2C5,false,Rx,0,8,00,00,00,00,00,00,00,00
4661000,2C6,false,Rx,0,8,F4,01,84,03,00,00,00,00
4672000,60D,false,Rx,0,8,0D,10,DF,23,02,20,70,00
4679000,54,false,Rx,0,8,01,01,FE,FF,FE,FF,00,00
4679000,55,false,Rx,0,8,10,27,00,00,00,00,00,00
4679000,56,false,Rx,0,8,10,27,00,00,00,00,00,00
4690000,57,false,Rx,0,8,00,00,FE,FF,FE,FF,00,00
4729000,625,false,Rx,0,8,25,00,11,43,FD,BB,E4,01
4769000,60D,false,Rx,0,8,0D,10,DF,23,02,20,70,00
4829000,625,false,Rx,0,8,25,00,11,43,FD,BB,E4,01
4861000,2C4,false,Rx,0,8,05,00,00,00,B2,02,00,00
4861000,2C5,false,Rx,0,8,00,00,00,00,00,00,00,00
4861000,2C6,false,Rx,0,8,F4,01,84,03,00,00,00,00
4872000,60D,false,Rx,0,8,0D,10,DF,23,02,20,70,00
4878000,54,false,Rx,0,8,01,01,FE,FF,FE,FF,00,00
4879000,55,false,Rx,0,8,10,27,00,00,00,00,00,00
4879000,56,false,Rx,0,8,10,27,00,00,00,00,00,00
4889000,57,false,Rx,0,8,00,00,FE,FF,FE,FF,00,00
4929000,625,false,Rx,0,8,25,00,11,43,FD,BB,E4,01
4969000,60D,false,Rx,0,8,0D,10,DF,23,02,20,70,00
5029000,625,false,Rx,0,8,25,00,11,43,FD,BB,E4,01
5061000,2C4,false,Rx,0,8,05,00,00,00,B2,02,00,00
5061000,2C5,false,Rx,0,8,00,00,00,00,00,00,00,00
5061000,2C6,false,Rx,0,8,F4,01,84,03,00,00,00,00
5072000,60D,false,Rx,0,8,0D,10,DF,23,02,20,70,00
5078000,54,false,Rx,0,8,01,01,FE,FF,FE,FF,00,00
5079000,55,false,Rx,0,8,10,27,00,00,00,00,00,00
5079000,56,false,Rx,0,8,10,27,00,00,00,00,00,00
5089000,57,false,Rx,0,8,00,00,FE,FF,FE,FF,00,00
5129000,625,false,Rx,0,8,25,00,11,43,FD,BB,E4,01
5169000,60D,false,Rx,0,8,0D,10,DF,23,02,20,70,00
5229000,625,false,Rx,0,8,25,00,11,43,FD,BB,E4,01
5261000,2C4,false,Rx,0,8,05,00,00,00,B2,02,00,00
5261000,2C5,false,Rx,0,8,00,00,00,00,00,00,00,00
5261000,2C6,false,Rx,0,8,F4,01,84,03,00,00,00,00
5272000,60D,false,Rx,0,8,0D,10,DF,23,02,20,70,00
5278000,54,false,Rx,0,8,01,01,FE,FF,FE,FF,00,00
5279000,55,false,Rx,0,8,10,27,00,00,00,00,00,00
5279000,56,false,Rx,0,8,10,27,00,00,00,00,00,00
5289000,57,false,Rx,0,8,00,00,FE,FF,FE,FF,00,00
5329000,625,false,Rx,0,8,25,00,11,43,FD,BB,E4,01
5369000,60D,false,Rx,0,8,0D,10,DF,23,02,20,70,00
5429000,625,false,Rx,0,8,25,00,11,43,FD,BB,E4,01
5461000,2C4,false,Rx,0,8,05,00,00,00,B2,02,00,00
5461000,2C5,false,Rx,0,8,00,00,00,00,00,00,00,00
5461000,2C6,false,Rx,0,8,F4,01,84,03,00,00,00,00
5472000,60D,false,Rx,0,8,0D,10,DF,23,02,20,70,00
5478000,54,false,Rx,0,8,01,01,FE,FF,FE,FF,00,00
5479000,55,false,Rx,0,8,10,27,00,00,00,00,00,00
5479000,56,false,Rx,0,8,10,27,00,00,00,00,00,00
5489000,57,false,Rx,0,8,00,00,FE,FF,FE,FF,00,00
5529000,625,false,Rx,0,8,25,00,11,43,FD,BB,E4,01
5569000,60D,false,Rx,0,8,0D,10,DF,23,02,20,70,00
5629000,625,false,Rx,0,8,25,00,11,43,FD,BB,E4,01
5661000,2C4,false,Rx,0,8,05,00,00,00,B2,02,00,00
5661000,2C5,false,Rx,0,8,00,00,00,00,00,00,00,00
5661000,2C6,false,Rx,0,8,F4,01,84,03,00,00,00,00
5672000,60D,false,Rx,0,8,0D,10,DF,23,02,20,70,00
5678000,54,false,Rx,0,8,01,01,FE,FF,FE,FF,00,00
5679000,55,false,Rx,0,8,10,27,00,00,00,00,00,00
5679000,56,false,Rx,0,8,10,27,00,00,00,00,00,00
5689000,57,false,Rx,0,8,00,00,FE,FF,FE,FF,00,00
5729000,625,false,Rx,0,8,25,00,11,43,FD,BB,E4,01
5769000,60D,false,Rx,0,8,0D,10,DF,23,02,20,70,00
5828000,625,false,Rx,0,8,25,00,11,43,FD,BB,E4,01
5861000,2C4,false,Rx,0,8,05,00,00,00,B2,02,00,00
5861000,2C5,false,Rx,0,8,00,00,00,00,00,00,00,00
5861000,2C6,false,Rx,0,8,F4,01,84,03,00,00,00,00
5872000,60D,false,Rx,0,8,0D,10,DF,23,02,20,70,00
5878000,54,false,Rx,0,8,01,01,FE,FF,FE,FF,00,00
5879000,55,false,Rx,0,8,10,27,00,00,00,00,00,00
5879000,56,false,Rx,0,8,10,27,00,00,00,00,00,00
5889000,57,false,Rx,0,8,00,00,FE,FF,FE,FF,00,00
5928000,625,false,Rx,0,8,25,00,11,43,FD,BB,E4,01
5969000,60D,false,Rx,0,8,0D,10,DF,23,02,20,70,00
6028000,625,false,Rx,0,8,25,00,11,43,FD,BB,E4,01
6061000,2C4,false,Rx,0,8,05,00,00,00,B2,02,00,00
6061000,2C5,false,Rx,0,8,00,00,00,00,00,00,00,00
6061000,2C6,false,Rx,0,8,F4,01,84,03,00,00,00,00
6072000,60D,false,Rx,0,8,0D,10,DF,23,02,20,70,00
6078000,54,false,Rx,0,8,01,01,FE,FF,FE,FF,00,00
6079000,55,false,Rx,0,8,10,27,00,00,00,00,00,00
6079000,56,false,Rx,0,8,10,27,00,00,00,00,00,00
6089000,57,false,Rx,0,8,00,00,FE,FF,FE,FF,00,00
6128000,625,false,Rx,0,8,25,00,11,43,FD,BB,E4,01
6169000,60D,false,Rx,0,8,0D,10,DF,23,02,20,70,00
6228000,625,false,Rx,0,8,25,00,11,43,FD,BB,E4,01
6261000,2C4,false,Rx,0,8,05,00,00,00,B2,02,00,00
6261000,2C5,false,Rx,0,8,00,00,00,00,00,00,00,00
6261000,2C6,false,Rx,0,8,F4,01,84,03,00,00,00,00
6272000,60D,false,Rx,0,8,0D,10,DF,23,02,20,70,00
6278000,54,false,Rx,0,8,01,01,FE,FF,FE,FF,00,00
6279000,55,false,Rx,0,8,10,27,00,00,00,00,00,00
6279000,56,false,Rx,0,8,10,27,00,00,00,00,00,00
6289000,57,false,Rx,0,8,00,00,FE,FF,FE,FF,00,00
6328000,625,false,Rx,0,8,25,00,11,43,FD,BB,E4,01
6369000,60D,false,Rx,0,8,0D,10,DF,23,02,20,70,00
6428000,625,false,Rx,0,8,25,00,11,43,FD,BB,E4,01
6461000,2C4,false,Rx,0,8,05,00,00,00,B2,02,00,00
6461000,2C5,false,Rx,0,8,00,00,00,00,00,00,00,00
6461000,2C6,false,Rx,0,8,F4,01,84,03,00,00,00,00
6472000,60D,false,Rx,0,8,0D,10,DF,23,02,20,70,00
6478000,54,false,Rx,0,8,01,01,FE,FF,FE,FF,00,00
6479000,55,false,Rx,0,8,10,27,00,00,00,00,00,00
6479000,56,false,Rx,0,8,10,27,00,00,00,00,00,00
6489000,57,false,Rx,0,8,00,00,FE,FF,FE,FF,00,00
6528000,625,false,Rx,0,8,25,00,11,43,FD,BB,E4,01
6569000,60D,false,Rx,0,8,0D,10,DF,23,02,20,70,00
6628000,625,false,Rx,0,8,25,00,11,43,FD,BB,E4,01
6661000,2C4,false,Rx,0,8,05,00,00,00,B2,02,00,00
6661000,2C5,false,Rx,0,8,00,00,00,00,00,00,00,00
6661000,2C6,false,Rx,0,8,F4,01,84,03,00,00,00,00
6671000,60D,false,Rx,0,8,0D,10,DF,23,02,20,70,00
6678000,54,false,Rx,0,8,01,01,FE,FF,FE,FF,00,00
6679000,55,false,Rx,0,8,10,27,00,00,00,00,00,00
6679000,56,false,Rx,0,8,10,27,00,00,00,00,00,00
6689000,57,false,Rx,0,8,00,00,FE,FF,FE,FF,00,00
6728000,625,false,Rx,0,8,25,00,11,43,FD,BB,E4,01
6769000,60D,false,Rx,0,8,0D,10,DF,23,02,20,70,00
6828000,625,false,Rx,0,8,25,00,11,43,FD,BB,E4,01
6861000,2C4,false,Rx,0,8,05,00,00,00,B2,02,00,00
6861000,2C5,false,Rx,0,8,00,00,00,00,00,00,00,00
6861000,2C6,false,Rx,0,8,F4,01,84,03,00,00,00,00
6871000,60D,false,Rx,0,8,0D,10,DF,23,02,20,70,00
6878000,54,false,Rx,0,8,01,01,FE,FF,FE,FF,00,00
6879000,55,false,Rx,0,8,10,27,00,00,00,00,00,00
6879000,56,false,Rx,0,8,10,27,00,00,00,00,00,00
6889000,57,false,Rx,0,8,00,00,FE,FF,FE,FF,00,00
6928000,625,false,Rx,0,8,25,00,11,43,FD,BB,E4,01
6969000,60D,false,Rx,0,8,0D,10,DF,23,02,20,70,00
7028000,625,false,Rx,0,8,25,00,11,43,FD,BB,E4,01
7061000,2C4,false,Rx,0,8,05,00,00,00,B2,02,00,00
7061000,2C5,false,Rx,0,8,00,00,00,00,00,00,00,00
7061000,2C6,false,Rx,0,8,F4,01,84,03,00,00,00,00
7071000,60D,false,Rx,0,8,0D,10,DF,23,02,20,70,00
7078000,54,false,Rx,0,8,01,01,FE,FF,FE,FF,00,00
7079000,55,false,Rx,0,8,10,27,00,00,00,00,00,00
7079000,56,false,Rx,0,8,10,27,00,00,00,00,00,00
7089000,57,false,Rx,0,8,00,00,FE,FF,FE,FF,00,00
7128000,625,false,Rx,0,8,25,00,11,43,FD,BB,E4,01
7169000,60D,false,Rx,0,8,0D,10,DF,23,02,20,70,00
7228000,625,false,Rx,0,8,25,00,11,43,FD,BB,E4,01
7261000,2C4,false,Rx,0,8,05,00,00,00,B2,02,00,00
7261000,2C5,false,Rx,0,8,00,00,00,00,00,00,00,00
7261000,2C6,false,Rx,0,8,F4,01,84,03,00,00,00,00
7271000,60D,false,Rx,0,8,0D,10,DF,23,02,20,70,00
7278000,54,false,Rx,0,8,01,01,FE,FF,FE,FF,00,00
7279000,55,false,Rx,0,8,10,27,00,00,00,00,00,00
7279000,56,false,Rx,0,8,10,27,00,00,00,00,00,00
7289000,57,false,Rx,0,8,00,00,FE,FF,FE,FF,00,00
7328000,625,false,Rx,0,8,25,00,11,43,FD,BB,E4,01
7369000,60D,false,Rx,0,8,0D,10,DF,23,02,20,70,00
7428000,625,false,Rx,0,8,25,00,11,43,FD,BB,E4,01
7461000,2C4,false,Rx,0,8,05,00,00,00,B2,02,00,00
7461000,2C5,false,Rx,0,8,00,00,00,00,00,00,00,00
7461000,2C6,false,Rx,0,8,F4,01,84,03,00,00,00,00
7471000,60D,false,Rx,0,8,0D,10,DF,23,02,20,70,00
7478000,54,false,Rx,0,8,01,01,FE,FF,FE,FF,00,00
7479000,55,false,Rx,0,8,10,27,00,00,00,00,00,00
7479000,56,false,Rx,0,8,10,27,00,00,00,00,00,00
7489000,57,false,Rx,0,8,00,00,FE,FF,FE,FF,00,00
7528000,625,false,Rx,0,8,25,00,11,43,FD,BB,E4,01
7569000,60D,false,Rx,0,8,0D,10,DF,23,02,20,70,00
7628000,625,false,Rx,0,8,25,00,11,43,FD,BB,E4,01
7661000,2C4,false,Rx,0,8,05,00,00,00,B2,02,00,00
7661000,2C5,false,Rx,0,8,00,00,00,00,00,00,00,00
7661000,2C6,false,Rx,0,8,F4,01,84,03,00,00,00,00
7671000,60D,false,Rx,0,8,0D,10,DF,23,02,20,70,00
7678000,54,false,Rx,0,8,01,01,FE,FF,FE,FF,00,00
7679000,55,false,Rx,0,8,10,27,00,00,00,00,00,00
7679000,56,false,Rx,0,8,10,27,00,00,00,00,00,00
7689000,57,false,Rx,0,8,00,00,FE,FF,FE,FF,00,00
7728000,625,false,Rx,0,8,25,00,11,43,FD,BB,E4,01
7769000,60D,false,Rx,0,8,0D,10,DF,23,02,20,70,00
7828000,625,false,Rx,0,8,25,00,11,43,FD,BB,E4,01
7861000,2C4,false,Rx,0,8,05,00,00,00,B2,02,00,00
7861000,2C5,false,Rx,0,8,00,00,00,00,00,00,00,00
7861000,2C6,false,Rx,0,8,F4,01,84,03,00,00,00,00
7871000,60D,false,Rx,0,8,0D,10,DF,23,02,20,70,00
7878000,54,false,Rx,0,8,01,01,FE,FF,FE,FF,00,00
7879000,55,false,Rx,0,8,10,27,00,00,00,00,00,00
7879000,56,false,Rx,0,8,10,27,00,00,00,00,00,00
7889000,57,false,Rx,0,8,00,00,FE,FF,FE,FF,00,00
7928000,625,false,Rx,0,8,25,00,11,43,FD,BB,E4,01
7969000,60D,false,Rx,0,8,0D,10,DF,23,02,20,70,00
8028000,625,false,Rx,0,8,25,00,11,43,FD,BB,E4,01
8061000,2C4,false,Rx,0,8,05,00,00,00,B2,02,00,00
8061000,2C5,false,Rx,0,8,00,00,00,00,00,00,00,00
8061000,2C6,false,Rx,0,8,F4,01,84,03,00,00,00,00
8071000,60D,false,Rx,0,8,0D,10,DF,23,02,20,70,00
8078000,54,false,Rx,0,8,01,01,FE,FF,FE,FF,00,00
8079000,55,false,Rx,0,8,10,27,00,00,00,00,00,00
8079000,56,false,Rx,0,8,10,27,00,00,00,00,00,00
8089000,57,false,Rx,0,8,00,00,FE,FF,FE,FF,00,00
8128000,625,false,Rx,0,8,25,00,11,43,FD,BB,E4,01
8169000,60D,false,Rx,0,8,0D,10,DF,23,02,20,70,00
8228000,625,false,Rx,0,8,25,00,11,43,FD,BB,E4,01
8261000,2C4,false,Rx,0,8,05,00,00,00,B2,02,00,00
8261000,2C5,false,Rx,0,8,00,00,00,00,00,00,00,00
8261000,2C6,false,Rx,0,8,F4,01,84,03,00,00,00,00
8271000,60D,false,Rx,0,8,0D,10,DF,23,02,20,70,00
8278000,54,false,Rx,0,8,01,01,FE,FF,FE,FF,00,00
8279000,55,false,Rx,0,8,10,27,00,00,00,00,00,00
8279000,56,false,Rx,0,8,10,27,00,00,00,00,00,00
8289000,57,false,Rx,0,8,00,00,FE,FF,FE,FF,00,00
8328000,625,false,Rx,0,8,25,00,11,43,FD,BB,E4,01
8369000,60D,false,Rx,0,8,0D,10,DF,23,02,20,70,00
8428000,625,false,Rx,0,8,25,00,11,43,FD,BB,E4,01
8460000,2C4,false,Rx,0,8,05,00,00,00,B2,02,00,00
8461000,2C5,false,Rx,0,8,00,00,00,00,00,00,00,00
8461000,2C6,false,Rx,0,8,F4,01,84,03,00,00,00,00
8471000,60D,false,Rx,0,8,0D,10,DF,23,02,20,70,00
8478000,54,false,Rx,0,8,01,01,FE,FF,FE,FF,00,00
8479000,55,false,Rx,0,8,10,27,00,00,00,00,00,00
8479000,56,false,Rx,0,8,10,27,00,00,00,00,00,00
8489000,57,false,Rx,0,8,00,00,FE,FF,FE,FF,00,00
8528000,625,false,Rx,0,8,25,00,11,43,FD,BB,E4,01
8569000,60D,false,Rx,0,8,0D,10,DF,23,02,20,70,00
8628000,625,false,Rx,0,8,25,00,11,43,FD,BB,E4,01
8660000,2C4,false,Rx,0,8,05,00,00,00,B2,02,00,00
8661000,2C5,false,Rx,0,8,00,00,00,00,00,00,00,00
8661000,2C6,false,Rx,0,8,F4,01,84,03,00,00,00,00
8671000,60D,false,Rx,0,8,0D,10,DF,23,02,20,70,00
8678000,54,false,Rx,0,8,01,01,FE,FF,FE,FF,00,00
8679000,55,false,Rx,0,8,10,27,00,00,00,00,00,00
8679000,56,false,Rx,0,8,10,27,00,00,00,00,00,00
8689000,57,false,Rx,0,8,00,00,FE,FF,FE,FF,00,00
8728000,625,false,Rx,0,8,25,00,11,43,FD,BB,E4,01
8769000,60D,false,Rx,0,8,0D,10,DF,23,02,20,70,00
8828000,625,false,Rx,0,8,25,00,11,43,FD,BB,E4,01
8860000,2C4,false,Rx,0,8,05,00,00,00,B2,02,00,00
8861000,2C5,false,Rx,0,8,00,00,00,00,00,00,00,00
8861000,2C6,false,Rx,0,8,F4,01,84,03,00,00,00,00
8871000,60D,false,Rx,0,8,0D,10,DF,23,02,20,70,00
8878000,54,false,Rx,0,8,01,01,FE,FF,FE,FF,00,00
8879000,55,false,Rx,0,8,10,27,00,00,00,00,00,00
8879000,56,false,Rx,0,8,10,27,00,00,00,00,00,00
8889000,57,false,Rx,0,8,00,00,FE,FF,FE,FF,00,00
8928000,625,false,Rx,0,8,25,00,11,43,FD,BB,E4,01
8969000,60D,false,Rx,0,8,0D,10,DF,23,02,20,70,00
9028000,625,false,Rx,0,8,25,00,11,43,FD,BB,E4,01
9060000,2C4,false,Rx,0,8,05,00,00,00,B2,02,00,00
9061000,2C5,false,Rx,0,8,00,00,00,00,00,00,00,00
9061000,2C6,false,Rx,0,8,F4,01,84,03,00,00,00,00
9071000,60D,false,Rx,0,8,0D,10,DF,23,02,20,70,00
9078000,54,false,Rx,0,8,01,01,FE,FF,FE,FF,00,00
9079000,55,false,Rx,0,8,10,27,00,00,00,00,00,00
9079000,56,false,Rx,0,8,10,27,00,00,00,00,00,00
9089000,57,false,Rx,0,8,00,00,FE,FF,FE,FF,00,00
9128000,625,false,Rx,0,8,25,00,11,43,FD,BB,E4,01
9169000,60D,false,Rx,0,8,0D,10,DF,23,02,20,70,00
9228000,625,false,Rx,0,8,25,00,11,43,FD,BB,E4,01
9260000,2C4,false,Rx,0,8,05,00,00,00,B2,02,00,00
9261000,2C5,false,Rx,0,8,00,00,00,00,00,00,00,00
9261000,2C6,false,Rx,0,8,F4,01,84,03,00,00,00,00
9271000,60D,false,Rx,0,8,0D,10,DF,23,02,20,70,00
9279000,54,false,Rx,0,8,01,01,FE,FF,FE,FF,00,00
9279000,55,false,Rx,0,8,10,27,00,00,00,00,00,00
9279000,56,false,Rx,0,8,10,27,00,00,00,00,00,00
9290000,57,false,Rx,0,8,00,00,FE,FF,FE,FF,00,00
9328000,625,false,Rx,0,8,25,00,11,43,FD,BB,E4,01
9369000,60D,false,Rx,0,8,0D,10,DF,23,02,20,70,00
9428000,625,false,Rx,0,8,25,00,11,43,FD,BB,E4,01
9460000,2C4,false,Rx,0,8,05,00,00,00,B2,02,00,00
9461000,2C5,false,Rx,0,8,00,00,00,00,00,00,00,00
9461000,2C6,false,Rx,0,8,F4,01,84,03,00,00,00,00
9471000,60D,false,Rx,0,8,0D,10,DF,23,02,20,70,00
9478000,54,false,Rx,0,8,01,01,FE,FF,FE,FF,00,00
9479000,55,false,Rx,0,8,10,27,00,00,00,00,00,00
9479000,56,false,Rx,0,8,10,27,00,00,00,00,00,00
9489000,57,false,Rx,0,8,00,00,FE,FF,FE,FF,00,00
9528000,625,false,Rx,0,8,25,00,11,43,FD,BB,E4,01
9569000,60D,false,Rx,0,8,0D,10,DF,23,02,20,70,00
9628000,625,false,Rx,0,8,25,00,11,43,FD,BB,E4,01
9660000,2C4,false,Rx,0,8,05,00,00,00,B2,02,00,00
9661000,2C5,false,Rx,0,8,00,00,00,00,00,00,00,00
9661000,2C6,false,Rx,0,8,F4,01,84,03,00,00,00,00
9671000,60D,false,Rx,0,8,0D,10,DF,23,02,20,70,00
9679000,54,false,Rx,0,8,01,01,FE,FF,FE,FF,00,00
9679000,55,false,Rx,0,8,10,27,00,00,00,00,00,00
9679000,56,false,Rx,0,8,10,27,00,00,00,00,00,00
9689000,57,false,Rx,0,8,00,00,FE,FF,FE,FF,00,00
9728000,625,false,Rx,0,8,25,00,11,43,FD,BB,E4,01
9769000,60D,false,Rx,0,8,0D,10,DF,23,02,20,70,00
9828000,625,false,Rx,0,8,25,00,11,43,FD,BB,E4,01
9860000,2C4,false,Rx,0,8,05,00,00,00,B4,02,00,00
9861000,2C5,false,Rx,0,8,00,00,00,00,00,00,00,00
9861000,2C6,false,Rx,0,8,F4,01,84,03,00,00,00,00
9871000,60D,false,Rx,0,8,0D,10,DF,23,02,20,70,00
9878000,54,false,Rx,0,8,01,01,FE,FF,FE,FF,00,00
9879000,55,false,Rx,0,8,10,27,00,00,00,00,00,00
9879000,56,false,Rx,0,8,10,27,00,00,00,00,00,00
9889000,57,false,Rx,0,8,00,00,FE,FF,FE,FF,00,00
9928000,625,false,Rx,0,8,25,00,11,43,FD,BB,E4,01
9969000,60D,false,Rx,0,8,0D,10,DF,23,02,20,70,00
10028000,625,false,Rx,0,8,25,00,11,43,FD,BB,E4,01
10060000,2C4,false,Rx,0,8,05,00,00,00,B2,02,00,00
10061000,2C5,false,Rx,0,8,00,00,00,00,00,00,00,00
10061000,2C6,false,Rx,0,8,F4,01,84,03,00,00,00,00
10071000,60D,false,Rx,0,8,0D,10,DF,23,02,20,70,00
10078000,54,false,Rx,0,8,01,01,FE,FF,FE,FF,00,00
10079000,55,false,Rx,0,8,10,27,00,00,00,00,00,00
10079000,56,false,Rx,0,8,10,27,00,00,00,00,00,00
10089000,57,false,Rx,0,8,00,00,FE,FF,FE,FF,00,00
10128000,625,false,Rx,0,8,25,00,11,43,FD,BB,E4,01
10169000,60D,false,Rx,0,8,0D,10,DF,23,02,20,70,00
10228000,625,false,Rx,0,8,25,00,11,43,FD,BB,E4,01
10260000,2C4,false,Rx,0,8,05,00,00,00,B4,02,00,00
10261000,2C5,false,Rx,0,8,00,00,00,00,00,00,00,00
10261000,2C6,false,Rx,0,8,F4,01,84,03,00,00,00,00
10271000,60D,false,Rx,0,8,0D,10,DF,23,02,20,70,00
10278000,54,false,Rx,0,8,01,01,FE,FF,FE,FF,00,00
10279000,55,false,Rx,0,8,10,27,00,00,00,00,00,00
10279000,56,false,Rx,0,8,10,27,00,00,00,00,00,00
10289000,57,false,Rx,0,8,00,00,FE,FF,FE,FF,00,00
10328000,625,false,Rx,0,8,25,00,11,43,FD,BB,E4,01
10369000,60D,false,Rx,0,8,0D,10,DF,23,02,20,70,00
10428000,625,false,Rx,0,8,25,00,11,43,FD,BB,E4,01
10460000,2C4,false,Rx,0,8,05,00,00,00,B2,02,00,00
10461000,2C5,false,Rx,0,8,00,00,00,00,00,00,00,00
10461000,2C6,false,Rx,0,8,F4,01,84,03,00,00,00,00
10471000,60D,false,Rx,0,8,0D,10,DF,23,02,20,70,00
10478000,54,false,Rx,0,8,01,01,FE,FF,FE,FF,00,00
10479000,55,false,Rx,0,8,10,27,00,00,00,00,00,00
10479000,56,false,Rx,0,8,10,27,00,00,00,00,00,00
10489000,57,false,Rx,0,8,00,00,FE,FF,FE,FF,00,00
10528000,625,false,Rx,0,8,25,00,11,43,FD,BB,E4,01
10569000,60D,false,Rx,0,8,0D,10,DF,23,02,20,70,00
10628000,625,false,Rx,0,8,25,00,11,43,FD,BB,E4,01
10660000,2C4,false,Rx,0,8,05,00,00,00,B2,02,00,00
10661000,2C5,false,Rx,0,8,00,00,00,00,00,00,00,00
10661000,2C6,false,Rx,0,8,F4,01,84,03,00,00,00,00
10671000,60D,false,Rx,0,8,0D,10,DF,23,02,20,70,00
10678000,54,false,Rx,0,8,01,01,FE,FF,FE,FF,00,00
10679000,55,false,Rx,0,8,10,27,00,00,00,00,00,00
10679000,56,false,Rx,0,8,10,27,00,00,00,00,00,00
10689000,57,false,Rx,0,8,00,00,FE,FF,FE,FF,00,00
10728000,625,false,Rx,0,8,25,00,11,43,FD,BB,E4,01
10769000,60D,false,Rx,0,8,0D,10,DF,23,02,20,70,00
10828000,625,false,Rx,0,8,25,00,11,43,FD,BB,E4,01
10860000,2C4,false,Rx,0,8,05,00,00,00,B2,02,00,00
10861000,2C5,false,Rx,0,8,00,00,00,00,00,00,00,00
10861000,2C6,false,Rx,0,8,F4,01,84,03,00,00,00,00
10871000,60D,false,Rx,0,8,0D,10,DF,23,02,20,70,00
10878000,54,false,Rx,0,8,01,01,FE,FF,FE,FF,00,00
10879000,55,false,Rx,0,8,10,27,00,00,00,00,00,00
10879000,56,false,Rx,0,8,10,27,00,00,00,00,00,00
10889000,57,false,Rx,0,8,00,00,FE,FF,FE,FF,00,00
10928000,625,false,Rx,0,8,25,00,11,43,FD,BB,E4,01
10969000,60D,false,Rx,0,8,0D,10,DF,23,02,20,70,00
11028000,625,false,Rx,0,8,25,00,11,43,FD,BB,E4,01
11060000,2C4,false,Rx,0,8,05,00,00,00,B4,02,00,00
11061000,2C5,false,Rx,0,8,00,00,00,00,00,00,00,00
11061000,2C6,false,Rx,0,8,F4,01,84,03,00,00,00,00
11071000,60D,false,Rx,0,8,0D,10,DF,23,02,20,70,00
11078000,54,false,Rx,0,8,01,01,FE,FF,FE,FF,00,00
11079000,55,false,Rx,0,8,10,27,00,00,00,00,00,00
11079000,56,false,Rx,0,8,10,27,00,00,00,00,00,00
11089000,57,false,Rx,0,8,00,00,FE,FF,FE,FF,00,00
11128000,625,false,Rx,0,8,25,00,11,43,FD,BB,E4,01
11169000,60D,false,Rx,0,8,0D,10,DF,23,02,20,70,00
11228000,625,false,Rx,0,8,25,00,11,43,FD,BB,E4,01
11260000,2C4,false,Rx,0,8,05,00,00,00,B2,02,00,00
11261000,2C5,false,Rx,0,8,00,00,00,00,00,00,00,00
11261000,2C6,false,Rx,0,8,F4,01,84,03,00,00,00,00
11271000,60D,false,Rx,0,8,0D,10,DF,23,02,20,70,00
11278000,54,false,Rx,0,8,01,01,FE,FF,FE,FF,00,00
11279000,55,false,Rx,0,8,10,27,00,00,00,00,00,00
11279000,56,false,Rx,0,8,10,27,00,00,00,00,00,00
11289000,57,false,Rx,0,8,00,00,FE,FF,FE,FF,00,00
11328000,625,false,Rx,0,8,25,00,11,43,FD,BB,E4,01
11369000,60D,false,Rx,0,8,0D,10,DF,23,02,20,70,00
11428000,625,false,Rx,0,8,25,00,11,43,FD,BB,E4,01
11460000,2C4,false,Rx,0,8,05,00,00,00,B4,02,00,00
11461000,2C5,false,Rx,0,8,00,00,00,00,00,00,00,00
11461000,2C6,false,Rx,0,8,F4,01,84,03,00,00,00,00
11471000,60D,false,Rx,0,8,0D,10,DF,23,02,20,70,00
11478000,54,false,Rx,0,8,01,01,FE,FF,FE,FF,00,00
11479000,55,false,Rx,0,8,10,27,00,00,00,00,00,00
11479000,56,false,Rx,0,8,10,27,00,00,00,00,00,00
11489000,57,false,Rx,0,8,00,00,FE,FF,FE,FF,00,00
11528000,625,false,Rx,0,8,25,00,11,43,FD,BB,E4,01
11569000,60D,false,Rx,0,8,0D,10,DF,23,02,20,70,00
11628000,625,false,Rx,0,8,25,00,11,43,FD,BB,E4,01
11660000,2C4,false,Rx,0,8,05,00,00,00,B4,02,00,00
11661000,2C5,false,Rx,0,8,00,00,00,00,00,00,00,00
11661000,2C6,false,Rx,0,8,F4,01,84,03,00,00,00,00
11671000,60D,false,Rx,0,8,0D,10,DF,23,02,20,70,00
11678000,54,false,Rx,0,8,01,01,FE,FF,FE,FF,00,00
11679000,55,false,Rx,0,8,10,27,00,00,00,00,00,00
11679000,56,false,Rx,0,8,10,27,00,00,00,00,00,00
11689000,57,false,Rx,0,8,00,00,FE,FF,FE,FF,00,00
11728000,625,false,Rx,0,8,25,00,11,43,FD,BB,E4,01
11769000,60D,false,Rx,0,8,0D,10,DF,23,02,20,70,00
11828000,625,false,Rx,0,8,25,00,11,43,FD,BB,E4,01
11860000,2C4,false,Rx,0,8,05,00,00,00,B4,02,00,00
11861000,2C5,false,Rx,0,8,00,00,00,00,00,00,00,00
11861000,2C6,false,Rx,0,8,F4,01,84,03,00,00,00,00
11871000,60D,false,Rx,0,8,0D,10,DF,23,02,20,70,00
11878000,54,false,Rx,0,8,01,01,FE,FF,FE,FF,00,00
11879000,55,false,Rx,0,8,10,27,00,00,00,00,00,00
11879000,56,false,Rx,0,8,10,27,00,00,00,00,00,00
11889000,57,false,Rx,0,8,00,00,FE,FF,FE,FF,00,00
11928000,625,false,Rx,0,8,25,00,11,43,FD,BB,E4,01
11969000,60D,false,Rx,0,8,0D,10,DF,23,02,20,70,00
12028000,625,false,Rx,0,8,25,00,11,43,FD,BB,E4,01
12060000,2C4,false,Rx,0,8,05,00,00,00,B4,02,00,00
12061000,2C5,false,Rx,0,8,00,00,00,00,00,00,00,00
12061000,2C6,false,Rx,0,8,F4,01,84,03,00,00,00,00
12071000,60D,false,Rx,0,8,0D,10,DF,23,02,20,70,00
12078000,54,false,Rx,0,8,01,01,FE,FF,FE,FF,00,00
12079000,55,false,Rx,0,8,10,27,00,00,00,00,00,00
12079000,56,false,Rx,0,8,10,27,00,00,00,00,00,00
12089000,57,false,Rx,0,8,00,00,FE,FF,FE,FF,00,00
12128000,625,false,Rx,0,8,25,00,11,43,FD,BB,E4,01
12169000,60D,false,Rx,0,8,0D,10,DF,23,02,20,70,00
12228000,625,false,Rx,0,8,25,00,11,43,FD,BB,E4,01
12260000,2C4,false,Rx,0,8,05,00,00,00,B4,02,00,00
12261000,2C5,false,Rx,0,8,00,00,00,00,00,00,00,00
12261000,2C6,false,Rx,0,8,F4,01,84,03,00,00,00,00
12271000,60D,false,Rx,0,8,0D,10,DF,23,02,20,70,00
12278000,54,false,Rx,0,8,01,01,FE,FF,FE,FF,00,00
12279000,55,false,Rx,0,8,10,27,00,00,00,00,00,00
12279000,56,false,Rx,0,8,10,27,00,00,00,00,00,00
12289000,57,false,Rx,0,8,00,00,FE,FF,FE,FF,00,00
12328000,625,false,Rx,0,8,25,00,11,43,FD,BB,E4,01
12369000,60D,false,Rx,0,8,0D,10,DF,23,02,20,70,00
12428000,625,false,Rx,0,8,25,00,11,43,FD,BB,E4,01
12460000,2C4,false,Rx,0,8,05,00,00,00,B4,02,00,00
12461000,2C5,false,Rx,0,8,00,00,00,00,00,00,00,00
12461000,2C6,false,Rx,0,8,F4,01,84,03,00,00,00,00
12471000,60D,false,Rx,0,8,0D,10,DF,23,02,20,70,00
12478000,54,false,Rx,0,8,01,01,FE,FF,FE,FF,00,00
12479000,55,false,Rx,0,8,10,27,00,00,00,00,00,00
12479000,56,false,Rx,0,8,10,27,00,00,00,00,00,00
12489000,57,false,Rx,0,8,00,00,FE,FF,FE,FF,00,00
12528000,625,false,Rx,0,8,25,00,11,43,FD,BB,E4,01
12569000,60D,false,Rx,0,8,0D,10,DF,23,02,20,70,00
12628000,625,false,Rx,0,8,25,00,11,43,FD,BB,E4,01
12660000,2C4,false,Rx,0,8,05,00,00,00,B7,02,00,00
12661000,2C5,false,Rx,0,8,00,00,00,00,00,00,00,00
12661000,2C6,false,Rx,0,8,F4,01,84,03,00,00,00,00
12671000,60D,false,Rx,0,8,0D,10,DF,23,02,20,70,00
12678000,54,false,Rx,0,8,01,01,FE,FF,FE,FF,00,00
12679000,55,false,Rx,0,8,10,27,00,00,00,00,00,00
12679000,56,false,Rx,0,8,10,27,00,00,00,00,00,00
12689000,57,false,Rx,0,8,00,00,FE,FF,FE,FF,00,00
12728000,625,false,Rx,0,8,25,00,11,43,FD,BB,E4,01
12769000,60D,false,Rx,0,8,0D,10,DF,23,02,20,70,00
12828000,625,false,Rx,0,8,25,00,11,43,FD,BB,E4,01
12860000,2C4,false,Rx,0,8,05,00,00,00,B4,02,00,00
12861000,2C5,false,Rx,0,8,00,00,00,00,00,00,00,00
12861000,2C6,false,Rx,0,8,F4,01,84,03,00,00,00,00
12871000,60D,false,Rx,0,8,0D,10,DF,23,02,20,70,00
12878000,54,false,Rx,0,8,01,01,FE,FF,FE,FF,00,00
12879000,55,false,Rx,0,8,10,27,00,00,00,00,00,00
12879000,56,false,Rx,0,8,10,27,00,00,00,00,00,00
12889000,57,false,Rx,0,8,00,00,FE,FF,FE,FF,00,00
12928000,625,false,Rx,0,8,25,00,11,43,FD,BB,E4,01
12969000,60D,false,Rx,0,8,0D,10,DF,23,02,20,70,00
13028000,625,false,Rx,0,8,25,00,11,43,FD,BB,E4,01
13060000,2C4,false,Rx,0,8,05,00,00,00,B7,02,00,00
13061000,2C5,false,Rx,0,8,00,00,00,00,00,00,00,00
13061000,2C6,false,Rx,0,8,F4,01,84,03,00,00,00,00
13071000,60D,false,Rx,0,8,0D,10,DF,23,02,20,70,00
13078000,54,false,Rx,0,8,01,01,FE,FF,FE,FF,00,00
13079000,55,false,Rx,0,8,10,27,00,00,00,00,00,00
13079000,56,false,Rx,0,8,10,27,00,00,00,00,00,00
13089000,57,false,Rx,0,8,00,00,FE,FF,FE,FF,00,00
13128000,625,false,Rx,0,8,25,00,11,43,FD,BB,E4,01
13169000,60D,false,Rx,0,8,0D,10,DF,23,02,20,70,00
13228000,625,false,Rx,0,8,25,00,11,43,FD,BB,E4,01
13260000,2C4,false,Rx,0,8,05,00,00,00,B4,02,00,00
13260000,2C5,false,Rx,0,8,00,00,00,00,00,00,00,00
13261000,2C6,false,Rx,0,8,F4,01,84,03,00,00,00,00
13271000,60D,false,Rx,0,8,0D,10,DF,23,02,20,70,00
13278000,54,false,Rx,0,8,01,01,FE,FF,FE,FF,00,00
13279000,55,false,Rx,0,8,10,27,00,00,00,00,00,00
13279000,56,false,Rx,0,8,10,27,00,00,00,00,00,00
13289000,57,false,Rx,0,8,00,00,FE,FF,FE,FF,00,00
13328000,625,false,Rx,0,8,25,00,11,43,FD,BB,E4,01
13369000,60D,false,Rx,0,8,0D,10,DF,23,02,20,70,00
13428000,625,false,Rx,0,8,25,00,11,43,FD,BB,E4,01
13460000,2C4,false,Rx,0,8,05,00,00,00,B7,02,00,00
13460000,2C5,false,Rx,0,8,00,00,00,00,00,00,00,00
13461000,2C6,false,Rx,0,8,F4,01,84,03,00,00,00,00
13471000,60D,false,Rx,0,8,0D,10,DF,23,02,20,70,00
13478000,54,false,Rx,0,8,01,01,FE,FF,FE,FF,00,00
13479000,55,false,Rx,0,8,10,27,00,00,00,00,00,00
13479000,56,false,Rx,0,8,10,27,00,00,00,00,00,00
13489000,57,false,Rx,0,8,00,00,FE,FF,FE,FF,00,00
13528000,625,false,Rx,0,8,25,00,11,43,FD,BB,E4,01
13569000,60D,false,Rx,0,8,0D,10,DF,23,02,20,70,00
13628000,625,false,Rx,0,8,25,00,11,43,FD,BB,E4,01
13660000,2C4,false,Rx,0,8,05,00,00,00,B4,02,00,00
13660000,2C5,false,Rx,0,8,00,00,00,00,00,00,00,00
13661000,2C6,false,Rx,0,8,F4,01,84,03,00,00,00,00
13671000,60D,false,Rx,0,8,0D,10,DF,23,02,20,70,00
13678000,54,false,Rx,0,8,01,01,FE,FF,FE,FF,00,00
13679000,55,false,Rx,0,8,10,27,00,00,00,00,00,00
13679000,56,false,Rx,0,8,10,27,00,00,00,00,00,00
13689000,57,false,Rx,0,8,00,00,FE,FF,FE,FF,00,00
13728000,625,false,Rx,0,8,25,00,11,43,FD,BB,E4,01
13769000,60D,false,Rx,0,8,0D,10,DF,23,02,20,70,00
13828000,625,false,Rx,0,8,25,00,11,43,FD,BB,E4,01
13860000,2C4,false,Rx,0,8,05,00,00,00,B7,02,00,00
13860000,2C5,false,Rx,0,8,00,00,00,00,00,00,00,00
13861000,2C6,false,Rx,0,8,F4,01,84,03,00,00,00,00
13871000,60D,false,Rx,0,8,0D,10,DF,23,02,20,70,00
13878000,54,false,Rx,0,8,01,01,FE,FF,FE,FF,00,00
13879000,55,false,Rx,0,8,10,27,00,00,00,00,00,00
13879000,56,false,Rx,0,8,10,27,00,00,00,00,00,00
13889000,57,false,Rx,0,8,00,00,FE,FF,FE,FF,00,00
13928000,625,false,Rx,0,8,25,00,11,43,FD,BB,E4,01
13968000,60D,false,Rx,0,8,0D,10,DF,23,02,20,70,00
14028000,625,false,Rx,0,8,25,00,11,43,FD,BB,E4,01
14060000,2C4,false,Rx,0,8,05,00,00,00,B4,02,00,00
14060000,2C5,false,Rx,0,8,00,00,00,00,00,00,00,00
14061000,2C6,false,Rx,0,8,F4,01,84,03,00,00,00,00
14071000,60D,false,Rx,0,8,0D,10,DF,23,02,20,70,00
14078000,54,false,Rx,0,8,01,01,FE,FF,FE,FF,00,00
14079000,55,false,Rx,0,8,10,27,00,00,00,00,00,00
14079000,56,false,Rx,0,8,10,27,00,00,00,00,00,00
14089000,57,false,Rx,0,8,00,00,FE,FF,FE,FF,00,00
14128000,625,false,Rx,0,8,25,00,11,43,FD,BB,E4,01
14169000,60D,false,Rx,0,8,0D,10,DF,23,02,20,70,00
14228000,625,false,Rx,0,8,25,00,11,43,FD,BB,E4,01
14260000,2C4,false,Rx,0,8,05,00,00,00,B7,02,00,00
14260000,2C5,false,Rx,0,8,00,00,00,00,00,00,00,00
14261000,2C6,false,Rx,0,8,F4,01,84,03,00,00,00,00
14271000,60D,false,Rx,0,8,0D,10,DF,23,02,20,70,00
14278000,54,false,Rx,0,8,01,01,FE,FF,FE,FF,00,00
14279000,55,false,Rx,0,8,10,27,00,00,00,00,00,00
14279000,56,false,Rx,0,8,10,27,00,00,00,00,00,00
14289000,57,false,Rx,0,8,00,00,FE,FF,FE,FF,00,00
14328000,625,false,Rx,0,8,25,00,11,43,FD,BB,E4,01
14368000,60D,false,Rx,0,8,0D,10,DF,23,02,20,70,00
14428000,625,false,Rx,0,8,25,00,11,43,FD,BB,E4,01
14460000,2C4,false,Rx,0,8,05,00,00,00,B7,02,00,00
14460000,2C5,false,Rx,0,8,00,00,00,00,00,00,00,00
14461000,2C6,false,Rx,0,8,F4,01,84,03,00,00,00,00
14471000,60D,false,Rx,0,8,0D,10,DF,23,02,20,70,00
14478000,54,false,Rx,0,8,01,01,FE,FF,FE,FF,00,00
14479000,55,false,Rx,0,8,10,27,00,00,00,00,00,00
14479000,56,false,Rx,0,8,10,27,00,00,00,00,00,00
14489000,57,false,Rx,0,8,00,00,FE,FF,FE,FF,00,00
14528000,625,false,Rx,0,8,25,00,11,43,FD,BB,E4,01
14569000,60D,false,Rx,0,8,0D,10,DF,23,02,20,70,00
14628000,625,false,Rx,0,8,25,00,11,43,FD,BB,E4,01
14660000,2C4,false,Rx,0,8,05,00,00,00,B4,02,00,00
14660000,2C5,false,Rx,0,8,00,00,00,00,00,00,00,00
14661000,2C6,false,Rx,0,8,F4,01,84,03,00,00,00,00
14671000,60D,false,Rx,0,8,0D,10,DF,23,02,20,70,00
14678000,54,false,Rx,0,8,01,01,FE,FF,FE,FF,00,00
14679000,55,false,Rx,0,8,10,27,00,00,00,00,00,00
14679000,56,false,Rx,0,8,10,27,00,00,00,00,00,00
14689000,57,false,Rx,0,8,00,00,FE,FF,FE,FF,00,00
14728000,625,false,Rx,0,8,25,00,11,43,FD,BB,E4,01
14769000,60D,false,Rx,0,8,0D,10,DF,23,02,20,70,00
14828000,625,false,Rx,0,8,25,00,11,43,FD,BB,E4,01
14860000,2C4,false,Rx,0,8,05,00,00,00,B4,02,00,00
14860000,2C5,false,Rx,0,8,00,00,00,00,00,00,00,00
14861000,2C6,false,Rx,0,8,F4,01,84,03,00,00,00,00
14871000,60D,false,Rx,0,8,0D,10,DF,23,02,20,70,00
14878000,54,false,Rx,0,8,01,01,FE,FF,FE,FF,00,00
14879000,55,false,Rx,0,8,10,27,00,00,00,00,00,00
14879000,56,false,Rx,0,8,10,27,00,00,00,00,00,00
14889000,57,false,Rx,0,8,00,00,FE,FF,FE,FF,00,00
14928000,625,false,Rx,0,8,25,00,11,43,FD,BB,E4,01
14968000,60D,false,Rx,0,8,0D,10,DF,23,02,20,70,00
15028000,625,false,Rx,0,8,25,00,11,43,FD,BB,E4,01
15060000,2C4,false,Rx,0,8,05,00,00,00,B4,02,00,00
15060000,2C5,false,Rx,0,8,00,00,00,00,00,00,00,00
15061000,2C6,false,Rx,0,8,F4,01,84,03,00,00,00,00
15071000,60D,false,Rx,0,8,0D,10,DF,23,02,20,70,00
15078000,54,false,Rx,0,8,01,01,FE,FF,FE,FF,00,00
15079000,55,false,Rx,0,8,10,27,00,00,00,00,00,00
15079000,56,false,Rx,0,8,10,27,00,00,00,00,00,00
15089000,57,false,Rx,0,8,00,00,FE,FF,FE,FF,00,00
15128000,625,false,Rx,0,8,25,00,11,43,FD,BB,E4,01
15168000,60D,false,Rx,0,8,0D,10,DF,23,02,20,70,00
15228000,625,false,Rx,0,8,25,00,11,43,FD,BB,E4,01
15260000,2C4,false,Rx,0,8,05,00,00,00,B7,02,00,00
15260000,2C5,false,Rx,0,8,00,00,00,00,00,00,00,00
15261000,2C6,false,Rx,0,8,F4,01,84,03,00,00,00,00
15271000,60D,false,Rx,0,8,0D,10,DF,23,02,20,70,00
15278000,54,false,Rx,0,8,01,01,FE,FF,FE,FF,00,00
15279000,55,false,Rx,0,8,10,27,00,00,00,00,00,00
15279000,56,false,Rx,0,8,10,27,00,00,00,00,00,00
15289000,57,false,Rx,0,8,00,00,FE,FF,FE,FF,00,00
15328000,625,false,Rx,0,8,25,00,11,43,FD,BB,E4,01
15368000,60D,false,Rx,0,8,0D,10,DF,23,02,20,70,00
15428000,625,false,Rx,0,8,25,00,11,43,FD,BB,E4,01
15460000,2C4,false,Rx,0,8,05,00,00,00,B4,02,00,00
15460000,2C5,false,Rx,0,8,00,00,00,00,00,00,00,00
15461000,2C6,false,Rx,0,8,F4,01,84,03,00,00,00,00
15471000,60D,false,Rx,0,8,0D,10,DF,23,02,20,70,00
15478000,54,false,Rx,0,8,01,01,FE,FF,FE,FF,00,00
15479000,55,false,Rx,0,8,10,27,00,00,00,00,00,00
15479000,56,false,Rx,0,8,10,27,00,00,00,00,00,00
15489000,57,false,Rx,0,8,00,00,FE,FF,FE,FF,00,00
15528000,625,false,Rx,0,8,25,00,11,43,FD,BB,E4,01
15568000,60D,false,Rx,0,8,0D,10,DF,23,02,20,70,00
15628000,625,false,Rx,0,8,25,00,11,43,FD,BB,E4,01
15660000,2C4,false,Rx,0,8,05,00,00,00,B7,02,00,00
15660000,2C5,false,Rx,0,8,00,00,00,00,00,00,00,00
15661000,2C6,false,Rx,0,8,F4,01,84,03,00,00,00,00
15671000,60D,false,Rx,0,8,0D,10,DF,23,02,20,70,00
15678000,54,false,Rx,0,8,01,01,FE,FF,FE,FF,00,00
15679000,55,false,Rx,0,8,10,27,00,00,00,00,00,00
15679000,56,false,Rx,0,8,10,27,00,00,00,00,00,00
15689000,57,false,Rx,0,8,00,00,FE,FF,FE,FF,00,00
15728000,625,false,Rx,0,8,25,00,11,43,FD,BB,E4,01
15768000,60D,false,Rx,0,8,0D,10,DF,23,02,20,70,00
15828000,625,false,Rx,0,8,25,00,11,43,FD,BB,E4,01
15860000,2C4,false,Rx,0,8,05,00,00,00,B7,02,00,00
15860000,2C5,false,Rx,0,8,00,00,00,00,00,00,00,00
15861000,2C6,false,Rx,0,8,F4,01,84,03,00,00,00,00
15871000,60D,false,Rx,0,8,0D,10,DF,23,02,20,70,00
15878000,54,false,Rx,0,8,01,01,FE,FF,FE,FF,00,00
15879000,55,false,Rx,0,8,10,27,00,00,00,00,00,00
15879000,56,false,Rx,0,8,10,27,00,00,00,00,00,00
15889000,57,false,Rx,0,8,00,00,FE,FF,FE,FF,00,00
15928000,625,false,Rx,0,8,25,00,11,43,FD,BB,E4,01
15968000,60D,false,Rx,0,8,0D,10,DF,23,02,20,70,00
16028000,625,false,Rx,0,8,25,00,11,43,FD,BB,E4,01
16060000,2C4,false,Rx,0,8,05,00,00,00,B4,02,00,00
16060000,2C5,false,Rx,0,8,00,00,00,00,00,00,00,00
16061000,2C6,false,Rx,0,8,F4,01,84,03,00,00,00,00
16071000,60D,false,Rx,0,8,0D,10,DF,23,02,20,70,00
16078000,54,false,Rx,0,8,01,01,FE,FF,FE,FF,00,00
16079000,55,false,Rx,0,8,10,27,00,00,00,00,00,00
16079000,56,false,Rx,0,8,10,27,00,00,00,00,00,00
16089000,57,false,Rx,0,8,00,00,FE,FF,FE,FF,00,00
16128000,625,false,Rx,0,8,25,00,11,43,FD,BB,E4,01
16168000,60D,false,Rx,0,8,0D,10,DF,23,02,20,70,00
16228000,625,false,Rx,0,8,25,00,11,43,FD,BB,E4,01
16260000,2C4,false,Rx,0,8,05,00,00,00,B4,02,00,00
16260000,2C5,false,Rx,0,8,00,00,00,00,00,00,00,00
16261000,2C6,false,Rx,0,8,F4,01,84,03,00,00,00,00
16271000,60D,false,Rx,0,8,0D,10,DF,23,02,20,70,00
16278000,54,false,Rx,0,8,01,01,FE,FF,FE,FF,00,00
16279000,55,false,Rx,0,8,10,27,00,00,00,00,00,00
16279000,56,false,Rx,0,8,10,27,00,00,00,00,00,00
16289000,57,false,Rx,0,8,00,00,FE,FF,FE,FF,00,00
16328000,625,false,Rx,0,8,25,00,11,43,FD,BB,E4,01
16368000,60D,false,Rx,0,8,0D,10,DF,23,02,20,70,00
16428000,625,false,Rx,0,8,25,00,11,43,FD,BB,E4,01
16460000,2C4,false,Rx,0,8,05,00,00,00,B7,02,00,00
16460000,2C5,false,Rx,0,8,00,00,00,00,00,00,00,00
16461000,2C6,false,Rx,0,8,F4,01,84,03,00,00,00,00
16471000,60D,false,Rx,0,8,0D,10,DF,23,02,20,70,00
16478000,54,false,Rx,0,8,01,01,FE,FF,FE,FF,00,00
16479000,55,false,Rx,0,8,10,27,00,00,00,00,00,00
16479000,56,false,Rx,0,8,10,27,00,00,00,00,00,00
16489000,57,false,Rx,0,8,00,00,FE,FF,FE,FF,00,00
16528000,625,false,Rx,0,8,25,00,11,43,FD,BB,E4,01
16568000,60D,false,Rx,0,8,0D,10,DF,23,02,20,70,00
16628000,625,false,Rx,0,8,25,00,11,43,FD,BB,E4,01
16660000,2C4,false,Rx,0,8,05,00,00,00,B7,02,00,00
16660000,2C5,false,Rx,0,8,00,00,00,00,00,00,00,00
16661000,2C6,false,Rx,0,8,F4,01,84,03,00,00,00,00
16671000,60D,false,Rx,0,8,0D,10,DF,23,02,20,70,00
16678000,54,false,Rx,0,8,01,01,FE,FF,FE,FF,00,00
16679000,55,false,Rx,0,8,10,27,00,00,00,00,00,00
16679000,56,false,Rx,0,8,10,27,00,00,00,00,00,00
16689000,57,false,Rx,0,8,00,00,FE,FF,FE,FF,00,00
16728000,625,false,Rx,0,8,25,00,11,43,FD,BB,E4,01
16768000,60D,false,Rx,0,8,0D,10,DF,23,02,20,70,00
16828000,625,false,Rx,0,8,25,00,11,43,FD,BB,E4,01
16860000,2C4,false,Rx,0,8,05,00,00,00,B7,02,00,00
16860000,2C5,false,Rx,0,8,00,00,00,00,00,00,00,00
16861000,2C6,false,Rx,0,8,F4,01,84,03,00,00,00,00
16871000,60D,false,Rx,0,8,0D,10,DF,23,02,20,70,00
16878000,54,false,Rx,0,8,01,01,FE,FF,FE,FF,00,00
16879000,55,false,Rx,0,8,10,27,00,00,00,00,00,00
16879000,56,false,Rx,0,8,10,27,00,00,00,00,00,00
16889000,57,false,Rx,0,8,00,00,FE,FF,FE,FF,00,00
16928000,625,false,Rx,0,8,25,00,11,43,FD,BB,E4,01
16968000,60D,false,Rx,0,8,0D,10,DF,23,02,20,70,00
17028000,625,false,Rx,0,8,25,00,11,43,FD,BB,E4,01
17060000,2C4,false,Rx,0,8,05,00,00,00,B7,02,00,00
17060000,2C5,false,Rx,0,8,00,00,00,00,00,00,00,00
17061000,2C6,false,Rx,0,8,F4,01,84,03,00,00,00,00
17071000,60D,false,Rx,0,8,0D,10,DF,23,02,20,70,00
17078000,54,false,Rx,0,8,01,01,FE,FF,FE,FF,00,00
17079000,55,false,Rx,0,8,10,27,00,00,00,00,00,00
17079000,56,false,Rx,0,8,10,27,00,00,00,00,00,00
17089000,57,false,Rx,0,8,00,00,FE,FF,FE,FF,00,00
17128000,625,false,Rx,0,8,25,00,11,43,FD,BB,E4,01
17168000,60D,false,Rx,0,8,0D,10,DF,23,02,20,70,00
17228000,625,false,Rx,0,8,25,00,11,43,FD,BB,E4,01
17260000,2C4,false,Rx,0,8,05,00,00,00,B7,02,00,00
17260000,2C5,false,Rx,0,8,00,00,00,00,00,00,00,00
17261000,2C6,false,Rx,0,8,F4,01,84,03,00,00,00,00
17271000,60D,false,Rx,0,8,0D,10,DF,23,02,20,70,00
17278000,54,false,Rx,0,8,01,01,FE,FF,FE,FF,00,00
17279000,55,false,Rx,0,8,10,27,00,00,00,00,00,00
17279000,56,false,Rx,0,8,10,27,00,00,00,00,00,00
17289000,57,false,Rx,0,8,00,00,FE,FF,FE,FF,00,00
17328000,625,false,Rx,0,8,25,00,11,43,FD,BB,E4,01
17368000,60D,false,Rx,0,8,0D,10,DF,23,02,20,70,00
17428000,625,false,Rx,0,8,25,00,11,43,FD,BB,E4,01
17460000,2C4,false,Rx,0,8,05,00,00,00,B7,02,00,00
17460000,2C5,false,Rx,0,8,00,00,00,00,00,00,00,00
17461000,2C6,false,Rx,0,8,F4,01,84,03,00,00,00,00
17471000,60D,false,Rx,0,8,0D,10,DF,23,02,20,70,00
17478000,54,false,Rx,0,8,01,01,FE,FF,FE,FF,00,00
17479000,55,false,Rx,0,8,10,27,00,00,00,00,00,00
17479000,56,false,Rx,0,8,10,27,00,00,00,00,00,00
17489000,57,false,Rx,0,8,00,00,FE,FF,FE,FF,00,00
17528000,625,false,Rx,0,8,25,00,11,43,FD,BB,E4,01
17568000,60D,false,Rx,0,8,0D,10,DF,23,02,20,70,00
17628000,625,false,Rx,0,8,25,00,11,43,FD,BB,E4,01
17660000,2C4,false,Rx,0,8,05,00,00,00,B7,02,00,00
17660000,2C5,false,Rx,0,8,00,00,00,00,00,00,00,00
17660000,2C6,false,Rx,0,8,F4,01,84,03,00,00,00,00
17671000,60D,false,Rx,0,8,0D,10,DF,23,02,20,70,00
17678000,54,false,Rx,0,8,01,01,FE,FF,FE,FF,00,00
17679000,55,false,Rx,0,8,10,27,00,00,00,00,00,00
17679000,56,false,Rx,0,8,10,27,00,00,00,00,00,00
17689000,57,false,Rx,0,8,00,00,FE,FF,FE,FF,00,00
17728000,625,false,Rx,0,8,25,00,11,43,FD,BB,E4,01
17768000,60D,false,Rx,0,8,0D,10,DF,23,02,20,70,00
17828000,625,false,Rx,0,8,25,00,11,43,FD,BB,E4,01
17860000,2C4,false,Rx,0,8,05,00,00,00,B7,02,00,00
17860000,2C5,false,Rx,0,8,00,00,00,00,00,00,00,00
17860000,2C6,false,Rx,0,8,F4,01,84,03,00,00,00,00
17871000,60D,false,Rx,0,8,0D,10,DF,23,02,20,70,00
17878000,54,false,Rx,0,8,01,01,FE,FF,FE,FF,00,00
17879000,55,false,Rx,0,8,10,27,00,00,00,00,00,00
17879000,56,false,Rx,0,8,10,27,00,00,00,00,00,00
17889000,57,false,Rx,0,8,00,00,FE,FF,FE,FF,00,00
17928000,625,false,Rx,0,8,25,00,11,43,FD,BB,E4,01
17968000,60D,false,Rx,0,8,0D,10,DF,23,02,20,70,00
18028000,625,false,Rx,0,8,25,00,11,43,FD,BB,E4,01
18060000,2C4,false,Rx,0,8,05,00,00,00,B7,02,00,00
18060000,2C5,false,Rx,0,8,00,00,00,00,00,00,00,00
18060000,2C6,false,Rx,0,8,F4,01,84,03,00,00,00,00
18071000,60D,false,Rx,0,8,0D,10,DF,23,02,20,70,00
18078000,54,false,Rx,0,8,01,01,FE,FF,FE,FF,00,00
18079000,55,false,Rx,0,8,10,27,00,00,00,00,00,00
18079000,56,false,Rx,0,8,10,27,00,00,00,00,00,00
18089000,57,false,Rx,0,8,00,00,FE,FF,FE,FF,00,00
18128000,625,false,Rx,0,8,25,00,11,43,FD,BB,E4,01
18168000,60D,false,Rx,0,8,0D,10,DF,23,02,20,70,00
18228000,625,false,Rx,0,8,25,00,11,43,FD,BB,E4,01
18260000,2C4,false,Rx,0,8,05,00,00,00,B7,02,00,00
18260000,2C5,false,Rx,0,8,00,00,00,00,00,00,00,00
18260000,2C6,false,Rx,0,8,F4,01,84,03,00,00,00,00
18271000,60D,false,Rx,0,8,0D,10,DF,23,02,20,70,00
18278000,54,false,Rx,0,8,01,01,FE,FF,FE,FF,00,00
18279000,55,false,Rx,0,8,10,27,00,00,00,00,00,00
18279000,56,false,Rx,0,8,10,27,00,00,00,00,00,00
18289000,57,false,Rx,0,8,00,00,FE,FF,FE,FF,00,00
18328000,625,false,Rx,0,8,25,00,11,43,FD,BB,E4,01
18369000,60D,false,Rx,0,8,0D,10,DF,23,02,20,70,00
18428000,625,false,Rx,0,8,25,00,11,43,FD,BB,E4,01
18460000,2C4,false,Rx,0,8,05,00,00,00,B7,02,00,00
18460000,2C5,false,Rx,0,8,00,00,00,00,00,00,00,00
18460000,2C6,false,Rx,0,8,F4,01,84,03,00,00,00,00
18471000,60D,false,Rx,0,8,0D,10,DF,23,02,20,70,00
18478000,54,false,Rx,0,8,01,01,FE,FF,FE,FF,00,00
18479000,55,false,Rx,0,8,10,27,00,00,00,00,00,00
18479000,56,false,Rx,0,8,10,27,00,00,00,00,00,00
18489000,57,false,Rx,0,8,00,00,FE,FF,FE,FF,00,00
18528000,625,false,Rx,0,8,25,00,11,43,FD,BB,E4,01
18569000,60D,false,Rx,0,8,0D,10,DF,23,02,20,70,00
18628000,625,false,Rx,0,8,25,00,11,43,FD,BB,E4,01
18660000,2C4,false,Rx,0,8,05,00,00,00,B7,02,00,00
18660000,2C5,false,Rx,0,8,00,00,00,00,00,00,00,00
18660000,2C6,false,Rx,0,8,F4,01,84,03,00,00,00,00
18671000,60D,false,Rx,0,8,0D,10,DF,23,02,20,70,00
18678000,54,false,Rx,0,8,01,01,FE,FF,FE,FF,00,00
18679000,55,false,Rx,0,8,10,27,00,00,00,00,00,00
18679000,56,false,Rx,0,8,10,27,00,00,00,00,00,00
18689000,57,false,Rx,0,8,00,00,FE,FF,FE,FF,00,00
18728000,625,false,Rx,0,8,25,00,11,43,FD,BB,E4,01
18768000,60D,false,Rx,0,8,0D,10,DF,23,02,20,70,00
18828000,625,false,Rx,0,8,25,00,11,43,FD,BB,E4,01
18860000,2C4,false,Rx,0,8,05,00,00,00,B7,02,00,00
18860000,2C5,false,Rx,0,8,00,00,00,00,00,00,00,00
18860000,2C6,false,Rx,0,8,F4,01,84,03,00,00,00,00
18871000,60D,false,Rx,0,8,0D,10,DF,23,02,20,70,00
18878000,54,false,Rx,0,8,01,01,FE,FF,FE,FF,00,00
18878000,55,false,Rx,0,8,10,27,00,00,00,00,00,00
18879000,56,false,Rx,0,8,10,27,00,00,00,00,00,00
18889000,57,false,Rx,0,8,00,00,FE,FF,FE,FF,00,00
18928000,625,false,Rx,0,8,25,00,11,43,FD,BB,E4,01
18968000,60D,false,Rx,0,8,0D,10,DF,23,02,20,70,00
19028000,625,false,Rx,0,8,25,00,11,43,FD,BB,E4,01
19060000,2C4,false,Rx,0,8,05,00,00,00,B7,02,00,00
19060000,2C5,false,Rx,0,8,00,00,00,00,00,00,00,00
19060000,2C6,false,Rx,0,8,F4,01,84,03,00,00,00,00
19071000,60D,false,Rx,0,8,0D,10,DF,23,02,20,70,00
19078000,54,false,Rx,0,8,01,01,FE,FF,FE,FF,00,00
19079000,55,false,Rx,0,8,10,27,00,00,00,00,00,00
19079000,56,false,Rx,0,8,10,27,00,00,00,00,00,00
19089000,57,false,Rx,0,8,00,00,FE,FF,FE,FF,00,00
19128000,625,false,Rx,0,8,25,00,11,43,FD,BB,E4,01
19169000,60D,false,Rx,0,8,0D,10,DF,23,02,20,70,00
19228000,625,false,Rx,0,8,25,00,11,43,FD,BB,E4,01
19260000,2C4,false,Rx,0,8,05,00,00,00,B7,02,00,00
19260000,2C5,false,Rx,0,8,00,00,00,00,00,00,00,00
19260000,2C6,false,Rx,0,8,F4,01,84,03,00,00,00,00
19271000,60D,false,Rx,0,8,0D,10,DF,23,02,20,70,00
19278000,54,false,Rx,0,8,01,01,FE,FF,FE,FF,00,00
19279000,55,false,Rx,0,8,10,27,00,00,00,00,00,00
19279000,56,false,Rx,0,8,10,27,00,00,00,00,00,00
19289000,57,false,Rx,0,8,00,00,FE,FF,FE,FF,00,00
19328000,625,false,Rx,0,8,25,00,11,43,FD,BB,E4,01
19368000,60D,false,Rx,0,8,0D,10,DF,23,02,20,70,00
19428000,625,false,Rx,0,8,25,00,11,43,FD,BB,E4,01
19460000,2C4,false,Rx,0,8,05,00,00,00,B7,02,00,00
19460000,2C5,false,Rx,0,8,00,00,00,00,00,00,00,00
19460000,2C6,false,Rx,0,8,F4,01,84,03,00,00,00,00
19471000,60D,false,Rx,0,8,0D,10,DF,23,02,20,70,00
19478000,54,false,Rx,0,8,01,01,FE,FF,FE,FF,00,00
19478000,55,false,Rx,0,8,10,27,00,00,00,00,00,00
19479000,56,false,Rx,0,8,10,27,00,00,00,00,00,00
19489000,57,false,Rx,0,8,00,00,FE,FF,FE,FF,00,00
19528000,625,false,Rx,0,8,25,00,11,43,FD,BB,E4,01
19568000,60D,false,Rx,0,8,0D,10,DF,23,02,20,70,00
19628000,625,false,Rx,0,8,25,00,11,43,FD,BB,E4,01
19660000,2C4,false,Rx,0,8,05,00,00,00,B7,02,00,00
19660000,2C5,false,Rx,0,8,00,00,00,00,00,00,00,00
19660000,2C6,false,Rx,0,8,F4,01,84,03,00,00,00,00
19671000,60D,false,Rx,0,8,0D,10,DF,23,02,20,70,00
19678000,54,false,Rx,0,8,01,01,FE,FF,FE,FF,00,00
19679000,55,false,Rx,0,8,10,27,00,00,00,00,00,00
19679000,56,false,Rx,0,8,10,27,00,00,00,00,00,00
19689000,57,false,Rx,0,8,00,00,FE,FF,FE,FF,00,00
19728000,625,false,Rx,0,8,25,00,11,43,FD,BB,E4,01
19769000,60D,false,Rx,0,8,0D,10,DF,23,02,20,70,00
19828000,625,false,Rx,0,8,25,00,11,43,FD,BB,E4,01
19860000,2C4,false,Rx,0,8,05,00,00,00,B7,02,00,00
19860000,2C5,false,Rx,0,8,00,00,00,00,00,00,00,00
19860000,2C6,false,Rx,0,8,F4,01,84,03,00,00,00,00
19871000,60D,false,Rx,0,8,0D,10,DF,23,02,20,70,00
19878000,54,false,Rx,0,8,01,01,FE,FF,FE,FF,00,00
19878000,55,false,Rx,0,8,10,27,00,00,00,00,00,00
19879000,56,false,Rx,0,8,10,27,00,00,00,00,00,00
19889000,57,false,Rx,0,8,00,00,FE,FF,FE,FF,00,00
19928000,625,false,Rx,0,8,25,00,11,43,FD,BB,E4,01
19968000,60D,false,Rx,0,8,0D,10,DF,23,02,20,70,00
20028000,625,false,Rx,0,8,25,00,11,43,FD,BB,E4,01
20060000,2C4,false,Rx,0,8,05,00,00,00,B7,02,00,00
20060000,2C5,false,Rx,0,8,00,00,00,00,00,00,00,00
20060000,2C6,false,Rx,0,8,F4,01,84,03,00,00,00,00
20071000,60D,false,Rx,0,8,0D,10,DF,23,02,20,70,00
20078000,54,false,Rx,0,8,01,01,FE,FF,FE,FF,00,00
20078000,55,false,Rx,0,8,10,27,00,00,00,00,00,00
20079000,56,false,Rx,0,8,10,27,00,00,00,00,00,00
20089000,57,false,Rx,0,8,00,00,FE,FF,FE,FF,00,00
20128000,625,false,Rx,0,8,25,00,11,43,FD,BB,E4,01
20168000,60D,false,Rx,0,8,0D,10,DF,23,02,20,70,00
20228000,625,false,Rx,0,8,25,00,11,43,FD,BB,E4,01
20260000,2C4,false,Rx,0,8,05,00,00,00,B7,02,00,00
20260000,2C5,false,Rx,0,8,00,00,00,00,00,00,00,00
20260000,2C6,false,Rx,0,8,F4,01,84,03,00,00,00,00
20271000,60D,false,Rx,0,8,0D,10,DF,23,02,20,70,00
20278000,54,false,Rx,0,8,01,01,FE,FF,FE,FF,00,00
20279000,55,false,Rx,0,8,10,27,00,00,00,00,00,00
20279000,56,false,Rx,0,8,10,27,00,00,00,00,00,00
20289000,57,false,Rx,0,8,00,00,FE,FF,FE,FF,00,00
20328000,625,false,Rx,0,8,25,00,11,43,FD,BB,E4,01
20368000,60D,false,Rx,0,8,0D,10,DF,23,02,20,70,00
20428000,625,false,Rx,0,8,25,00,11,43,FD,BB,E4,01
20460000,2C4,false,Rx,0,8,05,00,00,00,B7,02,00,00
20460000,2C5,false,Rx,0,8,00,00,00,00,00,00,00,00
20460000,2C6,false,Rx,0,8,F4,01,84,03,00,00,00,00
20471000,60D,false,Rx,0,8,0D,10,DF,23,02,20,70,00
20478000,54,false,Rx,0,8,01,01,FE,FF,FE,FF,00,00
20479000,55,false,Rx,0,8,10,27,00,00,00,00,00,00
20479000,56,false,Rx,0,8,10,27,00,00,00,00,00,00
20489000,57,false,Rx,0,8,00,00,FE,FF,FE,FF,00,00
20528000,625,false,Rx,0,8,25,00,11,43,FD,BB,E4,01
20569000,60D,false,Rx,0,8,0D,10,DF,23,02,20,70,00
20628000,625,false,Rx,0,8,25,00,11,43,FD,BB,E4,01
20660000,2C4,false,Rx,0,8,05,00,00,00,B7,02,00,00
20660000,2C5,false,Rx,0,8,00,00,00,00,00,00,00,00
20660000,2C6,false,Rx,0,8,F4,01,84,03,00,00,00,00
20671000,60D,false,Rx,0,8,0D,10,DF,23,02,20,70,00
20678000,54,false,Rx,0,8,01,01,FE,FF,FE,FF,00,00
20679000,55,false,Rx,0,8,10,27,00,00,00,00,00,00
20679000,56,false,Rx,0,8,10,27,00,00,00,00,00,00
20689000,57,false,Rx,0,8,00,00,FE,FF,FE,FF,00,00
20728000,625,false,Rx,0,8,25,00,11,43,FD,BB,E4,01
20769000,60D,false,Rx,0,8,0D,10,DF,23,02,20,70,00
20828000,625,false,Rx,0,8,25,00,11,43,FD,BB,E4,01
20860000,2C4,false,Rx,0,8,05,00,00,00,B7,02,00,00
20860000,2C5,false,Rx,0,8,00,00,00,00,00,00,00,00
20860000,2C6,false,Rx,0,8,F4,01,84,03,00,00,00,00
20871000,60D,false,Rx,0,8,0D,10,DF,23,02,20,70,00
20878000,54,false,Rx,0,8,01,01,FE,FF,FE,FF,00,00
20879000,55,false,Rx,0,8,10,27,00,00,00,00,00,00
20879000,56,false,Rx,0,8,10,27,00,00,00,00,00,00
20889000,57,false,Rx,0,8,00,00,FE,FF,FE,FF,00,00
20928000,625,false,Rx,0,8,25,00,11,43,FD,BB,E4,01
20968000,60D,false,Rx,0,8,0D,10,DF,23,02,20,70,00
21028000,625,false,Rx,0,8,25,00,11,43,FD,BB,E4,01
21060000,2C4,false,Rx,0,8,05,00,00,00,B7,02,00,00
21060000,2C5,false,Rx,0,8,00,00,00,00,00,00,00,00
21060000,2C6,false,Rx,0,8,F4,01,84,03,00,00,00,00
21071000,60D,false,Rx,0,8,0D,10,DF,23,02,20,70,00
21078000,54,false,Rx,0,8,01,01,FE,FF,FE,FF,00,00
21078000,55,false,Rx,0,8,10,27,00,00,00,00,00,00
21079000,56,false,Rx,0,8,10,27,00,00,00,00,00,00
21089000,57,false,Rx,0,8,00,00,FE,FF,FE,FF,00,00
21128000,625,false,Rx,0,8,25,00,11,43,FD,BB,E4,01
21169000,60D,false,Rx,0,8,0D,10,DF,23,02,20,70,00
21228000,625,false,Rx,0,8,25,00,11,43,FD,BB,E4,01
21260000,2C4,false,Rx,0,8,05,00,00,00,B7,02,00,00
21260000,2C5,false,Rx,0,8,00,00,00,00,00,00,00,00
21260000,2C6,false,Rx,0,8,F4,01,84,03,00,00,00,00
21271000,60D,false,Rx,0,8,0D,10,DF,23,02,20,70,00
21278000,54,false,Rx,0,8,01,01,FE,FF,FE,FF,00,00
21278000,55,false,Rx,0,8,10,27,00,00,00,00,00,00
21279000,56,false,Rx,0,8,10,27,00,00,00,00,00,00
21289000,57,false,Rx,0,8,00,00,FE,FF,FE,FF,00,00
21328000,625,false,Rx,0,8,25,00,11,43,FD,BB,E4,01
21368000,60D,false,Rx,0,8,0D,10,DF,23,02,20,70,00
21428000,625,false,Rx,0,8,25,00,11,43,FD,BB,E4,01
21460000,2C4,false,Rx,0,8,05,00,00,00,B7,02,00,00
21460000,2C5,false,Rx,0,8,00,00,00,00,00,00,00,00
21460000,2C6,false,Rx,0,8,F4,01,84,03,00,00,00,00
21471000,60D,false,Rx,0,8,0D,10,DF,23,02,20,70,00
21478000,54,false,Rx,0,8,01,01,FE,FF,FE,FF,00,00
21478000,55,false,Rx,0,8,10,27,00,00,00,00,00,00
21479000,56,false,Rx,0,8,10,27,00,00,00,00,00,00
21489000,57,false,Rx,0,8,00,00,FE,FF,FE,FF,00,00
21528000,625,false,Rx,0,8,25,00,11,43,FD,BB,E4,01
21568000,60D,false,Rx,0,8,0D,10,DF,23,02,20,70,00
21628000,625,false,Rx,0,8,25,00,11,43,FD,BB,E4,01
21660000,2C4,false,Rx,0,8,05,00,00,00,B7,02,00,00
21660000,2C5,false,Rx,0,8,00,00,00,00,00,00,00,00
21660000,2C6,false,Rx,0,8,F4,01,84,03,00,00,00,00
21671000,60D,false,Rx,0,8,0D,10,DF,23,02,20,70,00
21678000,54,false,Rx,0,8,01,01,FE,FF,FE,FF,00,00
21678000,55,false,Rx,0,8,10,27,00,00,00,00,00,00
21679000,56,false,Rx,0,8,10,27,00,00,00,00,00,00
21689000,57,false,Rx,0,8,00,00,FE,FF,FE,FF,00,00
21728000,625,false,Rx,0,8,25,00,11,43,FD,BB,E4,01
21768000,60D,false,Rx,0,8,0D,10,DF,23,02,20,70,00
21828000,625,false,Rx,0,8,25,00,11,43,FD,BB,E4,01
21860000,2C4,false,Rx,0,8,05,00,00,00,B7,02,00,00
21860000,2C5,false,Rx,0,8,00,00,00,00,00,00,00,00
21860000,2C6,false,Rx,0,8,F4,01,84,03,00,00,00,00
21871000,60D,false,Rx,0,8,0D,10,DF,23,02,20,70,00
21878000,54,false,Rx,0,8,01,01,FE,FF,FE,FF,00,00
21878000,55,false,Rx,0,8,10,27,00,00,00,00,00,00
21879000,56,false,Rx,0,8,10,27,00,00,00,00,00,00
21889000,57,false,Rx,0,8,00,00,FE,FF,FE,FF,00,00
21928000,625,false,Rx,0,8,25,00,11,43,FD,BB,E4,01
21968000,60D,false,Rx,0,8,0D,10,DF,23,02,20,70,00
22028000,625,false,Rx,0,8,25,00,11,43,FD,BB,E4,01
22060000,2C4,false,Rx,0,8,05,00,00,00,B7,02,00,00
22060000,2C5,false,Rx,0,8,00,00,00,00,00,00,00,00
22060000,2C6,false,Rx,0,8,F4,01,84,03,00,00,00,00
22071000,60D,false,Rx,0,8,0D,10,DF,23,02,20,70,00
22078000,54,false,Rx,0,8,01,01,FE,FF,FE,FF,00,00
22078000,55,false,Rx,0,8,10,27,00,00,00,00,00,00
22079000,56,false,Rx,0,8,10,27,00,00,00,00,00,00
22089000,57,false,Rx,0,8,00,00,FE,FF,FE,FF,00,00
22128000,625,false,Rx,0,8,25,00,11,43,FD,BB,E4,01
22168000,60D,false,Rx,0,8,0D,10,DF,23,02,20,70,00
22228000,625,false,Rx,0,8,25,00,11,43,FD,BB,E4,01
22260000,2C4,false,Rx,0,8,05,00,00,00,B7,02,00,00
22260000,2C5,false,Rx,0,8,00,00,00,00,00,00,00,00
22260000,2C6,false,Rx,0,8,F4,01,84,03,00,00,00,00
22271000,60D,false,Rx,0,8,0D,10,DF,23,02,20,70,00
22278000,54,false,Rx,0,8,01,01,FE,FF,FE,FF,00,00
22278000,55,false,Rx,0,8,10,27,00,00,00,00,00,00
22279000,56,false,Rx,0,8,10,27,00,00,00,00,00,00
22289000,57,false,Rx,0,8,00,00,FE,FF,FE,FF,00,00
22328000,625,false,Rx,0,8,25,00,11,43,FD,BB,E4,01
22369000,60D,false,Rx,0,8,0D,10,DF,23,02,20,70,00
22428000,625,false,Rx,0,8,25,00,11,43,FD,BB,E4,01
22460000,2C4,false,Rx,0,8,05,00,00,00,B7,02,00,00
22460000,2C5,false,Rx,0,8,00,00,00,00,00,00,00,00
22460000,2C6,false,Rx,0,8,F4,01,84,03,00,00,00,00
22471000,60D,false,Rx,0,8,0D,10,DF,23,02,20,70,00
22478000,54,false,Rx,0,8,01,01,FE,FF,FE,FF,00,00
22478000,55,false,Rx,0,8,10,27,00,00,00,00,00,00
22479000,56,false,Rx,0,8,10,27,00,00,00,00,00,00
22489000,57,false,Rx,0,8,00,00,FE,FF,FE,FF,00,00
22528000,625,false,Rx,0,8,25,00,11,43,FD,BB,E4,01
22568000,60D,false,Rx,0,8,0D,10,DF,23,02,20,70,00
22628000,625,false,Rx,0,8,25,00,11,43,FD,BB,E4,01
22660000,2C4,false,Rx,0,8,05,00,00,00,B7,02,00,00
22660000,2C5,false,Rx,0,8,00,00,00,00,00,00,00,00
22660000,2C6,false,Rx,0,8,F4,01,84,03,00,00,00,00
22671000,60D,false,Rx,0,8,0D,10,DF,23,02,20,70,00
22678000,54,false,Rx,0,8,01,01,FE,FF,FE,FF,00,00
22678000,55,false,Rx,0,8,10,27,00,00,00,00,00,00
22679000,56,false,Rx,0,8,10,27,00,00,00,00,00,00
22689000,57,false,Rx,0,8,00,00,FE,FF,FE,FF,00,00
22728000,625,false,Rx,0,8,25,00,11,43,FD,BB,E4,01
22768000,60D,false,Rx,0,8,0D,10,DF,23,02,20,70,00
22828000,625,false,Rx,0,8,25,00,11,43,FD,BB,E4,01
22860000,2C4,false,Rx,0,8,05,00,00,00,B7,02,00,00
22860000,2C5,false,Rx,0,8,00,00,00,00,00,00,00,00
22860000,2C6,false,Rx,0,8,F4,01,84,03,00,00,00,00
22871000,60D,false,Rx,0,8,0D,10,DF,23,02,20,70,00
22878000,54,false,Rx,0,8,01,01,FE,FF,FE,FF,00,00
22878000,55,false,Rx,0,8,10,27,00,00,00,00,00,00
22879000,56,false,Rx,0,8,10,27,00,00,00,00,00,00
22889000,57,false,Rx,0,8,00,00,FE,FF,FE,FF,00,00
22928000,625,false,Rx,0,8,25,00,11,43,FD,BB,E4,01
22968000,60D,false,Rx,0,8,0D,10,DF,23,02,20,70,00
23028000,625,false,Rx,0,8,25,00,11,43,FD,BB,E4,01
23060000,2C4,false,Rx,0,8,05,00,00,00,B7,02,00,00
23060000,2C5,false,Rx,0,8,00,00,00,00,00,00,00,00
23060000,2C6,false,Rx,0,8,F4,01,84,03,00,00,00,00
23071000,60D,false,Rx,0,8,0D,10,DF,23,02,20,70,00
23078000,54,false,Rx,0,8,01,01,FE,FF,FE,FF,00,00
23078000,55,false,Rx,0,8,10,27,00,00,00,00,00,00
23079000,56,false,Rx,0,8,10,27,00,00,00,00,00,00
23089000,57,false,Rx,0,8,00,00,FE,FF,FE,FF,00,00
23128000,625,false,Rx,0,8,25,00,11,43,FD,BB,E4,01
23168000,60D,false,Rx,0,8,0D,10,DF,23,02,20,70,00
23228000,625,false,Rx,0,8,25,00,11,43,FD,BB,E4,01
23260000,2C4,false,Rx,0,8,05,00,00,00,B7,02,00,00
23260000,2C5,false,Rx,0,8,00,00,00,00,00,00,00,00
23260000,2C6,false,Rx,0,8,F4,01,84,03,00,00,00,00
23271000,60D,false,Rx,0,8,0D,10,DF,23,02,20,70,00
23278000,54,false,Rx,0,8,01,01,FE,FF,FE,FF,00,00
23278000,55,false,Rx,0,8,10,27,00,00,00,00,00,00
23279000,56,false,Rx,0,8,10,27,00,00,00,00,00,00
23289000,57,false,Rx,0,8,00,00,FE,FF,FE,FF,00,00
23328000,625,false,Rx,0,8,25,00,11,43,FD,BB,E4,01
23368000,60D,false,Rx,0,8,0D,10,DF,23,02,20,70,00
23428000,625,false,Rx,0,8,25,00,11,43,FD,BB,E4,01
23460000,2C4,false,Rx,0,8,05,00,00,00,B7,02,00,00
23460000,2C5,false,Rx,0,8,00,00,00,00,00,00,00,00
23460000,2C6,false,Rx,0,8,F4,01,84,03,00,00,00,00
23471000,60D,false,Rx,0,8,0D,10,DF,23,02,20,70,00
23478000,54,false,Rx,0,8,01,01,FE,FF,FE,FF,00,00
23478000,55,false,Rx,0,8,10,27,00,00,00,00,00,00
23479000,56,false,Rx,0,8,10,27,00,00,00,00,00,00
23489000,57,false,Rx,0,8,00,00,FE,FF,FE,FF,00,00
23528000,625,false,Rx,0,8,25,00,11,43,FD,BB,E4,01
23569000,60D,false,Rx,0,8,0D,10,DF,23,02,20,70,00
23628000,625,false,Rx,0,8,25,00,11,43,FD,BB,E4,01
23660000,2C4,false,Rx,0,8,05,00,00,00,B7,02,00,00
23660000,2C5,false,Rx,0,8,00,00,00,00,00,00,00,00
23660000,2C6,false,Rx,0,8,F4,01,84,03,00,00,00,00
23671000,60D,false,Rx,0,8,0D,10,DF,23,02,20,70,00
23678000,54,false,Rx,0,8,01,01,FE,FF,FE,FF,00,00
23678000,55,false,Rx,0,8,10,27,00,00,00,00,00,00
23679000,56,false,Rx,0,8,10,27,00,00,00,00,00,00
23689000,57,false,Rx,0,8,00,00,FE,FF,FE,FF,00,00
23728000,625,false,Rx,0,8,25,00,11,43,FD,BB,E4,01
23768000,60D,false,Rx,0,8,0D,10,DF,23,02,20,70,00
23828000,625,false,Rx,0,8,25,00,11,43,FD,BB,E4,01
23860000,2C4,false,Rx,0,8,05,00,00,00,B7,02,00,00
23860000,2C5,false,Rx,0,8,00,00,00,00,00,00,00,00
23860000,2C6,false,Rx,0,8,F4,01,84,03,00,00,00,00
23871000,60D,false,Rx,0,8,0D,10,DF,23,02,20,70,00
23878000,54,false,Rx,0,8,01,01,FE,FF,FE,FF,00,00
23878000,55,false,Rx,0,8,10,27,00,00,00,00,00,00
23879000,56,false,Rx,0,8,10,27,00,00,00,00,00,00
23889000,57,false,Rx,0,8,00,00,FE,FF,FE,FF,00,00
23928000,625,false,Rx,0,8,25,00,11,43,FD,BB,E4,01
23968000,60D,false,Rx,0,8,0D,10,DF,23,02,20,70,00
24028000,625,false,Rx,0,8,25,00,11,43,FD,BB,E4,01
24060000,2C4,false,Rx,0,8,05,00,00,00,B7,02,00,00
24060000,2C5,false,Rx,0,8,00,00,00,00,00,00,00,00
24060000,2C6,false,Rx,0,8,F4,01,84,03,00,00,00,00
24071000,60D,false,Rx,0,8,0D,10,DF,23,02,20,70,00
24078000,54,false,Rx,0,8,01,01,FE,FF,FE,FF,00,00
24078000,55,false,Rx,0,8,10,27,00,00,00,00,00,00
24079000,56,false,Rx,0,8,10,27,00,00,00,00,00,00
24089000,57,false,Rx,0,8,00,00,FE,FF,FE,FF,00,00
24128000,625,false,Rx,0,8,25,00,11,43,FD,BB,E4,01
24169000,60D,false,Rx,0,8,0D,10,DF,23,02,20,70,00
24228000,625,false,Rx,0,8,25,00,11,43,FD,BB,E4,01
24260000,2C4,false,Rx,0,8,05,00,00,00,B7,02,00,00
24260000,2C5,false,Rx,0,8,00,00,00,00,00,00,00,00
24260000,2C6,false,Rx,0,8,F4,01,84,03,00,00,00,00
24271000,60D,false,Rx,0,8,0D,10,DF,23,02,20,70,00
24278000,54,false,Rx,0,8,01,01,FE,FF,FE,FF,00,00
24278000,55,false,Rx,0,8,10,27,00,00,00,00,00,00
24279000,56,false,Rx,0,8,10,27,00,00,00,00,00,00
24289000,57,false,Rx,0,8,00,00,FE,FF,FE,FF,00,00
24328000,625,false,Rx,0,8,25,00,11,43,FD,BB,E4,01
24368000,60D,false,Rx,0,8,0D,10,DF,23,02,20,70,00
24428000,625,false,Rx,0,8,25,00,11,43,FD,BB,E4,01
24460000,2C4,false,Rx,0,8,05,00,00,00,B7,02,00,00
24460000,2C5,false,Rx,0,8,00,00,00,00,00,00,00,00
24460000,2C6,false,Rx,0,8,F4,01,84,03,00,00,00,00
24471000,60D,false,Rx,0,8,0D,10,DF,23,02,20,70,00
24478000,54,false,Rx,0,8,01,01,FE,FF,FE,FF,00,00
24478000,55,false,Rx,0,8,10,27,00,00,00,00,00,00
24479000,56,false,Rx,0,8,10,27,00,00,00,00,00,00
24489000,57,false,Rx,0,8,00,00,FE,FF,FE,FF,00,00
24528000,625,false,Rx,0,8,25,00,11,43,FD,BB,E4,01
24568000,60D,false,Rx,0,8,0D,10,DF,23,02,20,70,00
24628000,625,false,Rx,0,8,25,00,11,43,FD,BB,E4,01
24660000,2C4,false,Rx,0,8,05,00,00,00,B7,02,00,00
24660000,2C5,false,Rx,0,8,00,00,00,00,00,00,00,00
24660000,2C6,false,Rx,0,8,F4,01,84,03,00,00,00,00
24671000,60D,false,Rx,0,8,0D,10,DF,23,02,20,70,00
24678000,54,false,Rx,0,8,01,01,FE,FF,FE,FF,00,00
24679000,55,false,Rx,0,8,10,27,00,00,00,00,00,00
24679000,56,false,Rx,0,8,10,27,00,00,00,00,00,00
24689000,57,false,Rx,0,8,00,00,FE,FF,FE,FF,00,00
24728000,625,false,Rx,0,8,25,00,11,43,FD,BB,E4,01
24769000,60D,false,Rx,0,8,0D,10,DF,23,02,20,70,00
24828000,625,false,Rx,0,8,25,00,11,43,FD,BB,E4,01
24860000,2C4,false,Rx,0,8,05,00,00,00,B7,02,00,00
24860000,2C5,false,Rx,0,8,00,00,00,00,00,00,00,00
24860000,2C6,false,Rx,0,8,F4,01,84,03,00,00,00,00
24871000,60D,false,Rx,0,8,0D,10,DF,23,02,20,70,00
24878000,54,false,Rx,0,8,01,01,FE,FF,FE,FF,00,00
24878000,55,false,Rx,0,8,10,27,00,00,00,00,00,00
24879000,56,false,Rx,0,8,10,27,00,00,00,00,00,00
24889000,57,false,Rx,0,8,00,00,FE,FF,FE,FF,00,00
24927000,625,false,Rx,0,8,25,00,11,43,FD,BB,E4,01
24968000,60D,false,Rx,0,8,0D,10,DF,23,02,20,70,00
25028000,625,false,Rx,0,8,25,00,11,43,FD,BB,E4,01
25060000,2C4,false,Rx,0,8,05,00,00,00,B7,02,00,00
25060000,2C5,false,Rx,0,8,00,00,00,00,00,00,00,00
25060000,2C6,false,Rx,0,8,F4,01,84,03,00,00,00,00
25071000,60D,false,Rx,0,8,0D,10,DF,23,02,20,70,00
25078000,54,false,Rx,0,8,01,01,FE,FF,FE,FF,00,00
25078000,55,false,Rx,0,8,10,27,00,00,00,00,00,00
25079000,56,false,Rx,0,8,10,27,00,00,00,00,00,00
25089000,57,false,Rx,0,8,00,00,FE,FF,FE,FF,00,00
25127000,625,false,Rx,0,8,25,00,11,43,FD,BB,E4,01
25168000,60D,false,Rx,0,8,0D,10,DF,23,02,20,70,00
25227000,625,false,Rx,0,8,25,00,11,43,FD,BB,E4,01
25260000,2C4,false,Rx,0,8,05,00,00,00,B7,02,00,00
25260000,2C5,false,Rx,0,8,00,00,00,00,00,00,00,00
25260000,2C6,false,Rx,0,8,F4,01,84,03,00,00,00,00
25271000,60D,false,Rx,0,8,0D,10,DF,23,02,20,70,00
25278000,54,false,Rx,0,8,01,01,FE,FF,FE,FF,00,00
25278000,55,false,Rx,0,8,10,27,00,00,00,00,00,00
25279000,56,false,Rx,0,8,10,27,00,00,00,00,00,00
25289000,57,false,Rx,0,8,00,00,FE,FF,FE,FF,00,00
25327000,625,false,Rx,0,8,25,00,11,43,FD,BB,E4,01
25368000,60D,false,Rx,0,8,0D,10,DF,23,02,20,70,00
25427000,625,false,Rx,0,8,25,00,11,43,FD,BB,E4,01
25460000,2C4,false,Rx,0,8,05,00,00,00,B7,02,00,00
25460000,2C5,false,Rx,0,8,00,00,00,00,00,00,00,00
25460000,2C6,false,Rx,0,8,F4,01,84,03,00,00,00,00
25471000,60D,false,Rx,0,8,0D,10,DF,23,02,20,70,00
25478000,54,false,Rx,0,8,01,01,FE,FF,FE,FF,00,00
25478000,55,false,Rx,0,8,10,27,00,00,00,00,00,00
25479000,56,false,Rx,0,8,10,27,00,00,00,00,00,00
25489000,57,false,Rx,0,8,00,00,FE,FF,FE,FF,00,00
25527000,625,false,Rx,0,8,25,00,11,43,FD,BB,E4,01
25568000,60D,false,Rx,0,8,0D,10,DF,23,02,20,70,00
25627000,625,false,Rx,0,8,25,00,11,43,FD,BB,E4,01
25660000,2C4,false,Rx,0,8,05,00,00,00,B7,02,00,00
25660000,2C5,false,Rx,0,8,00,00,00,00,00,00,00,00
25660000,2C6,false,Rx,0,8,F4,01,84,03,00,00,00,00
25671000,60D,false,Rx,0,8,0D,10,DF,23,02,20,70,00
25678000,54,false,Rx,0,8,01,01,FE,FF,FE,FF,00,00
25678000,55,false,Rx,0,8,10,27,00,00,00,00,00,00
25679000,56,false,Rx,0,8,10,27,00,00,00,00,00,00
25689000,57,false,Rx,0,8,00,00,FE,FF,FE,FF,00,00
25727000,625,false,Rx,0,8,25,00,11,43,FD,BB,E4,01
25768000,60D,false,Rx,0,8,0D,10,DF,23,02,20,70,00
25827000,625,false,Rx,0,8,25,00,11,43,FD,BB,E4,01
25860000,2C4,false,Rx,0,8,05,00,00,00,B7,02,00,00
25860000,2C5,false,Rx,0,8,00,00,00,00,00,00,00,00
25860000,2C6,false,Rx,0,8,F4,01,84,03,00,00,00,00
25871000,60D,false,Rx,0,8,0D,10,DF,23,02,20,70,00
25878000,54,false,Rx,0,8,01,01,FE,FF,FE,FF,00,00
25878000,55,false,Rx,0,8,10,27,00,00,00,00,00,00
25879000,56,false,Rx,0,8,10,27,00,00,00,00,00,00
25889000,57,false,Rx,0,8,00,00,FE,FF,FE,FF,00,00
25927000,625,false,Rx,0,8,25,00,11,43,FD,BB,E4,01
25968000,60D,false,Rx,0,8,0D,10,DF,23,02,20,70,00
26027000,625,false,Rx,0,8,25,00,11,43,FD,BB,E4,01
26060000,2C4,false,Rx,0,8,05,00,00,00,B7,02,00,00
26060000,2C5,false,Rx,0,8,00,00,00,00,00,00,00,00
26060000,2C6,false,Rx,0,8,F4,01,84,03,00,00,00,00
26070000,60D,false,Rx,0,8,0D,10,DF,23,02,20,70,00
26078000,54,false,Rx,0,8,01,01,FE,FF,FE,FF,00,00
26078000,55,false,Rx,0,8,10,27,00,00,00,00,00,00
26079000,56,false,Rx,0,8,10,27,00,00,00,00,00,00
26089000,57,false,Rx,0,8,00,00,FE,FF,FE,FF,00,00
26127000,625,false,Rx,0,8,25,00,11,43,FD,BB,E4,01
26168000,60D,false,Rx,0,8,0D,10,DF,23,02,20,70,00
26227000,625,false,Rx,0,8,25,00,11,43,FD,BB,E4,01
26260000,2C4,false,Rx,0,8,05,00,00,00,B7,02,00,00
26260000,2C5,false,Rx,0,8,00,00,00,00,00,00,00,00
26260000,2C6,false,Rx,0,8,F4,01,84,03,00,00,00,00
26270000,60D,false,Rx,0,8,0D,10,DF,23,02,20,70,00
26278000,54,false,Rx,0,8,01,01,FE,FF,FE,FF,00,00
26278000,55,false,Rx,0,8,10,27,00,00,00,00,00,00
26279000,56,false,Rx,0,8,10,27,00,00,00,00,00,00
26289000,57,false,Rx,0,8,00,00,FE,FF,FE,FF,00,00
26327000,625,false,Rx,0,8,25,00,11,43,FD,BB,E4,01
26368000,60D,false,Rx,0,8,0D,10,DF,23,02,20,70,00
26427000,625,false,Rx,0,8,25,00,11,43,FD,BB,E4,01
26460000,2C4,false,Rx,0,8,05,00,00,00,B7,02,00,00
26460000,2C5,false,Rx,0,8,00,00,00,00,00,00,00,00
26460000,2C6,false,Rx,0,8,F4,01,84,03,00,00,00,00
26470000,60D,false,Rx,0,8,0D,10,DF,23,02,20,70,00
26478000,54,false,Rx,0,8,01,01,FE,FF,FE,FF,00,00
26478000,55,false,Rx,0,8,10,27,00,00,00,00,00,00
26479000,56,false,Rx,0,8,10,27,00,00,00,00,00,00
26489000,57,false,Rx,0,8,00,00,FE,FF,FE,FF,00,00
26527000,625,false,Rx,0,8,25,00,11,43,FD,BB,E4,01
26568000,60D,false,Rx,0,8,0D,10,DF,23,02,20,70,00
26627000,625,false,Rx,0,8,25,00,11,43,FD,BB,E4,01
26660000,2C4,false,Rx,0,8,05,00,00,00,B7,02,00,00
26660000,2C5,false,Rx,0,8,00,00,00,00,00,00,00,00
26660000,2C6,false,Rx,0,8,F4,01,84,03,00,00,00,00
26670000,60D,false,Rx,0,8,0D,10,DF,23,02,20,70,00
26678000,54,false,Rx,0,8,01,01,FE,FF,FE,FF,00,00
26678000,55,false,Rx,0,8,10,27,00,00,00,00,00,00
26679000,56,false,Rx,0,8,10,27,00,00,00,00,00,00
26689000,57,false,Rx,0,8,00,00,FE,FF,FE,FF,00,00
26727000,625,false,Rx,0,8,25,00,11,43,FD,BB,E4,01
26768000,60D,false,Rx,0,8,0D,10,DF,23,02,20,70,00
26827000,625,false,Rx,0,8,25,00,11,43,FD,BB,E4,01
26860000,2C4,false,Rx,0,8,05,00,00,00,B7,02,00,00
26860000,2C5,false,Rx,0,8,00,00,00,00,00,00,00,00
26860000,2C6,false,Rx,0,8,F4,01,84,03,00,00,00,00
26870000,60D,false,Rx,0,8,0D,10,DF,23,02,20,70,00
26878000,54,false,Rx,0,8,01,01,FE,FF,FE,FF,00,00
26878000,55,false,Rx,0,8,10,27,00,00,00,00,00,00
26879000,56,false,Rx,0,8,10,27,00,00,00,00,00,00
26889000,57,false,Rx,0,8,00,00,FE,FF,FE,FF,00,00
26927000,625,false,Rx,0,8,25,00,11,43,FD,BB,E4,01
26968000,60D,false,Rx,0,8,0D,10,DF,23,02,20,70,00
27027000,625,false,Rx,0,8,25,00,11,43,FD,BB,E4,01
27060000,2C4,false,Rx,0,8,05,00,00,00,B7,02,00,00
27060000,2C5,false,Rx,0,8,00,00,00,00,00,00,00,00
27060000,2C6,false,Rx,0,8,F4,01,84,03,00,00,00,00
27070000,60D,false,Rx,0,8,0D,10,DF,23,02,20,70,00
27078000,54,false,Rx,0,8,01,01,FE,FF,FE,FF,00,00
27078000,55,false,Rx,0,8,10,27,00,00,00,00,00,00
27079000,56,false,Rx,0,8,10,27,00,00,00,00,00,00
27089000,57,false,Rx,0,8,00,00,FE,FF,FE,FF,00,00
27127000,625,false,Rx,0,8,25,00,11,43,FD,BB,E4,01
27168000,60D,false,Rx,0,8,0D,10,DF,23,02,20,70,00
27227000,625,false,Rx,0,8,25,00,11,43,FD,BB,E4,01
27260000,2C4,false,Rx,0,8,05,00,00,00,B7,02,00,00
27260000,2C5,false,Rx,0,8,00,00,00,00,00,00,00,00
27260000,2C6,false,Rx,0,8,F4,01,84,03,00,00,00,00
27270000,60D,false,Rx,0,8,0D,10,DF,23,02,20,70,00
27278000,54,false,Rx,0,8,01,01,FE,FF,FE,FF,00,00
27278000,55,false,Rx,0,8,10,27,00,00,00,00,00,00
27279000,56,false,Rx,0,8,10,27,00,00,00,00,00,00
27289000,57,false,Rx,0,8,00,00,FE,FF,FE,FF,00,00
27327000,625,false,Rx,0,8,25,00,11,43,FD,BB,E4,01
27368000,60D,false,Rx,0,8,0D,10,DF,23,02,20,70,00
27427000,625,false,Rx,0,8,25,00,11,43,FD,BB,E4,01
27459000,2C4,false,Rx,0,8,05,00,00,00,B7,02,00,00
27460000,2C5,false,Rx,0,8,00,00,00,00,00,00,00,00
27460000,2C6,false,Rx,0,8,F4,01,84,03,00,00,00,00
27470000,60D,false,Rx,0,8,0D,10,DF,23,02,20,70,00
27478000,54,false,Rx,0,8,01,01,FE,FF,FE,FF,00,00
27478000,55,false,Rx,0,8,10,27,00,00,00,00,00,00
27479000,56,false,Rx,0,8,10,27,00,00,00,00,00,00
27489000,57,false,Rx,0,8,00,00,FE,FF,FE,FF,00,00
27527000,625,false,Rx,0,8,25,00,11,43,FD,BB,E4,01
27568000,60D,false,Rx,0,8,0D,10,DF,23,02,20,70,00
27627000,625,false,Rx,0,8,25,00,11,43,FD,BB,E4,01
27659000,2C4,false,Rx,0,8,05,00,00,00,B7,02,00,00
27660000,2C5,false,Rx,0,8,00,00,00,00,00,00,00,00
27660000,2C6,false,Rx,0,8,F4,01,84,03,00,00,00,00
27670000,60D,false,Rx,0,8,0D,10,DF,23,02,20,70,00
27678000,54,false,Rx,0,8,01,01,FE,FF,FE,FF,00,00
27678000,55,false,Rx,0,8,10,27,00,00,00,00,00,00
27679000,56,false,Rx,0,8,10,27,00,00,00,00,00,00
27689000,57,false,Rx,0,8,00,00,FE,FF,FE,FF,00,00
27727000,625,false,Rx,0,8,25,00,11,43,FD,BB,E4,01
27768000,60D,false,Rx,0,8,0D,10,DF,23,02,20,70,00
27827000,625,false,Rx,0,8,25,00,11,43,FD,BB,E4,01
27859000,2C4,false,Rx,0,8,05,00,00,00,B7,02,00,00
27860000,2C5,false,Rx,0,8,00,00,00,00,00,00,00,00
27860000,2C6,false,Rx,0,8,F4,01,84,03,00,00,00,00
27870000,60D,false,Rx,0,8,0D,10,DF,23,02,20,70,00
27878000,54,false,Rx,0,8,01,01,FE,FF,FE,FF,00,00
27878000,55,false,Rx,0,8,10,27,00,00,00,00,00,00
27879000,56,false,Rx,0,8,10,27,00,00,00,00,00,00
27889000,57,false,Rx,0,8,00,00,FE,FF,FE,FF,00,00
27927000,625,false,Rx,0,8,25,00,11,43,FD,BB,E4,01
27968000,60D,false,Rx,0,8,0D,10,DF,23,02,20,70,00
28027000,625,false,Rx,0,8,25,00,11,43,FD,BB,E4,01
28059000,2C4,false,Rx,0,8,05,00,00,00,B7,02,00,00
28060000,2C5,false,Rx,0,8,00,00,00,00,00,00,00,00
28060000,2C6,false,Rx,0,8,F4,01,84,03,00,00,00,00
28070000,60D,false,Rx,0,8,0D,10,DF,23,02,20,70,00
28078000,54,false,Rx,0,8,01,01,FE,FF,FE,FF,00,00
28078000,55,false,Rx,0,8,10,27,00,00,00,00,00,00
28079000,56,false,Rx,0,8,10,27,00,00,00,00,00,00
28089000,57,false,Rx,0,8,00,00,FE,FF,FE,FF,00,00
28127000,625,false,Rx,0,8,25,00,11,43,FD,BB,E4,01
28168000,60D,false,Rx,0,8,0D,10,DF,23,02,20,70,00
28227000,625,false,Rx,0,8,25,00,11,43,FD,BB,E4,01
28259000,2C4,false,Rx,0,8,05,00,00,00,B7,02,00,00
28260000,2C5,false,Rx,0,8,00,00,00,00,00,00,00,00
28260000,2C6,false,Rx,0,8,F4,01,84,03,00,00,00,00
28270000,60D,false,Rx,0,8,0D,10,DF,23,02,20,70,00
28278000,54,false,Rx,0,8,01,01,FE,FF,FE,FF,00,00
28278000,55,false,Rx,0,8,10,27,00,00,00,00,00,00
28279000,56,false,Rx,0,8,10,27,00,00,00,00,00,00
28289000,57,false,Rx,0,8,00,00,FE,FF,FE,FF,00,00
28327000,625,false,Rx,0,8,25,00,11,43,FD,BB,E4,01
28368000,60D,false,Rx,0,8,0D,10,DF,23,02,20,70,00
28427000,625,false,Rx,0,8,25,00,11,43,FD,BB,E4,01
28459000,2C4,false,Rx,0,8,05,00,00,00,B7,02,00,00
28460000,2C5,false,Rx,0,8,00,00,00,00,00,00,00,00
28460000,2C6,false,Rx,0,8,F4,01,84,03,00,00,00,00
28470000,60D,false,Rx,0,8,0D,10,DF,23,02,20,70,00
28478000,54,false,Rx,0,8,01,01,FE,FF,FE,FF,00,00
28478000,55,false,Rx,0,8,10,27,00,00,00,00,00,00
28479000,56,false,Rx,0,8,10,27,00,00,00,00,00,00
28489000,57,false,Rx,0,8,00,00,FE,FF,FE,FF,00,00
28527000,625,false,Rx,0,8,25,00,11,43,FD,BB,E4,01
28568000,60D,false,Rx,0,8,0D,10,DF,23,02,20,70,00
28627000,625,false,Rx,0,8,25,00,11,43,FD,BB,E4,01
28659000,2C4,false,Rx,0,8,05,00,00,00,B9,02,00,00
28660000,2C5,false,Rx,0,8,00,00,00,00,00,00,00,00
28660000,2C6,false,Rx,0,8,F4,01,84,03,00,00,00,00
28670000,60D,false,Rx,0,8,0D,10,DF,23,02,20,70,00
28678000,54,false,Rx,0,8,01,01,FE,FF,FE,FF,00,00
28678000,55,false,Rx,0,8,10,27,00,00,00,00,00,00
28679000,56,false,Rx,0,8,10,27,00,00,00,00,00,00
28689000,57,false,Rx,0,8,00,00,FE,FF,FE,FF,00,00
28727000,625,false,Rx,0,8,25,00,11,43,FD,BB,E4,01
28768000,60D,false,Rx,0,8,0D,10,DF,23,02,20,70,00
28827000,625,false,Rx,0,8,25,00,11,43,FD,BB,E4,01
28859000,2C4,false,Rx,0,8,05,00,00,00,B7,02,00,00
28860000,2C5,false,Rx,0,8,00,00,00,00,00,00,00,00
28860000,2C6,false,Rx,0,8,F4,01,84,03,00,00,00,00
28870000,60D,false,Rx,0,8,0D,10,DF,23,02,20,70,00
28878000,54,false,Rx,0,8,01,01,FE,FF,FE,FF,00,00
28878000,55,false,Rx,0,8,10,27,00,00,00,00,00,00
28879000,56,false,Rx,0,8,10,27,00,00,00,00,00,00
28889000,57,false,Rx,0,8,00,00,FE,FF,FE,FF,00,00
28927000,625,false,Rx,0,8,25,00,11,43,FD,BB,E4,01
28968000,60D,false,Rx,0,8,0D,10,DF,23,02,20,70,00
29027000,625,false,Rx,0,8,25,00,11,43,FD,BB,E4,01
29059000,2C4,false,Rx,0,8,05,00,00,00,B7,02,00,00
29060000,2C5,false,Rx,0,8,00,00,00,00,00,00,00,00
29060000,2C6,false,Rx,0,8,F4,01,84,03,00,00,00,00
29070000,60D,false,Rx,0,8,0D,10,DF,23,02,20,70,00
29078000,54,false,Rx,0,8,01,01,FE,FF,FE,FF,00,00
29078000,55,false,Rx,0,8,10,27,00,00,00,00,00,00
29079000,56,false,Rx,0,8,10,27,00,00,00,00,00,00
29089000,57,false,Rx,0,8,00,00,FE,FF,FE,FF,00,00
29127000,625,false,Rx,0,8,25,00,11,43,FD,BB,E4,01
29168000,60D,false,Rx,0,8,0D,10,DF,23,02,20,70,00
29227000,625,false,Rx,0,8,25,00,11,43,FD,BB,E4,01
29259000,2C4,false,Rx,0,8,05,00,00,00,B7,02,00,00
29260000,2C5,false,Rx,0,8,00,00,00,00,00,00,00,00
29260000,2C6,false,Rx,0,8,F4,01,84,03,00,00,00,00
29270000,60D,false,Rx,0,8,0D,10,DF,23,02,20,70,00
29278000,54,false,Rx,0,8,01,01,FE,FF,FE,FF,00,00
29278000,55,false,Rx,0,8,10,27,00,00,00,00,00,00
29279000,56,false,Rx,0,8,10,27,00,00,00,00,00,00
29289000,57,false,Rx,0,8,00,00,FE,FF,FE,FF,00,00
29327000,625,false,Rx,0,8,25,00,11,43,FD,BB,E4,01
29368000,60D,false,Rx,0,8,0D,10,DF,23,02,20,70,00
29427000,625,false,Rx,0,8,25,00,11,43,FD,BB,E4,01
29459000,2C4,false,Rx,0,8,05,00,00,00,B7,02,00,00
29460000,2C5,false,Rx,0,8,00,00,00,00,00,00,00,00
29460000,2C6,false,Rx,0,8,F4,01,84,03,00,00,00,00
29470000,60D,false,Rx,0,8,0D,10,DF,23,02,20,70,00
29478000,54,false,Rx,0,8,01,01,FE,FF,FE,FF,00,00
29478000,55,false,Rx,0,8,10,27,00,00,00,00,00,00
29479000,56,false,Rx,0,8,10,27,00,00,00,00,00,00
29489000,57,false,Rx,0,8,00,00,FE,FF,FE,FF,00,00
29527000,625,false,Rx,0,8,25,00,11,43,FD,BB,E4,01
29568000,60D,false,Rx,0,8,0D,10,DF,23,02,20,70,00
29627000,625,false,Rx,0,8,25,00,11,43,FD,BB,E4,01
29659000,2C4,false,Rx,0,8,05,00,00,00,B7,02,00,00
29660000,2C5,false,Rx,0,8,00,00,00,00,00,00,00,00
29660000,2C6,false,Rx,0,8,F4,01,84,03,00,00,00,00
29670000,60D,false,Rx,0,8,0D,10,DF,23,02,20,70,00
29678000,54,false,Rx,0,8,01,01,FE,FF,FE,FF,00,00
29678000,55,false,Rx,0,8,10,27,00,00,00,00,00,00
29679000,56,false,Rx,0,8,10,27,00,00,00,00,00,00
29689000,57,false,Rx,0,8,00,00,FE,FF,FE,FF,00,00
29727000,625,false,Rx,0,8,25,00,11,43,FD,BB,E4,01
29769000,60D,false,Rx,0,8,0D,10,DF,23,02,20,70,00
29827000,625,false,Rx,0,8,25,00,11,43,FD,BB,E4,01
29859000,2C4,false,Rx,0,8,05,00,00,00,B7,02,00,00
29860000,2C5,false,Rx,0,8,00,00,00,00,00,00,00,00
29860000,2C6,false,Rx,0,8,F4,01,84,03,00,00,00,00
29870000,60D,false,Rx,0,8,0D,10,DF,23,02,20,70,00
29878000,54,false,Rx,0,8,01,01,FE,FF,FE,FF,00,00
29878000,55,false,Rx,0,8,10,27,00,00,00,00,00,00
29879000,56,false,Rx,0,8,10,27,00,00,00,00,00,00
29889000,57,false,Rx,0,8,00,00,FE,FF,FE,FF,00,00
29927000,625,false,Rx,0,8,25,00,11,43,FD,BB,E4,01
29968000,60D,false,Rx,0,8,0D,10,DF,23,02,20,70,00
30027000,625,false,Rx,0,8,25,00,11,43,FD,BB,E4,01
30059000,2C4,false,Rx,0,8,05,00,00,00,B7,02,00,00
30060000,2C5,false,Rx,0,8,00,00,00,00,00,00,00,00
30060000,2C6,false,Rx,0,8,F4,01,84,03,00,00,00,00
30070000,60D,false,Rx,0,8,0D,10,DF,23,02,20,70,00
30078000,54,false,Rx,0,8,01,01,FE,FF,FE,FF,00,00
30078000,55,false,Rx,0,8,10,27,00,00,00,00,00,00
30079000,56,false,Rx,0,8,10,27,00,00,00,00,00,00
30089000,57,false,Rx,0,8,00,00,FE,FF,FE,FF,00,00
30127000,625,false,Rx,0,8,25,00,11,43,FD,BB,E4,01
30168000,60D,false,Rx,0,8,0D,10,DF,23,02,20,70,00
30227000,625,false,Rx,0,8,25,00,11,43,FD,BB,E4,01
30259000,2C4,false,Rx,0,8,05,00,00,00,B9,02,00,00
30260000,2C5,false,Rx,0,8,00,00,00,00,00,00,00,00
30260000,2C6,false,Rx,0,8,F4,01,84,03,00,00,00,00
30270000,60D,false,Rx,0,8,0D,10,DF,23,02,20,70,00
30278000,54,false,Rx,0,8,01,01,FE,FF,FE,FF,00,00
30278000,55,false,Rx,0,8,10,27,00,00,00,00,00,00
30279000,56,false,Rx,0,8,10,27,00,00,00,00,00,00
30289000,57,false,Rx,0,8,00,00,FE,FF,FE,FF,00,00
30327000,625,false,Rx,0,8,25,00,11,43,FD,BB,E4,01
30368000,60D,false,Rx,0,8,0D,10,DF,23,02,20,70,00
30427000,625,false,Rx,0,8,25,00,11,43,FD,BB,E4,01
30459000,2C4,false,Rx,0,8,05,00,00,00,B7,02,00,00
30460000,2C5,false,Rx,0,8,00,00,00,00,00,00,00,00
30460000,2C6,false,Rx,0,8,F4,01,84,03,00,00,00,00
30470000,60D,false,Rx,0,8,0D,10,DF,23,02,20,70,00
30478000,54,false,Rx,0,8,01,01,FE,FF,FE,FF,00,00
30478000,55,false,Rx,0,8,10,27,00,00,00,00,00,00
30479000,56,false,Rx,0,8,10,27,00,00,00,00,00,00
30489000,57,false,Rx,0,8,00,00,FE,FF,FE,FF,00,00
30527000,625,false,Rx,0,8,25,00,11,43,FD,BB,E4,01
30568000,60D,false,Rx,0,8,0D,10,DF,23,02,20,70,00
30627000,625,false,Rx,0,8,25,00,11,43,FD,BB,E4,01
30659000,2C4,false,Rx,0,8,05,00,00,00,B9,02,00,00
30660000,2C5,false,Rx,0,8,00,00,00,00,00,00,00,00
30660000,2C6,false,Rx,0,8,F4,01,84,03,00,00,00,00
30670000,60D,false,Rx,0,8,0D,10,DF,23,02,20,70,00
30678000,54,false,Rx,0,8,01,01,FE,FF,FE,FF,00,00
30678000,55,false,Rx,0,8,10,27,00,00,00,00,00,00
30679000,56,false,Rx,0,8,10,27,00,00,00,00,00,00
30689000,57,false,Rx,0,8,00,00,FE,FF,FE,FF,00,00
30727000,625,false,Rx,0,8,25,00,11,43,FD,BB,E4,01
30768000,60D,false,Rx,0,8,0D,10,DF,23,02,20,70,00
30827000,625,false,Rx,0,8,25,00,11,43,FD,BB,E4,01
30859000,2C4,false,Rx,0,8,05,00,00,00,B7,02,00,00
30860000,2C5,false,Rx,0,8,00,00,00,00,00,00,00,00
30860000,2C6,false,Rx,0,8,F4,01,84,03,00,00,00,00
30870000,60D,false,Rx,0,8,0D,10,DF,23,02,20,70,00
30878000,54,false,Rx,0,8,01,01,FE,FF,FE,FF,00,00
30878000,55,false,Rx,0,8,10,27,00,00,00,00,00,00
30879000,56,false,Rx,0,8,10,27,00,00,00,00,00,00
30889000,57,false,Rx,0,8,00,00,FE,FF,FE,FF,00,00
30927000,625,false,Rx,0,8,25,00,11,43,FD,BB,E4,01
30968000,60D,false,Rx,0,8,0D,10,DF,23,02,20,70,00
31027000,625,false,Rx,0,8,25,00,11,43,FD,BB,E4,01
31059000,2C4,false,Rx,0,8,05,00,00,00,B9,02,00,00
31060000,2C5,false,Rx,0,8,00,00,00,00,00,00,00,00
31060000,2C6,false,Rx,0,8,F4,01,84,03,00,00,00,00
31070000,60D,false,Rx,0,8,0D,10,DF,23,02,20,70,00
31078000,54,false,Rx,0,8,01,01,FE,FF,FE,FF,00,00
31078000,55,false,Rx,0,8,10,27,00,00,00,00,00,00
31079000,56,false,Rx,0,8,10,27,00,00,00,00,00,00
31089000,57,false,Rx,0,8,00,00,FE,FF,FE,FF,00,00
31127000,625,false,Rx,0,8,25,00,11,43,FD,BB,E4,01
31168000,60D,false,Rx,0,8,0D,10,DF,23,02,20,70,00
31227000,625,false,Rx,0,8,25,00,11,43,FD,BB,E4,01
31259000,2C4,false,Rx,0,8,05,00,00,00,B7,02,00,00
31260000,2C5,false,Rx,0,8,00,00,00,00,00,00,00,00
31260000,2C6,false,Rx,0,8,F4,01,84,03,00,00,00,00
31270000,60D,false,Rx,0,8,0D,10,DF,23,02,20,70,00
31278000,54,false,Rx,0,8,01,01,FE,FF,FE,FF,00,00
31278000,55,false,Rx,0,8,10,27,00,00,00,00,00,00
31279000,56,false,Rx,0,8,10,27,00,00,00,00,00,00
31289000,57,false,Rx,0,8,00,00,FE,FF,FE,FF,00,00
31327000,625,false,Rx,0,8,25,00,11,43,FD,BB,E4,01
31368000,60D,false,Rx,0,8,0D,10,DF,23,02,20,70,00
31427000,625,false,Rx,0,8,25,00,11,43,FD,BB,E4,01
31459000,2C4,false,Rx,0,8,05,00,00,00,B9,02,00,00
31460000,2C5,false,Rx,0,8,00,00,00,00,00,00,00,00
31460000,2C6,false,Rx,0,8,F4,01,84,03,00,00,00,00
31470000,60D,false,Rx,0,8,0D,10,DF,23,02,20,70,00
31478000,54,false,Rx,0,8,01,01,FE,FF,FE,FF,00,00
31478000,55,false,Rx,0,8,10,27,00,00,00,00,00,00
31479000,56,false,Rx,0,8,10,27,00,00,00,00,00,00
31489000,57,false,Rx,0,8,00,00,FE,FF,FE,FF,00,00
31527000,625,false,Rx,0,8,25,00,11,43,FD,BB,E4,01
31568000,60D,false,Rx,0,8,0D,10,DF,23,02,20,70,00
31627000,625,false,Rx,0,8,25,00,11,43,FD,BB,E4,01
31659000,2C4,false,Rx,0,8,05,00,00,00,B7,02,00,00
31660000,2C5,false,Rx,0,8,00,00,00,00,00,00,00,00
31660000,2C6,false,Rx,0,8,F4,01,84,03,00,00,00,00
31670000,60D,false,Rx,0,8,0D,10,DF,23,02,20,70,00
31678000,54,false,Rx,0,8,01,01,FE,FF,FE,FF,00,00
31678000,55,false,Rx,0,8,10,27,00,00,00,00,00,00
31679000,56,false,Rx,0,8,10,27,00,00,00,00,00,00
31689000,57,false,Rx,0,8,00,00,FE,FF,FE,FF,00,00
31727000,625,false,Rx,0,8,25,00,11,43,FD,BB,E4,01
31768000,60D,false,Rx,0,8,0D,10,DF,23,02,20,70,00
31827000,625,false,Rx,0,8,25,00,11,43,FD,BB,E4,01
31859000,2C4,false,Rx,0,8,05,00,00,00,B9,02,00,00
31860000,2C5,false,Rx,0,8,00,00,00,00,00,00,00,00
31860000,2C6,false,Rx,0,8,F4,01,84,03,00,00,00,00
31870000,60D,false,Rx,0,8,0D,10,DF,23,02,20,70,00
31878000,54,false,Rx,0,8,01,01,FE,FF,FE,FF,00,00
31878000,55,false,Rx,0,8,10,27,00,00,00,00,00,00
31879000,56,false,Rx,0,8,10,27,00,00,00,00,00,00
31889000,57,false,Rx,0,8,00,00,FE,FF,FE,FF,00,00
31927000,625,false,Rx,0,8,25,00,11,43,FD,BB,E4,01
31968000,60D,false,Rx,0,8,0D,10,DF,23,02,20,70,00
32027000,625,false,Rx,0,8,25,00,11,43,FD,BB,E4,01
32059000,2C4,false,Rx,0,8,05,00,00,00,B9,02,00,00
32060000,2C5,false,Rx,0,8,00,00,00,00,00,00,00,00
32060000,2C6,false,Rx,0,8,F4,01,84,03,00,00,00,00
32070000,60D,false,Rx,0,8,0D,10,DF,23,02,20,70,00
32078000,54,false,Rx,0,8,01,01,FE,FF,FE,FF,00,00
32078000,55,false,Rx,0,8,10,27,00,00,00,00,00,00
32079000,56,false,Rx,0,8,10,27,00,00,00,00,00,00
32089000,57,false,Rx,0,8,00,00,FE,FF,FE,FF,00,00
32127000,625,false,Rx,0,8,25,00,11,43,FD,BB,E4,01
32168000,60D,false,Rx,0,8,0D,10,DF,23,02,20,70,00
32227000,625,false,Rx,0,8,25,00,11,43,FD,BB,E4,01
32259000,2C4,false,Rx,0,8,05,00,00,00,B7,02,00,00
32259000,2C5,false,Rx,0,8,00,00,00,00,00,00,00,00
32260000,2C6,false,Rx,0,8,F4,01,84,03,00,00,00,00
32270000,60D,false,Rx,0,8,0D,10,DF,23,02,20,70,00
32278000,54,false,Rx,0,8,01,01,FE,FF,FE,FF,00,00
32278000,55,false,Rx,0,8,10,27,00,00,00,00,00,00
32279000,56,false,Rx,0,8,10,27,00,00,00,00,00,00
32289000,57,false,Rx,0,8,00,00,FE,FF,FE,FF,00,00
32327000,625,false,Rx,0,8,25,00,11,43,FD,BB,E4,01
32368000,60D,false,Rx,0,8,0D,10,DF,23,02,20,70,00
32427000,625,false,Rx,0,8,25,00,11,43,FD,BB,E4,01
32459000,2C4,false,Rx,0,8,05,00,00,00,B7,02,00,00
32459000,2C5,false,Rx,0,8,00,00,00,00,00,00,00,00
32460000,2C6,false,Rx,0,8,F4,01,84,03,00,00,00,00
32470000,60D,false,Rx,0,8,0D,10,DF,23,02,20,70,00
32478000,54,false,Rx,0,8,01,01,FE,FF,FE,FF,00,00
32478000,55,false,Rx,0,8,10,27,00,00,00,00,00,00
32479000,56,false,Rx,0,8,10,27,00,00,00,00,00,00
32489000,57,false,Rx,0,8,00,00,FE,FF,FE,FF,00,00
32527000,625,false,Rx,0,8,25,00,11,43,FD,BB,E4,01
32568000,60D,false,Rx,0,8,0D,10,DF,23,02,20,70,00
32627000,625,false,Rx,0,8,25,00,11,43,FD,BB,E4,01
32659000,2C4,false,Rx,0,8,05,00,00,00,B9,02,00,00
32659000,2C5,false,Rx,0,8,00,00,00,00,00,00,00,00
32660000,2C6,false,Rx,0,8,F4,01,84,03,00,00,00,00
32670000,60D,false,Rx,0,8,0D,10,DF,23,02,20,70,00
32678000,54,false,Rx,0,8,01,01,FE,FF,FE,FF,00,00
32678000,55,false,Rx,0,8,10,27,00,00,00,00,00,00
32679000,56,false,Rx,0,8,10,27,00,00,00,00,00,00
32689000,57,false,Rx,0,8,00,00,FE,FF,FE,FF,00,00
32727000,625,false,Rx,0,8,25,00,11,43,FD,BB,E4,01
32768000,60D,false,Rx,0,8,0D,10,DF,23,02,20,70,00
32827000,625,false,Rx,0,8,25,00,11,43,FD,BB,E4,01
32859000,2C4,false,Rx,0,8,05,00,00,00,B9,02,00,00
32859000,2C5,false,Rx,0,8,00,00,00,00,00,00,00,00
32860000,2C6,false,Rx,0,8,F4,01,84,03,00,00,00,00
32870000,60D,false,Rx,0,8,0D,10,DF,23,02,20,70,00
32878000,54,false,Rx,0,8,01,01,FE,FF,FE,FF,00,00
32878000,55,false,Rx,0,8,10,27,00,00,00,00,00,00
32879000,56,false,Rx,0,8,10,27,00,00,00,00,00,00
32889000,57,false,Rx,0,8,00,00,FE,FF,FE,FF,00,00
32927000,625,false,Rx,0,8,25,00,11,43,FD,BB,E4,01
32968000,60D,false,Rx,0,8,0D,10,DF,23,02,20,70,00
33027000,625,false,Rx,0,8,25,00,11,43,FD,BB,E4,01
33059000,2C4,false,Rx,0,8,05,00,00,00,B9,02,00,00
33059000,2C5,false,Rx,0,8,00,00,00,00,00,00,00,00
33060000,2C6,false,Rx,0,8,F4,01,84,03,00,00,00,00
33070000,60D,false,Rx,0,8,0D,10,DF,23,02,20,70,00
33078000,54,false,Rx,0,8,01,01,FE,FF,FE,FF,00,00
33078000,55,false,Rx,0,8,10,27,00,00,00,00,00,00
33079000,56,false,Rx,0,8,10,27,00,00,00,00,00,00
33089000,57,false,Rx,0,8,00,00,FE,FF,FE,FF,00,00
33127000,625,false,Rx,0,8,25,00,11,43,FD,BB,E4,01
33168000,60D,false,Rx,0,8,0D,10,DF,23,02,20,70,00
33227000,625,false,Rx,0,8,25,00,11,43,FD,BB,E4,01
33259000,2C4,false,Rx,0,8,05,00,00,00,B9,02,00,00
33259000,2C5,false,Rx,0,8,00,00,00,00,00,00,00,00
33260000,2C6,false,Rx,0,8,F4,01,84,03,00,00,00,00
33270000,60D,false,Rx,0,8,0D,10,DF,23,02,20,70,00
33278000,54,false,Rx,0,8,01,01,FE,FF,FE,FF,00,00
33278000,55,false,Rx,0,8,10,27,00,00,00,00,00,00
33279000,56,false,Rx,0,8,10,27,00,00,00,00,00,00
33289000,57,false,Rx,0,8,00,00,FE,FF,FE,FF,00,00
33327000,625,false,Rx,0,8,25,00,11,43,FD,BB,E4,01
33368000,60D,false,Rx,0,8,0D,10,DF,23,02,20,70,00
33427000,625,false,Rx,0,8,25,00,11,43,FD,BB,E4,01
33459000,2C4,false,Rx,0,8,05,00,00,00,B9,02,00,00
33459000,2C5,false,Rx,0,8,00,00,00,00,00,00,00,00
33460000,2C6,false,Rx,0,8,F4,01,84,03,00,00,00,00
33470000,60D,false,Rx,0,8,0D,10,DF,23,02,20,70,00
33478000,54,false,Rx,0,8,01,01,FE,FF,FE,FF,00,00
33478000,55,false,Rx,0,8,10,27,00,00,00,00,00,00
33479000,56,false,Rx,0,8,10,27,00,00,00,00,00,00
33489000,57,false,Rx,0,8,00,00,FE,FF,FE,FF,00,00
33527000,625,false,Rx,0,8,25,00,11,43,FD,BB,E4,01
33568000,60D,false,Rx,0,8,0D,10,DF,23,02,20,70,00
33627000,625,false,Rx,0,8,25,00,11,43,FD,BB,E4,01
33659000,2C4,false,Rx,0,8,05,00,00,00,B9,02,00,00
33659000,2C5,false,Rx,0,8,00,00,00,00,00,00,00,00
33660000,2C6,false,Rx,0,8,F4,01,84,03,00,00,00,00
33670000,60D,false,Rx,0,8,0D,10,DF,23,02,20,70,00
33678000,54,false,Rx,0,8,01,01,FE,FF,FE,FF,00,00
33678000,55,false,Rx,0,8,10,27,00,00,00,00,00,00
33679000,56,false,Rx,0,8,10,27,00,00,00,00,00,00
33689000,57,false,Rx,0,8,00,00,FE,FF,FE,FF,00,00
33727000,625,false,Rx,0,8,25,00,11,43,FD,BB,E4,01
33768000,60D,false,Rx,0,8,0D,10,DF,23,02,20,70,00
33827000,625,false,Rx,0,8,25,00,11,43,FD,BB,E4,01
33859000,2C4,false,Rx,0,8,05,00,00,00,B7,02,00,00
33859000,2C5,false,Rx,0,8,00,00,00,00,00,00,00,00
33860000,2C6,false,Rx,0,8,F4,01,84,03,00,00,00,00
33870000,60D,false,Rx,0,8,0D,10,DF,23,02,20,70,00
33878000,54,false,Rx,0,8,01,01,FE,FF,FE,FF,00,00
33878000,55,false,Rx,0,8,10,27,00,00,00,00,00,00
33879000,56,false,Rx,0,8,10,27,00,00,00,00,00,00
33889000,57,false,Rx,0,8,00,00,FE,FF,FE,FF,00,00
33927000,625,false,Rx,0,8,25,00,11,43,FD,BB,E4,01
33968000,60D,false,Rx,0,8,0D,10,DF,23,02,20,70,00
34027000,625,false,Rx,0,8,25,00,11,43,FD,BB,E4,01
34059000,2C4,false,Rx,0,8,05,00,00,00,B9,02,00,00
34059000,2C5,false,Rx,0,8,00,00,00,00,00,00,00,00
34060000,2C6,false,Rx,0,8,F4,01,84,03,00,00,00,00
34070000,60D,false,Rx,0,8,0D,10,DF,23,02,20,70,00
34078000,54,false,Rx,0,8,01,01,FE,FF,FE,FF,00,00
34078000,55,false,Rx,0,8,10,27,00,00,00,00,00,00
34079000,56,false,Rx,0,8,10,27,00,00,00,00,00,00
34089000,57,false,Rx,0,8,00,00,FE,FF,FE,FF,00,00
34127000,625,false,Rx,0,8,25,00,11,43,FD,BB,E4,01
34168000,60D,false,Rx,0,8,0D,10,DF,23,02,20,70,00
34227000,625,false,Rx,0,8,25,00,11,43,FD,BB,E4,01
34259000,2C4,false,Rx,0,8,05,00,00,00,B9,02,00,00
34259000,2C5,false,Rx,0,8,00,00,00,00,00,00,00,00
34260000,2C6,false,Rx,0,8,F4,01,84,03,00,00,00,00
34270000,60D,false,Rx,0,8,0D,10,DF,23,02,20,70,00
34278000,54,false,Rx,0,8,01,01,FE,FF,FE,FF,00,00
34278000,55,false,Rx,0,8,10,27,00,00,00,00,00,00
34279000,56,false,Rx,0,8,10,27,00,00,00,00,00,00
34289000,57,false,Rx,0,8,00,00,FE,FF,FE,FF,00,00
34327000,625,false,Rx,0,8,25,00,11,43,FD,BB,E4,01
34368000,60D,false,Rx,0,8,0D,10,DF,23,02,20,70,00
34427000,625,false,Rx,0,8,25,00,11,43,FD,BB,E4,01
34459000,2C4,false,Rx,0,8,05,00,00,00,B9,02,00,00
34459000,2C5,false,Rx,0,8,00,00,00,00,00,00,00,00
34460000,2C6,false,Rx,0,8,F4,01,84,03,00,00,00,00
34470000,60D,false,Rx,0,8,0D,10,DF,23,02,20,70,00
34478000,54,false,Rx,0,8,01,01,FE,FF,FE,FF,00,00
34478000,55,false,Rx,0,8,10,27,00,00,00,00,00,00
34479000,56,false,Rx,0,8,10,27,00,00,00,00,00,00
34489000,57,false,Rx,0,8,00,00,FE,FF,FE,FF,00,00
34527000,625,false,Rx,0,8,25,00,11,43,FD,BB,E4,01
34568000,60D,false,Rx,0,8,0D,10,DF,23,02,20,70,00
34627000,625,false,Rx,0,8,25,00,11,43,FD,BB,E4,01
34659000,2C4,false,Rx,0,8,05,00,00,00,B9,02,00,00
34659000,2C5,false,Rx,0,8,00,00,00,00,00,00,00,00
34660000,2C6,false,Rx,0,8,F4,01,84,03,00,00,00,00
34670000,60D,false,Rx,0,8,0D,10,DF,23,02,20,70,00
34678000,54,false,Rx,0,8,01,01,FE,FF,FE,FF,00,00
34678000,55,false,Rx,0,8,10,27,00,00,00,00,00,00
34679000,56,false,Rx,0,8,10,27,00,00,00,00,00,00
34689000,57,false,Rx,0,8,00,00,FE,FF,FE,FF,00,00
34727000,625,false,Rx,0,8,25,00,11,43,FD,BB,E4,01
34768000,60D,false,Rx,0,8,0D,10,DF,23,02,20,70,00
34827000,625,false,Rx,0,8,25,00,11,43,FD,BB,E4,01
34859000,2C4,false,Rx,0,8,05,00,00,00,B9,02,00,00
34859000,2C5,false,Rx,0,8,00,00,00,00,00,00,00,00
34860000,2C6,false,Rx,0,8,F4,01,84,03,00,00,00,00
34870000,60D,false,Rx,0,8,0D,10,DF,23,02,20,70,00
34878000,54,false,Rx,0,8,01,01,FE,FF,FE,FF,00,00
34878000,55,false,Rx,0,8,10,27,00,00,00,00,00,00
34879000,56,false,Rx,0,8,10,27,00,00,00,00,00,00
34889000,57,false,Rx,0,8,00,00,FE,FF,FE,FF,00,00
34927000,625,false,Rx,0,8,25,00,11,43,FD,BB,E4,01
34968000,60D,false,Rx,0,8,0D,10,DF,23,02,20,70,00
35027000,625,false,Rx,0,8,25,00,11,43,FD,BB,E4,01
35059000,2C4,false,Rx,0,8,05,00,00,00,B7,02,00,00
35059000,2C5,false,Rx,0,8,00,00,00,00,00,00,00,00
35060000,2C6,false,Rx,0,8,F4,01,84,03,00,00,00,00
35070000,60D,false,Rx,0,8,0D,10,DF,23,02,20,70,00
35078000,54,false,Rx,0,8,01,01,FE,FF,FE,FF,00,00
35078000,55,false,Rx,0,8,10,27,00,00,00,00,00,00
35079000,56,false,Rx,0,8,10,27,00,00,00,00,00,00
35089000,57,false,Rx,0,8,00,00,FE,FF,FE,FF,00,00
35127000,625,false,Rx,0,8,25,00,11,43,FD,BB,E4,01
35168000,60D,false,Rx,0,8,0D,10,DF,23,02,20,70,00
35227000,625,false,Rx,0,8,25,00,11,43,FD,BB,E4,01
35259000,2C4,false,Rx,0,8,05,00,00,00,B7,02,00,00
35259000,2C5,false,Rx,0,8,00,00,00,00,00,00,00,00
35260000,2C6,false,Rx,0,8,F4,01,84,03,00,00,00,00
35270000,60D,false,Rx,0,8,0D,10,DF,23,02,20,70,00
35278000,54,false,Rx,0,8,01,01,FE,FF,FE,FF,00,00
35278000,55,false,Rx,0,8,10,27,00,00,00,00,00,00
35279000,56,false,Rx,0,8,10,27,00,00,00,00,00,00
35289000,57,false,Rx,0,8,00,00,FE,FF,FE,FF,00,00
35327000,625,false,Rx,0,8,25,00,11,43,FD,BB,E4,01
35368000,60D,false,Rx,0,8,0D,10,DF,23,02,20,70,00
35427000,625,false,Rx,0,8,25,00,11,43,FD,BB,E4,01
35459000,2C4,false,Rx,0,8,05,00,00,00,B9,02,00,00
35459000,2C5,false,Rx,0,8,00,00,00,00,00,00,00,00
35460000,2C6,false,Rx,0,8,F4,01,84,03,00,00,00,00
35470000,60D,false,Rx,0,8,0D,10,DF,23,02,20,70,00
35478000,54,false,Rx,0,8,01,01,FE,FF,FE,FF,00,00
35478000,55,false,Rx,0,8,10,27,00,00,00,00,00,00
35479000,56,false,Rx,0,8,10,27,00,00,00,00,00,00
35489000,57,false,Rx,0,8,00,00,FE,FF,FE,FF,00,00
35527000,625,false,Rx,0,8,25,00,11,43,FD,BB,E4,01
35568000,60D,false,Rx,0,8,0D,10,DF,23,02,20,70,00
35627000,625,false,Rx,0,8,25,00,11,43,FD,BB,E4,01
35659000,2C4,false,Rx,0,8,05,00,00,00,B9,02,00,00
35659000,2C5,false,Rx,0,8,00,00,00,00,00,00,00,00
35660000,2C6,false,Rx,0,8,F4,01,84,03,00,00,00,00
35670000,60D,false,Rx,0,8,0D,10,DF,23,02,20,70,00
35678000,54,false,Rx,0,8,01,01,FE,FF,FE,FF,00,00
35678000,55,false,Rx,0,8,10,27,00,00,00,00,00,00
35679000,56,false,Rx,0,8,10,27,00,00,00,00,00,00
35689000,57,false,Rx,0,8,00,00,FE,FF,FE,FF,00,00
35727000,625,false,Rx,0,8,25,00,11,43,FD,BB,E4,01
35768000,60D,false,Rx,0,8,0D,10,DF,23,02,20,70,00
35827000,625,false,Rx,0,8,25,00,11,43,FD,BB,E4,01
35859000,2C4,false,Rx,0,8,05,00,00,00,B9,02,00,00
35859000,2C5,false,Rx,0,8,00,00,00,00,00,00,00,00
35860000,2C6,false,Rx,0,8,F4,01,84,03,00,00,00,00
35870000,60D,false,Rx,0,8,0D,10,DF,23,02,20,70,00
35878000,54,false,Rx,0,8,01,01,FE,FF,FE,FF,00,00
35878000,55,false,Rx,0,8,10,27,00,00,00,00,00,00
35879000,56,false,Rx,0,8,10,27,00,00,00,00,00,00
35889000,57,false,Rx,0,8,00,00,FE,FF,FE,FF,00,00
35927000,625,false,Rx,0,8,25,00,11,43,FD,BB,E4,01
35968000,60D,false,Rx,0,8,0D,10,DF,23,02,20,70,00
36027000,625,false,Rx,0,8,25,00,11,43,FD,BB,E4,01
36059000,2C4,false,Rx,0,8,05,00,00,00,B9,02,00,00
36059000,2C5,false,Rx,0,8,00,00,00,00,00,00,00,00
36060000,2C6,false,Rx,0,8,F4,01,84,03,00,00,00,00
36070000,60D,false,Rx,0,8,0D,10,DF,23,02,20,70,00
36078000,54,false,Rx,0,8,01,01,FE,FF,FE,FF,00,00
36078000,55,false,Rx,0,8,10,27,00,00,00,00,00,00
36078000,56,false,Rx,0,8,10,27,00,00,00,00,00,00
36089000,57,false,Rx,0,8,00,00,FE,FF,FE,FF,00,00
36127000,625,false,Rx,0,8,25,00,11,43,FD,BB,E4,01
36168000,60D,false,Rx,0,8,0D,10,DF,23,02,20,70,00
36227000,625,false,Rx,0,8,25,00,11,43,FD,BB,E4,01
36259000,2C4,false,Rx,0,8,05,00,00,00,BC,02,00,00
36259000,2C5,false,Rx,0,8,00,00,00,00,00,00,00,00
36260000,2C6,false,Rx,0,8,F4,01,84,03,00,00,00,00
36270000,60D,false,Rx,0,8,0D,10,DF,23,02,20,70,00
36278000,54,false,Rx,0,8,01,01,FE,FF,FE,FF,00,00
36278000,55,false,Rx,0,8,10,27,00,00,00,00,00,00
36279000,56,false,Rx,0,8,10,27,00,00,00,00,00,00
36289000,57,false,Rx,0,8,00,00,FE,FF,FE,FF,00,00
36327000,625,false,Rx,0,8,25,00,11,43,FD,BB,E4,01
36368000,60D,false,Rx,0,8,0D,10,DF,23,02,20,70,00
36427000,625,false,Rx,0,8,25,00,11,43,FD,BB,E4,01
36459000,2C4,false,Rx,0,8,05,00,00,00,B9,02,00,00
36459000,2C5,false,Rx,0,8,00,00,00,00,00,00,00,00
36460000,2C6,false,Rx,0,8,F4,01,84,03,00,00,00,00
36470000,60D,false,Rx,0,8,0D,10,DF,23,02,20,70,00
36478000,54,false,Rx,0,8,01,01,FE,FF,FE,FF,00,00
36478000,55,false,Rx,0,8,10,27,00,00,00,00,00,00
36479000,56,false,Rx,0,8,10,27,00,00,00,00,00,00
36489000,57,false,Rx,0,8,00,00,FE,FF,FE,FF,00,00
36527000,625,false,Rx,0,8,25,00,11,43,FD,BB,E4,01
36568000,60D,false,Rx,0,8,0D,10,DF,23,02,20,70,00
36627000,625,false,Rx,0,8,25,00,11,43,FD,BB,E4,01
36659000,2C4,false,Rx,0,8,05,00,00,00,B9,02,00,00
36659000,2C5,false,Rx,0,8,00,00,00,00,00,00,00,00
36659000,2C6,false,Rx,0,8,F4,01,84,03,00,00,00,00
36670000,60D,false,Rx,0,8,0D,10,DF,23,02,20,70,00
36678000,54,false,Rx,0,8,01,01,FE,FF,FE,FF,00,00
36678000,55,false,Rx,0,8,10,27,00,00,00,00,00,00
36678000,56,false,Rx,0,8,10,27,00,00,00,00,00,00
36689000,57,false,Rx,0,8,00,00,FE,FF,FE,FF,00,00
36727000,625,false,Rx,0,8,25,00,11,43,FD,BB,E4,01
36768000,60D,false,Rx,0,8,0D,10,DF,23,02,20,70,00
36827000,625,false,Rx,0,8,25,00,11,43,FD,BB,E4,01
36859000,2C4,false,Rx,0,8,05,00,00,00,B9,02,00,00
36859000,2C5,false,Rx,0,8,00,00,00,00,00,00,00,00
36860000,2C6,false,Rx,0,8,F4,01,84,03,00,00,00,00
36870000,60D,false,Rx,0,8,0D,10,DF,23,02,20,70,00
36878000,54,false,Rx,0,8,01,01,FE,FF,FE,FF,00,00
36878000,55,false,Rx,0,8,10,27,00,00,00,00,00,00
36879000,56,false,Rx,0,8,10,27,00,00,00,00,00,00
36889000,57,false,Rx,0,8,00,00,FE,FF,FE,FF,00,00
36927000,625,false,Rx,0,8,25,00,11,43,FD,BB,E4,01
36968000,60D,false,Rx,0,8,0D,10,DF,23,02,20,70,00
37027000,625,false,Rx,0,8,25,00,11,43,FD,BB,E4,01
37059000,2C4,false,Rx,0,8,05,00,00,00,B9,02,00,00
37059000,2C5,false,Rx,0,8,00,00,00,00,00,00,00,00
37059000,2C6,false,Rx,0,8,F4,01,84,03,00,00,00,00
37070000,60D,false,Rx,0,8,0D,10,DF,23,02,20,70,00
37078000,54,false,Rx,0,8,01,01,FE,FF,FE,FF,00,00
37078000,55,false,Rx,0,8,10,27,00,00,00,00,00,00
37079000,56,false,Rx,0,8,10,27,00,00,00,00,00,00
37089000,57,false,Rx,0,8,00,00,FE,FF,FE,FF,00,00
37127000,625,false,Rx,0,8,25,00,11,43,FD,BB,E4,01
37168000,60D,false,Rx,0,8,0D,10,DF,23,02,20,70,00
37227000,625,false,Rx,0,8,25,00,11,43,FD,BB,E4,01
37259000,2C4,false,Rx,0,8,05,00,00,00,B9,02,00,00
37259000,2C5,false,Rx,0,8,00,00,00,00,00,00,00,00
37259000,2C6,false,Rx,0,8,F4,01,84,03,00,00,00,00
37270000,60D,false,Rx,0,8,0D,10,DF,23,02,20,70,00
37278000,54,false,Rx,0,8,01,01,FE,FF,FE,FF,00,00
37278000,55,false,Rx,0,8,10,27,00,00,00,00,00,00
37278000,56,false,Rx,0,8,10,27,00,00,00,00,00,00
37289000,57,false,Rx,0,8,00,00,FE,FF,FE,FF,00,00
37327000,625,false,Rx,0,8,25,00,11,43,FD,BB,E4,01
37368000,60D,false,Rx,0,8,0D,10,DF,23,02,20,70,00
37427000,625,false,Rx,0,8,25,00,11,43,FD,BB,E4,01
37459000,2C4,false,Rx,0,8,05,00,00,00,B9,02,00,00
37459000,2C5,false,Rx,0,8,00,00,00,00,00,00,00,00
37459000,2C6,false,Rx,0,8,F4,01,84,03,00,00,00,00
37470000,60D,false,Rx,0,8,0D,10,DF,23,02,20,70,00
37478000,54,false,Rx,0,8,01,01,FE,FF,FE,FF,00,00
37478000,55,false,Rx,0,8,10,27,00,00,00,00,00,00
37478000,56,false,Rx,0,8,10,27,00,00,00,00,00,00
37489000,57,false,Rx,0,8,00,00,FE,FF,FE,FF,00,00
37527000,625,false,Rx,0,8,25,00,11,43,FD,BB,E4,01
37568000,60D,false,Rx,0,8,0D,10,DF,23,02,20,70,00
37627000,625,false,Rx,0,8,25,00,11,43,FD,BB,E4,01
37659000,2C4,false,Rx,0,8,05,00,00,00,B9,02,00,00
37659000,2C5,false,Rx,0,8,00,00,00,00,00,00,00,00
37659000,2C6,false,Rx,0,8,F4,01,84,03,00,00,00,00
37670000,60D,false,Rx,0,8,0D,10,DF,23,02,20,70,00
37678000,54,false,Rx,0,8,01,01,FE,FF,FE,FF,00,00
37678000,55,false,Rx,0,8,10,27,00,00,00,00,00,00
37678000,56,false,Rx,0,8,10,27,00,00,00,00,00,00
37689000,57,false,Rx,0,8,00,00,FE,FF,FE,FF,00,00
37727000,625,false,Rx,0,8,25,00,11,43,FD,BB,E4,01
37768000,60D,false,Rx,0,8,0D,10,DF,23,02,20,70,00
37827000,625,false,Rx,0,8,25,00,11,43,FD,BB,E4,01
37859000,2C4,false,Rx,0,8,05,00,00,00,B9,02,00,00
37859000,2C5,false,Rx,0,8,00,00,00,00,00,00,00,00
37859000,2C6,false,Rx,0,8,F4,01,84,03,00,00,00,00
37870000,60D,false,Rx,0,8,0D,10,DF,23,02,20,70,00
37878000,54,false,Rx,0,8,01,01,FE,FF,FE,FF,00,00
37878000,55,false,Rx,0,8,10,27,00,00,00,00,00,00
37878000,56,false,Rx,0,8,10,27,00,00,00,00,00,00
37889000,57,false,Rx,0,8,00,00,FE,FF,FE,FF,00,00
37927000,625,false,Rx,0,8,25,00,11,43,FD,BB,E4,01
37968000,60D,false,Rx,0,8,0D,10,DF,23,02,20,70,00
38027000,625,false,Rx,0,8,25,00,11,43,FD,BB,E4,01
38059000,2C4,false,Rx,0,8,05,00,00,00,BC,02,00,00
38059000,2C5,false,Rx,0,8,00,00,00,00,00,00,00,00
38059000,2C6,false,Rx,0,8,F4,01,84,03,00,00,00,00
38070000,60D,false,Rx,0,8,0D,10,DF,23,02,20,70,00
38078000,54,false,Rx,0,8,01,01,FE,FF,FE,FF,00,00
38078000,55,false,Rx,0,8,10,27,00,00,00,00,00,00
38078000,56,false,Rx,0,8,10,27,00,00,00,00,00,00
38089000,57,false,Rx,0,8,00,00,FE,FF,FE,FF,00,00
38127000,625,false,Rx,0,8,25,00,11,43,FD,BB,E4,01
38168000,60D,false,Rx,0,8,0D,10,DF,23,02,20,70,00
38227000,625,false,Rx,0,8,25,00,11,43,FD,BB,E4,01
38259000,2C4,false,Rx,0,8,05,00,00,00,B9,02,00,00
38259000,2C5,false,Rx,0,8,00,00,00,00,00,00,00,00
38259000,2C6,false,Rx,0,8,F4,01,84,03,00,00,00,00
38270000,60D,false,Rx,0,8,0D,10,DF,23,02,20,70,00
38278000,54,false,Rx,0,8,01,01,FE,FF,FE,FF,00,00
38278000,55,false,Rx,0,8,10,27,00,00,00,00,00,00
38278000,56,false,Rx,0,8,10,27,00,00,00,00,00,00
38289000,57,false,Rx,0,8,00,00,FE,FF,FE,FF,00,00
38327000,625,false,Rx,0,8,25,00,11,43,FD,BB,E4,01
38368000,60D,false,Rx,0,8,0D,10,DF,23,02,20,70,00
38427000,625,false,Rx,0,8,25,00,11,43,FD,BB,E4,01
38459000,2C4,false,Rx,0,8,05,00,00,00,BC,02,00,00
38459000,2C5,false,Rx,0,8,00,00,00,00,00,00,00,00
38459000,2C6,false,Rx,0,8,F4,01,84,03,00,00,00,00
38470000,60D,false,Rx,0,8,0D,10,DF,23,02,20,70,00
38478000,54,false,Rx,0,8,01,01,FE,FF,FE,FF,00,00
38478000,55,false,Rx,0,8,10,27,00,00,00,00,00,00
38478000,56,false,Rx,0,8,10,27,00,00,00,00,00,00
38489000,57,false,Rx,0,8,00,00,FE,FF,FE,FF,00,00
38527000,625,false,Rx,0,8,25,00,11,43,FD,BB,E4,01
38568000,60D,false,Rx,0,8,0D,10,DF,23,02,20,70,00
38627000,625,false,Rx,0,8,25,00,11,43,FD,BB,E4,01
38659000,2C4,false,Rx,0,8,05,00,00,00,B9,02,00,00
38659000,2C5,false,Rx,0,8,00,00,00,00,00,00,00,00
38659000,2C6,false,Rx,0,8,F4,01,84,03,00,00,00,00
38670000,60D,false,Rx,0,8,0D,10,DF,23,02,20,70,00
38678000,54,false,Rx,0,8,01,01,FE,FF,FE,FF,00,00
38678000,55,false,Rx,0,8,10,27,00,00,00,00,00,00
38678000,56,false,Rx,0,8,10,27,00,00,00,00,00,00
38689000,57,false,Rx,0,8,00,00,FE,FF,FE,FF,00,00
38727000,625,false,Rx,0,8,25,00,11,43,FD,BB,E4,01
38768000,60D,false,Rx,0,8,0D,10,DF,23,02,20,70,00
38827000,625,false,Rx,0,8,25,00,11,43,FD,BB,E4,01
38859000,2C4,false,Rx,0,8,05,00,00,00,BC,02,00,00
38859000,2C5,false,Rx,0,8,00,00,00,00,00,00,00,00
38859000,2C6,false,Rx,0,8,F4,01,84,03,00,00,00,00
38870000,60D,false,Rx,0,8,0D,10,DF,23,02,20,70,00
38878000,54,false,Rx,0,8,01,01,FE,FF,FE,FF,00,00
38878000,55,false,Rx,0,8,10,27,00,00,00,00,00,00
38878000,56,false,Rx,0,8,10,27,00,00,00,00,00,00
38889000,57,false,Rx,0,8,00,00,FE,FF,FE,FF,00,00
38927000,625,false,Rx,0,8,25,00,11,43,FD,BB,E4,01
38968000,60D,false,Rx,0,8,0D,10,DF,23,02,20,70,00
39027000,625,false,Rx,0,8,25,00,11,43,FD,BB,E4,01
39059000,2C4,false,Rx,0,8,05,00,00,00,B9,02,00,00
39059000,2C5,false,Rx,0,8,00,00,00,00,00,00,00,00
39059000,2C6,false,Rx,0,8,F4,01,84,03,00,00,00,00
39070000,60D,false,Rx,0,8,0D,10,DF,23,02,20,70,00
39078000,54,false,Rx,0,8,01,01,FE,FF,FE,FF,00,00
39078000,55,false,Rx,0,8,10,27,00,00,00,00,00,00
39078000,56,false,Rx,0,8,10,27,00,00,00,00,00,00
39089000,57,false,Rx,0,8,00,00,FE,FF,FE,FF,00,00
39127000,625,false,Rx,0,8,25,00,11,43,FD,BB,E4,01
39168000,60D,false,Rx,0,8,0D,10,DF,23,02,20,70,00
39227000,625,false,Rx,0,8,25,00,11,43,FD,BB,E4,01
39259000,2C4,false,Rx,0,8,05,00,00,00,BC,02,00,00
39259000,2C5,false,Rx,0,8,00,00,00,00,00,00,00,00
39259000,2C6,false,Rx,0,8,F4,01,84,03,00,00,00,00
39270000,60D,false,Rx,0,8,0D,10,DF,23,02,20,70,00
39278000,54,false,Rx,0,8,01,01,FE,FF,FE,FF,00,00
39278000,55,false,Rx,0,8,10,27,00,00,00,00,00,00
39278000,56,false,Rx,0,8,10,27,00,00,00,00,00,00
39289000,57,false,Rx,0,8,00,00,FE,FF,FE,FF,00,00
39327000,625,false,Rx,0,8,25,00,11,43,FD,BB,E4,01
39368000,60D,false,Rx,0,8,0D,10,DF,23,02,20,70,00
39427000,625,false,Rx,0,8,25,00,11,43,FD,BB,E4,01
39459000,2C4,false,Rx,0,8,05,00,00,00,B9,02,00,00
39459000,2C5,false,Rx,0,8,00,00,00,00,00,00,00,00
39459000,2C6,false,Rx,0,8,F4,01,84,03,00,00,00,00
39470000,60D,false,Rx,0,8,0D,10,DF,23,02,20,70,00
39478000,54,false,Rx,0,8,01,01,FE,FF,FE,FF,00,00
39478000,55,false,Rx,0,8,10,27,00,00,00,00,00,00
39478000,56,false,Rx,0,8,10,27,00,00,00,00,00,00
39489000,57,false,Rx,0,8,00,00,FE,FF,FE,FF,00,00
39527000,625,false,Rx,0,8,25,00,11,43,FD,BB,E4,01
39568000,60D,false,Rx,0,8,0D,10,DF,23,02,20,70,00
39627000,625,false,Rx,0,8,25,00,11,43,FD,BB,E4,01
39659000,2C4,false,Rx,0,8,05,00,00,00,BC,02,00,00
39659000,2C5,false,Rx,0,8,00,00,00,00,00,00,00,00
39659000,2C6,false,Rx,0,8,F4,01,84,03,00,00,00,00
39670000,60D,false,Rx,0,8,0D,10,DF,23,02,20,70,00
39678000,54,false,Rx,0,8,01,01,FE,FF,FE,FF,00,00
39678000,55,false,Rx,0,8,10,27,00,00,00,00,00,00
39679000,56,false,Rx,0,8,10,27,00,00,00,00,00,00
39689000,57,false,Rx,0,8,00,00,FE,FF,FE,FF,00,00
39727000,625,false,Rx,0,8,25,00,11,43,FD,BB,E4,01
39768000,60D,false,Rx,0,8,0D,10,DF,23,02,20,70,00
39827000,625,false,Rx,0,8,25,00,11,43,FD,BB,E4,01
39859000,2C4,false,Rx,0,8,05,00,00,00,BC,02,00,00
39859000,2C5,false,Rx,0,8,00,00,00,00,00,00,00,00
39859000,2C6,false,Rx,0,8,F4,01,84,03,00,00,00,00
39870000,60D,false,Rx,0,8,0D,10,DF,23,02,20,70,00
39878000,54,false,Rx,0,8,01,01,FE,FF,FE,FF,00,00
39878000,55,false,Rx,0,8,10,27,00,00,00,00,00,00
39878000,56,false,Rx,0,8,10,27,00,00,00,00,00,00
39889000,57,false,Rx,0,8,00,00,FE,FF,FE,FF,00,00
39927000,625,false,Rx,0,8,25,00,11,43,FD,BB,E4,01
39968000,60D,false,Rx,0,8,0D,10,DF,23,02,20,70,00
40027000,625,false,Rx,0,8,25,00,11,43,FD,BB,E4,01
40059000,2C4,false,Rx,0,8,05,00,00,00,BC,02,00,00
40059000,2C5,false,Rx,0,8,00,00,00,00,00,00,00,00
40059000,2C6,false,Rx,0,8,F4,01,84,03,00,00,00,00
40070000,60D,false,Rx,0,8,0D,10,DF,23,02,20,70,00
40078000,54,false,Rx,0,8,01,01,FE,FF,FE,FF,00,00
40078000,55,false,Rx,0,8,10,27,00,00,00,00,00,00
40078000,56,false,Rx,0,8,10,27,00,00,00,00,00,00
40089000,57,false,Rx,0,8,00,00,FE,FF,FE,FF,00,00
40127000,625,false,Rx,0,8,25,00,11,43,FD,BB,E4,01
40168000,60D,false,Rx,0,8,0D,10,DF,23,02,20,70,00
40227000,625,false,Rx,0,8,25,00,11,43,FD,BB,E4,01
40259000,2C4,false,Rx,0,8,05,00,00,00,BC,02,00,00
40259000,2C5,false,Rx,0,8,00,00,00,00,00,00,00,00
40259000,2C6,false,Rx,0,8,F4,01,84,03,00,00,00,00
40270000,60D,false,Rx,0,8,0D,10,DF,23,02,20,70,00
40278000,54,false,Rx,0,8,01,01,FE,FF,FE,FF,00,00
40278000,55,false,Rx,0,8,10,27,00,00,00,00,00,00
40278000,56,false,Rx,0,8,10,27,00,00,00,00,00,00
40289000,57,false,Rx,0,8,00,00,FE,FF,FE,FF,00,00
40327000,625,false,Rx,0,8,25,00,11,43,FD,BB,E4,01
40368000,60D,false,Rx,0,8,0D,10,DF,23,02,20,70,00
40427000,625,false,Rx,0,8,25,00,11,43,FD,BB,E4,01
40459000,2C4,false,Rx,0,8,05,00,00,00,BC,02,00,00
40459000,2C5,false,Rx,0,8,00,00,00,00,00,00,00,00
40459000,2C6,false,Rx,0,8,F4,01,84,03,00,00,00,00
40470000,60D,false,Rx,0,8,0D,10,DF,23,02,20,70,00
40478000,54,false,Rx,0,8,01,01,FE,FF,FE,FF,00,00
40478000,55,false,Rx,0,8,10,27,00,00,00,00,00,00
40478000,56,false,Rx,0,8,10,27,00,00,00,00,00,00
40489000,57,false,Rx,0,8,00,00,FE,FF,FE,FF,00,00
40527000,625,false,Rx,0,8,25,00,11,43,FD,BB,E4,01
40568000,60D,false,Rx,0,8,0D,10,DF,23,02,20,70,00
40627000,625,false,Rx,0,8,25,00,11,43,FD,BB,E4,01
40659000,2C4,false,Rx,0,8,05,00,00,00,BC,02,00,00
40659000,2C5,false,Rx,0,8,00,00,00,00,00,00,00,00
40659000,2C6,false,Rx,0,8,F4,01,84,03,00,00,00,00
40670000,60D,false,Rx,0,8,0D,10,DF,23,02,20,70,00
40678000,54,false,Rx,0,8,01,01,FE,FF,FE,FF,00,00
40678000,55,false,Rx,0,8,10,27,00,00,00,00,00,00
40678000,56,false,Rx,0,8,10,27,00,00,00,00,00,00
40689000,57,false,Rx,0,8,00,00,FE,FF,FE,FF,00,00
40727000,625,false,Rx,0,8,25,00,11,43,FD,BB,E4,01
40768000,60D,false,Rx,0,8,0D,10,DF,23,02,20,70,00
40827000,625,false,Rx,0,8,25,00,11,43,FD,BB,E4,01
40859000,2C4,false,Rx,0,8,05,00,00,00,BC,02,00,00
40859000,2C5,false,Rx,0,8,00,00,00,00,00,00,00,00
40859000,2C6,false,Rx,0,8,F4,01,84,03,00,00,00,00
40870000,60D,false,Rx,0,8,0D,10,DF,23,02,20,70,00
40878000,54,false,Rx,0,8,01,01,FE,FF,FE,FF,00,00
40878000,55,false,Rx,0,8,10,27,00,00,00,00,00,00
40878000,56,false,Rx,0,8,10,27,00,00,00,00,00,00
40889000,57,false,Rx,0,8,00,00,FE,FF,FE,FF,00,00
40927000,625,false,Rx,0,8,25,00,11,43,FD,BB,E4,01
40968000,60D,false,Rx,0,8,0D,10,DF,23,02,20,70,00
41027000,625,false,Rx,0,8,25,00,11,43,FD,BB,E4,01
41059000,2C4,false,Rx,0,8,05,00,00,00,B9,02,00,00
41059000,2C5,false,Rx,0,8,00,00,00,00,00,00,00,00
41059000,2C6,false,Rx,0,8,F4,01,84,03,00,00,00,00
41070000,60D,false,Rx,0,8,0D,10,DF,23,02,20,70,00
41078000,54,false,Rx,0,8,01,01,FE,FF,FE,FF,00,00
41078000,55,false,Rx,0,8,10,27,00,00,00,00,00,00
41078000,56,false,Rx,0,8,10,27,00,00,00,00,00,00
41089000,57,false,Rx,0,8,00,00,FE,FF,FE,FF,00,00
41127000,625,false,Rx,0,8,25,00,11,43,FD,BB,E4,01
41168000,60D,false,Rx,0,8,0D,10,DF,23,02,20,70,00
41227000,625,false,Rx,0,8,25,00,11,43,FD,BB,E4,01
41259000,2C4,false,Rx,0,8,05,00,00,00,BC,02,00,00
41259000,2C5,false,Rx,0,8,00,00,00,00,00,00,00,00
41259000,2C6,false,Rx,0,8,F4,01,84,03,00,00,00,00
41270000,60D,false,Rx,0,8,0D,10,DF,23,02,20,70,00
41278000,54,false,Rx,0,8,01,01,FE,FF,FE,FF,00,00
41278000,55,false,Rx,0,8,10,27,00,00,00,00,00,00
41278000,56,false,Rx,0,8,10,27,00,00,00,00,00,00
41289000,57,false,Rx,0,8,00,00,FE,FF,FE,FF,00,00
41327000,625,false,Rx,0,8,25,00,11,43,FD,BB,E4,01
41368000,60D,false,Rx,0,8,0D,10,DF,23,02,20,70,00
41427000,625,false,Rx,0,8,25,00,11,43,FD,BB,E4,01
41459000,2C4,false,Rx,0,8,05,00,00,00,BC,02,00,00
41459000,2C5,false,Rx,0,8,00,00,00,00,00,00,00,00
41459000,2C6,false,Rx,0,8,F4,01,84,03,00,00,00,00
41470000,60D,false,Rx,0,8,0D,10,DF,23,02,20,70,00
41478000,54,false,Rx,0,8,01,01,FE,FF,FE,FF,00,00
41478000,55,false,Rx,0,8,10,27,00,00,00,00,00,00
41478000,56,false,Rx,0,8,10,27,00,00,00,00,00,00
41489000,57,false,Rx,0,8,00,00,FE,FF,FE,FF,00,00
41527000,625,false,Rx,0,8,25,00,11,43,FD,BB,E4,01
41568000,60D,false,Rx,0,8,0D,10,DF,23,02,20,70,00
41627000,625,false,Rx,0,8,25,00,11,43,FD,BB,E4,01
41659000,2C4,false,Rx,0,8,05,00,00,00,BC,02,00,00
41659000,2C5,false,Rx,0,8,00,00,00,00,00,00,00,00
41659000,2C6,false,Rx,0,8,F4,01,84,03,00,00,00,00
41670000,60D,false,Rx,0,8,0D,10,DF,23,02,20,70,00
41678000,54,false,Rx,0,8,01,01,FE,FF,FE,FF,00,00
41678000,55,false,Rx,0,8,10,27,00,00,00,00,00,00
41678000,56,false,Rx,0,8,10,27,00,00,00,00,00,00
41689000,57,false,Rx,0,8,00,00,FE,FF,FE,FF,00,00
41727000,625,false,Rx,0,8,25,00,11,43,FD,BB,E4,01
41768000,60D,false,Rx,0,8,0D,10,DF,23,02,20,70,00
41827000,625,false,Rx,0,8,25,00,11,43,FD,BB,E4,01
41859000,2C4,false,Rx,0,8,05,00,00,00,B9,02,00,00
41859000,2C5,false,Rx,0,8,00,00,00,00,00,00,00,00
41859000,2C6,false,Rx,0,8,F4,01,84,03,00,00,00,00
41870000,60D,false,Rx,0,8,0D,10,DF,23,02,20,70,00
41878000,54,false,Rx,0,8,01,01,FE,FF,FE,FF,00,00
41878000,55,false,Rx,0,8,10,27,00,00,00,00,00,00
41878000,56,false,Rx,0,8,10,27,00,00,00,00,00,00
41889000,57,false,Rx,0,8,00,00,FE,FF,FE,FF,00,00
41927000,625,false,Rx,0,8,25,00,11,43,FD,BB,E4,01
41968000,60D,false,Rx,0,8,0D,10,DF,23,02,20,70,00
42027000,625,false,Rx,0,8,25,00,11,43,FD,BB,E4,01
42059000,2C4,false,Rx,0,8,05,00,00,00,BC,02,00,00
42059000,2C5,false,Rx,0,8,00,00,00,00,00,00,00,00
42059000,2C6,false,Rx,0,8,F4,01,84,03,00,00,00,00
42070000,60D,false,Rx,0,8,0D,10,DF,23,02,20,70,00
42078000,54,false,Rx,0,8,01,01,FE,FF,FE,FF,00,00
42078000,55,false,Rx,0,8,10,27,00,00,00,00,00,00
42078000,56,false,Rx,0,8,10,27,00,00,00,00,00,00
42089000,57,false,Rx,0,8,00,00,FE,FF,FE,FF,00,00
42127000,625,false,Rx,0,8,25,00,11,43,FD,BB,E4,01
42168000,60D,false,Rx,0,8,0D,10,DF,23,02,20,70,00
42227000,625,false,Rx,0,8,25,00,11,43,FD,BB,E4,01
42259000,2C4,false,Rx,0,8,05,00,00,00,BC,02,00,00
42259000,2C5,false,Rx,0,8,00,00,00,00,00,00,00,00
42259000,2C6,false,Rx,0,8,F4,01,84,03,00,00,00,00
42270000,60D,false,Rx,0,8,0D,10,DF,23,02,20,70,00
42278000,54,false,Rx,0,8,01,01,FE,FF,FE,FF,00,00
42278000,55,false,Rx,0,8,10,27,00,00,00,00,00,00
42278000,56,false,Rx,0,8,10,27,00,00,00,00,00,00
42289000,57,false,Rx,0,8,00,00,FE,FF,FE,FF,00,00
42327000,625,false,Rx,0,8,25,00,11,43,FD,BB,E4,01
42368000,60D,false,Rx,0,8,0D,10,DF,23,02,20,70,00
42427000,625,false,Rx,0,8,25,00,11,43,FD,BB,E4,01
42459000,2C4,false,Rx,0,8,05,00,00,00,B9,02,00,00
42459000,2C5,false,Rx,0,8,00,00,00,00,00,00,00,00
42459000,2C6,false,Rx,0,8,F4,01,84,03,00,00,00,00
42470000,60D,false,Rx,0,8,0D,10,DF,23,02,20,70,00
42478000,54,false,Rx,0,8,01,01,FE,FF,FE,FF,00,00
42478000,55,false,Rx,0,8,10,27,00,00,00,00,00,00
42478000,56,false,Rx,0,8,10,27,00,00,00,00,00,00
42489000,57,false,Rx,0,8,00,00,FE,FF,FE,FF,00,00
42527000,625,false,Rx,0,8,25,00,11,43,FD,BB,E4,01
42568000,60D,false,Rx,0,8,0D,10,DF,23,02,20,70,00
42627000,625,false,Rx,0,8,25,00,11,43,FD,BB,E4,01
42659000,2C4,false,Rx,0,8,05,00,00,00,BC,02,00,00
42659000,2C5,false,Rx,0,8,00,00,00,00,00,00,00,00
42659000,2C6,false,Rx,0,8,F4,01,84,03,00,00,00,00
42670000,60D,false,Rx,0,8,0D,10,DF,23,02,20,70,00
42678000,54,false,Rx,0,8,01,01,FE,FF,FE,FF,00,00
42678000,55,false,Rx,0,8,10,27,00,00,00,00,00,00
42678000,56,false,Rx,0,8,10,27,00,00,00,00,00,00
42689000,57,false,Rx,0,8,00,00,FE,FF,FE,FF,00,00
42727000,625,false,Rx,0,8,25,00,11,43,FD,BB,E4,01
42768000,60D,false,Rx,0,8,0D,10,DF,23,02,20,70,00
42827000,625,false,Rx,0,8,25,00,11,43,FD,BB,E4,01
42859000,2C4,false,Rx,0,8,05,00,00,00,BC,02,00,00
42859000,2C5,false,Rx,0,8,00,00,00,00,00,00,00,00
42859000,2C6,false,Rx,0,8,F4,01,84,03,00,00,00,00
42870000,60D,false,Rx,0,8,0D,10,DF,23,02,20,70,00
42878000,54,false,Rx,0,8,01,01,FE,FF,FE,FF,00,00
42878000,55,false,Rx,0,8,10,27,00,00,00,00,00,00
42878000,56,false,Rx,0,8,10,27,00,00,00,00,00,00
42889000,57,false,Rx,0,8,00,00,FE,FF,FE,FF,00,00
42927000,625,false,Rx,0,8,25,00,11,43,FD,BB,E4,01
42968000,60D,false,Rx,0,8,0D,10,DF,23,02,20,70,00
43027000,625,false,Rx,0,8,25,00,11,43,FD,BB,E4,01
43059000,2C4,false,Rx,0,8,05,00,00,00,BC,02,00,00
43059000,2C5,false,Rx,0,8,00,00,00,00,00,00,00,00
43059000,2C6,false,Rx,0,8,F4,01,84,03,00,00,00,00
43070000,60D,false,Rx,0,8,0D,10,DF,23,02,20,70,00
43078000,54,false,Rx,0,8,01,01,FE,FF,FE,FF,00,00
43078000,55,false,Rx,0,8,10,27,00,00,00,00,00,00
43078000,56,false,Rx,0,8,10,27,00,00,00,00,00,00
43089000,57,false,Rx,0,8,00,00,FE,FF,FE,FF,00,00
43127000,625,false,Rx,0,8,25,00,11,43,FD,BB,E4,01
43168000,60D,false,Rx,0,8,0D,10,DF,23,02,20,70,00
43227000,625,false,Rx,0,8,25,00,11,43,FD,BB,E4,01
43259000,2C4,false,Rx,0,8,05,00,00,00,BC,02,00,00
43259000,2C5,false,Rx,0,8,00,00,00,00,00,00,00,00
43259000,2C6,false,Rx,0,8,F4,01,84,03,00,00,00,00
43270000,60D,false,Rx,0,8,0D,10,DF,23,02,20,70,00
43278000,54,false,Rx,0,8,01,01,FE,FF,FE,FF,00,00
43278000,55,false,Rx,0,8,10,27,00,00,00,00,00,00
43278000,56,false,Rx,0,8,10,27,00,00,00,00,00,00
43289000,57,false,Rx,0,8,00,00,FE,FF,FE,FF,00,00
43327000,625,false,Rx,0,8,25,00,11,43,FD,BB,E4,01
43368000,60D,false,Rx,0,8,0D,10,DF,23,02,20,70,00
43427000,625,false,Rx,0,8,25,00,11,43,FD,BB,E4,01
43459000,2C4,false,Rx,0,8,05,00,00,00,BC,02,00,00
43459000,2C5,false,Rx,0,8,00,00,00,00,00,00,00,00
43459000,2C6,false,Rx,0,8,F4,01,84,03,00,00,00,00
43470000,60D,false,Rx,0,8,0D,10,DF,23,02,20,70,00
43478000,54,false,Rx,0,8,01,01,FE,FF,FE,FF,00,00
43478000,55,false,Rx,0,8,10,27,00,00,00,00,00,00
43478000,56,false,Rx,0,8,10,27,00,00,00,00,00,00
43489000,57,false,Rx,0,8,00,00,FE,FF,FE,FF,00,00
43527000,625,false,Rx,0,8,25,00,11,43,FD,BB,E4,01
43568000,60D,false,Rx,0,8,0D,10,DF,23,02,20,70,00
43627000,625,false,Rx,0,8,25,00,11,43,FD,BB,E4,01
43659000,2C4,false,Rx,0,8,05,00,00,00,BC,02,00,00
43659000,2C5,false,Rx,0,8,00,00,00,00,00,00,00,00
43659000,2C6,false,Rx,0,8,F4,01,84,03,00,00,00,00
43670000,60D,false,Rx,0,8,0D,10,DF,23,02,20,70,00
43678000,54,false,Rx,0,8,01,01,FE,FF,FE,FF,00,00
43678000,55,false,Rx,0,8,10,27,00,00,00,00,00,00
43678000,56,false,Rx,0,8,10,27,00,00,00,00,00,00
43689000,57,false,Rx,0,8,00,00,FE,FF,FE,FF,00,00
43727000,625,false,Rx,0,8,25,00,11,43,FD,BB,E4,01
43768000,60D,false,Rx,0,8,0D,10,DF,23,02,20,70,00
43827000,625,false,Rx,0,8,25,00,11,43,FD,BB,E4,01
43859000,2C4,false,Rx,0,8,05,00,00,00,B9,02,00,00
43859000,2C5,false,Rx,0,8,00,00,00,00,00,00,00,00
43859000,2C6,false,Rx,0,8,F4,01,84,03,00,00,00,00
43870000,60D,false,Rx,0,8,0D,10,DF,23,02,20,70,00
43878000,54,false,Rx,0,8,01,01,FE,FF,FE,FF,00,00
43878000,55,false,Rx,0,8,10,27,00,00,00,00,00,00
43878000,56,false,Rx,0,8,10,27,00,00,00,00,00,00
43889000,57,false,Rx,0,8,00,00,FE,FF,FE,FF,00,00
43927000,625,false,Rx,0,8,25,00,11,43,FD,BB,E4,01
43968000,60D,false,Rx,0,8,0D,10,DF,23,02,20,70,00
44026000,625,false,Rx,0,8,25,00,11,43,FD,BB,E4,01
44059000,2C4,false,Rx,0,8,05,00,00,00,BC,02,00,00
44059000,2C5,false,Rx,0,8,00,00,00,00,00,00,00,00
44059000,2C6,false,Rx,0,8,F4,01,84,03,00,00,00,00
44070000,60D,false,Rx,0,8,0D,10,DF,23,02,20,70,00
44078000,54,false,Rx,0,8,01,01,FE,FF,FE,FF,00,00
44078000,55,false,Rx,0,8,10,27,00,00,00,00,00,00
44078000,56,false,Rx,0,8,10,27,00,00,00,00,00,00
44089000,57,false,Rx,0,8,00,00,FE,FF,FE,FF,00,00
44126000,625,false,Rx,0,8,25,00,11,43,FD,BB,E4,01
44168000,60D,false,Rx,0,8,0D,10,DF,23,02,20,70,00
44227000,625,false,Rx,0,8,25,00,11,43,FD,BB,E4,01
44259000,2C4,false,Rx,0,8,05,00,00,00,BC,02,00,00
44259000,2C5,false,Rx,0,8,00,00,00,00,00,00,00,00
44259000,2C6,false,Rx,0,8,F4,01,84,03,00,00,00,00
44270000,60D,false,Rx,0,8,0D,10,DF,23,02,20,70,00
44278000,54,false,Rx,0,8,01,01,FE,FF,FE,FF,00,00
44278000,55,false,Rx,0,8,10,27,00,00,00,00,00,00
44278000,56,false,Rx,0,8,10,27,00,00,00,00,00,00
44289000,57,false,Rx,0,8,00,00,FE,FF,FE,FF,00,00
44326000,625,false,Rx,0,8,25,00,11,43,FD,BB,E4,01
44368000,60D,false,Rx,0,8,0D,10,DF,23,02,20,70,00
44426000,625,false,Rx,0,8,25,00,11,43,FD,BB,E4,01
44459000,2C4,false,Rx,0,8,05,00,00,00,BC,02,00,00
44459000,2C5,false,Rx,0,8,00,00,00,00,00,00,00,00
44459000,2C6,false,Rx,0,8,F4,01,84,03,00,00,00,00
44470000,60D,false,Rx,0,8,0D,10,DF,23,02,20,70,00
44478000,54,false,Rx,0,8,01,01,FE,FF,FE,FF,00,00
44478000,55,false,Rx,0,8,10,27,00,00,00,00,00,00
44478000,56,false,Rx,0,8,10,27,00,00,00,00,00,00
44489000,57,false,Rx,0,8,00,00,FE,FF,FE,FF,00,00
44526000,625,false,Rx,0,8,25,00,11,43,FD,BB,E4,01
44568000,60D,false,Rx,0,8,0D,10,DF,23,02,20,70,00
44626000,625,false,Rx,0,8,25,00,11,43,FD,BB,E4,01
44659000,2C4,false,Rx,0,8,05,00,00,00,BC,02,00,00
44659000,2C5,false,Rx,0,8,00,00,00,00,00,00,00,00
44659000,2C6,false,Rx,0,8,F4,01,84,03,00,00,00,00
44669000,60D,false,Rx,0,8,0D,10,DF,23,02,20,70,00
44678000,54,false,Rx,0,8,01,01,FE,FF,FE,FF,00,00
44678000,55,false,Rx,0,8,10,27,00,00,00,00,00,00
44679000,56,false,Rx,0,8,10,27,00,00,00,00,00,00
44689000,57,false,Rx,0,8,00,00,FE,FF,FE,FF,00,00
44726000,625,false,Rx,0,8,25,00,11,43,FD,BB,E4,01
44768000,60D,false,Rx,0,8,0D,10,DF,23,02,20,70,00
44826000,625,false,Rx,0,8,25,00,11,43,FD,BB,E4,01
44859000,2C4,false,Rx,0,8,05,00,00,00,BC,02,00,00
44859000,2C5,false,Rx,0,8,00,00,00,00,00,00,00,00
44859000,2C6,false,Rx,0,8,F4,01,84,03,00,00,00,00
44870000,60D,false,Rx,0,8,0D,10,DF,23,02,20,70,00
44878000,54,false,Rx,0,8,01,01,FE,FF,FE,FF,00,00
44878000,55,false,Rx,0,8,10,27,00,00,00,00,00,00
44878000,56,false,Rx,0,8,10,27,00,00,00,00,00,00
44889000,57,false,Rx,0,8,00,00,FE,FF,FE,FF,00,00
44926000,625,false,Rx,0,8,25,00,11,43,FD,BB,E4,01
44968000,60D,false,Rx,0,8,0D,10,DF,23,02,20,70,00
45026000,625,false,Rx,0,8,25,00,11,43,FD,BB,E4,01
45059000,2C4,false,Rx,0,8,05,00,00,00,BC,02,00,00
45059000,2C5,false,Rx,0,8,00,00,00,00,00,00,00,00
45059000,2C6,false,Rx,0,8,F4,01,84,03,00,00,00,00
45069000,60D,false,Rx,0,8,0D,10,DF,23,02,20,70,00
45078000,54,false,Rx,0,8,01,01,FE,FF,FE,FF,00,00
45078000,55,false,Rx,0,8,10,27,00,00,00,00,00,00
45078000,56,false,Rx,0,8,10,27,00,00,00,00,00,00
45089000,57,false,Rx,0,8,00,00,FE,FF,FE,FF,00,00
45126000,625,false,Rx,0,8,25,00,11,43,FD,BB,E4,01
45168000,60D,false,Rx,0,8,0D,10,DF,23,02,20,70,00
45226000,625,false,Rx,0,8,25,00,11,43,FD,BB,E4,01
45259000,2C4,false,Rx,0,8,05,00,00,00,BC,02,00,00
45259000,2C5,false,Rx,0,8,00,00,00,00,00,00,00,00
45259000,2C6,false,Rx,0,8,F4,01,84,03,00,00,00,00
45269000,60D,false,Rx,0,8,0D,10,DF,23,02,20,70,00
45278000,54,false,Rx,0,8,01,01,FE,FF,FE,FF,00,00
45278000,55,false,Rx,0,8,10,27,00,00,00,00,00,00
45278000,56,false,Rx,0,8,10,27,00,00,00,00,00,00
45289000,57,false,Rx,0,8,00,00,FE,FF,FE,FF,00,00
45326000,625,false,Rx,0,8,25,00,11,43,FD,BB,E4,01
45368000,60D,false,Rx,0,8,0D,10,DF,23,02,20,70,00
45426000,625,false,Rx,0,8,25,00,11,43,FD,BB,E4,01
45459000,2C4,false,Rx,0,8,05,00,00,00,BC,02,00,00
45459000,2C5,false,Rx,0,8,00,00,00,00,00,00,00,00
45459000,2C6,false,Rx,0,8,F4,01,84,03,00,00,00,00
45469000,60D,false,Rx,0,8,0D,10,DF,23,02,20,70,00
45478000,54,false,Rx,0,8,01,01,FE,FF,FE,FF,00,00
45478000,55,false,Rx,0,8,10,27,00,00,00,00,00,00
45478000,56,false,Rx,0,8,10,27,00,00,00,00,00,00
45489000,57,false,Rx,0,8,00,00,FE,FF,FE,FF,00,00
45526000,625,false,Rx,0,8,25,00,11,43,FD,BB,E4,01
45568000,60D,false,Rx,0,8,0D,10,DF,23,02,20,70,00
45626000,625,false,Rx,0,8,25,00,11,43,FD,BB,E4,01
45659000,2C4,false,Rx,0,8,05,00,00,00,BC,02,00,00
45659000,2C5,false,Rx,0,8,00,00,00,00,00,00,00,00
45659000,2C6,false,Rx,0,8,F4,01,84,03,00,00,00,00
45669000,60D,false,Rx,0,8,0D,10,DF,23,02,20,70,00
45678000,54,false,Rx,0,8,01,01,FE,FF,FE,FF,00,00
45678000,55,false,Rx,0,8,10,27,00,00,00,00,00,00
45678000,56,false,Rx,0,8,10,27,00,00,00,00,00,00
45689000,57,false,Rx,0,8,00,00,FE,FF,FE,FF,00,00
45726000,625,false,Rx,0,8,25,00,11,43,FD,BB,E4,01
45768000,60D,false,Rx,0,8,0D,10,DF,23,02,20,70,00
45826000,625,false,Rx,0,8,25,00,11,43,FD,BB,E4,01
45859000,2C4,false,Rx,0,8,05,00,00,00,BC,02,00,00
45859000,2C5,false,Rx,0,8,00,00,00,00,00,00,00,00
45859000,2C6,false,Rx,0,8,F4,01,84,03,00,00,00,00
45869000,60D,false,Rx,0,8,0D,10,DF,23,02,20,70,00
45878000,54,false,Rx,0,8,01,01,FE,FF,FE,FF,00,00
45878000,55,false,Rx,0,8,10,27,00,00,00,00,00,00
45878000,56,false,Rx,0,8,10,27,00,00,00,00,00,00
45889000,57,false,Rx,0,8,00,00,FE,FF,FE,FF,00,00
45926000,625,false,Rx,0,8,25,00,11,43,FD,BB,E4,01
45968000,60D,false,Rx,0,8,0D,10,DF,23,02,20,70,00
46026000,625,false,Rx,0,8,25,00,11,43,FD,BB,E4,01
46059000,2C4,false,Rx,0,8,05,00,00,00,BC,02,00,00
46059000,2C5,false,Rx,0,8,00,00,00,00,00,00,00,00
46059000,2C6,false,Rx,0,8,F4,01,84,03,00,00,00,00
46069000,60D,false,Rx,0,8,0D,10,DF,23,02,20,70,00
46078000,54,false,Rx,0,8,01,01,FE,FF,FE,FF,00,00
46078000,55,false,Rx,0,8,10,27,00,00,00,00,00,00
46078000,56,false,Rx,0,8,10,27,00,00,00,00,00,00
46089000,57,false,Rx,0,8,00,00,FE,FF,FE,FF,00,00
46126000,625,false,Rx,0,8,25,00,11,43,FD,BB,E4,01
46168000,60D,false,Rx,0,8,0D,10,DF,23,02,20,70,00
46226000,625,false,Rx,0,8,25,00,11,43,FD,BB,E4,01
46259000,2C4,false,Rx,0,8,05,00,00,00,BC,02,00,00
46259000,2C5,false,Rx,0,8,00,00,00,00,00,00,00,00
46259000,2C6,false,Rx,0,8,F4,01,84,03,00,00,00,00
46269000,60D,false,Rx,0,8,0D,10,DF,23,02,20,70,00
46278000,54,false,Rx,0,8,01,01,FE,FF,FE,FF,00,00
46278000,55,false,Rx,0,8,10,27,00,00,00,00,00,00
46278000,56,false,Rx,0,8,10,27,00,00,00,00,00,00
46289000,57,false,Rx,0,8,00,00,FE,FF,FE,FF,00,00
46326000,625,false,Rx,0,8,25,00,11,43,FD,BB,E4,01
46368000,60D,false,Rx,0,8,0D,10,DF,23,02,20,70,00
46426000,625,false,Rx,0,8,25,00,11,43,FD,BB,E4,01
46459000,2C4,false,Rx,0,8,05,00,00,00,BC,02,00,00
46459000,2C5,false,Rx,0,8,00,00,00,00,00,00,00,00
46459000,2C6,false,Rx,0,8,F4,01,84,03,00,00,00,00
46469000,60D,false,Rx,0,8,0D,10,DF,23,02,20,70,00
46478000,54,false,Rx,0,8,01,01,FE,FF,FE,FF,00,00
46478000,55,false,Rx,0,8,10,27,00,00,00,00,00,00
46478000,56,false,Rx,0,8,10,27,00,00,00,00,00,00
46489000,57,false,Rx,0,8,00,00,FE,FF,FE,FF,00,00
46526000,625,false,Rx,0,8,25,00,11,43,FD,BB,E4,01
46568000,60D,false,Rx,0,8,0D,10,DF,23,02,20,70,00
46626000,625,false,Rx,0,8,25,00,11,43,FD,BB,E4,01
46658000,2C4,false,Rx,0,8,05,00,00,00,BC,02,00,00
46659000,2C5,false,Rx,0,8,00,00,00,00,00,00,00,00
46659000,2C6,false,Rx,0,8,F4,01,84,03,00,00,00,00
46669000,60D,false,Rx,0,8,0D,10,DF,23,02,20,70,00
46678000,54,false,Rx,0,8,01,01,FE,FF,FE,FF,00,00
46678000,55,false,Rx,0,8,10,27,00,00,00,00,00,00
46678000,56,false,Rx,0,8,10,27,00,00,00,00,00,00
46689000,57,false,Rx,0,8,00,00,FE,FF,FE,FF,00,00
46726000,625,false,Rx,0,8,25,00,11,43,FD,BB,E4,01
46768000,60D,false,Rx,0,8,0D,10,DF,23,02,20,70,00
46826000,625,false,Rx,0,8,25,00,11,43,FD,BB,E4,01
46858000,2C4,false,Rx,0,8,05,00,00,00,BC,02,00,00
46859000,2C5,false,Rx,0,8,00,00,00,00,00,00,00,00
46859000,2C6,false,Rx,0,8,F4,01,84,03,00,00,00,00
46869000,60D,false,Rx,0,8,0D,10,DF,23,02,20,70,00
46878000,54,false,Rx,0,8,01,01,FE,FF,FE,FF,00,00
46878000,55,false,Rx,0,8,10,27,00,00,00,00,00,00
46878000,56,false,Rx,0,8,10,27,00,00,00,00,00,00
46889000,57,false,Rx,0,8,00,00,FE,FF,FE,FF,00,00
46926000,625,false,Rx,0,8,25,00,11,43,FD,BB,E4,01
46968000,60D,false,Rx,0,8,0D,10,DF,23,02,20,70,00
47026000,625,false,Rx,0,8,25,00,11,43,FD,BB,E4,01
47058000,2C4,false,Rx,0,8,05,00,00,00,BC,02,00,00
47059000,2C5,false,Rx,0,8,00,00,00,00,00,00,00,00
47059000,2C6,false,Rx,0,8,F4,01,84,03,00,00,00,00
47069000,60D,false,Rx,0,8,0D,10,DF,23,02,20,70,00
47078000,54,false,Rx,0,8,01,01,FE,FF,FE,FF,00,00
47078000,55,false,Rx,0,8,10,27,00,00,00,00,00,00
47078000,56,false,Rx,0,8,10,27,00,00,00,00,00,00
47089000,57,false,Rx,0,8,00,00,FE,FF,FE,FF,00,00
47126000,625,false,Rx,0,8,25,00,11,43,FD,BB,E4,01
47168000,60D,false,Rx,0,8,0D,10,DF,23,02,20,70,00
47226000,625,false,Rx,0,8,25,00,11,43,FD,BB,E4,01
47258000,2C4,false,Rx,0,8,05,00,00,00,BC,02,00,00
47259000,2C5,false,Rx,0,8,00,00,00,00,00,00,00,00
47259000,2C6,false,Rx,0,8,F4,01,84,03,00,00,00,00
47269000,60D,false,Rx,0,8,0D,10,DF,23,02,20,70,00
47278000,54,false,Rx,0,8,01,01,FE,FF,FE,FF,00,00
47278000,55,false,Rx,0,8,10,27,00,00,00,00,00,00
47278000,56,false,Rx,0,8,10,27,00,00,00,00,00,00
47289000,57,false,Rx,0,8,00,00,FE,FF,FE,FF,00,00
47326000,625,false,Rx,0,8,25,00,11,43,FD,BB,E4,01
47368000,60D,false,Rx,0,8,0D,10,DF,23,02,20,70,00
47426000,625,false,Rx,0,8,25,00,11,43,FD,BB,E4,01
47458000,2C4,false,Rx,0,8,05,00,00,00,BC,02,00,00
47459000,2C5,false,Rx,0,8,00,00,00,00,00,00,00,00
47459000,2C6,false,Rx,0,8,F4,01,84,03,00,00,00,00
47469000,60D,false,Rx,0,8,0D,10,DF,23,02,20,70,00
47478000,54,false,Rx,0,8,01,01,FE,FF,FE,FF,00,00
47478000,55,false,Rx,0,8,10,27,00,00,00,00,00,00
47478000,56,false,Rx,0,8,10,27,00,00,00,00,00,00
47489000,57,false,Rx,0,8,00,00,FE,FF,FE,FF,00,00
47526000,625,false,Rx,0,8,25,00,11,43,FD,BB,E4,01
47568000,60D,false,Rx,0,8,0D,10,DF,23,02,20,70,00
47626000,625,false,Rx,0,8,25,00,11,43,FD,BB,E4,01
47658000,2C4,false,Rx,0,8,05,00,00,00,BC,02,00,00
47659000,2C5,false,Rx,0,8,00,00,00,00,00,00,00,00
47659000,2C6,false,Rx,0,8,F4,01,84,03,00,00,00,00
47669000,60D,false,Rx,0,8,0D,10,DF,23,02,20,70,00
47678000,54,false,Rx,0,8,01,01,FE,FF,FE,FF,00,00
47678000,55,false,Rx,0,8,10,27,00,00,00,00,00,00
47678000,56,false,Rx,0,8,10,27,00,00,00,00,00,00
47689000,57,false,Rx,0,8,00,00,FE,FF,FE,FF,00,00
47726000,625,false,Rx,0,8,25,00,11,43,FD,BB,E4,01
47768000,60D,false,Rx,0,8,0D,10,DF,23,02,20,70,00
47826000,625,false,Rx,0,8,25,00,11,43,FD,BB,E4,01
47858000,2C4,false,Rx,0,8,05,00,00,00,BC,02,00,00
47859000,2C5,false,Rx,0,8,00,00,00,00,00,00,00,00
47859000,2C6,false,Rx,0,8,F4,01,84,03,00,00,00,00
47869000,60D,false,Rx,0,8,0D,10,DF,23,02,20,70,00
47878000,54,false,Rx,0,8,01,01,FE,FF,FE,FF,00,00
47878000,55,false,Rx,0,8,10,27,00,00,00,00,00,00
47878000,56,false,Rx,0,8,10,27,00,00,00,00,00,00
47889000,57,false,Rx,0,8,00,00,FE,FF,FE,FF,00,00
47926000,625,false,Rx,0,8,25,00,11,43,FD,BB,E4,01
47968000,60D,false,Rx,0,8,0D,10,DF,23,02,20,70,00
48026000,625,false,Rx,0,8,25,00,11,43,FD,BB,E4,01
48058000,2C4,false,Rx,0,8,05,00,00,00,BC,02,00,00
48059000,2C5,false,Rx,0,8,00,00,00,00,00,00,00,00
48059000,2C6,false,Rx,0,8,F4,01,84,03,00,00,00,00
48069000,60D,false,Rx,0,8,0D,10,DF,23,02,20,70,00
48078000,54,false,Rx,0,8,01,01,FE,FF,FE,FF,00,00
48078000,55,false,Rx,0,8,10,27,00,00,00,00,00,00
48078000,56,false,Rx,0,8,10,27,00,00,00,00,00,00
48089000,57,false,Rx,0,8,00,00,FE,FF,FE,FF,00,00
48126000,625,false,Rx,0,8,25,00,11,43,FD,BB,E4,01
48168000,60D,false,Rx,0,8,0D,10,DF,23,02,20,70,00
48226000,625,false,Rx,0,8,25,00,11,43,FD,BB,E4,01
48258000,2C4,false,Rx,0,8,05,00,00,00,BC,02,00,00
48259000,2C5,false,Rx,0,8,00,00,00,00,00,00,00,00
48259000,2C6,false,Rx,0,8,F4,01,84,03,00,00,00,00
48269000,60D,false,Rx,0,8,0D,10,DF,23,02,20,70,00
48278000,54,false,Rx,0,8,01,01,FE,FF,FE,FF,00,00
48278000,55,false,Rx,0,8,10,27,00,00,00,00,00,00
48278000,56,false,Rx,0,8,10,27,00,00,00,00,00,00
48289000,57,false,Rx,0,8,00,00,FE,FF,FE,FF,00,00
48326000,625,false,Rx,0,8,25,00,11,43,FD,BB,E4,01
48368000,60D,false,Rx,0,8,0D,10,DF,23,02,20,70,00
48426000,625,false,Rx,0,8,25,00,11,43,FD,BB,E4,01
48458000,2C4,false,Rx,0,8,05,00,00,00,BC,02,00,00
48459000,2C5,false,Rx,0,8,00,00,00,00,00,00,00,00
48459000,2C6,false,Rx,0,8,F4,01,84,03,00,00,00,00
48469000,60D,false,Rx,0,8,0D,10,DF,23,02,20,70,00
48478000,54,false,Rx,0,8,01,01,FE,FF,FE,FF,00,00
48478000,55,false,Rx,0,8,10,27,00,00,00,00,00,00
48478000,56,false,Rx,0,8,10,27,00,00,00,00,00,00
48489000,57,false,Rx,0,8,00,00,FE,FF,FE,FF,00,00
48526000,625,false,Rx,0,8,25,00,11,43,FD,BB,E4,01
48568000,60D,false,Rx,0,8,0D,10,DF,23,02,20,70,00
48626000,625,false,Rx,0,8,25,00,11,43,FD,BB,E4,01
48658000,2C4,false,Rx,0,8,05,00,00,00,BC,02,00,00
48659000,2C5,false,Rx,0,8,00,00,00,00,00,00,00,00
48659000,2C6,false,Rx,0,8,F4,01,84,03,00,00,00,00
48669000,60D,false,Rx,0,8,0D,10,DF,23,02,20,70,00
48678000,54,false,Rx,0,8,01,01,FE,FF,FE,FF,00,00
48678000,55,false,Rx,0,8,10,27,00,00,00,00,00,00
48678000,56,false,Rx,0,8,10,27,00,00,00,00,00,00
48689000,57,false,Rx,0,8,00,00,FE,FF,FE,FF,00,00
48726000,625,false,Rx,0,8,25,00,11,43,FD,BB,E4,01
48768000,60D,false,Rx,0,8,0D,10,DF,23,02,20,70,00
48826000,625,false,Rx,0,8,25,00,11,43,FD,BB,E4,01
48858000,2C4,false,Rx,0,8,05,00,00,00,BC,02,00,00
48859000,2C5,false,Rx,0,8,00,00,00,00,00,00,00,00
48859000,2C6,false,Rx,0,8,F4,01,84,03,00,00,00,00
48869000,60D,false,Rx,0,8,0D,10,DF,23,02,20,70,00
48878000,54,false,Rx,0,8,01,01,FE,FF,FE,FF,00,00
48878000,55,false,Rx,0,8,10,27,00,00,00,00,00,00
48878000,56,false,Rx,0,8,10,27,00,00,00,00,00,00
48889000,57,false,Rx,0,8,00,00,FE,FF,FE,FF,00,00
48926000,625,false,Rx,0,8,25,00,11,43,FD,BB,E4,01
48968000,60D,false,Rx,0,8,0D,10,DF,23,02,20,70,00
49026000,625,false,Rx,0,8,25,00,11,43,FD,BB,E4,01
49058000,2C4,false,Rx,0,8,05,00,00,00,BC,02,00,00
49059000,2C5,false,Rx,0,8,00,00,00,00,00,00,00,00
49059000,2C6,false,Rx,0,8,F4,01,84,03,00,00,00,00
49069000,60D,false,Rx,0,8,0D,10,DF,23,02,20,70,00
49078000,54,false,Rx,0,8,01,01,FE,FF,FE,FF,00,00
49078000,55,false,Rx,0,8,10,27,00,00,00,00,00,00
49078000,56,false,Rx,0,8,10,27,00,00,00,00,00,00
49089000,57,false,Rx,0,8,00,00,FE,FF,FE,FF,00,00
49126000,625,false,Rx,0,8,25,00,11,43,FD,BB,E4,01
49168000,60D,false,Rx,0,8,0D,10,DF,23,02,20,70,00
49226000,625,false,Rx,0,8,25,00,11,43,FD,BB,E4,01
49258000,2C4,false,Rx,0,8,05,00,00,00,BC,02,00,00
49259000,2C5,false,Rx,0,8,00,00,00,00,00,00,00,00
49259000,2C6,false,Rx,0,8,F4,01,84,03,00,00,00,00
49269000,60D,false,Rx,0,8,0D,10,DF,23,02,20,70,00
49278000,54,false,Rx,0,8,01,01,FE,FF,FE,FF,00,00
49278000,55,false,Rx,0,8,10,27,00,00,00,00,00,00
49278000,56,false,Rx,0,8,10,27,00,00,00,00,00,00
49289000,57,false,Rx,0,8,00,00,FE,FF,FE,FF,00,00
49326000,625,false,Rx,0,8,25,00,11,43,FD,BB,E4,01
49368000,60D,false,Rx,0,8,0D,10,DF,23,02,20,70,00
49426000,625,false,Rx,0,8,25,00,11,43,FD,BB,E4,01
49458000,2C4,false,Rx,0,8,05,00,00,00,BC,02,00,00
49459000,2C5,false,Rx,0,8,00,00,00,00,00,00,00,00
49459000,2C6,false,Rx,0,8,F4,01,84,03,00,00,00,00
49469000,60D,false,Rx,0,8,0D,10,DF,23,02,20,70,00
49478000,54,false,Rx,0,8,01,01,FE,FF,FE,FF,00,00
49478000,55,false,Rx,0,8,10,27,00,00,00,00,00,00
49478000,56,false,Rx,0,8,10,27,00,00,00,00,00,00
49489000,57,false,Rx,0,8,00,00,FE,FF,FE,FF,00,00
49526000,625,false,Rx,0,8,25,00,11,43,FD,BB,E4,01
49568000,60D,false,Rx,0,8,0D,10,DF,23,02,20,70,00
49626000,625,false,Rx,0,8,25,00,11,43,FD,BB,E4,01
49658000,2C4,false,Rx,0,8,05,00,00,00,BC,02,00,00
49659000,2C5,false,Rx,0,8,00,00,00,00,00,00,00,00
49659000,2C6,false,Rx,0,8,F4,01,84,03,00,00,00,00
49669000,60D,false,Rx,0,8,0D,10,DF,23,02,20,70,00
49678000,54,false,Rx,0,8,01,01,FE,FF,FE,FF,00,00
49678000,55,false,Rx,0,8,10,27,00,00,00,00,00,00
49678000,56,false,Rx,0,8,10,27,00,00,00,00,00,00
49689000,57,false,Rx,0,8,00,00,FE,FF,FE,FF,00,00
49726000,625,false,Rx,0,8,25,00,11,43,FD,BB,E4,01
49768000,60D,false,Rx,0,8,0D,10,DF,23,02,20,70,00
49826000,625,false,Rx,0,8,25,00,11,43,FD,BB,E4,01
49858000,2C4,false,Rx,0,8,05,00,00,00,BC,02,00,00
49859000,2C5,false,Rx,0,8,00,00,00,00,00,00,00,00
49859000,2C6,false,Rx,0,8,F4,01,84,03,00,00,00,00
49869000,60D,false,Rx,0,8,0D,10,DF,23,02,20,70,00
49878000,54,false,Rx,0,8,01,01,FE,FF,FE,FF,00,00
49878000,55,false,Rx,0,8,10,27,00,00,00,00,00,00
49878000,56,false,Rx,0,8,10,27,00,00,00,00,00,00
49889000,57,false,Rx,0,8,00,00,FE,FF,FE,FF,00,00
49926000,625,false,Rx,0,8,25,00,11,43,FD,BB,E4,01
49969000,60D,false,Rx,0,8,0D,10,DF,23,02,20,70,00
50026000,625,false,Rx,0,8,25,00,11,43,FD,BB,E4,01
50058000,2C4,false,Rx,0,8,05,00,00,00,BC,02,00,00
50059000,2C5,false,Rx,0,8,00,00,00,00,00,00,00,00
50059000,2C6,false,Rx,0,8,F4,01,84,03,00,00,00,00
50069000,60D,false,Rx,0,8,0D,10,DF,23,02,20,70,00
50078000,54,false,Rx,0,8,01,01,FE,FF,FE,FF,00,00
50078000,55,false,Rx,0,8,10,27,00,00,00,00,00,00
50078000,56,false,Rx,0,8,10,27,00,00,00,00,00,00
50089000,57,false,Rx,0,8,00,00,FE,FF,FE,FF,00,00
50126000,625,false,Rx,0,8,25,00,11,43,FD,BB,E4,01
50168000,60D,false,Rx,0,8,0D,10,DF,23,02,20,70,00
50226000,625,false,Rx,0,8,25,00,11,43,FD,BB,E4,01
50258000,2C4,false,Rx,0,8,05,00,00,00,BC,02,00,00
50259000,2C5,false,Rx,0,8,00,00,00,00,00,00,00,00
50259000,2C6,false,Rx,0,8,F4,01,84,03,00,00,00,00
50269000,60D,false,Rx,0,8,0D,10,DF,23,02,20,70,00
50278000,54,false,Rx,0,8,01,01,FE,FF,FE,FF,00,00
50278000,55,false,Rx,0,8,10,27,00,00,00,00,00,00
50278000,56,false,Rx,0,8,10,27,00,00,00,00,00,00
50289000,57,false,Rx,0,8,00,00,FE,FF,FE,FF,00,00
50326000,625,false,Rx,0,8,25,00,11,43,FD,BB,E4,01
50368000,60D,false,Rx,0,8,0D,10,DF,23,02,20,70,00
50426000,625,false,Rx,0,8,25,00,11,43,FD,BB,E4,01
50458000,2C4,false,Rx,0,8,05,00,00,00,BC,02,00,00
50459000,2C5,false,Rx,0,8,00,00,00,00,00,00,00,00
50459000,2C6,false,Rx,0,8,F4,01,84,03,00,00,00,00
50469000,60D,false,Rx,0,8,0D,10,DF,23,02,20,70,00
50478000,54,false,Rx,0,8,01,01,FE,FF,FE,FF,00,00
50478000,55,false,Rx,0,8,10,27,00,00,00,00,00,00
50478000,56,false,Rx,0,8,10,27,00,00,00,00,00,00
50489000,57,false,Rx,0,8,00,00,FE,FF,FE,FF,00,00
50526000,625,false,Rx,0,8,25,00,11,43,FD,BB,E4,01
50568000,60D,false,Rx,0,8,0D,10,DF,23,02,20,70,00
50626000,625,false,Rx,0,8,25,00,11,43,FD,BB,E4,01
50658000,2C4,false,Rx,0,8,05,00,00,00,BC,02,00,00
50659000,2C5,false,Rx,0,8,00,00,00,00,00,00,00,00
50659000,2C6,false,Rx,0,8,F4,01,84,03,00,00,00,00
50669000,60D,false,Rx,0,8,0D,10,DF,23,02,20,70,00
50678000,54,false,Rx,0,8,01,01,FE,FF,FE,FF,00,00
50678000,55,false,Rx,0,8,10,27,00,00,00,00,00,00
50678000,56,false,Rx,0,8,10,27,00,00,00,00,00,00
50689000,57,false,Rx,0,8,00,00,FE,FF,FE,FF,00,00
50726000,625,false,Rx,0,8,25,00,11,43,FD,BB,E4,01
50768000,60D,false,Rx,0,8,0D,10,DF,23,02,20,70,00
50826000,625,false,Rx,0,8,25,00,11,43,FD,BB,E4,01
50858000,2C4,false,Rx,0,8,05,00,00,00,BC,02,00,00
50859000,2C5,false,Rx,0,8,00,00,00,00,00,00,00,00
50859000,2C6,false,Rx,0,8,F4,01,84,03,00,00,00,00
50869000,60D,false,Rx,0,8,0D,10,DF,23,02,20,70,00
50878000,54,false,Rx,0,8,01,01,FE,FF,FE,FF,00,00
50878000,55,false,Rx,0,8,10,27,00,00,00,00,00,00
50878000,56,false,Rx,0,8,10,27,00,00,00,00,00,00
50889000,57,false,Rx,0,8,00,00,FE,FF,FE,FF,00,00
50926000,625,false,Rx,0,8,25,00,11,43,FD,BB,E4,01
50968000,60D,false,Rx,0,8,0D,10,DF,23,02,20,70,00
51026000,625,false,Rx,0,8,25,00,11,43,FD,BB,E4,01
51058000,2C4,false,Rx,0,8,05,00,00,00,BC,02,00,00
51059000,2C5,false,Rx,0,8,00,00,00,00,00,00,00,00
51059000,2C6,false,Rx,0,8,F4,01,84,03,00,00,00,00
51069000,60D,false,Rx,0,8,0D,10,DF,23,02,20,70,00
51078000,54,false,Rx,0,8,01,01,FE,FF,FE,FF,00,00
51078000,55,false,Rx,0,8,10,27,00,00,00,00,00,00
51078000,56,false,Rx,0,8,10,27,00,00,00,00,00,00
51089000,57,false,Rx,0,8,00,00,FE,FF,FE,FF,00,00
51126000,625,false,Rx,0,8,25,00,11,43,FD,BB,E4,01
51168000,60D,false,Rx,0,8,0D,10,DF,23,02,20,70,00
51226000,625,false,Rx,0,8,25,00,11,43,FD,BB,E4,01
51258000,2C4,false,Rx,0,8,05,00,00,00,BC,02,00,00
51259000,2C5,false,Rx,0,8,00,00,00,00,00,00,00,00
51259000,2C6,false,Rx,0,8,F4,01,84,03,00,00,00,00
51269000,60D,false,Rx,0,8,0D,10,DF,23,02,20,70,00
51278000,54,false,Rx,0,8,01,01,FE,FF,FE,FF,00,00
51278000,55,false,Rx,0,8,10,27,00,00,00,00,00,00
51278000,56,false,Rx,0,8,10,27,00,00,00,00,00,00
51289000,57,false,Rx,0,8,00,00,FE,FF,FE,FF,00,00
51326000,625,false,Rx,0,8,25,00,11,43,FD,BB,E4,01
51368000,60D,false,Rx,0,8,0D,10,DF,23,02,20,70,00
51426000,625,false,Rx,0,8,25,00,11,43,FD,BB,E4,01
51458000,2C4,false,Rx,0,8,05,00,00,00,BC,02,00,00
51459000,2C5,false,Rx,0,8,00,00,00,00,00,00,00,00
51459000,2C6,false,Rx,0,8,F4,01,84,03,00,00,00,00
51469000,60D,false,Rx,0,8,0D,10,DF,23,02,20,70,00
51478000,54,false,Rx,0,8,01,01,FE,FF,FE,FF,00,00
51478000,55,false,Rx,0,8,10,27,00,00,00,00,00,00
51478000,56,false,Rx,0,8,10,27,00,00,00,00,00,00
51489000,57,false,Rx,0,8,00,00,FE,FF,FE,FF,00,00
51526000,625,false,Rx,0,8,25,00,11,43,FD,BB,E4,01
51568000,60D,false,Rx,0,8,0D,10,DF,23,02,20,70,00
51626000,625,false,Rx,0,8,25,00,11,43,FD,BB,E4,01
51658000,2C4,false,Rx,0,8,05,00,00,00,BC,02,00,00
51658000,2C5,false,Rx,0,8,00,00,00,00,00,00,00,00
51659000,2C6,false,Rx,0,8,F4,01,84,03,00,00,00,00
51669000,60D,false,Rx,0,8,0D,10,DF,23,02,20,70,00
51678000,54,false,Rx,0,8,01,01,FE,FF,FE,FF,00,00
51678000,55,false,Rx,0,8,10,27,00,00,00,00,00,00
51678000,56,false,Rx,0,8,10,27,00,00,00,00,00,00
51689000,57,false,Rx,0,8,00,00,FE,FF,FE,FF,00,00
51726000,625,false,Rx,0,8,25,00,11,43,FD,BB,E4,01
51768000,60D,false,Rx,0,8,0D,10,DF,23,02,20,70,00
51826000,625,false,Rx,0,8,25,00,11,43,FD,BB,E4,01
51858000,2C4,false,Rx,0,8,05,00,00,00,BC,02,00,00
51858000,2C5,false,Rx,0,8,00,00,00,00,00,00,00,00
51859000,2C6,false,Rx,0,8,F4,01,84,03,00,00,00,00
51869000,60D,false,Rx,0,8,0D,10,DF,23,02,20,70,00
51878000,54,false,Rx,0,8,01,01,FE,FF,FE,FF,00,00
51878000,55,false,Rx,0,8,10,27,00,00,00,00,00,00
51878000,56,false,Rx,0,8,10,27,00,00,00,00,00,00
51889000,57,false,Rx,0,8,00,00,FE,FF,FE,FF,00,00
51926000,625,false,Rx,0,8,25,00,11,43,FD,BB,E4,01
51968000,60D,false,Rx,0,8,0D,10,DF,23,02,20,70,00
52026000,625,false,Rx,0,8,25,00,11,43,FD,BB,E4,01
52058000,2C4,false,Rx,0,8,05,00,00,00,BC,02,00,00
52058000,2C5,false,Rx,0,8,00,00,00,00,00,00,00,00
52059000,2C6,false,Rx,0,8,F4,01,84,03,00,00,00,00
52069000,60D,false,Rx,0,8,0D,10,DF,23,02,20,70,00
52078000,54,false,Rx,0,8,01,01,FE,FF,FE,FF,00,00
52078000,55,false,Rx,0,8,10,27,00,00,00,00,00,00
52078000,56,false,Rx,0,8,10,27,00,00,00,00,00,00
52089000,57,false,Rx,0,8,00,00,FE,FF,FE,FF,00,00
52126000,625,false,Rx,0,8,25,00,11,43,FD,BB,E4,01
52168000,60D,false,Rx,0,8,0D,10,DF,23,02,20,70,00
52226000,625,false,Rx,0,8,25,00,11,43,FD,BB,E4,01
52258000,2C4,false,Rx,0,8,05,00,00,00,BC,02,00,00
52258000,2C5,false,Rx,0,8,00,00,00,00,00,00,00,00
52259000,2C6,false,Rx,0,8,F4,01,84,03,00,00,00,00
52269000,60D,false,Rx,0,8,0D,10,DF,23,02,20,70,00
52278000,54,false,Rx,0,8,01,01,FE,FF,FE,FF,00,00
52278000,55,false,Rx,0,8,10,27,00,00,00,00,00,00
52278000,56,false,Rx,0,8,10,27,00,00,00,00,00,00
52289000,57,false,Rx,0,8,00,00,FE,FF,FE,FF,00,00
52326000,625,false,Rx,0,8,25,00,11,43,FD,BB,E4,01
52368000,60D,false,Rx,0,8,0D,10,DF,23,02,20,70,00
52426000,625,false,Rx,0,8,25,00,11,43,FD,BB,E4,01
52458000,2C4,false,Rx,0,8,05,00,00,00,BC,02,00,00
52458000,2C5,false,Rx,0,8,00,00,00,00,00,00,00,00
52459000,2C6,false,Rx,0,8,F4,01,84,03,00,00,00,00
52469000,60D,false,Rx,0,8,0D,10,DF,23,02,20,70,00
52478000,54,false,Rx,0,8,01,01,FE,FF,FE,FF,00,00
52478000,55,false,Rx,0,8,10,27,00,00,00,00,00,00
52478000,56,false,Rx,0,8,10,27,00,00,00,00,00,00
52489000,57,false,Rx,0,8,00,00,FE,FF,FE,FF,00,00
52526000,625,false,Rx,0,8,25,00,11,43,FD,BB,E4,01
52568000,60D,false,Rx,0,8,0D,10,DF,23,02,20,70,00
52626000,625,false,Rx,0,8,25,00,11,43,FD,BB,E4,01
52658000,2C4,false,Rx,0,8,05,00,00,00,BC,02,00,00
52658000,2C5,false,Rx,0,8,00,00,00,00,00,00,00,00
52659000,2C6,false,Rx,0,8,F4,01,84,03,00,00,00,00
52669000,60D,false,Rx,0,8,0D,10,DF,23,02,20,70,00
52678000,54,false,Rx,0,8,01,01,FE,FF,FE,FF,00,00
52678000,55,false,Rx,0,8,10,27,00,00,00,00,00,00
52678000,56,false,Rx,0,8,10,27,00,00,00,00,00,00
52689000,57,false,Rx,0,8,00,00,FE,FF,FE,FF,00,00
52726000,625,false,Rx,0,8,25,00,11,43,FD,BB,E4,01
52768000,60D,false,Rx,0,8,0D,10,DF,23,02,20,70,00
52826000,625,false,Rx,0,8,25,00,11,43,FD,BB,E4,01
52858000,2C4,false,Rx,0,8,05,00,00,00,BC,02,00,00
52858000,2C5,false,Rx,0,8,00,00,00,00,00,00,00,00
52859000,2C6,false,Rx,0,8,F4,01,84,03,00,00,00,00
52869000,60D,false,Rx,0,8,0D,10,DF,23,02,20,70,00
52878000,54,false,Rx,0,8,01,01,FE,FF,FE,FF,00,00
52878000,55,false,Rx,0,8,10,27,00,00,00,00,00,00
52878000,56,false,Rx,0,8,10,27,00,00,00,00,00,00
52889000,57,false,Rx,0,8,00,00,FE,FF,FE,FF,00,00
52926000,625,false,Rx,0,8,25,00,11,43,FD,BB,E4,01
52968000,60D,false,Rx,0,8,0D,10,DF,23,02,20,70,00
53026000,625,false,Rx,0,8,25,00,11,43,FD,BB,E4,01
53058000,2C4,false,Rx,0,8,05,00,00,00,BC,02,00,00
53058000,2C5,false,Rx,0,8,00,00,00,00,00,00,00,00
53059000,2C6,false,Rx,0,8,F4,01,84,03,00,00,00,00
53069000,60D,false,Rx,0,8,0D,10,DF,23,02,20,70,00
53078000,54,false,Rx,0,8,01,01,FE,FF,FE,FF,00,00
53078000,55,false,Rx,0,8,10,27,00,00,00,00,00,00
53078000,56,false,Rx,0,8,10,27,00,00,00,00,00,00
53089000,57,false,Rx,0,8,00,00,FE,FF,FE,FF,00,00
53126000,625,false,Rx,0,8,25,00,11,43,FD,BB,E4,01
53168000,60D,false,Rx,0,8,0D,10,DF,23,02,20,70,00
53226000,625,false,Rx,0,8,25,00,11,43,FD,BB,E4,01
53258000,2C4,false,Rx,0,8,05,00,00,00,BC,02,00,00
53258000,2C5,false,Rx,0,8,00,00,00,00,00,00,00,00
53259000,2C6,false,Rx,0,8,F4,01,84,03,00,00,00,00
53269000,60D,false,Rx,0,8,0D,10,DF,23,02,20,70,00
53278000,54,false,Rx,0,8,01,01,FE,FF,FE,FF,00,00
53278000,55,false,Rx,0,8,10,27,00,00,00,00,00,00
53278000,56,false,Rx,0,8,10,27,00,00,00,00,00,00
53289000,57,false,Rx,0,8,00,00,FE,FF,FE,FF,00,00
53326000,625,false,Rx,0,8,25,00,11,43,FD,BB,E4,01
53368000,60D,false,Rx,0,8,0D,10,DF,23,02,20,70,00
53426000,625,false,Rx,0,8,25,00,11,43,FD,BB,E4,01
53458000,2C4,false,Rx,0,8,05,00,00,00,BC,02,00,00
53458000,2C5,false,Rx,0,8,00,00,00,00,00,00,00,00
53459000,2C6,false,Rx,0,8,F4,01,84,03,00,00,00,00
53469000,60D,false,Rx,0,8,0D,10,DF,23,02,20,70,00
53478000,54,false,Rx,0,8,01,01,FE,FF,FE,FF,00,00
53478000,55,false,Rx,0,8,10,27,00,00,00,00,00,00
53478000,56,false,Rx,0,8,10,27,00,00,00,00,00,00
53489000,57,false,Rx,0,8,00,00,FE,FF,FE,FF,00,00
53526000,625,false,Rx,0,8,25,00,11,43,FD,BB,E4,01
53568000,60D,false,Rx,0,8,0D,10,DF,23,02,20,70,00
53626000,625,false,Rx,0,8,25,00,11,43,FD,BB,E4,01
53658000,2C4,false,Rx,0,8,05,00,00,00,BC,02,00,00
53658000,2C5,false,Rx,0,8,00,00,00,00,00,00,00,00
53659000,2C6,false,Rx,0,8,F4,01,84,03,00,00,00,00
53669000,60D,false,Rx,0,8,0D,10,DF,23,02,20,70,00
53678000,54,false,Rx,0,8,01,01,FE,FF,FE,FF,00,00
53678000,55,false,Rx,0,8,10,27,00,00,00,00,00,00
53678000,56,false,Rx,0,8,10,27,00,00,00,00,00,00
53689000,57,false,Rx,0,8,00,00,FE,FF,FE,FF,00,00
53726000,625,false,Rx,0,8,25,00,11,43,FD,BB,E4,01
53768000,60D,false,Rx,0,8,0D,10,DF,23,02,20,70,00
53826000,625,false,Rx,0,8,25,00,11,43,FD,BB,E4,01
53858000,2C4,false,Rx,0,8,05,00,00,00,BC,02,00,00
53858000,2C5,false,Rx,0,8,00,00,00,00,00,00,00,00
53859000,2C6,false,Rx,0,8,F4,01,84,03,00,00,00,00
53869000,60D,false,Rx,0,8,0D,10,DF,23,02,20,70,00
53878000,54,false,Rx,0,8,01,01,FE,FF,FE,FF,00,00
53878000,55,false,Rx,0,8,10,27,00,00,00,00,00,00
53878000,56,false,Rx,0,8,10,27,00,00,00,00,00,00
53889000,57,false,Rx,0,8,00,00,FE,FF,FE,FF,00,00
53926000,625,false,Rx,0,8,25,00,11,43,FD,BB,E4,01
53968000,60D,false,Rx,0,8,0D,10,DF,23,02,20,70,00
54026000,625,false,Rx,0,8,25,00,11,43,FD,BB,E4,01
54058000,2C4,false,Rx,0,8,05,00,00,00,BC,02,00,00
54058000,2C5,false,Rx,0,8,00,00,00,00,00,00,00,00
54059000,2C6,false,Rx,0,8,F4,01,84,03,00,00,00,00
54069000,60D,false,Rx,0,8,0D,10,DF,23,02,20,70,00
54078000,54,false,Rx,0,8,01,01,FE,FF,FE,FF,00,00
54078000,55,false,Rx,0,8,10,27,00,00,00,00,00,00
54078000,56,false,Rx,0,8,10,27,00,00,00,00,00,00
54089000,57,false,Rx,0,8,00,00,FE,FF,FE,FF,00,00
54126000,625,false,Rx,0,8,25,00,11,43,FD,BB,E4,01
54168000,60D,false,Rx,0,8,0D,10,DF,23,02,20,70,00
54226000,625,false,Rx,0,8,25,00,11,43,FD,BB,E4,01
54258000,2C4,false,Rx,0,8,05,00,00,00,BC,02,00,00
54258000,2C5,false,Rx,0,8,00,00,00,00,00,00,00,00
54259000,2C6,false,Rx,0,8,F4,01,84,03,00,00,00,00
54269000,60D,false,Rx,0,8,0D,10,DF,23,02,20,70,00
54278000,54,false,Rx,0,8,01,01,FE,FF,FE,FF,00,00
54278000,55,false,Rx,0,8,10,27,00,00,00,00,00,00
54278000,56,false,Rx,0,8,10,27,00,00,00,00,00,00
54289000,57,false,Rx,0,8,00,00,FE,FF,FE,FF,00,00
54326000,625,false,Rx,0,8,25,00,11,43,FD,BB,E4,01
54368000,60D,false,Rx,0,8,0D,10,DF,23,02,20,70,00
54426000,625,false,Rx,0,8,25,00,11,43,FD,BB,E4,01
54458000,2C4,false,Rx,0,8,05,00,00,00,BC,02,00,00
54458000,2C5,false,Rx,0,8,00,00,00,00,00,00,00,00
54459000,2C6,false,Rx,0,8,F4,01,84,03,00,00,00,00
54469000,60D,false,Rx,0,8,0D,10,DF,23,02,20,70,00
54478000,54,false,Rx,0,8,01,01,FE,FF,FE,FF,00,00
54478000,55,false,Rx,0,8,10,27,00,00,00,00,00,00
54478000,56,false,Rx,0,8,10,27,00,00,00,00,00,00
54489000,57,false,Rx,0,8,00,00,FE,FF,FE,FF,00,00
54526000,625,false,Rx,0,8,25,00,11,43,FD,BB,E4,01
54568000,60D,false,Rx,0,8,0D,10,DF,23,02,20,70,00
54626000,625,false,Rx,0,8,25,00,11,43,FD,BB,E4,01
54658000,2C4,false,Rx,0,8,05,00,00,00,BC,02,00,00
54658000,2C5,false,Rx,0,8,00,00,00,00,00,00,00,00
54659000,2C6,false,Rx,0,8,F4,01,84,03,00,00,00,00
54669000,60D,false,Rx,0,8,0D,10,DF,23,02,20,70,00
54678000,54,false,Rx,0,8,01,01,FE,FF,FE,FF,00,00
54678000,55,false,Rx,0,8,10,27,00,00,00,00,00,00
54678000,56,false,Rx,0,8,10,27,00,00,00,00,00,00
54689000,57,false,Rx,0,8,00,00,FE,FF,FE,FF,00,00
54726000,625,false,Rx,0,8,25,00,11,43,FD,BB,E4,01
54768000,60D,false,Rx,0,8,0D,10,DF,23,02,20,70,00
54826000,625,false,Rx,0,8,25,00,11,43,FD,BB,E4,01
54858000,2C4,false,Rx,0,8,05,00,00,00,BC,02,00,00
54858000,2C5,false,Rx,0,8,00,00,00,00,00,00,00,00
54859000,2C6,false,Rx,0,8,F4,01,84,03,00,00,00,00
54869000,60D,false,Rx,0,8,0D,10,DF,23,02,20,70,00
54878000,54,false,Rx,0,8,01,01,FE,FF,FE,FF,00,00
54878000,55,false,Rx,0,8,10,27,00,00,00,00,00,00
54878000,56,false,Rx,0,8,10,27,00,00,00,00,00,00
54889000,57,false,Rx,0,8,00,00,FE,FF,FE,FF,00,00
54926000,625,false,Rx,0,8,25,00,11,43,FD,BB,E4,01
54968000,60D,false,Rx,0,8,0D,10,DF,23,02,20,70,00
55026000,625,false,Rx,0,8,25,00,11,43,FD,BB,E4,01
55058000,2C4,false,Rx,0,8,05,00,00,00,BC,02,00,00
55058000,2C5,false,Rx,0,8,00,00,00,00,00,00,00,00
55059000,2C6,false,Rx,0,8,F4,01,84,03,00,00,00,00
55069000,60D,false,Rx,0,8,0D,10,DF,23,02,20,70,00
55078000,54,false,Rx,0,8,01,01,FE,FF,FE,FF,00,00
55078000,55,false,Rx,0,8,10,27,00,00,00,00,00,00
55078000,56,false,Rx,0,8,10,27,00,00,00,00,00,00
55089000,57,false,Rx,0,8,00,00,FE,FF,FE,FF,00,00
55126000,625,false,Rx,0,8,25,00,11,43,FD,BB,E4,01
55168000,60D,false,Rx,0,8,0D,10,DF,23,02,20,70,00
55226000,625,false,Rx,0,8,25,00,11,43,FD,BB,E4,01
55258000,2C4,false,Rx,0,8,05,00,00,00,BC,02,00,00
55258000,2C5,false,Rx,0,8,00,00,00,00,00,00,00,00
55259000,2C6,false,Rx,0,8,F4,01,84,03,00,00,00,00
55269000,60D,false,Rx,0,8,0D,10,DF,23,02,20,70,00
55278000,54,false,Rx,0,8,01,01,FE,FF,FE,FF,00,00
55278000,55,false,Rx,0,8,10,27,00,00,00,00,00,00
55278000,56,false,Rx,0,8,10,27,00,00,00,00,00,00
55289000,57,false,Rx,0,8,00,00,FE,FF,FE,FF,00,00
55326000,625,false,Rx,0,8,25,00,11,43,FD,BB,E4,01
55368000,60D,false,Rx,0,8,0D,10,DF,23,02,20,70,00
55426000,625,false,Rx,0,8,25,00,11,43,FD,BB,E4,01
55458000,2C4,false,Rx,0,8,05,00,00,00,BC,02,00,00
55458000,2C5,false,Rx,0,8,00,00,00,00,00,00,00,00
55459000,2C6,false,Rx,0,8,F4,01,84,03,00,00,00,00
55469000,60D,false,Rx,0,8,0D,10,DF,23,02,20,70,00
55478000,54,false,Rx,0,8,01,01,FE,FF,FE,FF,00,00
55478000,55,false,Rx,0,8,10,27,00,00,00,00,00,00
55478000,56,false,Rx,0,8,10,27,00,00,00,00,00,00
55489000,57,false,Rx,0,8,00,00,FE,FF,FE,FF,00,00
55526000,625,false,Rx,0,8,25,00,11,43,FD,BB,E4,01
55568000,60D,false,Rx,0,8,0D,10,DF,23,02,20,70,00
55626000,625,false,Rx,0,8,25,00,11,43,FD,BB,E4,01
55658000,2C4,false,Rx,0,8,05,00,00,00,BC,02,00,00
55658000,2C5,false,Rx,0,8,00,00,00,00,00,00,00,00
55659000,2C6,false,Rx,0,8,F4,01,84,03,00,00,00,00
55669000,60D,false,Rx,0,8,0D,10,DF,23,02,20,70,00
55678000,54,false,Rx,0,8,01,01,FE,FF,FE,FF,00,00
55678000,55,false,Rx,0,8,10,27,00,00,00,00,00,00
55678000,56,false,Rx,0,8,10,27,00,00,00,00,00,00
55689000,57,false,Rx,0,8,00,00,FE,FF,FE,FF,00,00
55726000,625,false,Rx,0,8,25,00,11,43,FD,BB,E4,01
55768000,60D,false,Rx,0,8,0D,10,DF,23,02,20,70,00
55826000,625,false,Rx,0,8,25,00,11,43,FD,BB,E4,01
55858000,2C4,false,Rx,0,8,05,00,00,00,BC,02,00,00
55858000,2C5,false,Rx,0,8,00,00,00,00,00,00,00,00
55858000,2C6,false,Rx,0,8,F4,01,84,03,00,00,00,00
55869000,60D,false,Rx,0,8,0D,10,DF,23,02,20,70,00
55878000,54,false,Rx,0,8,01,01,FE,FF,FE,FF,00,00
55878000,55,false,Rx,0,8,10,27,00,00,00,00,00,00
55878000,56,false,Rx,0,8,10,27,00,00,00,00,00,00
55889000,57,false,Rx,0,8,00,00,FE,FF,FE,FF,00,00
55926000,625,false,Rx,0,8,25,00,11,43,FD,BB,E4,01
55968000,60D,false,Rx,0,8,0D,10,DF,23,02,20,70,00
56026000,625,false,Rx,0,8,25,00,11,43,FD,BB,E4,01
56058000,2C4,false,Rx,0,8,05,00,00,00,BC,02,00,00
56058000,2C5,false,Rx,0,8,00,00,00,00,00,00,00,00
56058000,2C6,false,Rx,0,8,F4,01,84,03,00,00,00,00
56069000,60D,false,Rx,0,8,0D,10,DF,23,02,20,70,00
56078000,54,false,Rx,0,8,01,01,FE,FF,FE,FF,00,00
56078000,55,false,Rx,0,8,10,27,00,00,00,00,00,00
56078000,56,false,Rx,0,8,10,27,00,00,00,00,00,00
56089000,57,false,Rx,0,8,00,00,FE,FF,FE,FF,00,00
56126000,625,false,Rx,0,8,25,00,11,43,FD,BB,E4,01
56168000,60D,false,Rx,0,8,0D,10,DF,23,02,20,70,00
56226000,625,false,Rx,0,8,25,00,11,43,FD,BB,E4,01
56258000,2C4,false,Rx,0,8,05,00,00,00,BC,02,00,00
56258000,2C5,false,Rx,0,8,00,00,00,00,00,00,00,00
56258000,2C6,false,Rx,0,8,F4,01,84,03,00,00,00,00
56269000,60D,false,Rx,0,8,0D,10,DF,23,02,20,70,00
56278000,54,false,Rx,0,8,01,01,FE,FF,FE,FF,00,00
56278000,55,false,Rx,0,8,10,27,00,00,00,00,00,00
56278000,56,false,Rx,0,8,10,27,00,00,00,00,00,00
56289000,57,false,Rx,0,8,00,00,FE,FF,FE,FF,00,00
56326000,625,false,Rx,0,8,25,00,11,43,FD,BB,E4,01
56368000,60D,false,Rx,0,8,0D,10,DF,23,02,20,70,00
56426000,625,false,Rx,0,8,25,00,11,43,FD,BB,E4,01
56458000,2C4,false,Rx,0,8,05,00,00,00,BC,02,00,00
56458000,2C5,false,Rx,0,8,00,00,00,00,00,00,00,00
56458000,2C6,false,Rx,0,8,F4,01,84,03,00,00,00,00
56469000,60D,false,Rx,0,8,0D,10,DF,23,02,20,70,00
56478000,54,false,Rx,0,8,01,01,FE,FF,FE,FF,00,00
56478000,55,false,Rx,0,8,10,27,00,00,00,00,00,00
56478000,56,false,Rx,0,8,10,27,00,00,00,00,00,00
56489000,57,false,Rx,0,8,00,00,FE,FF,FE,FF,00,00
56526000,625,false,Rx,0,8,25,00,11,43,FD,BB,E4,01
56568000,60D,false,Rx,0,8,0D,10,DF,23,02,20,70,00
56626000,625,false,Rx,0,8,25,00,11,43,FD,BB,E4,01
56658000,2C4,false,Rx,0,8,05,00,00,00,BC,02,00,00
56658000,2C5,false,Rx,0,8,00,00,00,00,00,00,00,00
56658000,2C6,false,Rx,0,8,F4,01,84,03,00,00,00,00
56669000,60D,false,Rx,0,8,0D,10,DF,23,02,20,70,00
56678000,54,false,Rx,0,8,01,01,FE,FF,FE,FF,00,00
56678000,55,false,Rx,0,8,10,27,00,00,00,00,00,00
56678000,56,false,Rx,0,8,10,27,00,00,00,00,00,00
56689000,57,false,Rx,0,8,00,00,FE,FF,FE,FF,00,00
56726000,625,false,Rx,0,8,25,00,11,43,FD,BB,E4,01
56768000,60D,false,Rx,0,8,0D,10,DF,23,02,20,70,00
56826000,625,false,Rx,0,8,25,00,11,43,FD,BB,E4,01
56858000,2C4,false,Rx,0,8,05,00,00,00,BC,02,00,00
56858000,2C5,false,Rx,0,8,00,00,00,00,00,00,00,00
56858000,2C6,false,Rx,0,8,F4,01,84,03,00,00,00,00
56869000,60D,false,Rx,0,8,0D,10,DF,23,02,20,70,00
56878000,54,false,Rx,0,8,01,01,FE,FF,FE,FF,00,00
56878000,55,false,Rx,0,8,10,27,00,00,00,00,00,00
56878000,56,false,Rx,0,8,10,27,00,00,00,00,00,00
56889000,57,false,Rx,0,8,00,00,FE,FF,FE,FF,00,00
56926000,625,false,Rx,0,8,25,00,11,43,FD,BB,E4,01
56968000,60D,false,Rx,0,8,0D,10,DF,23,02,20,70,00
57026000,625,false,Rx,0,8,25,00,11,43,FD,BB,E4,01
57058000,2C4,false,Rx,0,8,05,00,00,00,BC,02,00,00
57058000,2C5,false,Rx,0,8,00,00,00,00,00,00,00,00
57058000,2C6,false,Rx,0,8,F4,01,84,03,00,00,00,00
57069000,60D,false,Rx,0,8,0D,10,DF,23,02,20,70,00
57078000,54,false,Rx,0,8,01,01,FE,FF,FE,FF,00,00
57078000,55,false,Rx,0,8,10,27,00,00,00,00,00,00
57078000,56,false,Rx,0,8,10,27,00,00,00,00,00,00
57089000,57,false,Rx,0,8,00,00,FE,FF,FE,FF,00,00
57126000,625,false,Rx,0,8,25,00,11,43,FD,BB,E4,01
57168000,60D,false,Rx,0,8,0D,10,DF,23,02,20,70,00
57226000,625,false,Rx,0,8,25,00,11,43,FD,BB,E4,01
57258000,2C4,false,Rx,0,8,05,00,00,00,BC,02,00,00
57258000,2C5,false,Rx,0,8,00,00,00,00,00,00,00,00
57258000,2C6,false,Rx,0,8,F4,01,84,03,00,00,00,00
57269000,60D,false,Rx,0,8,0D,10,DF,23,02,20,70,00
57278000,54,false,Rx,0,8,01,01,FE,FF,FE,FF,00,00
57278000,55,false,Rx,0,8,10,27,00,00,00,00,00,00
57278000,56,false,Rx,0,8,10,27,00,00,00,00,00,00
57289000,57,false,Rx,0,8,00,00,FE,FF,FE,FF,00,00
57326000,625,false,Rx,0,8,25,00,11,43,FD,BB,E4,01
57368000,60D,false,Rx,0,8,0D,10,DF,23,02,20,70,00
57426000,625,false,Rx,0,8,25,00,11,43,FD,BB,E4,01
57458000,2C4,false,Rx,0,8,05,00,00,00,BC,02,00,00
57458000,2C5,false,Rx,0,8,00,00,00,00,00,00,00,00
57458000,2C6,false,Rx,0,8,F4,01,84,03,00,00,00,00
57469000,60D,false,Rx,0,8,0D,10,DF,23,02,20,70,00
57478000,54,false,Rx,0,8,01,01,FE,FF,FE,FF,00,00
57478000,55,false,Rx,0,8,10,27,00,00,00,00,00,00
57478000,56,false,Rx,0,8,10,27,00,00,00,00,00,00
57489000,57,false,Rx,0,8,00,00,FE,FF,FE,FF,00,00
57526000,625,false,Rx,0,8,25,00,11,43,FD,BB,E4,01
57568000,60D,false,Rx,0,8,0D,10,DF,23,02,20,70,00
57626000,625,false,Rx,0,8,25,00,11,43,FD,BB,E4,01
57658000,2C4,false,Rx,0,8,05,00,00,00,BC,02,00,00
57658000,2C5,false,Rx,0,8,00,00,00,00,00,00,00,00
57658000,2C6,false,Rx,0,8,F4,01,84,03,00,00,00,00
57669000,60D,false,Rx,0,8,0D,10,DF,23,02,20,70,00
57678000,54,false,Rx,0,8,01,01,FE,FF,FE,FF,00,00
57678000,55,false,Rx,0,8,10,27,00,00,00,00,00,00
57678000,56,false,Rx,0,8,10,27,00,00,00,00,00,00
57689000,57,false,Rx,0,8,00,00,FE,FF,FE,FF,00,00
57726000,625,false,Rx,0,8,25,00,11,43,FD,BB,E4,01
57768000,60D,false,Rx,0,8,0D,10,DF,23,02,20,70,00
57826000,625,false,Rx,0,8,25,00,11,43,FD,BB,E4,01
57858000,2C4,false,Rx,0,8,05,00,00,00,BC,02,00,00
57858000,2C5,false,Rx,0,8,00,00,00,00,00,00,00,00
57858000,2C6,false,Rx,0,8,F4,01,84,03,00,00,00,00
57869000,60D,false,Rx,0,8,0D,10,DF,23,02,20,70,00
57878000,54,false,Rx,0,8,01,01,FE,FF,FE,FF,00,00
57878000,55,false,Rx,0,8,10,27,00,00,00,00,00,00
57878000,56,false,Rx,0,8,10,27,00,00,00,00,00,00
57889000,57,false,Rx,0,8,00,00,FE,FF,FE,FF,00,00
57926000,625,false,Rx,0,8,25,00,11,43,FD,BB,E4,01
57968000,60D,false,Rx,0,8,0D,10,DF,23,02,20,70,00
58026000,625,false,Rx,0,8,25,00,11,43,FD,BB,E4,01
58058000,2C4,false,Rx,0,8,05,00,00,00,BC,02,00,00
58058000,2C5,false,Rx,0,8,00,00,00,00,00,00,00,00
58058000,2C6,false,Rx,0,8,F4,01,84,03,00,00,00,00
58069000,60D,false,Rx,0,8,0D,10,DF,23,02,20,70,00
58078000,54,false,Rx,0,8,01,01,FE,FF,FE,FF,00,00
58078000,55,false,Rx,0,8,10,27,00,00,00,00,00,00
58078000,56,false,Rx,0,8,10,27,00,00,00,00,00,00
58089000,57,false,Rx,0,8,00,00,FE,FF,FE,FF,00,00
58126000,625,false,Rx,0,8,25,00,11,43,FD,BB,E4,01
58168000,60D,false,Rx,0,8,0D,10,DF,23,02,20,70,00
58226000,625,false,Rx,0,8,25,00,11,43,FD,BB,E4,01
58258000,2C4,false,Rx,0,8,05,00,00,00,BC,02,00,00
58258000,2C5,false,Rx,0,8,00,00,00,00,00,00,00,00
58258000,2C6,false,Rx,0,8,F4,01,84,03,00,00,00,00
58269000,60D,false,Rx,0,8,0D,10,DF,23,02,20,70,00
58278000,54,false,Rx,0,8,01,01,FE,FF,FE,FF,00,00
58278000,55,false,Rx,0,8,10,27,00,00,00,00,00,00
58278000,56,false,Rx,0,8,10,27,00,00,00,00,00,00
58289000,57,false,Rx,0,8,00,00,FE,FF,FE,FF,00,00
58326000,625,false,Rx,0,8,25,00,11,43,FD,BB,E4,01
58368000,60D,false,Rx,0,8,0D,10,DF,23,02,20,70,00
58426000,625,false,Rx,0,8,25,00,11,43,FD,BB,E4,01
58458000,2C4,false,Rx,0,8,05,00,00,00,BC,02,00,00
58458000,2C5,false,Rx,0,8,00,00,00,00,00,00,00,00
58458000,2C6,false,Rx,0,8,F4,01,84,03,00,00,00,00
58469000,60D,false,Rx,0,8,0D,10,DF,23,02,20,70,00
58478000,54,false,Rx,0,8,01,01,FE,FF,FE,FF,00,00
58478000,55,false,Rx,0,8,10,27,00,00,00,00,00,00
58478000,56,false,Rx,0,8,10,27,00,00,00,00,00,00
58489000,57,false,Rx,0,8,00,00,FE,FF,FE,FF,00,00
58526000,625,false,Rx,0,8,25,00,11,43,FD,BB,E4,01
58568000,60D,false,Rx,0,8,0D,10,DF,23,02,20,70,00
58626000,625,false,Rx,0,8,25,00,11,43,FD,BB,E4,01
58658000,2C4,false,Rx,0,8,05,00,00,00,BC,02,00,00
58658000,2C5,false,Rx,0,8,00,00,00,00,00,00,00,00
58658000,2C6,false,Rx,0,8,F4,01,84,03,00,00,00,00
58669000,60D,false,Rx,0,8,0D,10,DF,23,02,20,70,00
58678000,54,false,Rx,0,8,01,01,FE,FF,FE,FF,00,00
58678000,55,false,Rx,0,8,10,27,00,00,00,00,00,00
58678000,56,false,Rx,0,8,10,27,00,00,00,00,00,00
58689000,57,false,Rx,0,8,00,00,FE,FF,FE,FF,00,00
58726000,625,false,Rx,0,8,25,00,11,43,FD,BB,E4,01
58768000,60D,false,Rx,0,8,0D,10,DF,23,02,20,70,00
58826000,625,false,Rx,0,8,25,00,11,43,FD,BB,E4,01
58858000,2C4,false,Rx,0,8,05,00,00,00,BC,02,00,00
58858000,2C5,false,Rx,0,8,00,00,00,00,00,00,00,00
58858000,2C6,false,Rx,0,8,F4,01,84,03,00,00,00,00
58869000,60D,false,Rx,0,8,0D,10,DF,23,02,20,70,00
58878000,54,false,Rx,0,8,01,01,FE,FF,FE,FF,00,00
58878000,55,false,Rx,0,8,10,27,00,00,00,00,00,00
58878000,56,false,Rx,0,8,10,27,00,00,00,00,00,00
58889000,57,false,Rx,0,8,00,00,FE,FF,FE,FF,00,00
58926000,625,false,Rx,0,8,25,00,11,43,FD,BB,E4,01
58968000,60D,false,Rx,0,8,0D,10,DF,23,02,20,70,00
59026000,625,false,Rx,0,8,25,00,11,43,FD,BB,E4,01
59058000,2C4,false,Rx,0,8,05,00,00,00,BC,02,00,00
59058000,2C5,false,Rx,0,8,00,00,00,00,00,00,00,00
59058000,2C6,false,Rx,0,8,F4,01,84,03,00,00,00,00
59069000,60D,false,Rx,0,8,0D,10,DF,23,02,20,70,00
59078000,54,false,Rx,0,8,01,01,FE,FF,FE,FF,00,00
59078000,55,false,Rx,0,8,10,27,00,00,00,00,00,00
59078000,56,false,Rx,0,8,10,27,00,00,00,00,00,00
59089000,57,false,Rx,0,8,00,00,FE,FF,FE,FF,00,00
59126000,625,false,Rx,0,8,25,00,11,43,FD,BB,E4,01
59168000,60D,false,Rx,0,8,0D,10,DF,23,02,20,70,00
59226000,625,false,Rx,0,8,25,00,11,43,FD,BB,E4,01
59258000,2C4,false,Rx,0,8,05,00,00,00,BC,02,00,00
59258000,2C5,false,Rx,0,8,00,00,00,00,00,00,00,00
59258000,2C6,false,Rx,0,8,F4,01,84,03,00,00,00,00
59269000,60D,false,Rx,0,8,0D,10,DF,23,02,20,70,00
59278000,54,false,Rx,0,8,01,01,FE,FF,FE,FF,00,00
59278000,55,false,Rx,0,8,10,27,00,00,00,00,00,00
59278000,56,false,Rx,0,8,10,27,00,00,00,00,00,00
59289000,57,false,Rx,0,8,00,00,FE,FF,FE,FF,00,00
59326000,625,false,Rx,0,8,25,00,11,43,FD,BB,E4,01
59368000,60D,false,Rx,0,8,0D,10,DF,23,02,20,70,00
59426000,625,false,Rx,0,8,25,00,11,43,FD,BB,E4,01
59458000,2C4,false,Rx,0,8,05,00,00,00,BC,02,00,00
59458000,2C5,false,Rx,0,8,00,00,00,00,00,00,00,00
59458000,2C6,false,Rx,0,8,F4,01,84,03,00,00,00,00
59469000,60D,false,Rx,0,8,0D,10,DF,23,02,20,70,00
59478000,54,false,Rx,0,8,01,01,FE,FF,FE,FF,00,00
59478000,55,false,Rx,0,8,10,27,00,00,00,00,00,00
59478000,56,false,Rx,0,8,10,27,00,00,00,00,00,00
59489000,57,false,Rx,0,8,00,00,FE,FF,FE,FF,00,00
59526000,625,false,Rx,0,8,25,00,11,43,FD,BB,E4,01
59568000,60D,false,Rx,0,8,0D,10,DF,23,02,20,70,00
59626000,625,false,Rx,0,8,25,00,11,43,FD,BB,E4,01
59658000,2C4,false,Rx,0,8,05,00,00,00,BC,02,00,00
59658000,2C5,false,Rx,0,8,00,00,00,00,00,00,00,00
59658000,2C6,false,Rx,0,8,F4,01,84,03,00,00,00,00
59669000,60D,false,Rx,0,8,0D,10,DF,23,02,20,70,00
59678000,54,false,Rx,0,8,01,01,FE,FF,FE,FF,00,00
59678000,55,false,Rx,0,8,10,27,00,00,00,00,00,00
59678000,56,false,Rx,0,8,10,27,00,00,00,00,00,00
59689000,57,false,Rx,0,8,00,00,FE,FF,FE,FF,00,00
59726000,625,false,Rx,0,8,25,00,11,43,FD,BB,E4,01
59768000,60D,false,Rx,0,8,0D,10,DF,23,02,20,70,00
59826000,625,false,Rx,0,8,25,00,11,43,FD,BB,E4,01
