8542000,2C4,false,Rx,0,8,05,00,00,00,E1,02,00,00
8542000,2C5,false,Rx,0,8,00,00,00,00,00,00,00,00
8543000,2C6,false,Rx,0,8,F4,01,84,03,00,00,00,00
8553000,54,false,Rx,0,8,01,01,FE,FF,FE,FF,00,00
8553000,55,false,Rx,0,8,10,27,ets Jul 29 2019 12:21:46
Time Stamp,ID,Extended,Dir,Bus,LEN,D1,D2,D3,D4,D5,D6,D7,D8
6906000,625,false,Rx,0,8,25,10,10,43,FD,BB,E4,01
6924000,2C4,false,Rx,0,8,03,00,00,00,F4,01,00,00
6924000,2C5,false,Rx,0,8,00,00,00,00,00,00,00,00
6924000,2C6,false,Rx,0,8,F4,01,84,03,00,00,00,00
6935000,60D,false,Rx,0,8,0D,10,DE,23,02,20,70,00
6935000,54,false,Rx,0,8,00,00,FE,FF,FE,FF,00,00
6945000,55,false,Rx,0,8,10,27,00,00,00,00,00,00
6945000,56,false,Rx,0,8,10,27,00,00,00,00,00,00
6956000,57,false,Rx,0,8,00,00,FE,FF,FE,FF,00,00
6985000,65,false,Rx,0,8,2A,03,01,00,00,00,00,00
7006000,625,false,Rx,0,8,25,00,10,43,FD,BB,E4,01
7014000,60D,false,Rx,0,8,0D,10,DE,23,02,20,70,00
7106000,625,false,Rx,0,8,25,00,11,43,FD,BB,E4,01
7112000,2C4,false,Rx,0,8,03,00,00,00,F4,01,00,00
7113000,2C5,false,Rx,0,8,00,00,00,00,00,00,00,00
7113000,2C6,false,Rx,0,8,F4,01,84,03,00,00,00,00
7123000,60D,false,Rx,0,8,0D,10,DE,23,02,20,70,00
7124000,54,false,Rx,0,8,00,00,FE,FF,FE,FF,00,00
7134000,55,false,Rx,0,8,10,27,00,00,00,00,00,00
7134000,56,false,Rx,0,8,10,27,00,00,00,00,00,00
7145000,57,false,Rx,0,8,00,00,FE,FF,FE,FF,00,00
7145000,65,false,Rx,0,8,2A,03,01,00,00,00,00,00
7206000,625,false,Rx,0,8,25,00,11,43,FD,BB,E4,01
7214000,60D,false,Rx,0,8,0D,10,DE,23,02,20,70,00
7284000,65,false,Rx,0,8,2A,03,01,00,00,00,00,00
7306000,625,false,Rx,0,8,25,00,11,43,FD,BB,E4,01
7312000,2C4,false,Rx,0,8,03,00,00,00,F4,01,00,00
7312000,2C5,false,Rx,0,8,00,00,00,00,00,00,00,00
7313000,2C6,false,Rx,0,8,F4,01,84,03,00,00,00,00
7323000,60D,false,Rx,0,8,0D,10,DE,23,02,20,70,00
7324000,54,false,Rx,0,8,00,00,FE,FF,FE,FF,00,00
7334000,55,false,Rx,0,8,10,27,00,00,00,00,00,00
7334000,56,false,Rx,0,8,10,27,00,00,00,00,00,00
7335000,57,false,Rx,0,8,00,00,FE,FF,FE,FF,00,00
7406000,625,false,Rx,0,8,25,00,11,43,FD,BB,E4,01
7414000,60D,false,Rx,0,8,0D,10,DE,23,02,20,70,00
7434000,65,false,Rx,0,8,2A,03,01,00,00,00,00,00
7506000,625,false,Rx,0,8,25,00,11,43,FD,BB,E4,01
7512000,2C4,false,Rx,0,8,03,00,00,00,F4,01,00,00
7512000,2C5,false,Rx,0,8,00,00,00,00,00,00,00,00
7513000,2C6,false,Rx,0,8,F4,01,84,03,00,00,00,00
7523000,60D,false,Rx,0,8,0D,10,DE,23,02,20,70,00
7524000,54,false,Rx,0,8,00,00,FE,FF,FE,FF,00,00
7534000,55,false,Rx,0,8,10,27,00,00,00,00,00,00
7534000,56,false,Rx,0,8,10,27,00,00,00,00,00,00
7534000,57,false,Rx,0,8,00,00,FE,FF,FE,FF,00,00
7606000,625,false,Rx,0,8,25,00,11,43,FD,BB,E4,01
7614000,60D,false,Rx,0,8,0D,10,DE,23,02,20,70,00
7706000,625,false,Rx,0,8,25,00,11,43,FD,BB,E4,01
7712000,2C4,false,Rx,0,8,03,00,00,00,E1,02,00,00
7712000,2C5,false,Rx,0,8,00,00,00,00,00,00,00,00
7713000,2C6,false,Rx,0,8,F4,01,84,03,00,00,00,00
7723000,60D,false,Rx,0,8,0D,10,DE,23,02,20,70,00
7724000,54,false,Rx,0,8,00,00,FE,FF,FE,FF,00,00
7734000,55,false,Rx,0,8,10,27,00,00,00,00,00,00
7734000,56,false,Rx,0,8,10,27,00,00,00,00,00,00
7744000,57,false,Rx,0,8,00,00,FE,FF,FE,FF,00,00
7806000,625,false,Rx,0,8,25,00,11,43,FD,BB,E4,01
7814000,60D,false,Rx,0,8,0D,10,DE,23,02,20,70,00
7906000,625,false,Rx,0,8,25,00,11,43,FD,BB,E4,01
7912000,2C4,false,Rx,0,8,03,00,00,00,E1,02,00,00
7912000,2C5,false,Rx,0,8,00,00,00,00,00,00,00,00
7913000,2C6,false,Rx,0,8,F4,01,84,03,00,00,00,00
7923000,60D,false,Rx,0,8,0D,10,DE,23,02,20,70,00
7924000,54,false,Rx,0,8,00,00,FE,FF,FE,FF,00,00
7934000,55,false,Rx,0,8,10,27,00,00,00,00,00,00
7934000,56,false,Rx,0,8,10,27,00,00,00,00,00,00
7944000,57,false,Rx,0,8,00,00,FE,FF,FE,FF,00,00
8006000,625,false,Rx,0,8,25,00,11,43,FD,BB,E4,01
8014000,60D,false,Rx,0,8,0D,10,DE,23,02,20,70,00
8106000,625,false,Rx,0,8,25,00,11,43,FD,BB,E4,01
8112000,2C4,false,Rx,0,8,03,00,00,00,E1,02,00,00
8112000,2C5,false,Rx,0,8,00,00,00,00,00,00,00,00
8113000,2C6,false,Rx,0,8,F4,01,84,03,00,00,00,00
8123000,60D,false,Rx,0,8,0D,10,DE,23,02,20,70,00
8124000,54,false,Rx,0,8,00,00,FE,FF,FE,FF,00,00
8134000,55,false,Rx,0,8,10,27,00,00,00,00,00,00
8134000,56,false,Rx,0,8,10,27,00,00,00,00,00,00
8145000,57,false,Rx,0,8,00,00,FE,FF,FE,FF,00,00
8206000,625,false,Rx,0,8,25,00,11,43,FD,BB,E4,01
8214000,60D,false,Rx,0,8,0D,10,DE,23,02,20,70,00
8306000,625,false,Rx,0,8,25,00,11,43,FD,BB,E4,01
8312000,2C4,false,Rx,0,8,03,00,00,00,E1,02,00,00
8312000,2C5,false,Rx,0,8,00,00,00,00,00,00,00,00
8313000,2C6,false,Rx,0,8,F4,01,84,03,00,00,00,00
8323000,60D,false,Rx,0,8,0D,10,DE,23,02,20,70,00
8324000,54,false,Rx,0,8,00,00,FE,FF,FE,FF,00,00
8334000,55,false,Rx,0,8,10,27,00,00,00,00,00,00
8334000,56,false,Rx,0,8,10,27,00,00,00,00,00,00
8345000,57,false,Rx,0,8,00,00,FE,FF,FE,FF,00,00
8406000,625,false,Rx,0,8,25,00,11,43,FD,BB,E4,01
8414000,60D,false,Rx,0,8,0D,10,DE,23,02,20,70,00
8506000,625,false,Rx,0,8,25,00,11,43,FD,BB,E4,01
8512000,2C4,false,Rx,0,8,03,00,00,00,E4,02,00,00
8512000,2C5,false,Rx,0,8,00,00,00,00,00,00,00,00
8513000,2C6,false,Rx,0,8,F4,01,84,03,00,00,00,00
8523000,60D,false,Rx,0,8,0D,10,DE,23,02,20,70,00
8524000,54,false,Rx,0,8,00,00,FE,FF,FE,FF,00,00
8534000,55,false,Rx,0,8,10,27,00,00,00,00,00,00
8534000,56,false,Rx,0,8,10,27,00,00,00,00,00,00
8545000,57,false,Rx,0,8,00,00,FE,FF,FE,FF,00,00
8606000,625,false,Rx,0,8,25,00,11,43,FD,BB,E4,01
8614000,60D,false,Rx,0,8,0D,10,DE,23,02,20,70,00
8706000,625,false,Rx,0,8,25,00,11,43,FD,BB,E4,01
8712000,2C4,false,Rx,0,8,03,00,00,00,E4,02,00,00
8712000,2C5,false,Rx,0,8,00,00,00,00,00,00,00,00
8712000,2C6,false,Rx,0,8,F4,01,84,03,00,00,00,00
8723000,60D,false,Rx,0,8,0D,10,DE,23,02,20,70,00
8724000,54,false,Rx,0,8,00,00,FE,FF,FE,FF,00,00
8734000,55,false,Rx,0,8,10,27,00,00,00,00,00,00
8734000,56,false,Rx,0,8,10,27,00,00,00,00,00,00
8745000,57,false,Rx,0,8,00,00,FE,FF,FE,FF,00,00
8806000,625,false,Rx,0,8,25,00,11,43,FD,BB,E4,01
8814000,60D,false,Rx,0,8,0D,10,DE,23,02,20,70,00
8875000,5C,false,Rx,0,8,1E,00,1E,00,00,00,00,00
8875000,5D,false,Rx,0,8,00,00,00,00,00,00,FE,FF
8875000,5E,false,Rx,0,8,00,00,00,00,00,00,00,00
8886000,5F,false,Rx,0,8,1E,00,1E,00,00,00,00,00
8886000,60,false,Rx,0,8,00,00,00,00,00,00,FE,FF
8896000,61,false,Rx,0,8,00,00,00,00,00,00,00,00
8896000,62,false,Rx,0,8,12,00,00,00,00,00,00,F0
8907000,63,false,Rx,0,8,32,01,01,00,00,00,00,00
8907000,625,false,Rx,0,8,25,00,11,43,FD,BB,E4,01
8917000,2C4,false,Rx,0,8,03,00,00,00,E1,02,00,00
8917000,2C5,false,Rx,0,8,00,00,00,00,00,00,00,00
8928000,2C6,false,Rx,0,8,F4,01,84,03,00,00,00,00
8928000,60D,false,Rx,0,8,0D,10,DE,23,02,20,70,00
8938000,54,false,Rx,0,8,00,00,FE,FF,FE,FF,00,00
8938000,55,false,Rx,0,8,10,27,00,00,00,00,00,00
8949000,56,false,Rx,0,8,10,27,00,00,00,00,00,00
9006000,625,false,Rx,0,8,25,00,11,43,FD,BB,E4,01
9014000,60D,false,Rx,0,8,0D,10,DE,23,02,20,70,00
9024000,5C,false,Rx,0,8,1E,00,1E,00,00,00,00,00
9024000,5D,false,Rx,0,8,00,00,00,00,00,00,FE,FF
9024000,5E,false,Rx,0,8,00,00,00,00,00,00,00,00
9035000,5F,false,Rx,0,8,1E,00,1E,00,00,00,00,00
9035000,60,false,Rx,0,8,00,00,00,00,00,00,FE,FF
9045000,61,false,Rx,0,8,00,00,00,00,00,00,00,00
9045000,62,false,Rx,0,8,12,00,00,00,00,00,00,F0
9056000,63,false,Rx,0,8,32,01,01,00,00,00,00,00
9106000,625,false,Rx,0,8,25,00,11,43,FD,BB,E4,01
9112000,2C4,false,Rx,0,8,03,00,00,00,E4,02,00,00
9112000,2C5,false,Rx,0,8,00,00,00,00,00,00,00,00
9112000,2C6,false,Rx,0,8,F4,01,84,03,00,00,00,00
9123000,60D,false,Rx,0,8,0D,10,DE,23,02,20,70,00
9124000,54,false,Rx,0,8,00,00,FE,FF,FE,FF,00,00
9134000,55,false,Rx,0,8,10,27,00,00,00,00,00,00
9134000,56,false,Rx,0,8,10,27,00,00,00,00,00,00
9144000,57,false,Rx,0,8,00,00,FE,FF,FE,FF,00,00
9174000,5C,false,Rx,0,8,1E,00,1E,00,00,00,00,00
9174000,5D,false,Rx,0,8,00,00,00,00,00,00,FE,FF
9174000,5E,false,Rx,0,8,00,00,00,00,00,00,00,00
9185000,5F,false,Rx,0,8,1E,00,1E,00,00,00,00,00
9185000,60,false,Rx,0,8,00,00,00,00,00,00,FE,FF
9195000,61,false,Rx,0,8,00,00,00,00,00,00,00,00
9195000,62,false,Rx,0,8,12,00,00,00,00,00,00,F0
9206000,63,false,Rx,0,8,32,01,01,00,00,00,00,00
9206000,625,false,Rx,0,8,25,00,11,43,FD,BB,E4,01
9216000,60D,false,Rx,0,8,0D,10,DE,23,02,20,70,00
9306000,625,false,Rx,0,8,25,00,11,43,FD,BB,E4,01
9312000,2C4,false,Rx,0,8,03,00,00,00,E4,02,00,00
9312000,2C5,false,Rx,0,8,00,00,00,00,00,00,00,00
9312000,2C6,false,Rx,0,8,F4,01,84,03,00,00,00,00
9323000,60D,false,Rx,0,8,0D,10,DE,23,02,20,70,00
9324000,54,false,Rx,0,8,00,00,FE,FF,FE,FF,00,00
9334000,55,false,Rx,0,8,10,27,00,00,00,00,00,00
9334000,56,false,Rx,0,8,10,27,00,00,00,00,00,00
9344000,57,false,Rx,0,8,00,00,FE,FF,FE,FF,00,00
9345000,5C,false,Rx,0,8,1E,00,1E,00,00,00,00,00
9345000,5D,false,Rx,0,8,00,00,00,00,00,00,FE,FF
9406000,625,false,Rx,0,8,25,00,11,43,FD,BB,E4,01
9414000,60D,false,Rx,0,8,0D,10,DE,23,02,20,70,00
9506000,625,false,Rx,0,8,25,00,11,43,FD,BB,E4,01
9512000,2C4,false,Rx,0,8,03,00,00,00,E4,02,00,00
9512000,2C5,false,Rx,0,8,00,00,00,00,00,00,00,00
9512000,2C6,false,Rx,0,8,F4,01,84,03,00,00,00,00
9523000,60D,false,Rx,0,8,0D,10,DE,23,02,20,70,00
9524000,54,false,Rx,0,8,00,00,FE,FF,FE,FF,00,00
9534000,55,false,Rx,0,8,10,27,00,00,00,00,00,00
9534000,56,false,Rx,0,8,10,27,00,00,00,00,00,00
9544000,57,false,Rx,0,8,00,00,FE,FF,FE,FF,00,00
9606000,625,false,Rx,0,8,25,00,11,43,FD,BB,E4,01
9614000,60D,false,Rx,0,8,0D,10,DE,23,02,20,70,00
9706000,625,false,Rx,0,8,25,00,11,43,FD,BB,E4,01
9712000,2C4,false,Rx,0,8,03,00,00,00,E1,02,00,00
9712000,2C5,false,Rx,0,8,00,00,00,00,00,00,00,00
9712000,2C6,false,Rx,0,8,F4,01,84,03,00,00,00,00
9723000,60D,false,Rx,0,8,0D,10,DE,23,02,20,70,00
9724000,54,false,Rx,0,8,00,00,FE,FF,FE,FF,00,00
9734000,55,false,Rx,0,8,10,27,00,00,00,00,00,00
9734000,56,false,Rx,0,8,10,27,00,00,00,00,00,00
9744000,57,false,Rx,0,8,00,00,FE,FF,FE,FF,00,00
9806000,625,false,Rx,0,8,25,00,11,43,FD,BB,E4,01
9814000,60D,false,Rx,0,8,0D,10,DE,23,02,20,70,00
9906000,625,false,Rx,0,8,25,00,11,43,FD,BB,E4,01
9912000,2C4,false,Rx,0,8,03,00,00,00,E4,02,00,00
9912000,2C5,false,Rx,0,8,00,00,00,00,00,00,00,00
9912000,2C6,false,Rx,0,8,F4,01,84,03,00,00,00,00
9923000,60D,false,Rx,0,8,0D,10,DE,23,02,20,70,00
9924000,54,false,Rx,0,8,00,00,FE,FF,FE,FF,00,00
9934000,55,false,Rx,0,8,10,27,00,00,00,00,00,00
9934000,56,false,Rx,0,8,10,27,00,00,00,00,00,00
9934000,57,false,Rx,0,8,00,00,FE,FF,FE,FF,00,00
10006000,625,false,Rx,0,8,25,00,11,43,FD,BB,E4,01
10014000,60D,false,Rx,0,8,0D,10,DE,23,02,20,70,00
10106000,625,false,Rx,0,8,25,00,11,43,FD,BB,E4,01
10112000,2C4,false,Rx,0,8,03,00,00,00,E4,02,00,00
10112000,2C5,false,Rx,0,8,00,00,00,00,00,00,00,00
10112000,2C6,false,Rx,0,8,F4,01,84,03,00,00,00,00
10123000,60D,false,Rx,0,8,0D,10,DE,23,02,20,70,00
10124000,54,false,Rx,0,8,00,00,FE,FF,FE,FF,00,00
10134000,55,false,Rx,0,8,10,27,00,00,00,00,00,00
10134000,56,false,Rx,0,8,10,27,00,00,00,00,00,00
10145000,57,false,Rx,0,8,00,00,FE,FF,FE,FF,00,00
10206000,625,false,Rx,0,8,25,00,11,43,FD,BB,E4,01
10214000,60D,false,Rx,0,8,0D,10,DE,23,02,20,70,00
10306000,625,false,Rx,0,8,25,00,11,43,FD,BB,E4,01
10312000,2C4,false,Rx,0,8,03,00,00,00,E4,02,00,00
10312000,2C5,false,Rx,0,8,00,00,00,00,00,00,00,00
10312000,2C6,false,Rx,0,8,F4,01,84,03,00,00,00,00
10323000,60D,false,Rx,0,8,0D,10,DE,23,02,20,70,00
10324000,54,false,Rx,0,8,00,00,FE,FF,FE,FF,00,00
10334000,55,false,Rx,0,8,10,27,00,00,00,00,00,00
10334000,56,false,Rx,0,8,10,27,00,00,00,00,00,00
10345000,57,false,Rx,0,8,00,00,FE,FF,FE,FF,00,00
10406000,625,false,Rx,0,8,25,00,11,43,FD,BB,E4,01
10414000,60D,false,Rx,0,8,0D,10,DE,23,02,20,70,00
10506000,625,false,Rx,0,8,25,00,11,43,FD,BB,E4,01
10512000,2C4,false,Rx,0,8,03,00,00,00,E1,02,00,00
10512000,2C5,false,Rx,0,8,00,00,00,00,00,00,00,00
10512000,2C6,false,Rx,0,8,F4,01,84,03,00,00,00,00
10523000,60D,false,Rx,0,8,0D,10,DE,23,02,20,70,00
10524000,54,false,Rx,0,8,00,00,FE,FF,FE,FF,00,00
10534000,55,false,Rx,0,8,10,27,00,00,00,00,00,00
10534000,56,false,Rx,0,8,10,27,00,00,00,00,00,00
10545000,57,false,Rx,0,8,00,00,FE,FF,FE,FF,00,00
10606000,625,false,Rx,0,8,25,00,11,43,FD,BB,E4,01
10614000,60D,false,Rx,0,8,0D,10,DE,23,02,20,70,00
10706000,625,false,Rx,0,8,25,00,11,43,FD,BB,E4,01
10712000,2C4,false,Rx,0,8,03,00,00,00,E4,02,00,00
10712000,2C5,false,Rx,0,8,00,00,00,00,00,00,00,00
10712000,2C6,false,Rx,0,8,F4,01,84,03,00,00,00,00
10723000,60D,false,Rx,0,8,0D,10,DE,23,02,20,70,00
10724000,54,false,Rx,0,8,00,00,FE,FF,FE,FF,00,00
10734000,55,false,Rx,0,8,10,27,00,00,00,00,00,00
10734000,56,false,Rx,0,8,10,27,00,00,00,00,00,00
10745000,57,false,Rx,0,8,00,00,FE,FF,FE,FF,00,00
10806000,625,false,Rx,0,8,25,00,11,43,FD,BB,E4,01
10814000,60D,false,Rx,0,8,0D,10,DE,23,02,20,70,00
10906000,625,false,Rx,0,8,25,00,11,43,FD,BB,E4,01
10912000,2C4,false,Rx,0,8,03,00,00,00,E4,02,00,00
10912000,2C5,false,Rx,0,8,00,00,00,00,00,00,00,00
10912000,2C6,false,Rx,0,8,F4,01,84,03,00,00,00,00
10923000,60D,false,Rx,0,8,0D,10,DE,23,02,20,70,00
10924000,54,false,Rx,0,8,00,00,FE,FF,FE,FF,00,00
10934000,55,false,Rx,0,8,10,27,00,00,00,00,00,00
10934000,56,false,Rx,0,8,10,27,00,00,00,00,00,00
10944000,57,false,Rx,0,8,00,00,FE,FF,FE,FF,00,00
10945000,60D,false,Rx,0,8,0D,11,DE,23,02,20,70,00
10968000,625,false,Rx,0,8,25,00,11,43,FD,BB,E4,01
11024000,60D,false,Rx,0,8,0D,11,DE,23,02,20,70,00
11068000,625,false,Rx,0,8,25,00,11,43,FD,BB,E4,01
11112000,2C4,false,Rx,0,8,03,00,00,00,E4,02,00,00
11112000,2C5,false,Rx,0,8,00,00,00,00,00,00,00,00
11112000,2C6,false,Rx,0,8,F4,01,84,03,00,00,00,00
11124000,54,false,Rx,0,8,00,00,FE,FF,FE,FF,00,00
11124000,55,false,Rx,0,8,10,27,00,00,00,00,00,00
11134000,56,false,Rx,0,8,10,27,00,00,00,00,00,00
11134000,57,false,Rx,0,8,00,00,FE,FF,FE,FF,00,00
11145000,60D,false,Rx,0,8,0D,11,DE,23,02,20,70,00
11168000,625,false,Rx,0,8,25,00,11,43,FD,BB,E4,01
11224000,60D,false,Rx,0,8,0D,11,DE,23,02,20,70,00
11268000,625,false,Rx,0,8,25,00,11,43,FD,BB,E4,01
11312000,2C4,false,Rx,0,8,03,00,00,00,E1,02,00,00
11312000,2C5,false,Rx,0,8,00,00,00,00,00,00,00,00
11312000,2C6,false,Rx,0,8,F4,01,84,03,00,00,00,00
11324000,54,false,Rx,0,8,00,00,FE,FF,FE,FF,00,00
11324000,55,false,Rx,0,8,10,27,00,00,00,00,00,00
11334000,56,false,Rx,0,8,10,27,00,00,00,00,00,00
11334000,57,false,Rx,0,8,00,00,FE,FF,FE,FF,00,00
11345000,60D,false,Rx,0,8,0D,11,DE,23,02,20,70,00
11368000,625,false,Rx,0,8,25,00,11,43,FD,BB,E4,01
11424000,60D,false,Rx,0,8,0D,11,DE,23,02,20,70,00
11468000,625,false,Rx,0,8,25,00,11,43,FD,BB,E4,01
11512000,2C4,false,Rx,0,8,03,00,00,00,E1,02,00,00
11512000,2C5,false,Rx,0,8,00,00,00,00,00,00,00,00
11512000,2C6,false,Rx,0,8,F4,01,84,03,00,00,00,00
11524000,54,false,Rx,0,8,00,00,FE,FF,FE,FF,00,00
11524000,55,false,Rx,0,8,10,27,00,00,00,00,00,00
11534000,56,false,Rx,0,8,10,27,00,00,00,00,00,00
11534000,57,false,Rx,0,8,00,00,FE,FF,FE,FF,00,00
11545000,60D,false,Rx,0,8,0D,11,DE,23,02,20,70,00
11568000,625,false,Rx,0,8,25,00,11,43,FD,BB,E4,01
11624000,60D,false,Rx,0,8,0D,11,DE,23,02,20,70,00
11668000,625,false,Rx,0,8,25,00,11,43,FD,BB,E4,01
11712000,2C4,false,Rx,0,8,03,00,00,00,E4,02,00,00
11712000,2C5,false,Rx,0,8,00,00,00,00,00,00,00,00
11712000,2C6,false,Rx,0,8,F4,01,84,03,00,00,00,00
11724000,54,false,Rx,0,8,00,00,FE,FF,FE,FF,00,00
11724000,55,false,Rx,0,8,10,27,00,00,00,00,00,00
11734000,56,false,Rx,0,8,10,27,00,00,00,00,00,00
11734000,57,false,Rx,0,8,00,00,FE,FF,FE,FF,00,00
11745000,60D,false,Rx,0,8,0D,11,DE,23,02,20,70,00
11768000,625,false,Rx,0,8,25,00,11,43,FD,BB,E4,01
11824000,60D,false,Rx,0,8,0D,11,DE,23,02,20,70,00
11868000,625,false,Rx,0,8,25,00,11,43,FD,BB,E4,01
11912000,2C4,false,Rx,0,8,03,00,00,00,E4,02,00,00
11912000,2C5,false,Rx,0,8,00,00,00,00,00,00,00,00
11912000,2C6,false,Rx,0,8,F4,01,84,03,00,00,00,00
11924000,54,false,Rx,0,8,00,00,FE,FF,FE,FF,00,00
11924000,55,false,Rx,0,8,10,27,00,00,00,00,00,00
11934000,56,false,Rx,0,8,10,27,00,00,00,00,00,00
11935000,57,false,Rx,0,8,00,00,FE,FF,FE,FF,00,00
11945000,60D,false,Rx,0,8,0D,11,DE,23,02,20,70,00
11968000,625,false,Rx,0,8,25,00,11,43,FD,BB,E4,01
12024000,60D,false,Rx,0,8,0D,11,DE,23,02,20,70,00
12068000,625,false,Rx,0,8,25,00,11,43,FD,BB,E4,01
12112000,2C4,false,Rx,0,8,03,00,00,00,E4,02,00,00
12112000,2C5,false,Rx,0,8,00,00,00,00,00,00,00,00
12112000,2C6,false,Rx,0,8,F4,01,84,03,00,00,00,00
12124000,54,false,Rx,0,8,00,00,FE,FF,FE,FF,00,00
12124000,55,false,Rx,0,8,10,27,00,00,00,00,00,00
12134000,56,false,Rx,0,8,10,27,00,00,00,00,00,00
12134000,57,false,Rx,0,8,00,00,FE,FF,FE,FF,00,00
12145000,60D,false,Rx,0,8,0D,11,DE,23,02,20,70,00
12168000,625,false,Rx,0,8,25,00,11,43,FD,BB,E4,01
12224000,60D,false,Rx,0,8,0D,11,DE,23,02,20,70,00
12268000,625,false,Rx,0,8,25,00,11,43,FD,BB,E4,01
12312000,2C4,false,Rx,0,8,03,00,00,00,E1,02,00,00
12312000,2C5,false,Rx,0,8,00,00,00,00,00,00,00,00
12312000,2C6,false,Rx,0,8,F4,01,84,03,00,00,00,00
12324000,54,false,Rx,0,8,00,00,FE,FF,FE,FF,00,00
12324000,55,false,Rx,0,8,10,27,00,00,00,00,00,00
12334000,56,false,Rx,0,8,10,27,00,00,00,00,00,00
12334000,57,false,Rx,0,8,00,00,FE,FF,FE,FF,00,00
12345000,60D,false,Rx,0,8,0D,11,DE,23,02,20,70,00
12368000,625,false,Rx,0,8,25,00,11,43,FD,BB,E4,01
12424000,60D,false,Rx,0,8,0D,11,DE,23,02,20,70,00
12468000,625,false,Rx,0,8,25,00,11,43,FD,BB,E4,01
12512000,2C4,false,Rx,0,8,03,00,00,00,E4,02,00,00
12512000,2C5,false,Rx,0,8,00,00,00,00,00,00,00,00
12512000,2C6,false,Rx,0,8,F4,01,84,03,00,00,00,00
12524000,54,false,Rx,0,8,00,00,FE,FF,FE,FF,00,00
12524000,55,false,Rx,0,8,10,27,00,00,00,00,00,00
12534000,56,false,Rx,0,8,10,27,00,00,00,00,00,00
12534000,57,false,Rx,0,8,00,00,FE,FF,FE,FF,00,00
12545000,60D,false,Rx,0,8,0D,11,DE,23,02,20,70,00
12568000,625,false,Rx,0,8,25,00,11,43,FD,BB,E4,01
12624000,60D,false,Rx,0,8,0D,11,DE,23,02,20,70,00
12668000,625,false,Rx,0,8,25,00,11,43,FD,BB,E4,01
12712000,2C4,false,Rx,0,8,03,00,00,00,E4,02,00,00
12712000,2C5,false,Rx,0,8,00,00,00,00,00,00,00,00
12712000,2C6,false,Rx,0,8,F4,01,84,03,00,00,00,00
12724000,54,false,Rx,0,8,00,00,FE,FF,FE,FF,00,00
12724000,55,false,Rx,0,8,10,27,00,00,00,00,00,00
12734000,56,false,Rx,0,8,10,27,00,00,00,00,00,00
12734000,57,false,Rx,0,8,00,00,FE,FF,FE,FF,00,00
12745000,60D,false,Rx,0,8,0D,11,DE,23,02,20,70,00
12768000,625,false,Rx,0,8,25,00,11,43,FD,BB,E4,01
12824000,60D,false,Rx,0,8,0D,11,DE,23,02,20,70,00
12868000,625,false,Rx,0,8,25,00,11,43,FD,BB,E4,01
12912000,2C4,false,Rx,0,8,03,00,00,00,E4,02,00,00
12912000,2C5,false,Rx,0,8,00,00,00,00,00,00,00,00
12912000,2C6,false,Rx,0,8,F4,01,84,03,00,00,00,00
12924000,54,false,Rx,0,8,00,00,FE,FF,FE,FF,00,00
12924000,55,false,Rx,0,8,10,27,00,00,00,00,00,00
12934000,56,false,Rx,0,8,10,27,00,00,00,00,00,00
12934000,57,false,Rx,0,8,00,00,FE,FF,FE,FF,00,00
12945000,60D,false,Rx,0,8,0D,11,DE,23,02,20,70,00
12968000,625,false,Rx,0,8,25,00,11,43,FD,BB,E4,01
13024000,60D,false,Rx,0,8,0D,11,DE,23,02,20,70,00
13068000,625,false,Rx,0,8,25,00,11,43,FD,BB,E4,01
13112000,2C4,false,Rx,0,8,03,00,00,00,E1,02,00,00
13112000,2C5,false,Rx,0,8,00,00,00,00,00,00,00,00
13112000,2C6,false,Rx,0,8,F4,01,84,03,00,00,00,00
13124000,54,false,Rx,0,8,00,00,FE,FF,FE,FF,00,00
13124000,55,false,Rx,0,8,10,27,00,00,00,00,00,00
13134000,56,false,Rx,0,8,10,27,00,00,00,00,00,00
13134000,57,false,Rx,0,8,00,00,FE,FF,FE,FF,00,00
13145000,60D,false,Rx,0,8,0D,11,DE,23,02,20,70,00
13168000,625,false,Rx,0,8,25,00,11,43,FD,BB,E4,01
13224000,60D,false,Rx,0,8,0D,11,DE,23,02,20,70,00
13268000,625,false,Rx,0,8,25,00,11,43,FD,BB,E4,01
13312000,2C4,false,Rx,0,8,03,00,00,00,E4,02,00,00
13312000,2C5,false,Rx,0,8,00,00,00,00,00,00,00,00
13312000,2C6,false,Rx,0,8,F4,01,84,03,00,00,00,00
13324000,54,false,Rx,0,8,00,00,FE,FF,FE,FF,00,00
13324000,55,false,Rx,0,8,10,27,00,00,00,00,00,00
13334000,56,false,Rx,0,8,10,27,00,00,00,00,00,00
13334000,57,false,Rx,0,8,00,00,FE,FF,FE,FF,00,00
13345000,60D,false,Rx,0,8,0D,11,DE,23,02,20,70,00
13368000,625,false,Rx,0,8,25,00,11,43,FD,BB,E4,01
13424000,60D,false,Rx,0,8,0D,11,DE,23,02,20,70,00
13468000,625,false,Rx,0,8,25,00,11,43,FD,BB,E4,01
13512000,2C4,false,Rx,0,8,03,00,00,00,E4,02,00,00
13512000,2C5,false,Rx,0,8,00,00,00,00,00,00,00,00
13512000,2C6,false,Rx,0,8,F4,01,84,03,00,00,00,00
13524000,54,false,Rx,0,8,00,00,FE,FF,FE,FF,00,00
13524000,55,false,Rx,0,8,10,27,00,00,00,00,00,00
13534000,56,false,Rx,0,8,10,27,00,00,00,00,00,00
13534000,57,false,Rx,0,8,00,00,FE,FF,FE,FF,00,00
13545000,60D,false,Rx,0,8,0D,11,DE,23,02,20,70,00
13568000,625,false,Rx,0,8,25,00,11,43,FD,BB,E4,01
13624000,60D,false,Rx,0,8,0D,11,DE,23,02,20,70,00
13668000,625,false,Rx,0,8,25,00,11,43,FD,BB,E4,01
13712000,2C4,false,Rx,0,8,03,00,00,00,E4,02,00,00
13712000,2C5,false,Rx,0,8,00,00,00,00,00,00,00,00
13712000,2C6,false,Rx,0,8,F4,01,84,03,00,00,00,00
13724000,54,false,Rx,0,8,00,00,FE,FF,FE,FF,00,00
13724000,55,false,Rx,0,8,10,27,00,00,00,00,00,00
13734000,56,false,Rx,0,8,10,27,00,00,00,00,00,00
13734000,57,false,Rx,0,8,00,00,FE,FF,FE,FF,00,00
13745000,60D,false,Rx,0,8,0D,11,DE,23,02,20,70,00
13768000,625,false,Rx,0,8,25,00,11,43,FD,BB,E4,01
13824000,60D,false,Rx,0,8,0D,11,DE,23,02,20,70,00
13868000,625,false,Rx,0,8,25,00,11,43,FD,BB,E4,01
13912000,2C4,false,Rx,0,8,03,00,00,00,E1,02,00,00
13912000,2C5,false,Rx,0,8,00,00,00,00,00,00,00,00
13912000,2C6,false,Rx,0,8,F4,01,84,03,00,00,00,00
13924000,54,false,Rx,0,8,00,00,FE,FF,FE,FF,00,00
13924000,55,false,Rx,0,8,10,27,00,00,00,00,00,00
13934000,56,false,Rx,0,8,10,27,00,00,00,00,00,00
13934000,57,false,Rx,0,8,00,00,FE,FF,FE,FF,00,00
13945000,60D,false,Rx,0,8,0D,11,DE,23,02,20,70,00
13968000,625,false,Rx,0,8,25,00,11,43,FD,BB,E4,01
14024000,60D,false,Rx,0,8,0D,11,DE,23,02,20,70,00
14068000,625,false,Rx,0,8,25,00,11,43,FD,BB,E4,01
14112000,2C4,false,Rx,0,8,03,00,00,00,E4,02,00,00
14112000,2C5,false,Rx,0,8,00,00,00,00,00,00,00,00
14112000,2C6,false,Rx,0,8,F4,01,84,03,00,00,00,00
14124000,54,false,Rx,0,8,00,00,FE,FF,FE,FF,00,00
14124000,55,false,Rx,0,8,10,27,00,00,00,00,00,00
14134000,56,false,Rx,0,8,10,27,00,00,00,00,00,00
14134000,57,false,Rx,0,8,00,00,FE,FF,FE,FF,00,00
14145000,60D,false,Rx,0,8,0D,11,DE,23,02,20,70,00
14168000,625,false,Rx,0,8,25,00,11,43,FD,BB,E4,01
14224000,60D,false,Rx,0,8,0D,11,DE,23,02,20,70,00
14268000,625,false,Rx,0,8,25,00,11,43,FD,BB,E4,01
14312000,2C4,false,Rx,0,8,03,00,00,00,E4,02,00,00
14312000,2C5,false,Rx,0,8,00,00,00,00,00,00,00,00
14312000,2C6,false,Rx,0,8,F4,01,84,03,00,00,00,00
14324000,54,false,Rx,0,8,00,00,FE,FF,FE,FF,00,00
14324000,55,false,Rx,0,8,10,27,00,00,00,00,00,00
14334000,56,false,Rx,0,8,10,27,00,00,00,00,00,00
14334000,57,false,Rx,0,8,00,00,FE,FF,FE,FF,00,00
14345000,60D,false,Rx,0,8,0D,11,DE,23,02,20,70,00
14368000,625,false,Rx,0,8,25,00,11,43,FD,BB,E4,01
14424000,60D,false,Rx,0,8,0D,11,DE,23,02,20,70,00
14468000,625,false,Rx,0,8,25,00,11,43,FD,BB,E4,01
14512000,2C4,false,Rx,0,8,03,00,00,00,E4,02,00,00
14512000,2C5,false,Rx,0,8,00,00,00,00,00,00,00,00
14512000,2C6,false,Rx,0,8,F4,01,84,03,00,00,00,00
14524000,54,false,Rx,0,8,00,00,FE,FF,FE,FF,00,00
14524000,55,false,Rx,0,8,10,27,00,00,00,00,00,00
14534000,56,false,Rx,0,8,10,27,00,00,00,00,00,00
14534000,57,false,Rx,0,8,00,00,FE,FF,FE,FF,00,00
14545000,60D,false,Rx,0,8,0D,11,DE,23,02,20,70,00
14568000,625,false,Rx,0,8,25,00,11,43,FD,BB,E4,01
14624000,60D,false,Rx,0,8,0D,11,DE,23,02,20,70,00
14668000,625,false,Rx,0,8,25,00,11,43,FD,BB,E4,01
14712000,2C4,false,Rx,0,8,03,00,00,00,E1,02,00,00
14712000,2C5,false,Rx,0,8,00,00,00,00,00,00,00,00
14712000,2C6,false,Rx,0,8,F4,01,84,03,00,00,00,00
14724000,54,false,Rx,0,8,00,00,FE,FF,FE,FF,00,00
14724000,55,false,Rx,0,8,10,27,00,00,00,00,00,00
14734000,56,false,Rx,0,8,10,27,00,00,00,00,00,00
14734000,57,false,Rx,0,8,00,00,FE,FF,FE,FF,00,00
14745000,60D,false,Rx,0,8,0D,11,DE,23,02,20,70,00
14768000,625,false,Rx,0,8,25,00,11,43,FD,BB,E4,01
14824000,60D,false,Rx,0,8,0D,11,DE,23,02,20,70,00
14868000,625,false,Rx,0,8,25,00,11,43,FD,BB,E4,01
14912000,2C4,false,Rx,0,8,03,00,00,00,E4,02,00,00
14912000,2C5,false,Rx,0,8,00,00,00,00,00,00,00,00
14912000,2C6,false,Rx,0,8,F4,01,84,03,00,00,00,00
14924000,54,false,Rx,0,8,00,00,FE,FF,FE,FF,00,00
14924000,55,false,Rx,0,8,10,27,00,00,00,00,00,00
14934000,56,false,Rx,0,8,10,27,00,00,00,00,00,00
14934000,57,false,Rx,0,8,00,00,FE,FF,FE,FF,00,00
14945000,60D,false,Rx,0,8,0D,10,DE,23,02,20,70,00
14945000,60D,false,Rx,0,8,0D,11,DE,23,02,20,70,00
14977000,625,false,Rx,0,8,25,00,11,43,FD,BB,E4,01
15034000,60D,false,Rx,0,8,0D,11,DE,23,02,20,70,00
15077000,625,false,Rx,0,8,25,00,11,43,FD,BB,E4,01
15112000,2C4,false,Rx,0,8,03,00,00,00,E4,02,00,00
15112000,2C5,false,Rx,0,8,00,00,00,00,00,00,00,00
15112000,2C6,false,Rx,0,8,F4,01,84,03,00,00,00,00
15124000,54,false,Rx,0,8,00,00,FE,FF,FE,FF,00,00
15124000,55,false,Rx,0,8,10,27,00,00,00,00,00,00
15134000,56,false,Rx,0,8,10,27,00,00,00,00,00,00
15134000,57,false,Rx,0,8,00,00,FE,FF,FE,FF,00,00
15145000,60D,false,Rx,0,8,0D,11,DE,23,02,20,70,00
15177000,625,false,Rx,0,8,25,00,11,43,FD,BB,E4,01
15234000,60D,false,Rx,0,8,0D,11,DE,23,02,20,70,00
15277000,625,false,Rx,0,8,25,00,11,43,FD,BB,E4,01
15312000,2C4,false,Rx,0,8,03,00,00,00,E4,02,00,00
15312000,2C5,false,Rx,0,8,00,00,00,00,00,00,00,00
15312000,2C6,false,Rx,0,8,F4,01,84,03,00,00,00,00
15324000,54,false,Rx,0,8,00,00,FE,FF,FE,FF,00,00
15324000,55,false,Rx,0,8,10,27,00,00,00,00,00,00
15334000,56,false,Rx,0,8,10,27,00,00,00,00,00,00
15334000,57,false,Rx,0,8,00,00,FE,FF,FE,FF,00,00
15345000,60D,false,Rx,0,8,0D,11,DE,23,02,20,70,00
15377000,625,false,Rx,0,8,25,00,11,43,FD,BB,E4,01
15434000,60D,false,Rx,0,8,0D,11,DE,23,02,20,70,00
15477000,625,false,Rx,0,8,25,00,11,43,FD,BB,E4,01
15512000,2C4,false,Rx,0,8,03,00,00,00,E4,02,00,00
15512000,2C5,false,Rx,0,8,00,00,00,00,00,00,00,00
15512000,2C6,false,Rx,0,8,F4,01,84,03,00,00,00,00
15524000,54,false,Rx,0,8,00,00,FE,FF,FE,FF,00,00
15524000,55,false,Rx,0,8,10,27,00,00,00,00,00,00
15534000,56,false,Rx,0,8,10,27,00,00,00,00,00,00
15534000,57,false,Rx,0,8,00,00,FE,FF,FE,FF,00,00
15545000,60D,false,Rx,0,8,0D,11,DE,23,02,20,70,00
15577000,625,false,Rx,0,8,25,00,11,43,FD,BB,E4,01
15634000,60D,false,Rx,0,8,0D,11,DE,23,02,20,70,00
15677000,625,false,Rx,0,8,25,00,11,43,FD,BB,E4,01
15712000,2C4,false,Rx,0,8,03,00,00,00,E4,02,00,00
15712000,2C5,false,Rx,0,8,00,00,00,00,00,00,00,00
15712000,2C6,false,Rx,0,8,F4,01,84,03,00,00,00,00
15724000,54,false,Rx,0,8,00,00,FE,FF,FE,FF,00,00
15724000,55,false,Rx,0,8,10,27,00,00,00,00,00,00
15734000,56,false,Rx,0,8,10,27,00,00,00,00,00,00
15734000,57,false,Rx,0,8,00,00,FE,FF,FE,FF,00,00
15745000,60D,false,Rx,0,8,0D,11,DE,23,02,20,70,00
15777000,625,false,Rx,0,8,25,00,11,43,FD,BB,E4,01
15834000,60D,false,Rx,0,8,0D,11,DE,23,02,20,70,00
15876000,625,false,Rx,0,8,25,00,11,43,FD,BB,E4,01
15912000,2C4,false,Rx,0,8,03,00,00,00,E4,02,00,00
15912000,2C5,false,Rx,0,8,00,00,00,00,00,00,00,00
15912000,2C6,false,Rx,0,8,F4,01,84,03,00,00,00,00
15924000,54,false,Rx,0,8,00,00,FE,FF,FE,FF,00,00
15924000,55,false,Rx,0,8,10,27,00,00,00,00,00,00
15934000,56,false,Rx,0,8,10,27,00,00,00,00,00,00
15934000,57,false,Rx,0,8,00,00,FE,FF,FE,FF,00,00
15945000,60D,false,Rx,0,8,0D,11,DE,23,02,20,70,00
15976000,625,false,Rx,0,8,25,00,11,43,FD,BB,E4,01
16034000,60D,false,Rx,0,8,0D,11,DE,23,02,20,70,00
16076000,625,false,Rx,0,8,25,00,11,43,FD,BB,E4,01
16112000,2C4,false,Rx,0,8,03,00,00,00,E4,02,00,00
16112000,2C5,false,Rx,0,8,00,00,00,00,00,00,00,00
16112000,2C6,false,Rx,0,8,F4,01,84,03,00,00,00,00
16124000,54,false,Rx,0,8,00,00,FE,FF,FE,FF,00,00
16124000,55,false,Rx,0,8,10,27,00,00,00,00,00,00
16134000,56,false,Rx,0,8,10,27,00,00,00,00,00,00
16134000,57,false,Rx,0,8,00,00,FE,FF,FE,FF,00,00
16145000,60D,false,Rx,0,8,0D,11,DE,23,02,20,70,00
16176000,625,false,Rx,0,8,25,00,11,43,FD,BB,E4,01
16234000,60D,false,Rx,0,8,0D,11,DE,23,02,20,70,00
16276000,625,false,Rx,0,8,25,00,11,43,FD,BB,E4,01
16312000,2C4,false,Rx,0,8,03,00,00,00,E4,02,00,00
16312000,2C5,false,Rx,0,8,00,00,00,00,00,00,00,00
16312000,2C6,false,Rx,0,8,F4,01,84,03,00,00,00,00
16323000,54,false,Rx,0,8,00,00,FE,FF,FE,FF,00,00
16324000,55,false,Rx,0,8,10,27,00,00,00,00,00,00
16334000,56,false,Rx,0,8,10,27,00,00,00,00,00,00
16334000,57,false,Rx,0,8,00,00,FE,FF,FE,FF,00,00
16345000,60D,false,Rx,0,8,0D,11,DE,23,02,20,70,00
16376000,625,false,Rx,0,8,25,00,11,43,FD,BB,E4,01
16434000,60D,false,Rx,0,8,0D,11,DE,23,02,20,70,00
16476000,625,false,Rx,0,8,25,00,11,43,FD,BB,E4,01
16512000,2C4,false,Rx,0,8,03,00,00,00,E4,02,00,00
16512000,2C5,false,Rx,0,8,00,00,00,00,00,00,00,00
16512000,2C6,false,Rx,0,8,F4,01,84,03,00,00,00,00
16523000,54,false,Rx,0,8,00,00,FE,FF,FE,FF,00,00
16524000,55,false,Rx,0,8,10,27,00,00,00,00,00,00
16534000,56,false,Rx,0,8,10,27,00,00,00,00,00,00
16534000,57,false,Rx,0,8,00,00,FE,FF,FE,FF,00,00
16545000,60D,false,Rx,0,8,0D,11,DE,23,02,20,70,00
16576000,625,false,Rx,0,8,25,00,11,43,FD,BB,E4,01
16634000,60D,false,Rx,0,8,0D,11,DE,23,02,20,70,00
16676000,625,false,Rx,0,8,25,00,11,43,FD,BB,E4,01
16712000,2C4,false,Rx,0,8,03,00,00,00,E4,02,00,00
16712000,2C5,false,Rx,0,8,00,00,00,00,00,00,00,00
16712000,2C6,false,Rx,0,8,F4,01,84,03,00,00,00,00
16723000,54,false,Rx,0,8,00,00,FE,FF,FE,FF,00,00
16724000,55,false,Rx,0,8,10,27,00,00,00,00,00,00
16734000,56,false,Rx,0,8,10,27,00,00,00,00,00,00
16734000,57,false,Rx,0,8,00,00,FE,FF,FE,FF,00,00
16745000,60D,false,Rx,0,8,0D,11,DE,23,02,20,70,00
16776000,625,false,Rx,0,8,25,00,11,43,FD,BB,E4,01
16834000,60D,false,Rx,0,8,0D,11,DE,23,02,20,70,00
16876000,625,false,Rx,0,8,25,00,11,43,FD,BB,E4,01
16912000,2C4,false,Rx,0,8,03,00,00,00,E4,02,00,00
16912000,2C5,false,Rx,0,8,00,00,00,00,00,00,00,00
16912000,2C6,false,Rx,0,8,F4,01,84,03,00,00,00,00
16924000,54,false,Rx,0,8,00,00,FE,FF,FE,FF,00,00
16924000,55,false,Rx,0,8,10,27,00,00,00,00,00,00
16934000,56,false,Rx,0,8,10,27,00,00,00,00,00,00
16934000,57,false,Rx,0,8,00,00,FE,FF,FE,FF,00,00
16935000,60D,false,Rx,0,8,0D,11,DE,23,02,20,70,00
16976000,625,false,Rx,0,8,25,00,11,43,FD,BB,E4,01
17034000,60D,false,Rx,0,8,0D,11,DF,23,02,20,70,00
17076000,625,false,Rx,0,8,25,00,11,43,FD,BB,E4,01
17112000,2C4,false,Rx,0,8,03,00,00,00,E4,02,00,00
17112000,2C5,false,Rx,0,8,00,00,00,00,00,00,00,00
17112000,2C6,false,Rx,0,8,F4,01,84,03,00,00,00,00
17124000,54,false,Rx,0,8,00,00,FE,FF,FE,FF,00,00
17124000,55,false,Rx,0,8,10,27,00,00,00,00,00,00
17134000,56,false,Rx,0,8,10,27,00,00,00,00,00,00
17135000,57,false,Rx,0,8,00,00,FE,FF,FE,FF,00,00
17135000,60D,false,Rx,0,8,0D,11,DF,23,02,20,70,00
17176000,625,false,Rx,0,8,25,00,11,43,FD,BB,E4,01
17234000,60D,false,Rx,0,8,0D,11,DF,23,02,20,70,00
17276000,625,false,Rx,0,8,25,00,11,43,FD,BB,E4,01
17312000,2C4,false,Rx,0,8,03,00,00,00,E4,02,00,00
17312000,2C5,false,Rx,0,8,00,00,00,00,00,00,00,00
17312000,2C6,false,Rx,0,8,F4,01,84,03,00,00,00,00
17323000,54,false,Rx,0,8,00,00,FE,FF,FE,FF,00,00
17324000,55,false,Rx,0,8,10,27,00,00,00,00,00,00
17334000,56,false,Rx,0,8,10,27,00,00,00,00,00,00
17334000,57,false,Rx,0,8,00,00,FE,FF,FE,FF,00,00
17345000,60D,false,Rx,0,8,0D,11,DF,23,02,20,70,00
17376000,625,false,Rx,0,8,25,00,11,43,FD,BB,E4,01
17434000,60D,false,Rx,0,8,0D,11,DF,23,02,20,70,00
17476000,625,false,Rx,0,8,25,00,11,43,FD,BB,E4,01
17512000,2C4,false,Rx,0,8,03,00,00,00,E4,02,00,00
17512000,2C5,false,Rx,0,8,00,00,00,00,00,00,00,00
17512000,2C6,false,Rx,0,8,F4,01,84,03,00,00,00,00
17523000,54,false,Rx,0,8,00,00,FE,FF,FE,FF,00,00
17524000,55,false,Rx,0,8,10,27,00,00,00,00,00,00
17534000,56,false,Rx,0,8,10,27,00,00,00,00,00,00
17534000,57,false,Rx,0,8,00,00,FE,FF,FE,FF,00,00
17545000,60D,false,Rx,0,8,0D,11,DF,23,02,20,70,00
17576000,625,false,Rx,0,8,25,00,11,43,FD,BB,E4,01
17634000,60D,false,Rx,0,8,0D,11,DF,23,02,20,70,00
17676000,625,false,Rx,0,8,25,00,11,43,FD,BB,E4,01
17712000,2C4,false,Rx,0,8,03,00,00,00,E4,02,00,00
17712000,2C5,false,Rx,0,8,00,00,00,00,00,00,00,00
17712000,2C6,false,Rx,0,8,F4,01,84,03,00,00,00,00
17724000,54,false,Rx,0,8,00,00,FE,FF,FE,FF,00,00
17724000,55,false,Rx,0,8,10,27,00,00,00,00,00,00
17734000,56,false,Rx,0,8,10,27,00,00,00,00,00,00
17734000,57,false,Rx,0,8,00,00,FE,FF,FE,FF,00,00
17735000,60D,false,Rx,0,8,0D,11,DF,23,02,20,70,00
17776000,625,false,Rx,0,8,25,00,11,43,FD,BB,E4,01
17834000,60D,false,Rx,0,8,0D,11,DF,23,02,20,70,00
17876000,625,false,Rx,0,8,25,00,11,43,FD,BB,E4,01
17912000,2C4,false,Rx,0,8,03,00,00,00,E4,02,00,00
17912000,2C5,false,Rx,0,8,00,00,00,00,00,00,00,00
17912000,2C6,false,Rx,0,8,F4,01,84,03,00,00,00,00
17923000,54,false,Rx,0,8,00,00,FE,FF,FE,FF,00,00
17924000,55,false,Rx,0,8,10,27,00,00,00,00,00,00
17934000,56,false,Rx,0,8,10,27,00,00,00,00,00,00
17934000,57,false,Rx,0,8,00,00,FE,FF,FE,FF,00,00
17945000,60D,false,Rx,0,8,0D,11,DF,23,02,20,70,00
17976000,625,false,Rx,0,8,25,00,11,43,FD,BB,E4,01
18034000,60D,false,Rx,0,8,0D,11,DF,23,02,20,70,00
18076000,625,false,Rx,0,8,25,00,11,43,FD,BB,E4,01
18112000,2C4,false,Rx,0,8,03,00,00,00,E4,02,00,00
18112000,2C5,false,Rx,0,8,00,00,00,00,00,00,00,00
18112000,2C6,false,Rx,0,8,F4,01,84,03,00,00,00,00
18123000,54,false,Rx,0,8,00,00,FE,FF,FE,FF,00,00
18124000,55,false,Rx,0,8,10,27,00,00,00,00,00,00
18134000,56,false,Rx,0,8,10,27,00,00,00,00,00,00
18134000,57,false,Rx,0,8,00,00,FE,FF,FE,FF,00,00
18145000,60D,false,Rx,0,8,0D,11,DF,23,02,20,70,00
18176000,625,false,Rx,0,8,25,00,11,43,FD,BB,E4,01
18234000,60D,false,Rx,0,8,0D,11,DF,23,02,20,70,00
18276000,625,false,Rx,0,8,25,00,11,43,FD,BB,E4,01
18311000,2C4,false,Rx,0,8,03,00,00,00,E4,02,00,00
18312000,2C5,false,Rx,0,8,00,00,00,00,00,00,00,00
18312000,2C6,false,Rx,0,8,F4,01,84,03,00,00,00,00
18323000,54,false,Rx,0,8,00,00,FE,FF,FE,FF,00,00
18324000,55,false,Rx,0,8,10,27,00,00,00,00,00,00
18334000,56,false,Rx,0,8,10,27,00,00,00,00,00,00
18334000,57,false,Rx,0,8,00,00,FE,FF,FE,FF,00,00
18345000,60D,false,Rx,0,8,0D,11,DF,23,02,20,70,00
18376000,625,false,Rx,0,8,25,00,11,43,FD,BB,E4,01
18434000,60D,false,Rx,0,8,0D,11,DF,23,02,20,70,00
18476000,625,false,Rx,0,8,25,00,11,43,FD,BB,E4,01
18511000,2C4,false,Rx,0,8,03,00,00,00,E4,02,00,00
18512000,2C5,false,Rx,0,8,00,00,00,00,00,00,00,00
18512000,2C6,false,Rx,0,8,F4,01,84,03,00,00,00,00
18523000,54,false,Rx,0,8,00,00,FE,FF,FE,FF,00,00
18524000,55,false,Rx,0,8,10,27,00,00,00,00,00,00
18534000,56,false,Rx,0,8,10,27,00,00,00,00,00,00
18534000,57,false,Rx,0,8,00,00,FE,FF,FE,FF,00,00
18545000,60D,false,Rx,0,8,0D,11,DF,23,02,20,70,00
18576000,625,false,Rx,0,8,25,00,11,43,FD,BB,E4,01
18634000,60D,false,Rx,0,8,0D,11,DF,23,02,20,70,00
18676000,625,false,Rx,0,8,25,00,11,43,FD,BB,E4,01
18711000,2C4,false,Rx,0,8,03,00,00,00,E4,02,00,00
18712000,2C5,false,Rx,0,8,00,00,00,00,00,00,00,00
18712000,2C6,false,Rx,0,8,F4,01,84,03,00,00,00,00
18723000,54,false,Rx,0,8,00,00,FE,FF,FE,FF,00,00
18724000,55,false,Rx,0,8,10,27,00,00,00,00,00,00
18734000,56,false,Rx,0,8,10,27,00,00,00,00,00,00
18734000,57,false,Rx,0,8,00,00,FE,FF,FE,FF,00,00
18745000,60D,false,Rx,0,8,0D,11,DF,23,02,20,70,00
18776000,625,false,Rx,0,8,25,00,11,43,FD,BB,E4,01
18834000,60D,false,Rx,0,8,0D,11,DF,23,02,20,70,00
18876000,625,false,Rx,0,8,25,00,11,43,FD,BB,E4,01
18911000,2C4,false,Rx,0,8,03,00,00,00,E4,02,00,00
18912000,2C5,false,Rx,0,8,00,00,00,00,00,00,00,00
18912000,2C6,false,Rx,0,8,F4,01,84,03,00,00,00,00
18924000,54,false,Rx,0,8,00,00,FE,FF,FE,FF,00,00
18924000,55,false,Rx,0,8,10,27,00,00,00,00,00,00
18934000,56,false,Rx,0,8,10,27,00,00,00,00,00,00
18934000,57,false,Rx,0,8,00,00,FE,FF,FE,FF,00,00
18976000,625,false,Rx,0,8,25,00,11,43,FD,BB,E4,01
19076000,625,false,Rx,0,8,25,00,11,43,FD,BB,E4,01
19111000,2C4,false,Rx,0,8,03,00,00,00,E4,02,00,00
19112000,2C5,false,Rx,0,8,00,00,00,00,00,00,00,00
19112000,2C6,false,Rx,0,8,F4,01,84,03,00,00,00,00
19123000,54,false,Rx,0,8,00,00,FE,FF,FE,FF,00,00
19124000,55,false,Rx,0,8,10,27,00,00,00,00,00,00
19134000,56,false,Rx,0,8,10,27,00,00,00,00,00,00
19134000,57,false,Rx,0,8,00,00,FE,FF,FE,FF,00,00
19176000,625,false,Rx,0,8,25,00,11,43,FD,BB,E4,01
19276000,625,false,Rx,0,8,25,00,11,43,FD,BB,E4,01
19311000,2C4,false,Rx,0,8,03,00,00,00,E4,02,00,00
19312000,2C5,false,Rx,0,8,00,00,00,00,00,00,00,00
19312000,2C6,false,Rx,0,8,F4,01,84,03,00,00,00,00
19323000,54,false,Rx,0,8,00,00,FE,FF,FE,FF,00,00
19324000,55,false,Rx,0,8,10,27,00,00,00,00,00,00
19334000,56,false,Rx,0,8,10,27,00,00,00,00,00,00
19334000,57,false,Rx,0,8,00,00,FE,FF,FE,FF,00,00
19376000,625,false,Rx,0,8,25,00,11,43,FD,BB,E4,01
19476000,625,false,Rx,0,8,25,00,11,43,FD,BB,E4,01
19484000,60D,false,Rx,0,8,0D,10,DF,23,02,20,70,00
19511000,2C4,false,Rx,0,8,03,00,00,00,E4,02,00,00
19512000,2C5,false,Rx,0,8,00,00,00,00,00,00,00,00
19512000,2C6,false,Rx,0,8,F4,01,84,03,00,00,00,00
19523000,54,false,Rx,0,8,00,00,FE,FF,FE,FF,00,00
19524000,55,false,Rx,0,8,10,27,00,00,00,00,00,00
19534000,56,false,Rx,0,8,10,27,00,00,00,00,00,00
19534000,57,false,Rx,0,8,00,00,FE,FF,FE,FF,00,00
19576000,625,false,Rx,0,8,25,00,11,43,FD,BB,E4,01
19584000,60D,false,Rx,0,8,0D,10,DF,23,02,20,70,00
19676000,625,false,Rx,0,8,25,00,11,43,FD,BB,E4,01
19684000,60D,false,Rx,0,8,0D,10,DF,23,02,20,70,00
19711000,2C4,false,Rx,0,8,03,00,00,00,E4,02,00,00
19712000,2C5,false,Rx,0,8,00,00,00,00,00,00,00,00
19712000,2C6,false,Rx,0,8,F4,01,84,03,00,00,00,00
19723000,54,false,Rx,0,8,01,01,FE,FF,FE,FF,00,00
19724000,55,false,Rx,0,8,10,27,00,00,00,00,00,00
19734000,56,false,Rx,0,8,10,27,00,00,00,00,00,00
19734000,57,false,Rx,0,8,00,00,FE,FF,FE,FF,00,00
19776000,625,false,Rx,0,8,25,00,11,43,FD,BB,E4,01
19784000,60D,false,Rx,0,8,0D,10,DF,23,02,20,70,00
19876000,625,false,Rx,0,8,25,00,11,43,FD,BB,E4,01
19884000,60D,false,Rx,0,8,0D,10,DF,23,02,20,70,00
19911000,2C4,false,Rx,0,8,05,00,00,00,E4,02,00,00
19912000,2C5,false,Rx,0,8,00,00,00,00,00,00,00,00
19912000,2C6,false,Rx,0,8,F4,01,84,03,00,00,00,00
19923000,54,false,Rx,0,8,01,01,FE,FF,FE,FF,00,00
19924000,55,false,Rx,0,8,10,27,00,00,00,00,00,00
19934000,56,false,Rx,0,8,10,27,00,00,00,00,00,00
19934000,57,false,Rx,0,8,00,00,FE,FF,FE,FF,00,00
19976000,625,false,Rx,0,8,25,00,11,43,FD,BB,E4,01
19984000,60D,false,Rx,0,8,0D,10,DF,23,02,20,70,00
20076000,625,false,Rx,0,8,25,00,11,43,FD,BB,E4,01
20084000,60D,false,Rx,0,8,0D,10,DF,23,02,20,70,00
20111000,2C4,false,Rx,0,8,05,00,00,00,E4,02,00,00
20112000,2C5,false,Rx,0,8,00,00,00,00,00,00,00,00
20112000,2C6,false,Rx,0,8,F4,01,84,03,00,00,00,00
20123000,54,false,Rx,0,8,01,01,FE,FF,FE,FF,00,00
20124000,55,false,Rx,0,8,10,27,00,00,00,00,00,00
20134000,56,false,Rx,0,8,10,27,00,00,00,00,00,00
20134000,57,false,Rx,0,8,00,00,FE,FF,FE,FF,00,00
20176000,625,false,Rx,0,8,25,00,11,43,FD,BB,E4,01
20184000,60D,false,Rx,0,8,0D,10,DF,23,02,20,70,00
20276000,625,false,Rx,0,8,25,00,11,43,FD,BB,E4,01
20284000,60D,false,Rx,0,8,0D,10,DF,23,02,20,70,00
20311000,2C4,false,Rx,0,8,05,00,00,00,E4,02,00,00
20312000,2C5,false,Rx,0,8,00,00,00,00,00,00,00,00
20312000,2C6,false,Rx,0,8,F4,01,84,03,00,00,00,00
20323000,54,false,Rx,0,8,01,01,FE,FF,FE,FF,00,00
20324000,55,false,Rx,0,8,10,27,00,00,00,00,00,00
20334000,56,false,Rx,0,8,10,27,00,00,00,00,00,00
20334000,57,false,Rx,0,8,00,00,FE,FF,FE,FF,00,00
20376000,625,false,Rx,0,8,25,00,11,43,FD,BB,E4,01
20384000,60D,false,Rx,0,8,0D,10,DF,23,02,20,70,00
20476000,625,false,Rx,0,8,25,00,11,43,FD,BB,E4,01
20484000,60D,false,Rx,0,8,0D,10,DF,23,02,20,70,00
20511000,2C4,false,Rx,0,8,05,00,00,00,E4,02,00,00
20512000,2C5,false,Rx,0,8,00,00,00,00,00,00,00,00
20512000,2C6,false,Rx,0,8,F4,01,84,03,00,00,00,00
20523000,54,false,Rx,0,8,01,01,FE,FF,FE,FF,00,00
20524000,55,false,Rx,0,8,10,27,00,00,00,00,00,00
20534000,56,false,Rx,0,8,10,27,00,00,00,00,00,00
20534000,57,false,Rx,0,8,00,00,FE,FF,FE,FF,00,00
20576000,625,false,Rx,0,8,25,00,11,43,FD,BB,E4,01
20584000,60D,false,Rx,0,8,0D,10,DF,23,02,20,70,00
20676000,625,false,Rx,0,8,25,00,11,43,FD,BB,E4,01
20684000,60D,false,Rx,0,8,0D,10,DF,23,02,20,70,00
20711000,2C4,false,Rx,0,8,05,00,00,00,E4,02,00,00
20712000,2C5,false,Rx,0,8,00,00,00,00,00,00,00,00
20712000,2C6,false,Rx,0,8,F4,01,84,03,00,00,00,00
20723000,54,false,Rx,0,8,01,01,FE,FF,FE,FF,00,00
20724000,55,false,Rx,0,8,10,27,00,00,00,00,00,00
20734000,56,false,Rx,0,8,10,27,00,00,00,00,00,00
20734000,57,false,Rx,0,8,00,00,FE,FF,FE,FF,00,00
20776000,625,false,Rx,0,8,25,00,11,43,FD,BB,E4,01
20784000,60D,false,Rx,0,8,0D,10,DF,23,02,20,70,00
20876000,625,false,Rx,0,8,25,00,11,43,FD,BB,E4,01
20884000,60D,false,Rx,0,8,0D,10,DF,23,02,20,70,00
20911000,2C4,false,Rx,0,8,05,00,00,00,E4,02,00,00
20912000,2C5,false,Rx,0,8,00,00,00,00,00,00,00,00
20912000,2C6,false,Rx,0,8,F4,01,84,03,00,00,00,00
20923000,54,false,Rx,0,8,01,01,FE,FF,FE,FF,00,00
20924000,55,false,Rx,0,8,10,27,00,00,00,00,00,00
20934000,56,false,Rx,0,8,10,27,00,00,00,00,00,00
20934000,57,false,Rx,0,8,00,00,FE,FF,FE,FF,00,00
20976000,625,false,Rx,0,8,25,00,11,43,FD,BB,E4,01
20984000,60D,false,Rx,0,8,0D,10,DF,23,02,20,70,00
21076000,625,false,Rx,0,8,25,00,11,43,FD,BB,E4,01
21084000,60D,false,Rx,0,8,0D,10,DF,23,02,20,70,00
21111000,2C4,false,Rx,0,8,05,00,00,00,E4,02,00,00
21112000,2C5,false,Rx,0,8,00,00,00,00,00,00,00,00
21112000,2C6,false,Rx,0,8,F4,01,84,03,00,00,00,00
21124000,54,false,Rx,0,8,01,01,FE,FF,FE,FF,00,00
21124000,55,false,Rx,0,8,10,27,00,00,00,00,00,00
21134000,56,false,Rx,0,8,10,27,00,00,00,00,00,00
21134000,57,false,Rx,0,8,00,00,FE,FF,FE,FF,00,00
21176000,625,false,Rx,0,8,25,00,11,43,FD,BB,E4,01
21184000,60D,false,Rx,0,8,0D,10,DF,23,02,20,70,00
21276000,625,false,Rx,0,8,25,00,11,43,FD,BB,E4,01
21284000,60D,false,Rx,0,8,0D,10,DF,23,02,20,70,00
21311000,2C4,false,Rx,0,8,05,00,00,00,E4,02,00,00
21312000,2C5,false,Rx,0,8,00,00,00,00,00,00,00,00
21312000,2C6,false,Rx,0,8,F4,01,84,03,00,00,00,00
21323000,54,false,Rx,0,8,01,01,FE,FF,FE,FF,00,00
21324000,55,false,Rx,0,8,10,27,00,00,00,00,00,00
21334000,56,false,Rx,0,8,10,27,00,00,00,00,00,00
21334000,57,false,Rx,0,8,00,00,FE,FF,FE,FF,00,00
21376000,625,false,Rx,0,8,25,00,11,43,FD,BB,E4,01
21384000,60D,false,Rx,0,8,0D,10,DF,23,02,20,70,00
21476000,625,false,Rx,0,8,25,00,11,43,FD,BB,E4,01
21484000,60D,false,Rx,0,8,0D,10,DF,23,02,20,70,00
21511000,2C4,false,Rx,0,8,05,00,00,00,E4,02,00,00
21512000,2C5,false,Rx,0,8,00,00,00,00,00,00,00,00
21512000,2C6,false,Rx,0,8,F4,01,84,03,00,00,00,00
21523000,54,false,Rx,0,8,01,01,FE,FF,FE,FF,00,00
21524000,55,false,Rx,0,8,10,27,00,00,00,00,00,00
21534000,56,false,Rx,0,8,10,27,00,00,00,00,00,00
21534000,57,false,Rx,0,8,00,00,FE,FF,FE,FF,00,00
21576000,625,false,Rx,0,8,25,00,11,43,FD,BB,E4,01
21584000,60D,false,Rx,0,8,0D,10,DF,23,02,20,70,00
21676000,625,false,Rx,0,8,25,00,11,43,FD,BB,E4,01
21684000,60D,false,Rx,0,8,0D,10,DF,23,02,20,70,00
21711000,2C4,false,Rx,0,8,05,00,00,00,E4,02,00,00
21712000,2C5,false,Rx,0,8,00,00,00,00,00,00,00,00
21712000,2C6,false,Rx,0,8,F4,01,84,03,00,00,00,00
21723000,54,false,Rx,0,8,01,01,FE,FF,FE,FF,00,00
21724000,55,false,Rx,0,8,10,27,00,00,00,00,00,00
21734000,56,false,Rx,0,8,10,27,00,00,00,00,00,00
21734000,57,false,Rx,0,8,00,00,FE,FF,FE,FF,00,00
21776000,625,false,Rx,0,8,25,00,11,43,FD,BB,E4,01
21784000,60D,false,Rx,0,8,0D,10,DF,23,02,20,70,00
21876000,625,false,Rx,0,8,25,00,11,43,FD,BB,E4,01
21884000,60D,false,Rx,0,8,0D,10,DF,23,02,20,70,00
21911000,2C4,false,Rx,0,8,05,00,00,00,E4,02,00,00
21912000,2C5,false,Rx,0,8,00,00,00,00,00,00,00,00
21912000,2C6,false,Rx,0,8,F4,01,84,03,00,00,00,00
21924000,54,false,Rx,0,8,01,01,FE,FF,FE,FF,00,00
21924000,55,false,Rx,0,8,10,27,00,00,00,00,00,00
21934000,56,false,Rx,0,8,10,27,00,00,00,00,00,00
21934000,57,false,Rx,0,8,00,00,FE,FF,FE,FF,00,00
21976000,625,false,Rx,0,8,25,00,11,43,FD,BB,E4,01
21984000,60D,false,Rx,0,8,0D,10,DF,23,02,20,70,00
22076000,625,false,Rx,0,8,25,00,11,43,FD,BB,E4,01
22084000,60D,false,Rx,0,8,0D,10,DF,23,02,20,70,00
22111000,2C4,false,Rx,0,8,05,00,00,00,E4,02,00,00
22112000,2C5,false,Rx,0,8,00,00,00,00,00,00,00,00
22112000,2C6,false,Rx,0,8,F4,01,84,03,00,00,00,00
22123000,54,false,Rx,0,8,01,01,FE,FF,FE,FF,00,00
22124000,55,false,Rx,0,8,10,27,00,00,00,00,00,00
22134000,56,false,Rx,0,8,10,27,00,00,00,00,00,00
22134000,57,false,Rx,0,8,00,00,FE,FF,FE,FF,00,00
22176000,625,false,Rx,0,8,25,00,11,43,FD,BB,E4,01
22184000,60D,false,Rx,0,8,0D,10,DF,23,02,20,70,00
22276000,625,false,Rx,0,8,25,00,11,43,FD,BB,E4,01
22284000,60D,false,Rx,0,8,0D,10,DF,23,02,20,70,00
22311000,2C4,false,Rx,0,8,05,00,00,00,E4,02,00,00
22312000,2C5,false,Rx,0,8,00,00,00,00,00,00,00,00
22312000,2C6,false,Rx,0,8,F4,01,84,03,00,00,00,00
22324000,54,false,Rx,0,8,01,01,FE,FF,FE,FF,00,00
22324000,55,false,Rx,0,8,10,27,00,00,00,00,00,00
22334000,56,false,Rx,0,8,10,27,00,00,00,00,00,00
22334000,57,false,Rx,0,8,00,00,FE,FF,FE,FF,00,00
22376000,625,false,Rx,0,8,25,00,11,43,FD,BB,E4,01
22384000,60D,false,Rx,0,8,0D,10,DF,23,02,20,70,00
22476000,625,false,Rx,0,8,25,00,11,43,FD,BB,E4,01
22484000,60D,false,Rx,0,8,0D,10,DF,23,02,20,70,00
22511000,2C4,false,Rx,0,8,05,00,00,00,E4,02,00,00
22512000,2C5,false,Rx,0,8,00,00,00,00,00,00,00,00
22512000,2C6,false,Rx,0,8,F4,01,84,03,00,00,00,00
22523000,54,false,Rx,0,8,01,01,FE,FF,FE,FF,00,00
22524000,55,false,Rx,0,8,10,27,00,00,00,00,00,00
22534000,56,false,Rx,0,8,10,27,00,00,00,00,00,00
22534000,57,false,Rx,0,8,00,00,FE,FF,FE,FF,00,00
22576000,625,false,Rx,0,8,25,00,11,43,FD,BB,E4,01
22584000,60D,false,Rx,0,8,0D,10,DF,23,02,20,70,00
22676000,625,false,Rx,0,8,25,00,11,43,FD,BB,E4,01
22684000,60D,false,Rx,0,8,0D,10,DF,23,02,20,70,00
22711000,2C4,false,Rx,0,8,05,00,00,00,E4,02,00,00
22712000,2C5,false,Rx,0,8,00,00,00,00,00,00,00,00
22712000,2C6,false,Rx,0,8,F4,01,84,03,00,00,00,00
22723000,54,false,Rx,0,8,01,01,FE,FF,FE,FF,00,00
22724000,55,false,Rx,0,8,10,27,00,00,00,00,00,00
22734000,56,false,Rx,0,8,10,27,00,00,00,00,00,00
22734000,57,false,Rx,0,8,00,00,FE,FF,FE,FF,00,00
22776000,625,false,Rx,0,8,25,00,11,43,FD,BB,E4,01
22784000,60D,false,Rx,0,8,0D,10,DF,23,02,20,70,00
22876000,625,false,Rx,0,8,25,00,11,43,FD,BB,E4,01
22884000,60D,false,Rx,0,8,0D,10,DF,23,02,20,70,00
22911000,2C4,false,Rx,0,8,05,00,00,00,E4,02,00,00
22912000,2C5,false,Rx,0,8,00,00,00,00,00,00,00,00
22912000,2C6,false,Rx,0,8,F4,01,84,03,00,00,00,00
22923000,54,false,Rx,0,8,01,01,FE,FF,FE,FF,00,00
22924000,55,false,Rx,0,8,10,27,00,00,00,00,00,00
22934000,56,false,Rx,0,8,10,27,00,00,00,00,00,00
22934000,57,false,Rx,0,8,00,00,FE,FF,FE,FF,00,00
22976000,625,false,Rx,0,8,25,00,11,43,FD,BB,E4,01
22984000,60D,false,Rx,0,8,0D,10,DF,23,02,20,70,00
23076000,625,false,Rx,0,8,25,00,11,43,FD,BB,E4,01
23084000,60D,false,Rx,0,8,0D,10,DF,23,02,20,70,00
23111000,2C4,false,Rx,0,8,05,00,00,00,E4,02,00,00
23112000,2C5,false,Rx,0,8,00,00,00,00,00,00,00,00
23112000,2C6,false,Rx,0,8,F4,01,84,03,00,00,00,00
23123000,54,false,Rx,0,8,01,01,FE,FF,FE,FF,00,00
23124000,55,false,Rx,0,8,10,27,00,00,00,00,00,00
23134000,56,false,Rx,0,8,10,27,00,00,00,00,00,00
23134000,57,false,Rx,0,8,00,00,FE,FF,FE,FF,00,00
23176000,625,false,Rx,0,8,25,00,11,43,FD,BB,E4,01
23184000,60D,false,Rx,0,8,0D,10,DF,23,02,20,70,00
23276000,625,false,Rx,0,8,25,00,11,43,FD,BB,E4,01
23284000,60D,false,Rx,0,8,0D,10,DF,23,02,20,70,00
23311000,2C4,false,Rx,0,8,05,00,00,00,E4,02,00,00
23312000,2C5,false,Rx,0,8,00,00,00,00,00,00,00,00
23312000,2C6,false,Rx,0,8,F4,01,84,03,00,00,00,00
23323000,54,false,Rx,0,8,01,01,FE,FF,FE,FF,00,00
23324000,55,false,Rx,0,8,10,27,00,00,00,00,00,00
23334000,56,false,Rx,0,8,10,27,00,00,00,00,00,00
23334000,57,false,Rx,0,8,00,00,FE,FF,FE,FF,00,00
23376000,625,false,Rx,0,8,25,00,11,43,FD,BB,E4,01
23384000,60D,false,Rx,0,8,0D,10,DF,23,02,20,70,00
23476000,625,false,Rx,0,8,25,00,11,43,FD,BB,E4,01
23484000,60D,false,Rx,0,8,0D,10,DF,23,02,20,70,00
23511000,2C4,false,Rx,0,8,05,00,00,00,E4,02,00,00
23511000,2C5,false,Rx,0,8,00,00,00,00,00,00,00,00
23512000,2C6,false,Rx,0,8,F4,01,84,03,00,00,00,00
23523000,54,false,Rx,0,8,01,01,FE,FF,FE,FF,00,00
23524000,55,false,Rx,0,8,10,27,00,00,00,00,00,00
23534000,56,false,Rx,0,8,10,27,00,00,00,00,00,00
23534000,57,false,Rx,0,8,00,00,FE,FF,FE,FF,00,00
23576000,625,false,Rx,0,8,25,00,11,43,FD,BB,E4,01
23584000,60D,false,Rx,0,8,0D,10,DF,23,02,20,70,00
23676000,625,false,Rx,0,8,25,00,11,43,FD,BB,E4,01
23684000,60D,false,Rx,0,8,0D,10,DF,23,02,20,70,00
23711000,2C4,false,Rx,0,8,05,00,00,00,E4,02,00,00
23711000,2C5,false,Rx,0,8,00,00,00,00,00,00,00,00
23712000,2C6,false,Rx,0,8,F4,01,84,03,00,00,00,00
23723000,54,false,Rx,0,8,01,01,FE,FF,FE,FF,00,00
23724000,55,false,Rx,0,8,10,27,00,00,00,00,00,00
23734000,56,false,Rx,0,8,10,27,00,00,00,00,00,00
23734000,57,false,Rx,0,8,00,00,FE,FF,FE,FF,00,00
23776000,625,false,Rx,0,8,25,00,11,43,FD,BB,E4,01
23784000,60D,false,Rx,0,8,0D,10,DF,23,02,20,70,00
23876000,625,false,Rx,0,8,25,00,11,43,FD,BB,E4,01
23884000,60D,false,Rx,0,8,0D,10,DF,23,02,20,70,00
23911000,2C4,false,Rx,0,8,05,00,00,00,E4,02,00,00
23911000,2C5,false,Rx,0,8,00,00,00,00,00,00,00,00
23912000,2C6,false,Rx,0,8,F4,01,84,03,00,00,00,00
23923000,54,false,Rx,0,8,01,01,FE,FF,FE,FF,00,00
23924000,55,false,Rx,0,8,10,27,00,00,00,00,00,00
23934000,56,false,Rx,0,8,10,27,00,00,00,00,00,00
23934000,57,false,Rx,0,8,00,00,FE,FF,FE,FF,00,00
23976000,625,false,Rx,0,8,25,00,11,43,FD,BB,E4,01
23984000,60D,false,Rx,0,8,0D,10,DF,23,02,20,70,00
24076000,625,false,Rx,0,8,25,00,11,43,FD,BB,E4,01
24085000,60D,false,Rx,0,8,0D,10,DF,23,02,20,70,00
24111000,2C4,false,Rx,0,8,05,00,00,00,E4,02,00,00
24111000,2C5,false,Rx,0,8,00,00,00,00,00,00,00,00
24112000,2C6,false,Rx,0,8,F4,01,84,03,00,00,00,00
24123000,54,false,Rx,0,8,01,01,FE,FF,FE,FF,00,00
24124000,55,false,Rx,0,8,10,27,00,00,00,00,00,00
24134000,56,false,Rx,0,8,10,27,00,00,00,00,00,00
24134000,57,false,Rx,0,8,00,00,FE,FF,FE,FF,00,00
24176000,625,false,Rx,0,8,25,00,11,43,FD,BB,E4,01
24184000,60D,false,Rx,0,8,0D,10,DF,23,02,20,70,00
24276000,625,false,Rx,0,8,25,00,11,43,FD,BB,E4,01
24284000,60D,false,Rx,0,8,0D,10,DF,23,02,20,70,00
24311000,2C4,false,Rx,0,8,05,00,00,00,E4,02,00,00
24311000,2C5,false,Rx,0,8,00,00,00,00,00,00,00,00
24312000,2C6,false,Rx,0,8,F4,01,84,03,00,00,00,00
24323000,54,false,Rx,0,8,01,01,FE,FF,FE,FF,00,00
24324000,55,false,Rx,0,8,10,27,00,00,00,00,00,00
24334000,56,false,Rx,0,8,10,27,00,00,00,00,00,00
24334000,57,false,Rx,0,8,00,00,FE,FF,FE,FF,00,00
24376000,625,false,Rx,0,8,25,00,11,43,FD,BB,E4,01
24384000,60D,false,Rx,0,8,0D,10,DF,23,02,20,70,00
24476000,625,false,Rx,0,8,25,00,11,43,FD,BB,E4,01
24484000,60D,false,Rx,0,8,0D,10,DF,23,02,20,70,00
24511000,2C4,false,Rx,0,8,05,00,00,00,E4,02,00,00
24511000,2C5,false,Rx,0,8,00,00,00,00,00,00,00,00
24512000,2C6,false,Rx,0,8,F4,01,84,03,00,00,00,00
24523000,54,false,Rx,0,8,01,01,FE,FF,FE,FF,00,00
24524000,55,false,Rx,0,8,10,27,00,00,00,00,00,00
24534000,56,false,Rx,0,8,10,27,00,00,00,00,00,00
24534000,57,false,Rx,0,8,00,00,FE,FF,FE,FF,00,00
24576000,625,false,Rx,0,8,25,00,11,43,FD,BB,E4,01
24584000,60D,false,Rx,0,8,0D,10,DF,23,02,20,70,00
24676000,625,false,Rx,0,8,25,00,11,43,FD,BB,E4,01
24684000,60D,false,Rx,0,8,0D,10,DF,23,02,20,70,00
24711000,2C4,false,Rx,0,8,05,00,00,00,E4,02,00,00
24711000,2C5,false,Rx,0,8,00,00,00,00,00,00,00,00
24712000,2C6,false,Rx,0,8,F4,01,84,03,00,00,00,00
24723000,54,false,Rx,0,8,01,01,FE,FF,FE,FF,00,00
24724000,55,false,Rx,0,8,10,27,00,00,00,00,00,00
24734000,56,false,Rx,0,8,10,27,00,00,00,00,00,00
24734000,57,false,Rx,0,8,00,00,FE,FF,FE,FF,00,00
24776000,625,false,Rx,0,8,25,00,11,43,FD,BB,E4,01
24784000,60D,false,Rx,0,8,0D,10,DF,23,02,20,70,00
24876000,625,false,Rx,0,8,25,00,11,43,FD,BB,E4,01
24884000,60D,false,Rx,0,8,0D,10,DF,23,02,20,70,00
24911000,2C4,false,Rx,0,8,05,00,00,00,E4,02,00,00
24911000,2C5,false,Rx,0,8,00,00,00,00,00,00,00,00
24912000,2C6,false,Rx,0,8,F4,01,84,03,00,00,00,00
24923000,54,false,Rx,0,8,01,01,FE,FF,FE,FF,00,00
24924000,55,false,Rx,0,8,10,27,00,00,00,00,00,00
24934000,56,false,Rx,0,8,10,27,00,00,00,00,00,00
24934000,57,false,Rx,0,8,00,00,FE,FF,FE,FF,00,00
24976000,625,false,Rx,0,8,25,00,11,43,FD,BB,E4,01
24984000,60D,false,Rx,0,8,0D,10,DF,23,02,20,70,00
25076000,625,false,Rx,0,8,25,00,11,43,FD,BB,E4,01
25084000,60D,false,Rx,0,8,0D,10,DF,23,02,20,70,00
25111000,2C4,false,Rx,0,8,05,00,00,00,E4,02,00,00
25111000,2C5,false,Rx,0,8,00,00,00,00,00,00,00,00
25112000,2C6,false,Rx,0,8,F4,01,84,03,00,00,00,00
25123000,54,false,Rx,0,8,01,01,FE,FF,FE,FF,00,00
25124000,55,false,Rx,0,8,10,27,00,00,00,00,00,00
25134000,56,false,Rx,0,8,10,27,00,00,00,00,00,00
25134000,57,false,Rx,0,8,00,00,FE,FF,FE,FF,00,00
25176000,625,false,Rx,0,8,25,00,11,43,FD,BB,E4,01
25184000,60D,false,Rx,0,8,0D,10,DF,23,02,20,70,00
25276000,625,false,Rx,0,8,25,00,11,43,FD,BB,E4,01
25284000,60D,false,Rx,0,8,0D,10,DF,23,02,20,70,00
25311000,2C4,false,Rx,0,8,05,00,00,00,E4,02,00,00
25311000,2C5,false,Rx,0,8,00,00,00,00,00,00,00,00
25312000,2C6,false,Rx,0,8,F4,01,84,03,00,00,00,00
25323000,54,false,Rx,0,8,01,01,FE,FF,FE,FF,00,00
25324000,55,false,Rx,0,8,10,27,00,00,00,00,00,00
25334000,56,false,Rx,0,8,10,27,00,00,00,00,00,00
25334000,57,false,Rx,0,8,00,00,FE,FF,FE,FF,00,00
25376000,625,false,Rx,0,8,25,00,11,43,FD,BB,E4,01
25384000,60D,false,Rx,0,8,0D,10,DF,23,02,20,70,00
25476000,625,false,Rx,0,8,25,00,11,43,FD,BB,E4,01
25484000,60D,false,Rx,0,8,0D,10,DF,23,02,20,70,00
25511000,2C4,false,Rx,0,8,05,00,00,00,E4,02,00,00
25511000,2C5,false,Rx,0,8,00,00,00,00,00,00,00,00
25512000,2C6,false,Rx,0,8,F4,01,84,03,00,00,00,00
25523000,54,false,Rx,0,8,01,01,FE,FF,FE,FF,00,00
25524000,55,false,Rx,0,8,10,27,00,00,00,00,00,00
25534000,56,false,Rx,0,8,10,27,00,00,00,00,00,00
25534000,57,false,Rx,0,8,00,00,FE,FF,FE,FF,00,00
25576000,625,false,Rx,0,8,25,00,11,43,FD,BB,E4,01
25584000,60D,false,Rx,0,8,0D,10,DF,23,02,20,70,00
25676000,625,false,Rx,0,8,25,00,11,43,FD,BB,E4,01
25684000,60D,false,Rx,0,8,0D,10,DF,23,02,20,70,00
25711000,2C4,false,Rx,0,8,05,00,00,00,E4,02,00,00
25711000,2C5,false,Rx,0,8,00,00,00,00,00,00,00,00
25712000,2C6,false,Rx,0,8,F4,01,84,03,00,00,00,00
25723000,54,false,Rx,0,8,01,01,FE,FF,FE,FF,00,00
25724000,55,false,Rx,0,8,10,27,00,00,00,00,00,00
25734000,56,false,Rx,0,8,10,27,00,00,00,00,00,00
25734000,57,false,Rx,0,8,00,00,FE,FF,FE,FF,00,00
25776000,625,false,Rx,0,8,25,00,11,43,FD,BB,E4,01
25784000,60D,false,Rx,0,8,0D,10,DF,23,02,20,70,00
25876000,625,false,Rx,0,8,25,00,11,43,FD,BB,E4,01
25884000,60D,false,Rx,0,8,0D,10,DF,23,02,20,70,00
25911000,2C4,false,Rx,0,8,05,00,00,00,E4,02,00,00
25911000,2C5,false,Rx,0,8,00,00,00,00,00,00,00,00
25912000,2C6,false,Rx,0,8,F4,01,84,03,00,00,00,00
25923000,54,false,Rx,0,8,01,01,FE,FF,FE,FF,00,00
25924000,55,false,Rx,0,8,10,27,00,00,00,00,00,00
25934000,56,false,Rx,0,8,10,27,00,00,00,00,00,00
25934000,57,false,Rx,0,8,00,00,FE,FF,FE,FF,00,00
25976000,625,false,Rx,0,8,25,00,11,43,FD,BB,E4,01
25984000,60D,false,Rx,0,8,0D,10,DF,23,02,20,70,00
26076000,625,false,Rx,0,8,25,00,11,43,FD,BB,E4,01
26084000,60D,false,Rx,0,8,0D,10,DF,23,02,20,70,00
26111000,2C4,false,Rx,0,8,05,00,00,00,E4,02,00,00
26111000,2C5,false,Rx,0,8,00,00,00,00,00,00,00,00
26112000,2C6,false,Rx,0,8,F4,01,84,03,00,00,00,00
26123000,54,false,Rx,0,8,01,01,FE,FF,FE,FF,00,00
26124000,55,false,Rx,0,8,10,27,00,00,00,00,00,00
26134000,56,false,Rx,0,8,10,27,00,00,00,00,00,00
26134000,57,false,Rx,0,8,00,00,FE,FF,FE,FF,00,00
26176000,625,false,Rx,0,8,25,00,11,43,FD,BB,E4,01
26184000,60D,false,Rx,0,8,0D,10,DF,23,02,20,70,00
26276000,625,false,Rx,0,8,25,00,11,43,FD,BB,E4,01
26284000,60D,false,Rx,0,8,0D,10,DF,23,02,20,70,00
26311000,2C4,false,Rx,0,8,05,00,00,00,E4,02,00,00
26311000,2C5,false,Rx,0,8,00,00,00,00,00,00,00,00
26312000,2C6,false,Rx,0,8,F4,01,84,03,00,00,00,00
26323000,54,false,Rx,0,8,01,01,FE,FF,FE,FF,00,00
26324000,55,false,Rx,0,8,10,27,00,00,00,00,00,00
26334000,56,false,Rx,0,8,10,27,00,00,00,00,00,00
26334000,57,false,Rx,0,8,00,00,FE,FF,FE,FF,00,00
26376000,625,false,Rx,0,8,25,00,11,43,FD,BB,E4,01
26384000,60D,false,Rx,0,8,0D,10,DF,23,02,20,70,00
26476000,625,false,Rx,0,8,25,00,11,43,FD,BB,E4,01
26484000,60D,false,Rx,0,8,0D,10,DF,23,02,20,70,00
26511000,2C4,false,Rx,0,8,05,00,00,00,E4,02,00,00
26511000,2C5,false,Rx,0,8,00,00,00,00,00,00,00,00
26512000,2C6,false,Rx,0,8,F4,01,84,03,00,00,00,00
26523000,54,false,Rx,0,8,01,01,FE,FF,FE,FF,00,00
26524000,55,false,Rx,0,8,10,27,00,00,00,00,00,00
26534000,56,false,Rx,0,8,10,27,00,00,00,00,00,00
26534000,57,false,Rx,0,8,00,00,FE,FF,FE,FF,00,00
26576000,625,false,Rx,0,8,25,00,11,43,FD,BB,E4,01
26584000,60D,false,Rx,0,8,0D,10,DF,23,02,20,70,00
26676000,625,false,Rx,0,8,25,00,11,43,FD,BB,E4,01
26684000,60D,false,Rx,0,8,0D,10,DF,23,02,20,70,00
26711000,2C4,false,Rx,0,8,05,00,00,00,E4,02,00,00
26711000,2C5,false,Rx,0,8,00,00,00,00,00,00,00,00
26712000,2C6,false,Rx,0,8,F4,01,84,03,00,00,00,00
26723000,54,false,Rx,0,8,01,01,FE,FF,FE,FF,00,00
26724000,55,false,Rx,0,8,10,27,00,00,00,00,00,00
26734000,56,false,Rx,0,8,10,27,00,00,00,00,00,00
26734000,57,false,Rx,0,8,00,00,FE,FF,FE,FF,00,00
26776000,625,false,Rx,0,8,25,00,11,43,FD,BB,E4,01
26784000,60D,false,Rx,0,8,0D,10,DF,23,02,20,70,00
26876000,625,false,Rx,0,8,25,00,11,43,FD,BB,E4,01
26884000,60D,false,Rx,0,8,0D,10,DF,23,02,20,70,00
26911000,2C4,false,Rx,0,8,05,00,00,00,E4,02,00,00
26911000,2C5,false,Rx,0,8,00,00,00,00,00,00,00,00
26912000,2C6,false,Rx,0,8,F4,01,84,03,00,00,00,00
26923000,54,false,Rx,0,8,01,01,FE,FF,FE,FF,00,00
26924000,55,false,Rx,0,8,10,27,00,00,00,00,00,00
26934000,56,false,Rx,0,8,10,27,00,00,00,00,00,00
26934000,57,false,Rx,0,8,00,00,FE,FF,FE,FF,00,00
26976000,625,false,Rx,0,8,25,00,11,43,FD,BB,E4,01
26984000,60D,false,Rx,0,8,0D,10,DF,23,02,20,70,00
27076000,625,false,Rx,0,8,25,00,11,43,FD,BB,E4,01
27084000,60D,false,Rx,0,8,0D,10,DF,23,02,20,70,00
27111000,2C4,false,Rx,0,8,05,00,00,00,E4,02,00,00
27111000,2C5,false,Rx,0,8,00,00,00,00,00,00,00,00
27112000,2C6,false,Rx,0,8,F4,01,84,03,00,00,00,00
27123000,54,false,Rx,0,8,01,01,FE,FF,FE,FF,00,00
27124000,55,false,Rx,0,8,10,27,00,00,00,00,00,00
27134000,56,false,Rx,0,8,10,27,00,00,00,00,00,00
27134000,57,false,Rx,0,8,00,00,FE,FF,FE,FF,00,00
27176000,625,false,Rx,0,8,25,00,11,43,FD,BB,E4,01
27184000,60D,false,Rx,0,8,0D,10,DF,23,02,20,70,00
27276000,625,false,Rx,0,8,25,00,11,43,FD,BB,E4,01
27284000,60D,false,Rx,0,8,0D,10,DF,23,02,20,70,00
27311000,2C4,false,Rx,0,8,05,00,00,00,E4,02,00,00
27311000,2C5,false,Rx,0,8,00,00,00,00,00,00,00,00
27312000,2C6,false,Rx,0,8,F4,01,84,03,00,00,00,00
27323000,54,false,Rx,0,8,01,01,FE,FF,FE,FF,00,00
27324000,55,false,Rx,0,8,10,27,00,00,00,00,00,00
27334000,56,false,Rx,0,8,10,27,00,00,00,00,00,00
27334000,57,false,Rx,0,8,00,00,FE,FF,FE,FF,00,00
27376000,625,false,Rx,0,8,25,00,11,43,FD,BB,E4,01
27384000,60D,false,Rx,0,8,0D,10,DF,23,02,20,70,00
27476000,625,false,Rx,0,8,25,00,11,43,FD,BB,E4,01
27484000,60D,false,Rx,0,8,0D,10,DF,23,02,20,70,00
27511000,2C4,false,Rx,0,8,05,00,00,00,E4,02,00,00
27511000,2C5,false,Rx,0,8,00,00,00,00,00,00,00,00
27512000,2C6,false,Rx,0,8,F4,01,84,03,00,00,00,00
27523000,54,false,Rx,0,8,01,01,FE,FF,FE,FF,00,00
27524000,55,false,Rx,0,8,10,27,00,00,00,00,00,00
27534000,56,false,Rx,0,8,10,27,00,00,00,00,00,00
27534000,57,false,Rx,0,8,00,00,FE,FF,FE,FF,00,00
27576000,625,false,Rx,0,8,25,00,11,43,FD,BB,E4,01
27584000,60D,false,Rx,0,8,0D,10,DF,23,02,20,70,00
27676000,625,false,Rx,0,8,25,00,11,43,FD,BB,E4,01
27684000,60D,false,Rx,0,8,0D,10,DF,23,02,20,70,00
27711000,2C4,false,Rx,0,8,05,00,00,00,E4,02,00,00
27711000,2C5,false,Rx,0,8,00,00,00,00,00,00,00,00
27712000,2C6,false,Rx,0,8,F4,01,84,03,00,00,00,00
27723000,54,false,Rx,0,8,01,01,FE,FF,FE,FF,00,00
27724000,55,false,Rx,0,8,10,27,00,00,00,00,00,00
27734000,56,false,Rx,0,8,10,27,00,00,00,00,00,00
27734000,57,false,Rx,0,8,00,00,FE,FF,FE,FF,00,00
27776000,625,false,Rx,0,8,25,00,11,43,FD,BB,E4,01
27784000,60D,false,Rx,0,8,0D,10,DF,23,02,20,70,00
27876000,625,false,Rx,0,8,25,00,11,43,FD,BB,E4,01
27884000,60D,false,Rx,0,8,0D,10,DF,23,02,20,70,00
27911000,2C4,false,Rx,0,8,05,00,00,00,E4,02,00,00
27911000,2C5,false,Rx,0,8,00,00,00,00,00,00,00,00
27912000,2C6,false,Rx,0,8,F4,01,84,03,00,00,00,00
27923000,54,false,Rx,0,8,01,01,FE,FF,FE,FF,00,00
27924000,55,false,Rx,0,8,10,27,00,00,00,00,00,00
27934000,56,false,Rx,0,8,10,27,00,00,00,00,00,00
27934000,57,false,Rx,0,8,00,00,FE,FF,FE,FF,00,00
27976000,625,false,Rx,0,8,25,00,11,43,FD,BB,E4,01
27984000,60D,false,Rx,0,8,0D,10,DF,23,02,20,70,00
28076000,625,false,Rx,0,8,25,00,11,43,FD,BB,E4,01
28084000,60D,false,Rx,0,8,0D,10,DF,23,02,20,70,00
28111000,2C4,false,Rx,0,8,05,00,00,00,E4,02,00,00
28111000,2C5,false,Rx,0,8,00,00,00,00,00,00,00,00
28111000,2C6,false,Rx,0,8,F4,01,84,03,00,00,00,00
28123000,54,false,Rx,0,8,01,01,FE,FF,FE,FF,00,00
28124000,55,false,Rx,0,8,10,27,00,00,00,00,00,00
28134000,56,false,Rx,0,8,10,27,00,00,00,00,00,00
28134000,57,false,Rx,0,8,00,00,FE,FF,FE,FF,00,00
28176000,625,false,Rx,0,8,25,00,11,43,FD,BB,E4,01
28184000,60D,false,Rx,0,8,0D,10,DF,23,02,20,70,00
28276000,625,false,Rx,0,8,25,00,11,43,FD,BB,E4,01
28284000,60D,false,Rx,0,8,0D,10,DF,23,02,20,70,00
28311000,2C4,false,Rx,0,8,05,00,00,00,E4,02,00,00
28311000,2C5,false,Rx,0,8,00,00,00,00,00,00,00,00
28311000,2C6,false,Rx,0,8,F4,01,84,03,00,00,00,00
28323000,54,false,Rx,0,8,01,01,FE,FF,FE,FF,00,00
28324000,55,false,Rx,0,8,10,27,00,00,00,00,00,00
28334000,56,false,Rx,0,8,10,27,00,00,00,00,00,00
28334000,57,false,Rx,0,8,00,00,FE,FF,FE,FF,00,00
28376000,625,false,Rx,0,8,25,00,11,43,FD,BB,E4,01
28384000,60D,false,Rx,0,8,0D,10,DF,23,02,20,70,00
28476000,625,false,Rx,0,8,25,00,11,43,FD,BB,E4,01
28484000,60D,false,Rx,0,8,0D,10,DF,23,02,20,70,00
28511000,2C4,false,Rx,0,8,05,00,00,00,E4,02,00,00
28511000,2C5,false,Rx,0,8,00,00,00,00,00,00,00,00
28511000,2C6,false,Rx,0,8,F4,01,84,03,00,00,00,00
28523000,54,false,Rx,0,8,01,01,FE,FF,FE,FF,00,00
28524000,55,false,Rx,0,8,10,27,00,00,00,00,00,00
28534000,56,false,Rx,0,8,10,27,00,00,00,00,00,00
28534000,57,false,Rx,0,8,00,00,FE,FF,FE,FF,00,00
28576000,625,false,Rx,0,8,25,00,11,43,FD,BB,E4,01
28584000,60D,false,Rx,0,8,0D,10,DF,23,02,20,70,00
28676000,625,false,Rx,0,8,25,00,11,43,FD,BB,E4,01
28684000,60D,false,Rx,0,8,0D,10,DF,23,02,20,70,00
28711000,2C4,false,Rx,0,8,05,00,00,00,E4,02,00,00
28711000,2C5,false,Rx,0,8,00,00,00,00,00,00,00,00
28711000,2C6,false,Rx,0,8,F4,01,84,03,00,00,00,00
28723000,54,false,Rx,0,8,01,01,FE,FF,FE,FF,00,00
28724000,55,false,Rx,0,8,10,27,00,00,00,00,00,00
28734000,56,false,Rx,0,8,10,27,00,00,00,00,00,00
28734000,57,false,Rx,0,8,00,00,FE,FF,FE,FF,00,00
28776000,625,false,Rx,0,8,25,00,11,43,FD,BB,E4,01
28784000,60D,false,Rx,0,8,0D,10,DF,23,02,20,70,00
28876000,625,false,Rx,0,8,25,00,11,43,FD,BB,E4,01
28884000,60D,false,Rx,0,8,0D,10,DF,23,02,20,70,00
28911000,2C4,false,Rx,0,8,05,00,00,00,E4,02,00,00
28911000,2C5,false,Rx,0,8,00,00,00,00,00,00,00,00
28911000,2C6,false,Rx,0,8,F4,01,84,03,00,00,00,00
28923000,54,false,Rx,0,8,01,01,FE,FF,FE,FF,00,00
28924000,55,false,Rx,0,8,10,27,00,00,00,00,00,00
28934000,56,false,Rx,0,8,10,27,00,00,00,00,00,00
28934000,57,false,Rx,0,8,00,00,FE,FF,FE,FF,00,00
28976000,625,false,Rx,0,8,25,00,11,43,FD,BB,E4,01
28984000,60D,false,Rx,0,8,0D,10,DF,23,02,20,70,00
29076000,625,false,Rx,0,8,25,00,11,43,FD,BB,E4,01
29084000,60D,false,Rx,0,8,0D,10,DF,23,02,20,70,00
29111000,2C4,false,Rx,0,8,05,00,00,00,E4,02,00,00
29111000,2C5,false,Rx,0,8,00,00,00,00,00,00,00,00
29111000,2C6,false,Rx,0,8,F4,01,84,03,00,00,00,00
29123000,54,false,Rx,0,8,01,01,FE,FF,FE,FF,00,00
29124000,55,false,Rx,0,8,10,27,00,00,00,00,00,00
29134000,56,false,Rx,0,8,10,27,00,00,00,00,00,00
29134000,57,false,Rx,0,8,00,00,FE,FF,FE,FF,00,00
29176000,625,false,Rx,0,8,25,00,11,43,FD,BB,E4,01
29184000,60D,false,Rx,0,8,0D,10,DF,23,02,20,70,00
29276000,625,false,Rx,0,8,25,00,11,43,FD,BB,E4,01
29284000,60D,false,Rx,0,8,0D,10,DF,23,02,20,70,00
29311000,2C4,false,Rx,0,8,05,00,00,00,E4,02,00,00
29311000,2C5,false,Rx,0,8,00,00,00,00,00,00,00,00
29311000,2C6,false,Rx,0,8,F4,01,84,03,00,00,00,00
29323000,54,false,Rx,0,8,01,01,FE,FF,FE,FF,00,00
29324000,55,false,Rx,0,8,10,27,00,00,00,00,00,00
29334000,56,false,Rx,0,8,10,27,00,00,00,00,00,00
29334000,57,false,Rx,0,8,00,00,FE,FF,FE,FF,00,00
29376000,625,false,Rx,0,8,25,00,11,43,FD,BB,E4,01
29384000,60D,false,Rx,0,8,0D,10,DF,23,02,20,70,00
29476000,625,false,Rx,0,8,25,00,11,43,FD,BB,E4,01
29484000,60D,false,Rx,0,8,0D,10,DF,23,02,20,70,00
29511000,2C4,false,Rx,0,8,05,00,00,00,E4,02,00,00
29511000,2C5,false,Rx,0,8,00,00,00,00,00,00,00,00
29511000,2C6,false,Rx,0,8,F4,01,84,03,00,00,00,00
29523000,54,false,Rx,0,8,01,01,FE,FF,FE,FF,00,00
29524000,55,false,Rx,0,8,10,27,00,00,00,00,00,00
29534000,56,false,Rx,0,8,10,27,00,00,00,00,00,00
29534000,57,false,Rx,0,8,00,00,FE,FF,FE,FF,00,00
29577000,625,false,Rx,0,8,25,00,11,43,FD,BB,E4,01
29584000,60D,false,Rx,0,8,0D,10,DF,23,02,20,70,00
29677000,625,false,Rx,0,8,25,00,11,43,FD,BB,E4,01
29684000,60D,false,Rx,0,8,0D,10,DF,23,02,20,70,00
29711000,2C4,false,Rx,0,8,05,00,00,00,E4,02,00,00
29711000,2C5,false,Rx,0,8,00,00,00,00,00,00,00,00
29711000,2C6,false,Rx,0,8,F4,01,84,03,00,00,00,00
29723000,54,false,Rx,0,8,01,01,FE,FF,FE,FF,00,00
29724000,55,false,Rx,0,8,10,27,00,00,00,00,00,00
29734000,56,false,Rx,0,8,10,27,00,00,00,00,00,00
29734000,57,false,Rx,0,8,00,00,FE,FF,FE,FF,00,00
29777000,625,false,Rx,0,8,25,00,11,43,FD,BB,E4,01
29784000,60D,false,Rx,0,8,0D,10,DF,23,02,20,70,00
29877000,625,false,Rx,0,8,25,00,11,43,FD,BB,E4,01
29884000,60D,false,Rx,0,8,0D,10,DF,23,02,20,70,00
29911000,2C4,false,Rx,0,8,05,00,00,00,E4,02,00,00
29911000,2C5,false,Rx,0,8,00,00,00,00,00,00,00,00
29911000,2C6,false,Rx,0,8,F4,01,84,03,00,00,00,00
29923000,54,false,Rx,0,8,01,01,FE,FF,FE,FF,00,00
29924000,55,false,Rx,0,8,10,27,00,00,00,00,00,00
29934000,56,false,Rx,0,8,10,27,00,00,00,00,00,00
29934000,57,false,Rx,0,8,00,00,FE,FF,FE,FF,00,00
29977000,625,false,Rx,0,8,25,00,11,43,FD,BB,E4,01
29984000,60D,false,Rx,0,8,0D,10,DF,23,02,20,70,00
30077000,625,false,Rx,0,8,25,00,11,43,FD,BB,E4,01
30084000,60D,false,Rx,0,8,0D,10,DF,23,02,20,70,00
30111000,2C4,false,Rx,0,8,05,00,00,00,E4,02,00,00
30111000,2C5,false,Rx,0,8,00,00,00,00,00,00,00,00
30111000,2C6,false,Rx,0,8,F4,01,84,03,00,00,00,00
30123000,54,false,Rx,0,8,01,01,FE,FF,FE,FF,00,00
30124000,55,false,Rx,0,8,10,27,00,00,00,00,00,00
30134000,56,false,Rx,0,8,10,27,00,00,00,00,00,00
30134000,57,false,Rx,0,8,00,00,FE,FF,FE,FF,00,00
30177000,625,false,Rx,0,8,25,00,11,43,FD,BB,E4,01
30184000,60D,false,Rx,0,8,0D,10,DF,23,02,20,70,00
30277000,625,false,Rx,0,8,25,00,11,43,FD,BB,E4,01
30284000,60D,false,Rx,0,8,0D,10,DF,23,02,20,70,00
30311000,2C4,false,Rx,0,8,05,00,00,00,E4,02,00,00
30311000,2C5,false,Rx,0,8,00,00,00,00,00,00,00,00
30311000,2C6,false,Rx,0,8,F4,01,84,03,00,00,00,00
30323000,54,false,Rx,0,8,01,01,FE,FF,FE,FF,00,00
30324000,55,false,Rx,0,8,10,27,00,00,00,00,00,00
30334000,56,false,Rx,0,8,10,27,00,00,00,00,00,00
30334000,57,false,Rx,0,8,00,00,FE,FF,FE,FF,00,00
30377000,625,false,Rx,0,8,25,00,11,43,FD,BB,E4,01
30384000,60D,false,Rx,0,8,0D,10,DF,23,02,20,70,00
30477000,625,false,Rx,0,8,25,00,11,43,FD,BB,E4,01
30484000,60D,false,Rx,0,8,0D,10,DF,23,02,20,70,00
30511000,2C4,false,Rx,0,8,05,00,00,00,E4,02,00,00
30511000,2C5,false,Rx,0,8,00,00,00,00,00,00,00,00
30511000,2C6,false,Rx,0,8,F4,01,84,03,00,00,00,00
30523000,54,false,Rx,0,8,01,01,FE,FF,FE,FF,00,00
30524000,55,false,Rx,0,8,10,27,00,00,00,00,00,00
30534000,56,false,Rx,0,8,10,27,00,00,00,00,00,00
30534000,57,false,Rx,0,8,00,00,FE,FF,FE,FF,00,00
30577000,625,false,Rx,0,8,25,00,11,43,FD,BB,E4,01
30584000,60D,false,Rx,0,8,0D,10,DF,23,02,20,70,00
30677000,625,false,Rx,0,8,25,00,11,43,FD,BB,E4,01
30684000,60D,false,Rx,0,8,0D,10,DF,23,02,20,70,00
30711000,2C4,false,Rx,0,8,05,00,00,00,E4,02,00,00
30711000,2C5,false,Rx,0,8,00,00,00,00,00,00,00,00
30711000,2C6,false,Rx,0,8,F4,01,84,03,00,00,00,00
30723000,54,false,Rx,0,8,01,01,FE,FF,FE,FF,00,00
30724000,55,false,Rx,0,8,10,27,00,00,00,00,00,00
30734000,56,false,Rx,0,8,10,27,00,00,00,00,00,00
30734000,57,false,Rx,0,8,00,00,FE,FF,FE,FF,00,00
30777000,625,false,Rx,0,8,25,00,11,43,FD,BB,E4,01
30784000,60D,false,Rx,0,8,0D,10,DF,23,02,20,70,00
30877000,625,false,Rx,0,8,25,00,11,43,FD,BB,E4,01
30884000,60D,false,Rx,0,8,0D,10,DF,23,02,20,70,00
30911000,2C4,false,Rx,0,8,05,00,00,00,E1,02,00,00
30911000,2C5,false,Rx,0,8,00,00,00,00,00,00,00,00
30911000,2C6,false,Rx,0,8,F4,01,84,03,00,00,00,00
30923000,54,false,Rx,0,8,01,01,FE,FF,FE,FF,00,00
30924000,55,false,Rx,0,8,10,27,00,00,00,00,00,00
30934000,56,false,Rx,0,8,10,27,00,00,00,00,00,00
30934000,57,false,Rx,0,8,00,00,FE,FF,FE,FF,00,00
30977000,625,false,Rx,0,8,25,00,11,43,FD,BB,E4,01
30984000,60D,false,Rx,0,8,0D,10,DF,23,02,20,70,00
31077000,625,false,Rx,0,8,25,00,11,43,FD,BB,E4,01
31084000,60D,false,Rx,0,8,0D,10,DF,23,02,20,70,00
31111000,2C4,false,Rx,0,8,05,00,00,00,E1,02,00,00
31111000,2C5,false,Rx,0,8,00,00,00,00,00,00,00,00
31111000,2C6,false,Rx,0,8,F4,01,84,03,00,00,00,00
31123000,54,false,Rx,0,8,01,01,FE,FF,FE,FF,00,00
31124000,55,false,Rx,0,8,10,27,00,00,00,00,00,00
31134000,56,false,Rx,0,8,10,27,00,00,00,00,00,00
31134000,57,false,Rx,0,8,00,00,FE,FF,FE,FF,00,00
31177000,625,false,Rx,0,8,25,00,11,43,FD,BB,E4,01
31184000,60D,false,Rx,0,8,0D,10,DF,23,02,20,70,00
31277000,625,false,Rx,0,8,25,00,11,43,FD,BB,E4,01
31284000,60D,false,Rx,0,8,0D,10,DF,23,02,20,70,00
31311000,2C4,false,Rx,0,8,05,00,00,00,E4,02,00,00
31311000,2C5,false,Rx,0,8,00,00,00,00,00,00,00,00
31311000,2C6,false,Rx,0,8,F4,01,84,03,00,00,00,00
31323000,54,false,Rx,0,8,01,01,FE,FF,FE,FF,00,00
31324000,55,false,Rx,0,8,10,27,00,00,00,00,00,00
31334000,56,false,Rx,0,8,10,27,00,00,00,00,00,00
31334000,57,false,Rx,0,8,00,00,FE,FF,FE,FF,00,00
31377000,625,false,Rx,0,8,25,00,11,43,FD,BB,E4,01
31384000,60D,false,Rx,0,8,0D,10,DF,23,02,20,70,00
31477000,625,false,Rx,0,8,25,00,11,43,FD,BB,E4,01
31484000,60D,false,Rx,0,8,0D,10,DF,23,02,20,70,00
31511000,2C4,false,Rx,0,8,05,00,00,00,E4,02,00,00
31511000,2C5,false,Rx,0,8,00,00,00,00,00,00,00,00
31511000,2C6,false,Rx,0,8,F4,01,84,03,00,00,00,00
31523000,54,false,Rx,0,8,01,01,FE,FF,FE,FF,00,00
31524000,55,false,Rx,0,8,10,27,00,00,00,00,00,00
31534000,56,false,Rx,0,8,10,27,00,00,00,00,00,00
31534000,57,false,Rx,0,8,00,00,FE,FF,FE,FF,00,00
31577000,625,false,Rx,0,8,25,00,11,43,FD,BB,E4,01
31584000,60D,false,Rx,0,8,0D,10,DF,23,02,20,70,00
31677000,625,false,Rx,0,8,25,00,11,43,FD,BB,E4,01
31684000,60D,false,Rx,0,8,0D,10,DF,23,02,20,70,00
31711000,2C4,false,Rx,0,8,05,00,00,00,E4,02,00,00
31711000,2C5,false,Rx,0,8,00,00,00,00,00,00,00,00
31711000,2C6,false,Rx,0,8,F4,01,84,03,00,00,00,00
31723000,54,false,Rx,0,8,01,01,FE,FF,FE,FF,00,00
31724000,55,false,Rx,0,8,10,27,00,00,00,00,00,00
31734000,56,false,Rx,0,8,10,27,00,00,00,00,00,00
31734000,57,false,Rx,0,8,00,00,FE,FF,FE,FF,00,00
31777000,625,false,Rx,0,8,25,00,11,43,FD,BB,E4,01
31784000,60D,false,Rx,0,8,0D,10,DF,23,02,20,70,00
31877000,625,false,Rx,0,8,25,00,11,43,FD,BB,E4,01
31884000,60D,false,Rx,0,8,0D,10,DF,23,02,20,70,00
31911000,2C4,false,Rx,0,8,05,00,00,00,E1,02,00,00
31911000,2C5,false,Rx,0,8,00,00,00,00,00,00,00,00
31911000,2C6,false,Rx,0,8,F4,01,84,03,00,00,00,00
31923000,54,false,Rx,0,8,01,01,FE,FF,FE,FF,00,00
31924000,55,false,Rx,0,8,10,27,00,00,00,00,00,00
31934000,56,false,Rx,0,8,10,27,00,00,00,00,00,00
31934000,57,false,Rx,0,8,00,00,FE,FF,FE,FF,00,00
31977000,625,false,Rx,0,8,25,00,11,43,FD,BB,E4,01
31984000,60D,false,Rx,0,8,0D,10,DF,23,02,20,70,00
32077000,625,false,Rx,0,8,25,00,11,43,FD,BB,E4,01
32084000,60D,false,Rx,0,8,0D,10,DF,23,02,20,70,00
32111000,2C4,false,Rx,0,8,05,00,00,00,E1,02,00,00
32111000,2C5,false,Rx,0,8,00,00,00,00,00,00,00,00
32111000,2C6,false,Rx,0,8,F4,01,84,03,00,00,00,00
32123000,54,false,Rx,0,8,01,01,FE,FF,FE,FF,00,00
32124000,55,false,Rx,0,8,10,27,00,00,00,00,00,00
32134000,56,false,Rx,0,8,10,27,00,00,00,00,00,00
32134000,57,false,Rx,0,8,00,00,FE,FF,FE,FF,00,00
32177000,625,false,Rx,0,8,25,00,11,43,FD,BB,E4,01
32184000,60D,false,Rx,0,8,0D,10,DF,23,02,20,70,00
32277000,625,false,Rx,0,8,25,00,11,43,FD,BB,E4,01
32284000,60D,false,Rx,0,8,0D,10,DF,23,02,20,70,00
32311000,2C4,false,Rx,0,8,05,00,00,00,E4,02,00,00
32311000,2C5,false,Rx,0,8,00,00,00,00,00,00,00,00
32311000,2C6,false,Rx,0,8,F4,01,84,03,00,00,00,00
32323000,54,false,Rx,0,8,01,01,FE,FF,FE,FF,00,00
32324000,55,false,Rx,0,8,10,27,00,00,00,00,00,00
32334000,56,false,Rx,0,8,10,27,00,00,00,00,00,00
32334000,57,false,Rx,0,8,00,00,FE,FF,FE,FF,00,00
32377000,625,false,Rx,0,8,25,00,11,43,FD,BB,E4,01
32384000,60D,false,Rx,0,8,0D,10,DF,23,02,20,70,00
32477000,625,false,Rx,0,8,25,00,11,43,FD,BB,E4,01
32484000,60D,false,Rx,0,8,0D,10,DF,23,02,20,70,00
32511000,2C4,false,Rx,0,8,05,00,00,00,E4,02,00,00
32511000,2C5,false,Rx,0,8,00,00,00,00,00,00,00,00
32511000,2C6,false,Rx,0,8,F4,01,84,03,00,00,00,00
32523000,54,false,Rx,0,8,01,01,FE,FF,FE,FF,00,00
32524000,55,false,Rx,0,8,10,27,00,00,00,00,00,00
32534000,56,false,Rx,0,8,10,27,00,00,00,00,00,00
32534000,57,false,Rx,0,8,00,00,FE,FF,FE,FF,00,00
32577000,625,false,Rx,0,8,25,00,11,43,FD,BB,E4,01
32584000,60D,false,Rx,0,8,0D,10,DF,23,02,20,70,00
32677000,625,false,Rx,0,8,25,00,11,43,FD,BB,E4,01
32684000,60D,false,Rx,0,8,0D,10,DF,23,02,20,70,00
32711000,2C4,false,Rx,0,8,05,00,00,00,E1,02,00,00
32711000,2C5,false,Rx,0,8,00,00,00,00,00,00,00,00
32711000,2C6,false,Rx,0,8,F4,01,84,03,00,00,00,00
32723000,54,false,Rx,0,8,01,01,FE,FF,FE,FF,00,00
32723000,55,false,Rx,0,8,10,27,00,00,00,00,00,00
32734000,56,false,Rx,0,8,10,27,00,00,00,00,00,00
32734000,57,false,Rx,0,8,00,00,FE,FF,FE,FF,00,00
32777000,625,false,Rx,0,8,25,00,11,43,FD,BB,E4,01
32784000,60D,false,Rx,0,8,0D,10,DF,23,02,20,70,00
32877000,625,false,Rx,0,8,25,00,11,43,FD,BB,E4,01
32884000,60D,false,Rx,0,8,0D,10,DF,23,02,20,70,00
32911000,2C4,false,Rx,0,8,05,00,00,00,E1,02,00,00
32911000,2C5,false,Rx,0,8,00,00,00,00,00,00,00,00
32911000,2C6,false,Rx,0,8,F4,01,84,03,00,00,00,00
32923000,54,false,Rx,0,8,01,01,FE,FF,FE,FF,00,00
32923000,55,false,Rx,0,8,10,27,00,00,00,00,00,00
32934000,56,false,Rx,0,8,10,27,00,00,00,00,00,00
32934000,57,false,Rx,0,8,00,00,FE,FF,FE,FF,00,00
32977000,625,false,Rx,0,8,25,00,11,43,FD,BB,E4,01
32984000,60D,false,Rx,0,8,0D,10,DF,23,02,20,70,00
33077000,625,false,Rx,0,8,25,00,11,43,FD,BB,E4,01
33084000,60D,false,Rx,0,8,0D,10,DF,23,02,20,70,00
33111000,2C4,false,Rx,0,8,05,00,00,00,E1,02,00,00
33111000,2C5,false,Rx,0,8,00,00,00,00,00,00,00,00
33111000,2C6,false,Rx,0,8,F4,01,84,03,00,00,00,00
33123000,54,false,Rx,0,8,01,01,FE,FF,FE,FF,00,00
33124000,55,false,Rx,0,8,10,27,00,00,00,00,00,00
33134000,56,false,Rx,0,8,10,27,00,00,00,00,00,00
33134000,57,false,Rx,0,8,00,00,FE,FF,FE,FF,00,00
33177000,625,false,Rx,0,8,25,00,11,43,FD,BB,E4,01
33184000,60D,false,Rx,0,8,0D,10,DF,23,02,20,70,00
33277000,625,false,Rx,0,8,25,00,11,43,FD,BB,E4,01
33284000,60D,false,Rx,0,8,0D,10,DF,23,02,20,70,00
33311000,2C4,false,Rx,0,8,05,00,00,00,E1,02,00,00
33311000,2C5,false,Rx,0,8,00,00,00,00,00,00,00,00
33311000,2C6,false,Rx,0,8,F4,01,84,03,00,00,00,00
33323000,54,false,Rx,0,8,01,01,FE,FF,FE,FF,00,00
33324000,55,false,Rx,0,8,10,27,00,00,00,00,00,00
33334000,56,false,Rx,0,8,10,27,00,00,00,00,00,00
33334000,57,false,Rx,0,8,00,00,FE,FF,FE,FF,00,00
33377000,625,false,Rx,0,8,25,00,11,43,FD,BB,E4,01
33384000,60D,false,Rx,0,8,0D,10,DF,23,02,20,70,00
33477000,625,false,Rx,0,8,25,00,11,43,FD,BB,E4,01
33484000,60D,false,Rx,0,8,0D,10,DF,23,02,20,70,00
33511000,2C4,false,Rx,0,8,05,00,00,00,E1,02,00,00
33511000,2C5,false,Rx,0,8,00,00,00,00,00,00,00,00
33511000,2C6,false,Rx,0,8,F4,01,84,03,00,00,00,00
33523000,54,false,Rx,0,8,01,01,FE,FF,FE,FF,00,00
33524000,55,false,Rx,0,8,10,27,00,00,00,00,00,00
33534000,56,false,Rx,0,8,10,27,00,00,00,00,00,00
33534000,57,false,Rx,0,8,00,00,FE,FF,FE,FF,00,00
33577000,625,false,Rx,0,8,25,00,11,43,FD,BB,E4,01
33584000,60D,false,Rx,0,8,0D,10,DF,23,02,20,70,00
33677000,625,false,Rx,0,8,25,00,11,43,FD,BB,E4,01
33684000,60D,false,Rx,0,8,0D,10,DF,23,02,20,70,00
33711000,2C4,false,Rx,0,8,05,00,00,00,E1,02,00,00
33711000,2C5,false,Rx,0,8,00,00,00,00,00,00,00,00
33711000,2C6,false,Rx,0,8,F4,01,84,03,00,00,00,00
33723000,54,false,Rx,0,8,01,01,FE,FF,FE,FF,00,00
33724000,55,false,Rx,0,8,10,27,00,00,00,00,00,00
33734000,56,false,Rx,0,8,10,27,00,00,00,00,00,00
33734000,57,false,Rx,0,8,00,00,FE,FF,FE,FF,00,00
33777000,625,false,Rx,0,8,25,00,11,43,FD,BB,E4,01
33784000,60D,false,Rx,0,8,0D,10,DF,23,02,20,70,00
33877000,625,false,Rx,0,8,25,00,11,43,FD,BB,E4,01
33884000,60D,false,Rx,0,8,0D,10,DF,23,02,20,70,00
33911000,2C4,false,Rx,0,8,05,00,00,00,E1,02,00,00
33911000,2C5,false,Rx,0,8,00,00,00,00,00,00,00,00
33911000,2C6,false,Rx,0,8,F4,01,84,03,00,00,00,00
33923000,54,false,Rx,0,8,01,01,FE,FF,FE,FF,00,00
33923000,55,false,Rx,0,8,10,27,00,00,00,00,00,00
33934000,56,false,Rx,0,8,10,27,00,00,00,00,00,00
33934000,57,false,Rx,0,8,00,00,FE,FF,FE,FF,00,00
33977000,625,false,Rx,0,8,25,00,11,43,FD,BB,E4,01
33984000,60D,false,Rx,0,8,0D,10,DF,23,02,20,70,00
34077000,625,false,Rx,0,8,25,00,11,43,FD,BB,E4,01
34084000,60D,false,Rx,0,8,0D,10,DF,23,02,20,70,00
34111000,2C4,false,Rx,0,8,05,00,00,00,E1,02,00,00
34111000,2C5,false,Rx,0,8,00,00,00,00,00,00,00,00
34111000,2C6,false,Rx,0,8,F4,01,84,03,00,00,00,00
34123000,54,false,Rx,0,8,01,01,FE,FF,FE,FF,00,00
34124000,55,false,Rx,0,8,10,27,00,00,00,00,00,00
34134000,56,false,Rx,0,8,10,27,00,00,00,00,00,00
34134000,57,false,Rx,0,8,00,00,FE,FF,FE,FF,00,00
34177000,625,false,Rx,0,8,25,00,11,43,FD,BB,E4,01
34184000,60D,false,Rx,0,8,0D,10,DF,23,02,20,70,00
34277000,625,false,Rx,0,8,25,00,11,43,FD,BB,E4,01
34284000,60D,false,Rx,0,8,0D,10,DF,23,02,20,70,00
34311000,2C4,false,Rx,0,8,05,00,00,00,DF,02,00,00
34311000,2C5,false,Rx,0,8,00,00,00,00,00,00,00,00
34311000,2C6,false,Rx,0,8,F4,01,84,03,00,00,00,00
34323000,54,false,Rx,0,8,01,01,FE,FF,FE,FF,00,00
34324000,55,false,Rx,0,8,10,27,00,00,00,00,00,00
34334000,56,false,Rx,0,8,10,27,00,00,00,00,00,00
34334000,57,false,Rx,0,8,00,00,FE,FF,FE,FF,00,00
34377000,625,false,Rx,0,8,25,00,11,43,FD,BB,E4,01
34384000,60D,false,Rx,0,8,0D,10,DF,23,02,20,70,00
34477000,625,false,Rx,0,8,25,00,11,43,FD,BB,E4,01
34484000,60D,false,Rx,0,8,0D,10,DF,23,02,20,70,00
34511000,2C4,false,Rx,0,8,05,00,00,00,DF,02,00,00
34511000,2C5,false,Rx,0,8,00,00,00,00,00,00,00,00
34511000,2C6,false,Rx,0,8,F4,01,84,03,00,00,00,00
34523000,54,false,Rx,0,8,01,01,FE,FF,FE,FF,00,00
34523000,55,false,Rx,0,8,10,27,00,00,00,00,00,00
34534000,56,false,Rx,0,8,10,27,00,00,00,00,00,00
34534000,57,false,Rx,0,8,00,00,FE,FF,FE,FF,00,00
34577000,625,false,Rx,0,8,25,00,11,43,FD,BB,E4,01
34584000,60D,false,Rx,0,8,0D,10,DF,23,02,20,70,00
34677000,625,false,Rx,0,8,25,00,11,43,FD,BB,E4,01
34684000,60D,false,Rx,0,8,0D,10,DF,23,02,20,70,00
34711000,2C4,false,Rx,0,8,05,00,00,00,E1,02,00,00
34711000,2C5,false,Rx,0,8,00,00,00,00,00,00,00,00
34711000,2C6,false,Rx,0,8,F4,01,84,03,00,00,00,00
34723000,54,false,Rx,0,8,01,01,FE,FF,FE,FF,00,00
34723000,55,false,Rx,0,8,10,27,00,00,00,00,00,00
34734000,56,false,Rx,0,8,10,27,00,00,00,00,00,00
34734000,57,false,Rx,0,8,00,00,FE,FF,FE,FF,00,00
34777000,625,false,Rx,0,8,25,00,11,43,FD,BB,E4,01
34784000,60D,false,Rx,0,8,0D,10,DF,23,02,20,70,00
34877000,625,false,Rx,0,8,25,00,11,43,FD,BB,E4,01
34884000,60D,false,Rx,0,8,0D,10,DF,23,02,20,70,00
34911000,2C4,false,Rx,0,8,05,00,00,00,E1,02,00,00
34911000,2C5,false,Rx,0,8,00,00,00,00,00,00,00,00
34911000,2C6,false,Rx,0,8,F4,01,84,03,00,00,00,00
34923000,54,false,Rx,0,8,01,01,FE,FF,FE,FF,00,00
34924000,55,false,Rx,0,8,10,27,00,00,00,00,00,00
34934000,56,false,Rx,0,8,10,27,00,00,00,00,00,00
34934000,57,false,Rx,0,8,00,00,FE,FF,FE,FF,00,00
34977000,625,false,Rx,0,8,25,00,11,43,FD,BB,E4,01
34984000,60D,false,Rx,0,8,0D,10,DF,23,02,20,70,00
35077000,625,false,Rx,0,8,25,00,11,43,FD,BB,E4,01
35084000,60D,false,Rx,0,8,0D,10,DF,23,02,20,70,00
35111000,2C4,false,Rx,0,8,05,00,00,00,E1,02,00,00
35111000,2C5,false,Rx,0,8,00,00,00,00,00,00,00,00
35111000,2C6,false,Rx,0,8,F4,01,84,03,00,00,00,00
35123000,54,false,Rx,0,8,01,01,FE,FF,FE,FF,00,00
35124000,55,false,Rx,0,8,10,27,00,00,00,00,00,00
35134000,56,false,Rx,0,8,10,27,00,00,00,00,00,00
35134000,57,false,Rx,0,8,00,00,FE,FF,FE,FF,00,00
35177000,625,false,Rx,0,8,25,00,11,43,FD,BB,E4,01
35184000,60D,false,Rx,0,8,0D,10,DF,23,02,20,70,00
35277000,625,false,Rx,0,8,25,00,11,43,FD,BB,E4,01
35284000,60D,false,Rx,0,8,0D,10,DF,23,02,20,70,00
35311000,2C4,false,Rx,0,8,05,00,00,00,DF,02,00,00
35311000,2C5,false,Rx,0,8,00,00,00,00,00,00,00,00
35311000,2C6,false,Rx,0,8,F4,01,84,03,00,00,00,00
35323000,54,false,Rx,0,8,01,01,FE,FF,FE,FF,00,00
35324000,55,false,Rx,0,8,10,27,00,00,00,00,00,00
35334000,56,false,Rx,0,8,10,27,00,00,00,00,00,00
35334000,57,false,Rx,0,8,00,00,FE,FF,FE,FF,00,00
35377000,625,false,Rx,0,8,25,00,11,43,FD,BB,E4,01
35384000,60D,false,Rx,0,8,0D,10,DF,23,02,20,70,00
35476000,625,false,Rx,0,8,25,00,11,43,FD,BB,E4,01
35484000,60D,false,Rx,0,8,0D,10,DF,23,02,20,70,00
35511000,2C4,false,Rx,0,8,05,00,00,00,DF,02,00,00
35511000,2C5,false,Rx,0,8,00,00,00,00,00,00,00,00
35511000,2C6,false,Rx,0,8,F4,01,84,03,00,00,00,00
35523000,54,false,Rx,0,8,01,01,FE,FF,FE,FF,00,00
35523000,55,false,Rx,0,8,10,27,00,00,00,00,00,00
35534000,56,false,Rx,0,8,10,27,00,00,00,00,00,00
35534000,57,false,Rx,0,8,00,00,FE,FF,FE,FF,00,00
35577000,625,false,Rx,0,8,25,00,11,43,FD,BB,E4,01
35584000,60D,false,Rx,0,8,0D,10,DF,23,02,20,70,00
35676000,625,false,Rx,0,8,25,00,11,43,FD,BB,E4,01
35684000,60D,false,Rx,0,8,0D,10,DF,23,02,20,70,00
35711000,2C4,false,Rx,0,8,05,00,00,00,DF,02,00,00
35711000,2C5,false,Rx,0,8,00,00,00,00,00,00,00,00
35711000,2C6,false,Rx,0,8,F4,01,84,03,00,00,00,00
35723000,54,false,Rx,0,8,01,01,FE,FF,FE,FF,00,00
35724000,55,false,Rx,0,8,10,27,00,00,00,00,00,00
35734000,56,false,Rx,0,8,10,27,00,00,00,00,00,00
35734000,57,false,Rx,0,8,00,00,FE,FF,FE,FF,00,00
35776000,625,false,Rx,0,8,25,00,11,43,FD,BB,E4,01
35784000,60D,false,Rx,0,8,0D,10,DF,23,02,20,70,00
35876000,625,false,Rx,0,8,25,00,11,43,FD,BB,E4,01
35884000,60D,false,Rx,0,8,0D,10,DF,23,02,20,70,00
35911000,2C4,false,Rx,0,8,05,00,00,00,E1,02,00,00
35911000,2C5,false,Rx,0,8,00,00,00,00,00,00,00,00
35911000,2C6,false,Rx,0,8,F4,01,84,03,00,00,00,00
35923000,54,false,Rx,0,8,01,01,FE,FF,FE,FF,00,00
35924000,55,false,Rx,0,8,10,27,00,00,00,00,00,00
35934000,56,false,Rx,0,8,10,27,00,00,00,00,00,00
35934000,57,false,Rx,0,8,00,00,FE,FF,FE,FF,00,00
35976000,625,false,Rx,0,8,25,00,11,43,FD,BB,E4,01
35984000,60D,false,Rx,0,8,0D,10,DF,23,02,20,70,00
36076000,625,false,Rx,0,8,25,00,11,43,FD,BB,E4,01
36084000,60D,false,Rx,0,8,0D,10,DF,23,02,20,70,00
36111000,2C4,false,Rx,0,8,05,00,00,00,DF,02,00,00
36111000,2C5,false,Rx,0,8,00,00,00,00,00,00,00,00
36111000,2C6,false,Rx,0,8,F4,01,84,03,00,00,00,00
36123000,54,false,Rx,0,8,01,01,FE,FF,FE,FF,00,00
36123000,55,false,Rx,0,8,10,27,00,00,00,00,00,00
36134000,56,false,Rx,0,8,10,27,00,00,00,00,00,00
36134000,57,false,Rx,0,8,00,00,FE,FF,FE,FF,00,00
36176000,625,false,Rx,0,8,25,00,11,43,FD,BB,E4,01
36184000,60D,false,Rx,0,8,0D,10,DF,23,02,20,70,00
36276000,625,false,Rx,0,8,25,00,11,43,FD,BB,E4,01
36284000,60D,false,Rx,0,8,0D,10,DF,23,02,20,70,00
36311000,2C4,false,Rx,0,8,05,00,00,00,DF,02,00,00
36311000,2C5,false,Rx,0,8,00,00,00,00,00,00,00,00
36311000,2C6,false,Rx,0,8,F4,01,84,03,00,00,00,00
36323000,54,false,Rx,0,8,01,01,FE,FF,FE,FF,00,00
36323000,55,false,Rx,0,8,10,27,00,00,00,00,00,00
36334000,56,false,Rx,0,8,10,27,00,00,00,00,00,00
36334000,57,false,Rx,0,8,00,00,FE,FF,FE,FF,00,00
36376000,625,false,Rx,0,8,25,00,11,43,FD,BB,E4,01
36384000,60D,false,Rx,0,8,0D,10,DF,23,02,20,70,00
36476000,625,false,Rx,0,8,25,00,11,43,FD,BB,E4,01
36484000,60D,false,Rx,0,8,0D,10,DF,23,02,20,70,00
36511000,2C4,false,Rx,0,8,05,00,00,00,DF,02,00,00
36511000,2C5,false,Rx,0,8,00,00,00,00,00,00,00,00
36511000,2C6,false,Rx,0,8,F4,01,84,03,00,00,00,00
36523000,54,false,Rx,0,8,01,01,FE,FF,FE,FF,00,00
36524000,55,false,Rx,0,8,10,27,00,00,00,00,00,00
36534000,56,false,Rx,0,8,10,27,00,00,00,00,00,00
36534000,57,false,Rx,0,8,00,00,FE,FF,FE,FF,00,00
36576000,625,false,Rx,0,8,25,00,11,43,FD,BB,E4,01
36584000,60D,false,Rx,0,8,0D,10,DF,23,02,20,70,00
36676000,625,false,Rx,0,8,25,00,11,43,FD,BB,E4,01
36684000,60D,false,Rx,0,8,0D,10,DF,23,02,20,70,00
36711000,2C4,false,Rx,0,8,05,00,00,00,DF,02,00,00
36711000,2C5,false,Rx,0,8,00,00,00,00,00,00,00,00
36711000,2C6,false,Rx,0,8,F4,01,84,03,00,00,00,00
36723000,54,false,Rx,0,8,01,01,FE,FF,FE,FF,00,00
36724000,55,false,Rx,0,8,10,27,00,00,00,00,00,00
36734000,56,false,Rx,0,8,10,27,00,00,00,00,00,00
36734000,57,false,Rx,0,8,00,00,FE,FF,FE,FF,00,00
36776000,625,false,Rx,0,8,25,00,11,43,FD,BB,E4,01
36784000,60D,false,Rx,0,8,0D,10,DF,23,02,20,70,00
36876000,625,false,Rx,0,8,25,00,11,43,FD,BB,E4,01
36884000,60D,false,Rx,0,8,0D,10,DF,23,02,20,70,00
36911000,2C4,false,Rx,0,8,05,00,00,00,DF,02,00,00
36911000,2C5,false,Rx,0,8,00,00,00,00,00,00,00,00
36911000,2C6,false,Rx,0,8,F4,01,84,03,00,00,00,00
36923000,54,false,Rx,0,8,01,01,FE,FF,FE,FF,00,00
36924000,55,false,Rx,0,8,10,27,00,00,00,00,00,00
36934000,56,false,Rx,0,8,10,27,00,00,00,00,00,00
36934000,57,false,Rx,0,8,00,00,FE,FF,FE,FF,00,00
36976000,625,false,Rx,0,8,25,00,11,43,FD,BB,E4,01
36984000,60D,false,Rx,0,8,0D,10,DF,23,02,20,70,00
37076000,625,false,Rx,0,8,25,00,11,43,FD,BB,E4,01
37084000,60D,false,Rx,0,8,0D,10,DF,23,02,20,70,00
37111000,2C4,false,Rx,0,8,05,00,00,00,DF,02,00,00
37111000,2C5,false,Rx,0,8,00,00,00,00,00,00,00,00
37111000,2C6,false,Rx,0,8,F4,01,84,03,00,00,00,00
37123000,54,false,Rx,0,8,01,01,FE,FF,FE,FF,00,00
37123000,55,false,Rx,0,8,10,27,00,00,00,00,00,00
37134000,56,false,Rx,0,8,10,27,00,00,00,00,00,00
37134000,57,false,Rx,0,8,00,00,FE,FF,FE,FF,00,00
37176000,625,false,Rx,0,8,25,00,11,43,FD,BB,E4,01
37184000,60D,false,Rx,0,8,0D,10,DF,23,02,20,70,00
37276000,625,false,Rx,0,8,25,00,11,43,FD,BB,E4,01
37284000,60D,false,Rx,0,8,0D,10,DF,23,02,20,70,00
37311000,2C4,false,Rx,0,8,05,00,00,00,DF,02,00,00
37311000,2C5,false,Rx,0,8,00,00,00,00,00,00,00,00
37311000,2C6,false,Rx,0,8,F4,01,84,03,00,00,00,00
37323000,54,false,Rx,0,8,01,01,FE,FF,FE,FF,00,00
37323000,55,false,Rx,0,8,10,27,00,00,00,00,00,00
37334000,56,false,Rx,0,8,10,27,00,00,00,00,00,00
37334000,57,false,Rx,0,8,00,00,FE,FF,FE,FF,00,00
37376000,625,false,Rx,0,8,25,00,11,43,FD,BB,E4,01
37384000,60D,false,Rx,0,8,0D,10,DF,23,02,20,70,00
37476000,625,false,Rx,0,8,25,00,11,43,FD,BB,E4,01
37484000,60D,false,Rx,0,8,0D,10,DF,23,02,20,70,00
37511000,2C4,false,Rx,0,8,05,00,00,00,DF,02,00,00
37511000,2C5,false,Rx,0,8,00,00,00,00,00,00,00,00
37511000,2C6,false,Rx,0,8,F4,01,84,03,00,00,00,00
37523000,54,false,Rx,0,8,01,01,FE,FF,FE,FF,00,00
37524000,55,false,Rx,0,8,10,27,00,00,00,00,00,00
37534000,56,false,Rx,0,8,10,27,00,00,00,00,00,00
37534000,57,false,Rx,0,8,00,00,FE,FF,FE,FF,00,00
37576000,625,false,Rx,0,8,25,00,11,43,FD,BB,E4,01
37584000,60D,false,Rx,0,8,0D,10,DF,23,02,20,70,00
37676000,625,false,Rx,0,8,25,00,11,43,FD,BB,E4,01
37684000,60D,false,Rx,0,8,0D,10,DF,23,02,20,70,00
37711000,2C4,false,Rx,0,8,05,00,00,00,DF,02,00,00
37711000,2C5,false,Rx,0,8,00,00,00,00,00,00,00,00
37711000,2C6,false,Rx,0,8,F4,01,84,03,00,00,00,00
37723000,54,false,Rx,0,8,01,01,FE,FF,FE,FF,00,00
37724000,55,false,Rx,0,8,10,27,00,00,00,00,00,00
37734000,56,false,Rx,0,8,10,27,00,00,00,00,00,00
37734000,57,false,Rx,0,8,00,00,FE,FF,FE,FF,00,00
37776000,625,false,Rx,0,8,25,00,11,43,FD,BB,E4,01
37784000,60D,false,Rx,0,8,0D,10,DF,23,02,20,70,00
37876000,625,false,Rx,0,8,25,00,11,43,FD,BB,E4,01
37884000,60D,false,Rx,0,8,0D,10,DF,23,02,20,70,00
37911000,2C4,false,Rx,0,8,05,00,00,00,DF,02,00,00
37911000,2C5,false,Rx,0,8,00,00,00,00,00,00,00,00
37911000,2C6,false,Rx,0,8,F4,01,84,03,00,00,00,00
37923000,54,false,Rx,0,8,01,01,FE,FF,FE,FF,00,00
37923000,55,false,Rx,0,8,10,27,00,00,00,00,00,00
37934000,56,false,Rx,0,8,10,27,00,00,00,00,00,00
37934000,57,false,Rx,0,8,00,00,FE,FF,FE,FF,00,00
37976000,625,false,Rx,0,8,25,00,11,43,FD,BB,E4,01
37984000,60D,false,Rx,0,8,0D,10,DF,23,02,20,70,00
38076000,625,false,Rx,0,8,25,00,11,43,FD,BB,E4,01
38084000,60D,false,Rx,0,8,0D,10,DF,23,02,20,70,00
38110000,2C4,false,Rx,0,8,05,00,00,00,DF,02,00,00
38111000,2C5,false,Rx,0,8,00,00,00,00,00,00,00,00
38111000,2C6,false,Rx,0,8,F4,01,84,03,00,00,00,00
38123000,54,false,Rx,0,8,01,01,FE,FF,FE,FF,00,00
38124000,55,false,Rx,0,8,10,27,00,00,00,00,00,00
38134000,56,false,Rx,0,8,10,27,00,00,00,00,00,00
38134000,57,false,Rx,0,8,00,00,FE,FF,FE,FF,00,00
38176000,625,false,Rx,0,8,25,00,11,43,FD,BB,E4,01
38184000,60D,false,Rx,0,8,0D,10,DF,23,02,20,70,00
38276000,625,false,Rx,0,8,25,00,11,43,FD,BB,E4,01
38284000,60D,false,Rx,0,8,0D,10,DF,23,02,20,70,00
38310000,2C4,false,Rx,0,8,05,00,00,00,DF,02,00,00
38311000,2C5,false,Rx,0,8,00,00,00,00,00,00,00,00
38311000,2C6,false,Rx,0,8,F4,01,84,03,00,00,00,00
38323000,54,false,Rx,0,8,01,01,FE,FF,FE,FF,00,00
38324000,55,false,Rx,0,8,10,27,00,00,00,00,00,00
38334000,56,false,Rx,0,8,10,27,00,00,00,00,00,00
38334000,57,false,Rx,0,8,00,00,FE,FF,FE,FF,00,00
38376000,625,false,Rx,0,8,25,00,11,43,FD,BB,E4,01
38384000,60D,false,Rx,0,8,0D,10,DF,23,02,20,70,00
38476000,625,false,Rx,0,8,25,00,11,43,FD,BB,E4,01
38484000,60D,false,Rx,0,8,0D,10,DF,23,02,20,70,00
38510000,2C4,false,Rx,0,8,05,00,00,00,DF,02,00,00
38511000,2C5,false,Rx,0,8,00,00,00,00,00,00,00,00
38511000,2C6,false,Rx,0,8,F4,01,84,03,00,00,00,00
38523000,54,false,Rx,0,8,01,01,FE,FF,FE,FF,00,00
38524000,55,false,Rx,0,8,10,27,00,00,00,00,00,00
38524000,56,false,Rx,0,8,10,27,00,00,00,00,00,00
38534000,57,false,Rx,0,8,00,00,FE,FF,FE,FF,00,00
38576000,625,false,Rx,0,8,25,00,11,43,FD,BB,E4,01
38584000,60D,false,Rx,0,8,0D,10,DF,23,02,20,70,00
38676000,625,false,Rx,0,8,25,00,11,43,FD,BB,E4,01
38684000,60D,false,Rx,0,8,0D,10,DF,23,02,20,70,00
38710000,2C4,false,Rx,0,8,05,00,00,00,DF,02,00,00
38711000,2C5,false,Rx,0,8,00,00,00,00,00,00,00,00
38711000,2C6,false,Rx,0,8,F4,01,84,03,00,00,00,00
38723000,54,false,Rx,0,8,01,01,FE,FF,FE,FF,00,00
38723000,55,false,Rx,0,8,10,27,00,00,00,00,00,00
38734000,56,false,Rx,0,8,10,27,00,00,00,00,00,00
38734000,57,false,Rx,0,8,00,00,FE,FF,FE,FF,00,00
38776000,625,false,Rx,0,8,25,00,11,43,FD,BB,E4,01
38784000,60D,false,Rx,0,8,0D,10,DF,23,02,20,70,00
38876000,625,false,Rx,0,8,25,00,11,43,FD,BB,E4,01
38884000,60D,false,Rx,0,8,0D,10,DF,23,02,20,70,00
38910000,2C4,false,Rx,0,8,05,00,00,00,DF,02,00,00
38911000,2C5,false,Rx,0,8,00,00,00,00,00,00,00,00
38911000,2C6,false,Rx,0,8,F4,01,84,03,00,00,00,00
38923000,54,false,Rx,0,8,01,01,FE,FF,FE,FF,00,00
38924000,55,false,Rx,0,8,10,27,00,00,00,00,00,00
38924000,56,false,Rx,0,8,10,27,00,00,00,00,00,00
38934000,57,false,Rx,0,8,00,00,FE,FF,FE,FF,00,00
38976000,625,false,Rx,0,8,25,00,11,43,FD,BB,E4,01
38984000,60D,false,Rx,0,8,0D,10,DF,23,02,20,70,00
39076000,625,false,Rx,0,8,25,00,11,43,FD,BB,E4,01
39084000,60D,false,Rx,0,8,0D,10,DF,23,02,20,70,00
39110000,2C4,false,Rx,0,8,05,00,00,00,DF,02,00,00
39111000,2C5,false,Rx,0,8,00,00,00,00,00,00,00,00
39111000,2C6,false,Rx,0,8,F4,01,84,03,00,00,00,00
39123000,54,false,Rx,0,8,01,01,FE,FF,FE,FF,00,00
39123000,55,false,Rx,0,8,10,27,00,00,00,00,00,00
39134000,56,false,Rx,0,8,10,27,00,00,00,00,00,00
39134000,57,false,Rx,0,8,00,00,FE,FF,FE,FF,00,00
39176000,625,false,Rx,0,8,25,00,11,43,FD,BB,E4,01
39184000,60D,false,Rx,0,8,0D,10,DF,23,02,20,70,00
39276000,625,false,Rx,0,8,25,00,11,43,FD,BB,E4,01
39284000,60D,false,Rx,0,8,0D,10,DF,23,02,20,70,00
39310000,2C4,false,Rx,0,8,05,00,00,00,DF,02,00,00
39311000,2C5,false,Rx,0,8,00,00,00,00,00,00,00,00
39311000,2C6,false,Rx,0,8,F4,01,84,03,00,00,00,00
39323000,54,false,Rx,0,8,01,01,FE,FF,FE,FF,00,00
39324000,55,false,Rx,0,8,10,27,00,00,00,00,00,00
39324000,56,false,Rx,0,8,10,27,00,00,00,00,00,00
39334000,57,false,Rx,0,8,00,00,FE,FF,FE,FF,00,00
39376000,625,false,Rx,0,8,25,00,11,43,FD,BB,E4,01
39384000,60D,false,Rx,0,8,0D,10,DF,23,02,20,70,00
39476000,625,false,Rx,0,8,25,00,11,43,FD,BB,E4,01
39484000,60D,false,Rx,0,8,0D,10,DF,23,02,20,70,00
39510000,2C4,false,Rx,0,8,05,00,00,00,DF,02,00,00
39511000,2C5,false,Rx,0,8,00,00,00,00,00,00,00,00
39511000,2C6,false,Rx,0,8,F4,01,84,03,00,00,00,00
39523000,54,false,Rx,0,8,01,01,FE,FF,FE,FF,00,00
39523000,55,false,Rx,0,8,10,27,00,00,00,00,00,00
39534000,56,false,Rx,0,8,10,27,00,00,00,00,00,00
39534000,57,false,Rx,0,8,00,00,FE,FF,FE,FF,00,00
39576000,625,false,Rx,0,8,25,00,11,43,FD,BB,E4,01
39584000,60D,false,Rx,0,8,0D,10,DF,23,02,20,70,00
39676000,625,false,Rx,0,8,25,00,11,43,FD,BB,E4,01
39684000,60D,false,Rx,0,8,0D,10,DF,23,02,20,70,00
39710000,2C4,false,Rx,0,8,05,00,00,00,DF,02,00,00
39711000,2C5,false,Rx,0,8,00,00,00,00,00,00,00,00
39711000,2C6,false,Rx,0,8,F4,01,84,03,00,00,00,00
39723000,54,false,Rx,0,8,01,01,FE,FF,FE,FF,00,00
39724000,55,false,Rx,0,8,10,27,00,00,00,00,00,00
39724000,56,false,Rx,0,8,10,27,00,00,00,00,00,00
39734000,57,false,Rx,0,8,00,00,FE,FF,FE,FF,00,00
39776000,625,false,Rx,0,8,25,00,11,43,FD,BB,E4,01
39784000,60D,false,Rx,0,8,0D,10,DF,23,02,20,70,00
39876000,625,false,Rx,0,8,25,00,11,43,FD,BB,E4,01
39884000,60D,false,Rx,0,8,0D,10,DF,23,02,20,70,00
39910000,2C4,false,Rx,0,8,05,00,00,00,DF,02,00,00
39911000,2C5,false,Rx,0,8,00,00,00,00,00,00,00,00
39911000,2C6,false,Rx,0,8,F4,01,84,03,00,00,00,00
39923000,54,false,Rx,0,8,01,01,FE,FF,FE,FF,00,00
39924000,55,false,Rx,0,8,10,27,00,00,00,00,00,00
39924000,56,false,Rx,0,8,10,27,00,00,00,00,00,00
39934000,57,false,Rx,0,8,00,00,FE,FF,FE,FF,00,00
39976000,625,false,Rx,0,8,25,00,11,43,FD,BB,E4,01
39984000,60D,false,Rx,0,8,0D,10,DF,23,02,20,70,00
40076000,625,false,Rx,0,8,25,00,11,43,FD,BB,E4,01
40084000,60D,false,Rx,0,8,0D,10,DF,23,02,20,70,00
40110000,2C4,false,Rx,0,8,05,00,00,00,DF,02,00,00
40111000,2C5,false,Rx,0,8,00,00,00,00,00,00,00,00
40111000,2C6,false,Rx,0,8,F4,01,84,03,00,00,00,00
40123000,54,false,Rx,0,8,01,01,FE,FF,FE,FF,00,00
40124000,55,false,Rx,0,8,10,27,00,00,00,00,00,00
40124000,56,false,Rx,0,8,10,27,00,00,00,00,00,00
40134000,57,false,Rx,0,8,00,00,FE,FF,FE,FF,00,00
40176000,625,false,Rx,0,8,25,00,11,43,FD,BB,E4,01
40184000,60D,false,Rx,0,8,0D,10,DF,23,02,20,70,00
40276000,625,false,Rx,0,8,25,00,11,43,FD,BB,E4,01
40284000,60D,false,Rx,0,8,0D,10,DF,23,02,20,70,00
40310000,2C4,false,Rx,0,8,05,00,00,00,DF,02,00,00
40311000,2C5,false,Rx,0,8,00,00,00,00,00,00,00,00
40311000,2C6,false,Rx,0,8,F4,01,84,03,00,00,00,00
40323000,54,false,Rx,0,8,01,01,FE,FF,FE,FF,00,00
40323000,55,false,Rx,0,8,10,27,00,00,00,00,00,00
40334000,56,false,Rx,0,8,10,27,00,00,00,00,00,00
40334000,57,false,Rx,0,8,00,00,FE,FF,FE,FF,00,00
40376000,625,false,Rx,0,8,25,00,11,43,FD,BB,E4,01
40384000,60D,false,Rx,0,8,0D,10,DF,23,02,20,70,00
40476000,625,false,Rx,0,8,25,00,11,43,FD,BB,E4,01
40484000,60D,false,Rx,0,8,0D,10,DF,23,02,20,70,00
40510000,2C4,false,Rx,0,8,05,00,00,00,DF,02,00,00
40511000,2C5,false,Rx,0,8,00,00,00,00,00,00,00,00
40511000,2C6,false,Rx,0,8,F4,01,84,03,00,00,00,00
40523000,54,false,Rx,0,8,01,01,FE,FF,FE,FF,00,00
40524000,55,false,Rx,0,8,10,27,00,00,00,00,00,00
40524000,56,false,Rx,0,8,10,27,00,00,00,00,00,00
40534000,57,false,Rx,0,8,00,00,FE,FF,FE,FF,00,00
40576000,625,false,Rx,0,8,25,00,11,43,FD,BB,E4,01
40584000,60D,false,Rx,0,8,0D,10,DF,23,02,20,70,00
40676000,625,false,Rx,0,8,25,00,11,43,FD,BB,E4,01
40684000,60D,false,Rx,0,8,0D,10,DF,23,02,20,70,00
40710000,2C4,false,Rx,0,8,05,00,00,00,DF,02,00,00
40711000,2C5,false,Rx,0,8,00,00,00,00,00,00,00,00
40711000,2C6,false,Rx,0,8,F4,01,84,03,00,00,00,00
40723000,54,false,Rx,0,8,01,01,FE,FF,FE,FF,00,00
40724000,55,false,Rx,0,8,10,27,00,00,00,00,00,00
40724000,56,false,Rx,0,8,10,27,00,00,00,00,00,00
40734000,57,false,Rx,0,8,00,00,FE,FF,FE,FF,00,00
40776000,625,false,Rx,0,8,25,00,11,43,FD,BB,E4,01
40784000,60D,false,Rx,0,8,0D,10,DF,23,02,20,70,00
40876000,625,false,Rx,0,8,25,00,11,43,FD,BB,E4,01
40884000,60D,false,Rx,0,8,0D,10,DF,23,02,20,70,00
40910000,2C4,false,Rx,0,8,05,00,00,00,DF,02,00,00
40911000,2C5,false,Rx,0,8,00,00,00,00,00,00,00,00
40911000,2C6,false,Rx,0,8,F4,01,84,03,00,00,00,00
40923000,54,false,Rx,0,8,01,01,FE,FF,FE,FF,00,00
40924000,55,false,Rx,0,8,10,27,00,00,00,00,00,00
40924000,56,false,Rx,0,8,10,27,00,00,00,00,00,00
40934000,57,false,Rx,0,8,00,00,FE,FF,FE,FF,00,00
40976000,625,false,Rx,0,8,25,00,11,43,FD,BB,E4,01
40984000,60D,false,Rx,0,8,0D,10,DF,23,02,20,70,00
41076000,625,false,Rx,0,8,25,00,11,43,FD,BB,E4,01
41084000,60D,false,Rx,0,8,0D,10,DF,23,02,20,70,00
41110000,2C4,false,Rx,0,8,05,00,00,00,DF,02,00,00
41111000,2C5,false,Rx,0,8,00,00,00,00,00,00,00,00
41111000,2C6,false,Rx,0,8,F4,01,84,03,00,00,00,00
41123000,54,false,Rx,0,8,01,01,FE,FF,FE,FF,00,00
41123000,55,false,Rx,0,8,10,27,00,00,00,00,00,00
41124000,56,false,Rx,0,8,10,27,00,00,00,00,00,00
41134000,57,false,Rx,0,8,00,00,FE,FF,FE,FF,00,00
41176000,625,false,Rx,0,8,25,00,11,43,FD,BB,E4,01
41184000,60D,false,Rx,0,8,0D,10,DF,23,02,20,70,00
41276000,625,false,Rx,0,8,25,00,11,43,FD,BB,E4,01
41284000,60D,false,Rx,0,8,0D,10,DF,23,02,20,70,00
41310000,2C4,false,Rx,0,8,05,00,00,00,DF,02,00,00
41311000,2C5,false,Rx,0,8,00,00,00,00,00,00,00,00
41311000,2C6,false,Rx,0,8,F4,01,84,03,00,00,00,00
41323000,54,false,Rx,0,8,01,01,FE,FF,FE,FF,00,00
41323000,55,false,Rx,0,8,10,27,00,00,00,00,00,00
41334000,56,false,Rx,0,8,10,27,00,00,00,00,00,00
41334000,57,false,Rx,0,8,00,00,FE,FF,FE,FF,00,00
41376000,625,false,Rx,0,8,25,00,11,43,FD,BB,E4,01
41384000,60D,false,Rx,0,8,0D,10,DF,23,02,20,70,00
41476000,625,false,Rx,0,8,25,00,11,43,FD,BB,E4,01
41484000,60D,false,Rx,0,8,0D,10,DF,23,02,20,70,00
41510000,2C4,false,Rx,0,8,05,00,00,00,DF,02,00,00
41511000,2C5,false,Rx,0,8,00,00,00,00,00,00,00,00
41511000,2C6,false,Rx,0,8,F4,01,84,03,00,00,00,00
41523000,54,false,Rx,0,8,01,01,FE,FF,FE,FF,00,00
41523000,55,false,Rx,0,8,10,27,00,00,00,00,00,00
41534000,56,false,Rx,0,8,10,27,00,00,00,00,00,00
41534000,57,false,Rx,0,8,00,00,FE,FF,FE,FF,00,00
41576000,625,false,Rx,0,8,25,00,11,43,FD,BB,E4,01
41584000,60D,false,Rx,0,8,0D,10,DF,23,02,20,70,00
41676000,625,false,Rx,0,8,25,00,11,43,FD,BB,E4,01
41684000,60D,false,Rx,0,8,0D,10,DF,23,02,20,70,00
41710000,2C4,false,Rx,0,8,05,00,00,00,DF,02,00,00
41711000,2C5,false,Rx,0,8,00,00,00,00,00,00,00,00
41711000,2C6,false,Rx,0,8,F4,01,84,03,00,00,00,00
41723000,54,false,Rx,0,8,01,01,FE,FF,FE,FF,00,00
41723000,55,false,Rx,0,8,10,27,00,00,00,00,00,00
41734000,56,false,Rx,0,8,10,27,00,00,00,00,00,00
41734000,57,false,Rx,0,8,00,00,FE,FF,FE,FF,00,00
41776000,625,false,Rx,0,8,25,00,11,43,FD,BB,E4,01
41784000,60D,false,Rx,0,8,0D,10,DF,23,02,20,70,00
41876000,625,false,Rx,0,8,25,00,11,43,FD,BB,E4,01
41884000,60D,false,Rx,0,8,0D,10,DF,23,02,20,70,00
41910000,2C4,false,Rx,0,8,05,00,00,00,DF,02,00,00
41911000,2C5,false,Rx,0,8,00,00,00,00,00,00,00,00
41911000,2C6,false,Rx,0,8,F4,01,84,03,00,00,00,00
41923000,54,false,Rx,0,8,01,01,FE,FF,FE,FF,00,00
41923000,55,false,Rx,0,8,10,27,00,00,00,00,00,00
41924000,56,false,Rx,0,8,10,27,00,00,00,00,00,00
41934000,57,false,Rx,0,8,00,00,FE,FF,FE,FF,00,00
41976000,625,false,Rx,0,8,25,00,11,43,FD,BB,E4,01
41984000,60D,false,Rx,0,8,0D,10,DF,23,02,20,70,00
42076000,625,false,Rx,0,8,25,00,11,43,FD,BB,E4,01
42084000,60D,false,Rx,0,8,0D,10,DF,23,02,20,70,00
42110000,2C4,false,Rx,0,8,05,00,00,00,DF,02,00,00
42111000,2C5,false,Rx,0,8,00,00,00,00,00,00,00,00
42111000,2C6,false,Rx,0,8,F4,01,84,03,00,00,00,00
42123000,54,false,Rx,0,8,01,01,FE,FF,FE,FF,00,00
42123000,55,false,Rx,0,8,10,27,00,00,00,00,00,00
42124000,56,false,Rx,0,8,10,27,00,00,00,00,00,00
42134000,57,false,Rx,0,8,00,00,FE,FF,FE,FF,00,00
42176000,625,false,Rx,0,8,25,00,11,43,FD,BB,E4,01
42184000,60D,false,Rx,0,8,0D,10,DF,23,02,20,70,00
42276000,625,false,Rx,0,8,25,00,11,43,FD,BB,E4,01
42284000,60D,false,Rx,0,8,0D,10,DF,23,02,20,70,00
42310000,2C4,false,Rx,0,8,05,00,00,00,DF,02,00,00
42311000,2C5,false,Rx,0,8,00,00,00,00,00,00,00,00
42311000,2C6,false,Rx,0,8,F4,01,84,03,00,00,00,00
42323000,54,false,Rx,0,8,01,01,FE,FF,FE,FF,00,00
42323000,55,false,Rx,0,8,10,27,00,00,00,00,00,00
42324000,56,false,Rx,0,8,10,27,00,00,00,00,00,00
42334000,57,false,Rx,0,8,00,00,FE,FF,FE,FF,00,00
42376000,625,false,Rx,0,8,25,00,11,43,FD,BB,E4,01
42384000,60D,false,Rx,0,8,0D,10,DF,23,02,20,70,00
42476000,625,false,Rx,0,8,25,00,11,43,FD,BB,E4,01
42484000,60D,false,Rx,0,8,0D,10,DF,23,02,20,70,00
42510000,2C4,false,Rx,0,8,05,00,00,00,DF,02,00,00
42511000,2C5,false,Rx,0,8,00,00,00,00,00,00,00,00
42511000,2C6,false,Rx,0,8,F4,01,84,03,00,00,00,00
42523000,54,false,Rx,0,8,01,01,FE,FF,FE,FF,00,00
42523000,55,false,Rx,0,8,10,27,00,00,00,00,00,00
42524000,56,false,Rx,0,8,10,27,00,00,00,00,00,00
42534000,57,false,Rx,0,8,00,00,FE,FF,FE,FF,00,00
42576000,625,false,Rx,0,8,25,00,11,43,FD,BB,E4,01
42584000,60D,false,Rx,0,8,0D,10,DF,23,02,20,70,00
42676000,625,false,Rx,0,8,25,00,11,43,FD,BB,E4,01
42684000,60D,false,Rx,0,8,0D,10,DF,23,02,20,70,00
42710000,2C4,false,Rx,0,8,05,00,00,00,DF,02,00,00
42711000,2C5,false,Rx,0,8,00,00,00,00,00,00,00,00
42711000,2C6,false,Rx,0,8,F4,01,84,03,00,00,00,00
42723000,54,false,Rx,0,8,01,01,FE,FF,FE,FF,00,00
42723000,55,false,Rx,0,8,10,27,00,00,00,00,00,00
42734000,56,false,Rx,0,8,10,27,00,00,00,00,00,00
42734000,57,false,Rx,0,8,00,00,FE,FF,FE,FF,00,00
42776000,625,false,Rx,0,8,25,00,11,43,FD,BB,E4,01
42784000,60D,false,Rx,0,8,0D,10,DF,23,02,20,70,00
42876000,625,false,Rx,0,8,25,00,11,43,FD,BB,E4,01
42884000,60D,false,Rx,0,8,0D,10,DF,23,02,20,70,00
42910000,2C4,false,Rx,0,8,05,00,00,00,DF,02,00,00
42910000,2C5,false,Rx,0,8,00,00,00,00,00,00,00,00
42911000,2C6,false,Rx,0,8,F4,01,84,03,00,00,00,00
42923000,54,false,Rx,0,8,01,01,FE,FF,FE,FF,00,00
42923000,55,false,Rx,0,8,10,27,00,00,00,00,00,00
42924000,56,false,Rx,0,8,10,27,00,00,00,00,00,00
42934000,57,false,Rx,0,8,00,00,FE,FF,FE,FF,00,00
42976000,625,false,Rx,0,8,25,00,11,43,FD,BB,E4,01
42984000,60D,false,Rx,0,8,0D,10,DF,23,02,20,70,00
43076000,625,false,Rx,0,8,25,00,11,43,FD,BB,E4,01
43084000,60D,false,Rx,0,8,0D,10,DF,23,02,20,70,00
43110000,2C4,false,Rx,0,8,05,00,00,00,DF,02,00,00
43110000,2C5,false,Rx,0,8,00,00,00,00,00,00,00,00
43111000,2C6,false,Rx,0,8,F4,01,84,03,00,00,00,00
43123000,54,false,Rx,0,8,01,01,FE,FF,FE,FF,00,00
43123000,55,false,Rx,0,8,10,27,00,00,00,00,00,00
43124000,56,false,Rx,0,8,10,27,00,00,00,00,00,00
43134000,57,false,Rx,0,8,00,00,FE,FF,FE,FF,00,00
43176000,625,false,Rx,0,8,25,00,11,43,FD,BB,E4,01
43184000,60D,false,Rx,0,8,0D,10,DF,23,02,20,70,00
43276000,625,false,Rx,0,8,25,00,11,43,FD,BB,E4,01
43284000,60D,false,Rx,0,8,0D,10,DF,23,02,20,70,00
43310000,2C4,false,Rx,0,8,05,00,00,00,DF,02,00,00
43310000,2C5,false,Rx,0,8,00,00,00,00,00,00,00,00
43311000,2C6,false,Rx,0,8,F4,01,84,03,00,00,00,00
43323000,54,false,Rx,0,8,01,01,FE,FF,FE,FF,00,00
43323000,55,false,Rx,0,8,10,27,00,00,00,00,00,00
43324000,56,false,Rx,0,8,10,27,00,00,00,00,00,00
43334000,57,false,Rx,0,8,00,00,FE,FF,FE,FF,00,00
43376000,625,false,Rx,0,8,25,00,11,43,FD,BB,E4,01
43384000,60D,false,Rx,0,8,0D,10,DF,23,02,20,70,00
43476000,625,false,Rx,0,8,25,00,11,43,FD,BB,E4,01
43484000,60D,false,Rx,0,8,0D,10,DF,23,02,20,70,00
43510000,2C4,false,Rx,0,8,05,00,00,00,DF,02,00,00
43510000,2C5,false,Rx,0,8,00,00,00,00,00,00,00,00
43511000,2C6,false,Rx,0,8,F4,01,84,03,00,00,00,00
43523000,54,false,Rx,0,8,01,01,FE,FF,FE,FF,00,00
43523000,55,false,Rx,0,8,10,27,00,00,00,00,00,00
43524000,56,false,Rx,0,8,10,27,00,00,00,00,00,00
43534000,57,false,Rx,0,8,00,00,FE,FF,FE,FF,00,00
43576000,625,false,Rx,0,8,25,00,11,43,FD,BB,E4,01
43584000,60D,false,Rx,0,8,0D,10,DF,23,02,20,70,00
43676000,625,false,Rx,0,8,25,00,11,43,FD,BB,E4,01
43684000,60D,false,Rx,0,8,0D,10,DF,23,02,20,70,00
43710000,2C4,false,Rx,0,8,05,00,00,00,DF,02,00,00
43710000,2C5,false,Rx,0,8,00,00,00,00,00,00,00,00
43711000,2C6,false,Rx,0,8,F4,01,84,03,00,00,00,00
43723000,54,false,Rx,0,8,01,01,FE,FF,FE,FF,00,00
43723000,55,false,Rx,0,8,10,27,00,00,00,00,00,00
43724000,56,false,Rx,0,8,10,27,00,00,00,00,00,00
43734000,57,false,Rx,0,8,00,00,FE,FF,FE,FF,00,00
43776000,625,false,Rx,0,8,25,00,11,43,FD,BB,E4,01
43784000,60D,false,Rx,0,8,0D,10,DF,23,02,20,70,00
43876000,625,false,Rx,0,8,25,00,11,43,FD,BB,E4,01
43884000,60D,false,Rx,0,8,0D,10,DF,23,02,20,70,00
43910000,2C4,false,Rx,0,8,05,00,00,00,DF,02,00,00
43910000,2C5,false,Rx,0,8,00,00,00,00,00,00,00,00
43911000,2C6,false,Rx,0,8,F4,01,84,03,00,00,00,00
43923000,54,false,Rx,0,8,01,01,FE,FF,FE,FF,00,00
43923000,55,false,Rx,0,8,10,27,00,00,00,00,00,00
43924000,56,false,Rx,0,8,10,27,00,00,00,00,00,00
43934000,57,false,Rx,0,8,00,00,FE,FF,FE,FF,00,00
43976000,625,false,Rx,0,8,25,00,11,43,FD,BB,E4,01
43984000,60D,false,Rx,0,8,0D,10,DF,23,02,20,70,00
44076000,625,false,Rx,0,8,25,00,11,43,FD,BB,E4,01
44084000,60D,false,Rx,0,8,0D,10,DF,23,02,20,70,00
44110000,2C4,false,Rx,0,8,05,00,00,00,DF,02,00,00
44110000,2C5,false,Rx,0,8,00,00,00,00,00,00,00,00
44111000,2C6,false,Rx,0,8,F4,01,84,03,00,00,00,00
44123000,54,false,Rx,0,8,01,01,FE,FF,FE,FF,00,00
44123000,55,false,Rx,0,8,10,27,00,00,00,00,00,00
44124000,56,false,Rx,0,8,10,27,00,00,00,00,00,00
44134000,57,false,Rx,0,8,00,00,FE,FF,FE,FF,00,00
44176000,625,false,Rx,0,8,25,00,11,43,FD,BB,E4,01
44184000,60D,false,Rx,0,8,0D,10,DF,23,02,20,70,00
44276000,625,false,Rx,0,8,25,00,11,43,FD,BB,E4,01
44284000,60D,false,Rx,0,8,0D,10,DF,23,02,20,70,00
44310000,2C4,false,Rx,0,8,05,00,00,00,DF,02,00,00
44310000,2C5,false,Rx,0,8,00,00,00,00,00,00,00,00
44311000,2C6,false,Rx,0,8,F4,01,84,03,00,00,00,00
44323000,54,false,Rx,0,8,01,01,FE,FF,FE,FF,00,00
44323000,55,false,Rx,0,8,10,27,00,00,00,00,00,00
44324000,56,false,Rx,0,8,10,27,00,00,00,00,00,00
44334000,57,false,Rx,0,8,00,00,FE,FF,FE,FF,00,00
44376000,625,false,Rx,0,8,25,00,11,43,FD,BB,E4,01
44384000,60D,false,Rx,0,8,0D,10,DF,23,02,20,70,00
44476000,625,false,Rx,0,8,25,00,11,43,FD,BB,E4,01
44484000,60D,false,Rx,0,8,0D,10,DF,23,02,20,70,00
44510000,2C4,false,Rx,0,8,05,00,00,00,DF,02,00,00
44510000,2C5,false,Rx,0,8,00,00,00,00,00,00,00,00
44511000,2C6,false,Rx,0,8,F4,01,84,03,00,00,00,00
44523000,54,false,Rx,0,8,01,01,FE,FF,FE,FF,00,00
44523000,55,false,Rx,0,8,10,27,00,00,00,00,00,00
44524000,56,false,Rx,0,8,10,27,00,00,00,00,00,00
44534000,57,false,Rx,0,8,00,00,FE,FF,FE,FF,00,00
44576000,625,false,Rx,0,8,25,00,11,43,FD,BB,E4,01
44584000,60D,false,Rx,0,8,0D,10,DF,23,02,20,70,00
44676000,625,false,Rx,0,8,25,00,11,43,FD,BB,E4,01
44684000,60D,false,Rx,0,8,0D,10,DF,23,02,20,70,00
44710000,2C4,false,Rx,0,8,05,00,00,00,DF,02,00,00
44710000,2C5,false,Rx,0,8,00,00,00,00,00,00,00,00
44711000,2C6,false,Rx,0,8,F4,01,84,03,00,00,00,00
44723000,54,false,Rx,0,8,01,01,FE,FF,FE,FF,00,00
44723000,55,false,Rx,0,8,10,27,00,00,00,00,00,00
44724000,56,false,Rx,0,8,10,27,00,00,00,00,00,00
44734000,57,false,Rx,0,8,00,00,FE,FF,FE,FF,00,00
44776000,625,false,Rx,0,8,25,00,11,43,FD,BB,E4,01
44784000,60D,false,Rx,0,8,0D,10,DF,23,02,20,70,00
44876000,625,false,Rx,0,8,25,00,11,43,FD,BB,E4,01
44884000,60D,false,Rx,0,8,0D,10,DF,23,02,20,70,00
44910000,2C4,false,Rx,0,8,05,00,00,00,DF,02,00,00
44910000,2C5,false,Rx,0,8,00,00,00,00,00,00,00,00
44911000,2C6,false,Rx,0,8,F4,01,84,03,00,00,00,00
44923000,54,false,Rx,0,8,01,01,FE,FF,FE,FF,00,00
44923000,55,false,Rx,0,8,10,27,00,00,00,00,00,00
44924000,56,false,Rx,0,8,10,27,00,00,00,00,00,00
44934000,57,false,Rx,0,8,00,00,FE,FF,FE,FF,00,00
44976000,625,false,Rx,0,8,25,00,11,43,FD,BB,E4,01
44984000,60D,false,Rx,0,8,0D,10,DF,23,02,20,70,00
45076000,625,false,Rx,0,8,25,00,11,43,FD,BB,E4,01
45084000,60D,false,Rx,0,8,0D,10,DF,23,02,20,70,00
45110000,2C4,false,Rx,0,8,05,00,00,00,DF,02,00,00
45110000,2C5,false,Rx,0,8,00,00,00,00,00,00,00,00
45111000,2C6,false,Rx,0,8,F4,01,84,03,00,00,00,00
45123000,54,false,Rx,0,8,01,01,FE,FF,FE,FF,00,00
45123000,55,false,Rx,0,8,10,27,00,00,00,00,00,00
45124000,56,false,Rx,0,8,10,27,00,00,00,00,00,00
45134000,57,false,Rx,0,8,00,00,FE,FF,FE,FF,00,00
45176000,625,false,Rx,0,8,25,00,11,43,FD,BB,E4,01
45184000,60D,false,Rx,0,8,0D,10,DF,23,02,20,70,00
45276000,625,false,Rx,0,8,25,00,11,43,FD,BB,E4,01
45284000,60D,false,Rx,0,8,0D,10,DF,23,02,20,70,00
45310000,2C4,false,Rx,0,8,05,00,00,00,DF,02,00,00
45310000,2C5,false,Rx,0,8,00,00,00,00,00,00,00,00
45311000,2C6,false,Rx,0,8,F4,01,84,03,00,00,00,00
45323000,54,false,Rx,0,8,01,01,FE,FF,FE,FF,00,00
45323000,55,false,Rx,0,8,10,27,00,00,00,00,00,00
45324000,56,false,Rx,0,8,10,27,00,00,00,00,00,00
45334000,57,false,Rx,0,8,00,00,FE,FF,FE,FF,00,00
45376000,625,false,Rx,0,8,25,00,11,43,FD,BB,E4,01
45384000,60D,false,Rx,0,8,0D,10,DF,23,02,20,70,00
45476000,625,false,Rx,0,8,25,00,11,43,FD,BB,E4,01
45484000,60D,false,Rx,0,8,0D,10,DF,23,02,20,70,00
45510000,2C4,false,Rx,0,8,05,00,00,00,DF,02,00,00
45510000,2C5,false,Rx,0,8,00,00,00,00,00,00,00,00
45511000,2C6,false,Rx,0,8,F4,01,84,03,00,00,00,00
45523000,54,false,Rx,0,8,01,01,FE,FF,FE,FF,00,00
45523000,55,false,Rx,0,8,10,27,00,00,00,00,00,00
45524000,56,false,Rx,0,8,10,27,00,00,00,00,00,00
45534000,57,false,Rx,0,8,00,00,FE,FF,FE,FF,00,00
45576000,625,false,Rx,0,8,25,00,11,43,FD,BB,E4,01
45584000,60D,false,Rx,0,8,0D,10,DF,23,02,20,70,00
45676000,625,false,Rx,0,8,25,00,11,43,FD,BB,E4,01
45684000,60D,false,Rx,0,8,0D,10,DF,23,02,20,70,00
45710000,2C4,false,Rx,0,8,05,00,00,00,DF,02,00,00
45710000,2C5,false,Rx,0,8,00,00,00,00,00,00,00,00
45711000,2C6,false,Rx,0,8,F4,01,84,03,00,00,00,00
45723000,54,false,Rx,0,8,01,01,FE,FF,FE,FF,00,00
45723000,55,false,Rx,0,8,10,27,00,00,00,00,00,00
45724000,56,false,Rx,0,8,10,27,00,00,00,00,00,00
45734000,57,false,Rx,0,8,00,00,FE,FF,FE,FF,00,00
45776000,625,false,Rx,0,8,25,00,11,43,FD,BB,E4,01
45784000,60D,false,Rx,0,8,0D,10,DF,23,02,20,70,00
45876000,625,false,Rx,0,8,25,00,11,43,FD,BB,E4,01
45884000,60D,false,Rx,0,8,0D,10,DF,23,02,20,70,00
45910000,2C4,false,Rx,0,8,05,00,00,00,DF,02,00,00
45910000,2C5,false,Rx,0,8,00,00,00,00,00,00,00,00
45911000,2C6,false,Rx,0,8,F4,01,84,03,00,00,00,00
45923000,54,false,Rx,0,8,01,01,FE,FF,FE,FF,00,00
45923000,55,false,Rx,0,8,10,27,00,00,00,00,00,00
45924000,56,false,Rx,0,8,10,27,00,00,00,00,00,00
45934000,57,false,Rx,0,8,00,00,FE,FF,FE,FF,00,00
45976000,625,false,Rx,0,8,25,00,11,43,FD,BB,E4,01
45984000,60D,false,Rx,0,8,0D,10,DF,23,02,20,70,00
46076000,625,false,Rx,0,8,25,00,11,43,FD,BB,E4,01
46084000,60D,false,Rx,0,8,0D,10,DF,23,02,20,70,00
46110000,2C4,false,Rx,0,8,05,00,00,00,DF,02,00,00
46110000,2C5,false,Rx,0,8,00,00,00,00,00,00,00,00
46111000,2C6,false,Rx,0,8,F4,01,84,03,00,00,00,00
46123000,54,false,Rx,0,8,01,01,FE,FF,FE,FF,00,00
46123000,55,false,Rx,0,8,10,27,00,00,00,00,00,00
46124000,56,false,Rx,0,8,10,27,00,00,00,00,00,00
46134000,57,false,Rx,0,8,00,00,FE,FF,FE,FF,00,00
46176000,625,false,Rx,0,8,25,00,11,43,FD,BB,E4,01
46184000,60D,false,Rx,0,8,0D,10,DF,23,02,20,70,00
46276000,625,false,Rx,0,8,25,00,11,43,FD,BB,E4,01
46284000,60D,false,Rx,0,8,0D,10,DF,23,02,20,70,00
46310000,2C4,false,Rx,0,8,05,00,00,00,DF,02,00,00
46310000,2C5,false,Rx,0,8,00,00,00,00,00,00,00,00
46311000,2C6,false,Rx,0,8,F4,01,84,03,00,00,00,00
46323000,54,false,Rx,0,8,01,01,FE,FF,FE,FF,00,00
46323000,55,false,Rx,0,8,10,27,00,00,00,00,00,00
46324000,56,false,Rx,0,8,10,27,00,00,00,00,00,00
46334000,57,false,Rx,0,8,00,00,FE,FF,FE,FF,00,00
46376000,625,false,Rx,0,8,25,00,11,43,FD,BB,E4,01
46384000,60D,false,Rx,0,8,0D,10,DF,23,02,20,70,00
46476000,625,false,Rx,0,8,25,00,11,43,FD,BB,E4,01
46484000,60D,false,Rx,0,8,0D,10,DF,23,02,20,70,00
46510000,2C4,false,Rx,0,8,05,00,00,00,DF,02,00,00
46510000,2C5,false,Rx,0,8,00,00,00,00,00,00,00,00
46511000,2C6,false,Rx,0,8,F4,01,84,03,00,00,00,00
46523000,54,false,Rx,0,8,01,01,FE,FF,FE,FF,00,00
46523000,55,false,Rx,0,8,10,27,00,00,00,00,00,00
46524000,56,false,Rx,0,8,10,27,00,00,00,00,00,00
46534000,57,false,Rx,0,8,00,00,FE,FF,FE,FF,00,00
46576000,625,false,Rx,0,8,25,00,11,43,FD,BB,E4,01
46584000,60D,false,Rx,0,8,0D,10,DF,23,02,20,70,00
46676000,625,false,Rx,0,8,25,00,11,43,FD,BB,E4,01
46684000,60D,false,Rx,0,8,0D,10,DF,23,02,20,70,00
46710000,2C4,false,Rx,0,8,05,00,00,00,DF,02,00,00
46710000,2C5,false,Rx,0,8,00,00,00,00,00,00,00,00
46711000,2C6,false,Rx,0,8,F4,01,84,03,00,00,00,00
46723000,54,false,Rx,0,8,01,01,FE,FF,FE,FF,00,00
46723000,55,false,Rx,0,8,10,27,00,00,00,00,00,00
46724000,56,false,Rx,0,8,10,27,00,00,00,00,00,00
46734000,57,false,Rx,0,8,00,00,FE,FF,FE,FF,00,00
46776000,625,false,Rx,0,8,25,00,11,43,FD,BB,E4,01
46784000,60D,false,Rx,0,8,0D,10,DF,23,02,20,70,00
46876000,625,false,Rx,0,8,25,00,11,43,FD,BB,E4,01
46884000,60D,false,Rx,0,8,0D,10,DF,23,02,20,70,00
46910000,2C4,false,Rx,0,8,05,00,00,00,DF,02,00,00
46910000,2C5,false,Rx,0,8,00,00,00,00,00,00,00,00
46911000,2C6,false,Rx,0,8,F4,01,84,03,00,00,00,00
46923000,54,false,Rx,0,8,01,01,FE,FF,FE,FF,00,00
46923000,55,false,Rx,0,8,10,27,00,00,00,00,00,00
46924000,56,false,Rx,0,8,10,27,00,00,00,00,00,00
46934000,57,false,Rx,0,8,00,00,FE,FF,FE,FF,00,00
46976000,625,false,Rx,0,8,25,00,11,43,FD,BB,E4,01
46984000,60D,false,Rx,0,8,0D,10,DF,23,02,20,70,00
47076000,625,false,Rx,0,8,25,00,11,43,FD,BB,E4,01
47084000,60D,false,Rx,0,8,0D,10,DF,23,02,20,70,00
47110000,2C4,false,Rx,0,8,05,00,00,00,DF,02,00,00
47110000,2C5,false,Rx,0,8,00,00,00,00,00,00,00,00
47111000,2C6,false,Rx,0,8,F4,01,84,03,00,00,00,00
47123000,54,false,Rx,0,8,01,01,FE,FF,FE,FF,00,00
47123000,55,false,Rx,0,8,10,27,00,00,00,00,00,00
47124000,56,false,Rx,0,8,10,27,00,00,00,00,00,00
47134000,57,false,Rx,0,8,00,00,FE,FF,FE,FF,00,00
47134000,65,false,Rx,0,8,34,03,02,00,00,00,00,00
47176000,625,false,Rx,0,8,25,00,11,43,FD,BB,E4,01
47184000,60D,false,Rx,0,8,0D,10,DF,23,02,20,70,00
47276000,625,false,Rx,0,8,25,00,11,43,FD,BB,E4,01
47284000,65,false,Rx,0,8,34,03,02,00,00,00,00,00
47284000,60D,false,Rx,0,8,0D,10,DF,23,02,20,70,00
47310000,2C4,false,Rx,0,8,05,00,00,00,DF,02,00,00
47310000,2C5,false,Rx,0,8,00,00,00,00,00,00,00,00
47311000,2C6,false,Rx,0,8,F4,01,84,03,00,00,00,00
47323000,54,false,Rx,0,8,01,01,FE,FF,FE,FF,00,00
47323000,55,false,Rx,0,8,10,27,00,00,00,00,00,00
47324000,56,false,Rx,0,8,10,27,00,00,00,00,00,00
47334000,57,false,Rx,0,8,00,00,FE,FF,FE,FF,00,00
47376000,625,false,Rx,0,8,25,00,11,43,FD,BB,E4,01
47384000,60D,false,Rx,0,8,0D,10,DF,23,02,20,70,00
47433000,65,false,Rx,0,8,34,03,02,00,00,00,00,00
47476000,625,false,Rx,0,8,25,00,11,43,FD,BB,E4,01
47484000,60D,false,Rx,0,8,0D,10,DF,23,02,20,70,00
47510000,2C4,false,Rx,0,8,05,00,00,00,DF,02,00,00
47510000,2C5,false,Rx,0,8,00,00,00,00,00,00,00,00
47510000,2C6,false,Rx,0,8,F4,01,84,03,00,00,00,00
47523000,54,false,Rx,0,8,01,01,FE,FF,FE,FF,00,00
47523000,55,false,Rx,0,8,10,27,00,00,00,00,00,00
47524000,56,false,Rx,0,8,10,27,00,00,00,00,00,00
47534000,57,false,Rx,0,8,00,00,FE,FF,FE,FF,00,00
47576000,625,false,Rx,0,8,25,00,11,43,FD,BB,E4,01
47583000,65,false,Rx,0,8,34,03,02,00,00,00,00,00
47584000,60D,false,Rx,0,8,0D,10,DF,23,02,20,70,00
47676000,625,false,Rx,0,8,25,00,11,43,FD,BB,E4,01
47683000,60D,false,Rx,0,8,0D,10,DF,23,02,20,70,00
47710000,2C4,false,Rx,0,8,05,00,00,00,DF,02,00,00
47710000,2C5,false,Rx,0,8,00,00,00,00,00,00,00,00
47710000,2C6,false,Rx,0,8,F4,01,84,03,00,00,00,00
47723000,54,false,Rx,0,8,01,01,FE,FF,FE,FF,00,00
47723000,55,false,Rx,0,8,10,27,00,00,00,00,00,00
47724000,56,false,Rx,0,8,10,27,00,00,00,00,00,00
47734000,57,false,Rx,0,8,00,00,FE,FF,FE,FF,00,00
47776000,625,false,Rx,0,8,25,00,11,43,FD,BB,E4,01
47784000,60D,false,Rx,0,8,0D,10,DF,23,02,20,70,00
47876000,625,false,Rx,0,8,25,00,11,43,FD,BB,E4,01
47884000,60D,false,Rx,0,8,0D,10,DF,23,02,20,70,00
47910000,2C4,false,Rx,0,8,05,00,00,00,DF,02,00,00
47910000,2C5,false,Rx,0,8,00,00,00,00,00,00,00,00
47910000,2C6,false,Rx,0,8,F4,01,84,03,00,00,00,00
47923000,54,false,Rx,0,8,01,01,FE,FF,FE,FF,00,00
47923000,55,false,Rx,0,8,10,27,00,00,00,00,00,00
47924000,56,false,Rx,0,8,10,27,00,00,00,00,00,00
47934000,57,false,Rx,0,8,00,00,FE,FF,FE,FF,00,00
47976000,625,false,Rx,0,8,25,00,11,43,FD,BB,E4,01
47984000,60D,false,Rx,0,8,0D,10,DF,23,02,20,70,00
48076000,625,false,Rx,0,8,25,00,11,43,FD,BB,E4,01
48083000,60D,false,Rx,0,8,0D,10,DF,23,02,20,70,00
48110000,2C4,false,Rx,0,8,05,00,00,00,DF,02,00,00
48110000,2C5,false,Rx,0,8,00,00,00,00,00,00,00,00
48110000,2C6,false,Rx,0,8,F4,01,84,03,00,00,00,00
48123000,54,false,Rx,0,8,01,01,FE,FF,FE,FF,00,00
48123000,55,false,Rx,0,8,10,27,00,00,00,00,00,00
48124000,56,false,Rx,0,8,10,27,00,00,00,00,00,00
48134000,57,false,Rx,0,8,00,00,FE,FF,FE,FF,00,00
48176000,625,false,Rx,0,8,25,00,11,43,FD,BB,E4,01
48184000,60D,false,Rx,0,8,0D,10,DF,23,02,20,70,00
48276000,625,false,Rx,0,8,25,00,11,43,FD,BB,E4,01
48284000,60D,false,Rx,0,8,0D,10,DF,23,02,20,70,00
48310000,2C4,false,Rx,0,8,05,00,00,00,DF,02,00,00
48310000,2C5,false,Rx,0,8,00,00,00,00,00,00,00,00
48310000,2C6,false,Rx,0,8,F4,01,84,03,00,00,00,00
48323000,54,false,Rx,0,8,01,01,FE,FF,FE,FF,00,00
48323000,55,false,Rx,0,8,10,27,00,00,00,00,00,00
48324000,56,false,Rx,0,8,10,27,00,00,00,00,00,00
48334000,57,false,Rx,0,8,00,00,FE,FF,FE,FF,00,00
48376000,625,false,Rx,0,8,25,00,11,43,FD,BB,E4,01
48384000,60D,false,Rx,0,8,0D,10,DF,23,02,20,70,00
48476000,625,false,Rx,0,8,25,00,11,43,FD,BB,E4,01
48484000,60D,false,Rx,0,8,0D,10,DF,23,02,20,70,00
48510000,2C4,false,Rx,0,8,05,00,00,00,DF,02,00,00
48510000,2C5,false,Rx,0,8,00,00,00,00,00,00,00,00
48510000,2C6,false,Rx,0,8,F4,01,84,03,00,00,00,00
48523000,54,false,Rx,0,8,01,01,FE,FF,FE,FF,00,00
48523000,55,false,Rx,0,8,10,27,00,00,00,00,00,00
48524000,56,false,Rx,0,8,10,27,00,00,00,00,00,00
48534000,57,false,Rx,0,8,00,00,FE,FF,FE,FF,00,00
48576000,625,false,Rx,0,8,25,00,11,43,FD,BB,E4,01
48583000,60D,false,Rx,0,8,0D,10,DF,23,02,20,70,00
48676000,625,false,Rx,0,8,25,00,11,43,FD,BB,E4,01
48684000,60D,false,Rx,0,8,0D,10,DF,23,02,20,70,00
48710000,2C4,false,Rx,0,8,05,00,00,00,DF,02,00,00
48710000,2C5,false,Rx,0,8,00,00,00,00,00,00,00,00
48710000,2C6,false,Rx,0,8,F4,01,84,03,00,00,00,00
48723000,54,false,Rx,0,8,01,01,FE,FF,FE,FF,00,00
48723000,55,false,Rx,0,8,10,27,00,00,00,00,00,00
48724000,56,false,Rx,0,8,10,27,00,00,00,00,00,00
48734000,57,false,Rx,0,8,00,00,FE,FF,FE,FF,00,00
48776000,625,false,Rx,0,8,25,00,11,43,FD,BB,E4,01
48783000,60D,false,Rx,0,8,0D,10,DF,23,02,20,70,00
48876000,625,false,Rx,0,8,25,00,11,43,FD,BB,E4,01
48884000,60D,false,Rx,0,8,0D,10,DF,23,02,20,70,00
48910000,2C4,false,Rx,0,8,05,00,00,00,DF,02,00,00
48910000,2C5,false,Rx,0,8,00,00,00,00,00,00,00,00
48910000,2C6,false,Rx,0,8,F4,01,84,03,00,00,00,00
48923000,54,false,Rx,0,8,01,01,FE,FF,FE,FF,00,00
48923000,55,false,Rx,0,8,10,27,00,00,00,00,00,00
48924000,56,false,Rx,0,8,10,27,00,00,00,00,00,00
48934000,57,false,Rx,0,8,00,00,FE,FF,FE,FF,00,00
48976000,625,false,Rx,0,8,25,00,11,43,FD,BB,E4,01
48984000,60D,false,Rx,0,8,0D,10,DF,23,02,20,70,00
49076000,625,false,Rx,0,8,25,00,11,43,FD,BB,E4,01
49083000,60D,false,Rx,0,8,0D,10,DF,23,02,20,70,00
49110000,2C4,false,Rx,0,8,05,00,00,00,DF,02,00,00
49110000,2C5,false,Rx,0,8,00,00,00,00,00,00,00,00
49110000,2C6,false,Rx,0,8,F4,01,84,03,00,00,00,00
49123000,54,false,Rx,0,8,01,01,FE,FF,FE,FF,00,00
49123000,55,false,Rx,0,8,10,27,00,00,00,00,00,00
49124000,56,false,Rx,0,8,10,27,00,00,00,00,00,00
49134000,57,false,Rx,0,8,00,00,FE,FF,FE,FF,00,00
49176000,625,false,Rx,0,8,25,00,11,43,FD,BB,E4,01
49184000,60D,false,Rx,0,8,0D,10,DF,23,02,20,70,00
49276000,625,false,Rx,0,8,25,00,11,43,FD,BB,E4,01
49284000,60D,false,Rx,0,8,0D,10,DF,23,02,20,70,00
49310000,2C4,false,Rx,0,8,05,00,00,00,DF,02,00,00
49310000,2C5,false,Rx,0,8,00,00,00,00,00,00,00,00
49310000,2C6,false,Rx,0,8,F4,01,84,03,00,00,00,00
49323000,54,false,Rx,0,8,01,01,FE,FF,FE,FF,00,00
49323000,55,false,Rx,0,8,10,27,00,00,00,00,00,00
49324000,56,false,Rx,0,8,10,27,00,00,00,00,00,00
49334000,57,false,Rx,0,8,00,00,FE,FF,FE,FF,00,00
49376000,625,false,Rx,0,8,25,00,11,43,FD,BB,E4,01
49383000,60D,false,Rx,0,8,0D,10,DF,23,02,20,70,00
49476000,625,false,Rx,0,8,25,00,11,43,FD,BB,E4,01
49483000,60D,false,Rx,0,8,0D,10,DF,23,02,20,70,00
49510000,2C4,false,Rx,0,8,05,00,00,00,DF,02,00,00
49510000,2C5,false,Rx,0,8,00,00,00,00,00,00,00,00
49510000,2C6,false,Rx,0,8,F4,01,84,03,00,00,00,00
49523000,54,false,Rx,0,8,01,01,FE,FF,FE,FF,00,00
49523000,55,false,Rx,0,8,10,27,00,00,00,00,00,00
49524000,56,false,Rx,0,8,10,27,00,00,00,00,00,00
49534000,57,false,Rx,0,8,00,00,FE,FF,FE,FF,00,00
49576000,625,false,Rx,0,8,25,00,11,43,FD,BB,E4,01
49584000,60D,false,Rx,0,8,0D,10,DF,23,02,20,70,00
49676000,625,false,Rx,0,8,25,00,11,43,FD,BB,E4,01
49683000,60D,false,Rx,0,8,0D,10,DF,23,02,20,70,00
49710000,2C4,false,Rx,0,8,05,00,00,00,DF,02,00,00
49710000,2C5,false,Rx,0,8,00,00,00,00,00,00,00,00
49710000,2C6,false,Rx,0,8,F4,01,84,03,00,00,00,00
49723000,54,false,Rx,0,8,01,01,FE,FF,FE,FF,00,00
49723000,55,false,Rx,0,8,10,27,00,00,00,00,00,00
49724000,56,false,Rx,0,8,10,27,00,00,00,00,00,00
49734000,57,false,Rx,0,8,00,00,FE,FF,FE,FF,00,00
49776000,625,false,Rx,0,8,25,00,11,43,FD,BB,E4,01
49783000,60D,false,Rx,0,8,0D,10,DF,23,02,20,70,00
49876000,625,false,Rx,0,8,25,00,11,43,FD,BB,E4,01
49883000,60D,false,Rx,0,8,0D,10,DF,23,02,20,70,00
49910000,2C4,false,Rx,0,8,05,00,00,00,DF,02,00,00
49910000,2C5,false,Rx,0,8,00,00,00,00,00,00,00,00
49910000,2C6,false,Rx,0,8,F4,01,84,03,00,00,00,00
49923000,54,false,Rx,0,8,01,01,FE,FF,FE,FF,00,00
49923000,55,false,Rx,0,8,10,27,00,00,00,00,00,00
49924000,56,false,Rx,0,8,10,27,00,00,00,00,00,00
49934000,57,false,Rx,0,8,00,00,FE,FF,FE,FF,00,00
49976000,625,false,Rx,0,8,25,00,11,43,FD,BB,E4,01
49983000,60D,false,Rx,0,8,0D,10,DF,23,02,20,70,00
50076000,625,false,Rx,0,8,25,00,11,43,FD,BB,E4,01
50084000,60D,false,Rx,0,8,0D,10,DF,23,02,20,70,00
50110000,2C4,false,Rx,0,8,05,00,00,00,DF,02,00,00
50110000,2C5,false,Rx,0,8,00,00,00,00,00,00,00,00
50110000,2C6,false,Rx,0,8,F4,01,84,03,00,00,00,00
50123000,54,false,Rx,0,8,01,01,FE,FF,FE,FF,00,00
50123000,55,false,Rx,0,8,10,27,00,00,00,00,00,00
50124000,56,false,Rx,0,8,10,27,00,00,00,00,00,00
50134000,57,false,Rx,0,8,00,00,FE,FF,FE,FF,00,00
50176000,625,false,Rx,0,8,25,00,11,43,FD,BB,E4,01
50183000,60D,false,Rx,0,8,0D,10,DF,23,02,20,70,00
50276000,625,false,Rx,0,8,25,00,11,43,FD,BB,E4,01
50283000,60D,false,Rx,0,8,0D,10,DF,23,02,20,70,00
50310000,2C4,false,Rx,0,8,05,00,00,00,DF,02,00,00
50310000,2C5,false,Rx,0,8,00,00,00,00,00,00,00,00
50310000,2C6,false,Rx,0,8,F4,01,84,03,00,00,00,00
50323000,54,false,Rx,0,8,01,01,FE,FF,FE,FF,00,00
50323000,55,false,Rx,0,8,10,27,00,00,00,00,00,00
50323000,56,false,Rx,0,8,10,27,00,00,00,00,00,00
50334000,57,false,Rx,0,8,00,00,FE,FF,FE,FF,00,00
50376000,625,false,Rx,0,8,25,00,11,43,FD,BB,E4,01
50383000,60D,false,Rx,0,8,0D,10,DF,23,02,20,70,00
50476000,625,false,Rx,0,8,25,00,11,43,FD,BB,E4,01
50484000,60D,false,Rx,0,8,0D,10,DF,23,02,20,70,00
50510000,2C4,false,Rx,0,8,05,00,00,00,DF,02,00,00
50510000,2C5,false,Rx,0,8,00,00,00,00,00,00,00,00
50510000,2C6,false,Rx,0,8,F4,01,84,03,00,00,00,00
50523000,54,false,Rx,0,8,01,01,FE,FF,FE,FF,00,00
50523000,55,false,Rx,0,8,10,27,00,00,00,00,00,00
50524000,56,false,Rx,0,8,10,27,00,00,00,00,00,00
50534000,57,false,Rx,0,8,00,00,FE,FF,FE,FF,00,00
50576000,625,false,Rx,0,8,25,00,11,43,FD,BB,E4,01
50583000,60D,false,Rx,0,8,0D,10,DF,23,02,20,70,00
50676000,625,false,Rx,0,8,25,00,11,43,FD,BB,E4,01
50683000,60D,false,Rx,0,8,0D,10,DF,23,02,20,70,00
50710000,2C4,false,Rx,0,8,05,00,00,00,DF,02,00,00
50710000,2C5,false,Rx,0,8,00,00,00,00,00,00,00,00
50710000,2C6,false,Rx,0,8,F4,01,84,03,00,00,00,00
50723000,54,false,Rx,0,8,01,01,FE,FF,FE,FF,00,00
50723000,55,false,Rx,0,8,10,27,00,00,00,00,00,00
50723000,56,false,Rx,0,8,10,27,00,00,00,00,00,00
50734000,57,false,Rx,0,8,00,00,FE,FF,FE,FF,00,00
50776000,625,false,Rx,0,8,25,00,11,43,FD,BB,E4,01
50783000,60D,false,Rx,0,8,0D,10,DF,23,02,20,70,00
50876000,625,false,Rx,0,8,25,00,11,43,FD,BB,E4,01
50884000,60D,false,Rx,0,8,0D,10,DF,23,02,20,70,00
50910000,2C4,false,Rx,0,8,05,00,00,00,DF,02,00,00
50910000,2C5,false,Rx,0,8,00,00,00,00,00,00,00,00
50910000,2C6,false,Rx,0,8,F4,01,84,03,00,00,00,00
50923000,54,false,Rx,0,8,01,01,FE,FF,FE,FF,00,00
50923000,55,false,Rx,0,8,10,27,00,00,00,00,00,00
50924000,56,false,Rx,0,8,10,27,00,00,00,00,00,00
50934000,57,false,Rx,0,8,00,00,FE,FF,FE,FF,00,00
50976000,625,false,Rx,0,8,25,00,11,43,FD,BB,E4,01
50983000,60D,false,Rx,0,8,0D,10,DF,23,02,20,70,00
51076000,625,false,Rx,0,8,25,00,11,43,FD,BB,E4,01
51083000,60D,false,Rx,0,8,0D,10,DF,23,02,20,70,00
51110000,2C4,false,Rx,0,8,05,00,00,00,DF,02,00,00
51110000,2C5,false,Rx,0,8,00,00,00,00,00,00,00,00
51110000,2C6,false,Rx,0,8,F4,01,84,03,00,00,00,00
51123000,54,false,Rx,0,8,01,01,FE,FF,FE,FF,00,00
51123000,55,false,Rx,0,8,10,27,00,00,00,00,00,00
51123000,56,false,Rx,0,8,10,27,00,00,00,00,00,00
51134000,57,false,Rx,0,8,00,00,FE,FF,FE,FF,00,00
51176000,625,false,Rx,0,8,25,00,11,43,FD,BB,E4,01
51183000,60D,false,Rx,0,8,0D,10,DF,23,02,20,70,00
51276000,625,false,Rx,0,8,25,00,11,43,FD,BB,E4,01
51284000,60D,false,Rx,0,8,0D,10,DF,23,02,20,70,00
51310000,2C4,false,Rx,0,8,05,00,00,00,DF,02,00,00
51310000,2C5,false,Rx,0,8,00,00,00,00,00,00,00,00
51310000,2C6,false,Rx,0,8,F4,01,84,03,00,00,00,00
51323000,54,false,Rx,0,8,01,01,FE,FF,FE,FF,00,00
51323000,55,false,Rx,0,8,10,27,00,00,00,00,00,00
51324000,56,false,Rx,0,8,10,27,00,00,00,00,00,00
51334000,57,false,Rx,0,8,00,00,FE,FF,FE,FF,00,00
51376000,625,false,Rx,0,8,25,00,11,43,FD,BB,E4,01
51383000,60D,false,Rx,0,8,0D,10,DF,23,02,20,70,00
51476000,625,false,Rx,0,8,25,00,11,43,FD,BB,E4,01
51483000,60D,false,Rx,0,8,0D,10,DF,23,02,20,70,00
51510000,2C4,false,Rx,0,8,05,00,00,00,DF,02,00,00
51510000,2C5,false,Rx,0,8,00,00,00,00,00,00,00,00
51510000,2C6,false,Rx,0,8,F4,01,84,03,00,00,00,00
51523000,54,false,Rx,0,8,01,01,FE,FF,FE,FF,00,00
51523000,55,false,Rx,0,8,10,27,00,00,00,00,00,00
51523000,56,false,Rx,0,8,10,27,00,00,00,00,00,00
51534000,57,false,Rx,0,8,00,00,FE,FF,FE,FF,00,00
51576000,625,false,Rx,0,8,25,00,11,43,FD,BB,E4,01
51583000,60D,false,Rx,0,8,0D,10,DF,23,02,20,70,00
51676000,625,false,Rx,0,8,25,00,11,43,FD,BB,E4,01
51684000,60D,false,Rx,0,8,0D,10,DF,23,02,20,70,00
51710000,2C4,false,Rx,0,8,05,00,00,00,DF,02,00,00
51710000,2C5,false,Rx,0,8,00,00,00,00,00,00,00,00
51710000,2C6,false,Rx,0,8,F4,01,84,03,00,00,00,00
51723000,54,false,Rx,0,8,01,01,FE,FF,FE,FF,00,00
51723000,55,false,Rx,0,8,10,27,00,00,00,00,00,00
51724000,56,false,Rx,0,8,10,27,00,00,00,00,00,00
51734000,57,false,Rx,0,8,00,00,FE,FF,FE,FF,00,00
51776000,625,false,Rx,0,8,25,00,11,43,FD,BB,E4,01
51783000,60D,false,Rx,0,8,0D,10,DF,23,02,20,70,00
51876000,625,false,Rx,0,8,25,00,11,43,FD,BB,E4,01
51883000,60D,false,Rx,0,8,0D,10,DF,23,02,20,70,00
51910000,2C4,false,Rx,0,8,05,00,00,00,DF,02,00,00
51910000,2C5,false,Rx,0,8,00,00,00,00,00,00,00,00
51910000,2C6,false,Rx,0,8,F4,01,84,03,00,00,00,00
51923000,54,false,Rx,0,8,01,01,FE,FF,FE,FF,00,00
51923000,55,false,Rx,0,8,10,27,00,00,00,00,00,00
51924000,56,false,Rx,0,8,10,27,00,00,00,00,00,00
51934000,57,false,Rx,0,8,00,00,FE,FF,FE,FF,00,00
51976000,625,false,Rx,0,8,25,00,11,43,FD,BB,E4,01
51984000,60D,false,Rx,0,8,0D,10,DF,23,02,20,70,00
52076000,625,false,Rx,0,8,25,00,11,43,FD,BB,E4,01
52083000,60D,false,Rx,0,8,0D,10,DF,23,02,20,70,00
52110000,2C4,false,Rx,0,8,05,00,00,00,DF,02,00,00
52110000,2C5,false,Rx,0,8,00,00,00,00,00,00,00,00
52110000,2C6,false,Rx,0,8,F4,01,84,03,00,00,00,00
52123000,54,false,Rx,0,8,01,01,FE,FF,FE,FF,00,00
52123000,55,false,Rx,0,8,10,27,00,00,00,00,00,00
52124000,56,false,Rx,0,8,10,27,00,00,00,00,00,00
52134000,57,false,Rx,0,8,00,00,FE,FF,FE,FF,00,00
52176000,625,false,Rx,0,8,25,00,11,43,FD,BB,E4,01
52184000,60D,false,Rx,0,8,0D,10,DF,23,02,20,70,00
52276000,625,false,Rx,0,8,25,00,11,43,FD,BB,E4,01
52284000,60D,false,Rx,0,8,0D,10,DF,23,02,20,70,00
52310000,2C4,false,Rx,0,8,05,00,00,00,DF,02,00,00
52310000,2C5,false,Rx,0,8,00,00,00,00,00,00,00,00
52310000,2C6,false,Rx,0,8,F4,01,84,03,00,00,00,00
52323000,54,false,Rx,0,8,01,01,FE,FF,FE,FF,00,00
52323000,55,false,Rx,0,8,10,27,00,00,00,00,00,00
52323000,56,false,Rx,0,8,10,27,00,00,00,00,00,00
52334000,57,false,Rx,0,8,00,00,FE,FF,FE,FF,00,00
52376000,625,false,Rx,0,8,25,00,11,43,FD,BB,E4,01
52384000,60D,false,Rx,0,8,0D,10,DF,23,02,20,70,00
52476000,625,false,Rx,0,8,25,00,11,43,FD,BB,E4,01
52484000,60D,false,Rx,0,8,0D,10,DF,23,02,20,70,00
52510000,2C4,false,Rx,0,8,05,00,00,00,DF,02,00,00
52510000,2C5,false,Rx,0,8,00,00,00,00,00,00,00,00
52510000,2C6,false,Rx,0,8,F4,01,84,03,00,00,00,00
52523000,54,false,Rx,0,8,01,01,FE,FF,FE,FF,00,00
52523000,55,false,Rx,0,8,10,27,00,00,00,00,00,00
52523000,56,false,Rx,0,8,10,27,00,00,00,00,00,00
52534000,57,false,Rx,0,8,00,00,FE,FF,FE,FF,00,00
52576000,625,false,Rx,0,8,25,00,11,43,FD,BB,E4,01
52584000,60D,false,Rx,0,8,0D,10,DF,23,02,20,70,00
52676000,625,false,Rx,0,8,25,00,11,43,FD,BB,E4,01
52683000,60D,false,Rx,0,8,0D,10,DF,23,02,20,70,00
52710000,2C4,false,Rx,0,8,05,00,00,00,DF,02,00,00
52710000,2C5,false,Rx,0,8,00,00,00,00,00,00,00,00
52710000,2C6,false,Rx,0,8,F4,01,84,03,00,00,00,00
52723000,54,false,Rx,0,8,01,01,FE,FF,FE,FF,00,00
52723000,55,false,Rx,0,8,10,27,00,00,00,00,00,00
52724000,56,false,Rx,0,8,10,27,00,00,00,00,00,00
52734000,57,false,Rx,0,8,00,00,FE,FF,FE,FF,00,00
52776000,625,false,Rx,0,8,25,00,11,43,FD,BB,E4,01
52784000,60D,false,Rx,0,8,0D,10,DF,23,02,20,70,00
52876000,625,false,Rx,0,8,25,00,11,43,FD,BB,E4,01
52884000,60D,false,Rx,0,8,0D,10,DF,23,02,20,70,00
52910000,2C4,false,Rx,0,8,05,00,00,00,DF,02,00,00
52910000,2C5,false,Rx,0,8,00,00,00,00,00,00,00,00
52910000,2C6,false,Rx,0,8,F4,01,84,03,00,00,00,00
52923000,54,false,Rx,0,8,01,01,FE,FF,FE,FF,00,00
52923000,55,false,Rx,0,8,10,27,00,00,00,00,00,00
52923000,56,false,Rx,0,8,10,27,00,00,00,00,00,00
52934000,57,false,Rx,0,8,00,00,FE,FF,FE,FF,00,00
52976000,625,false,Rx,0,8,25,00,11,43,FD,BB,E4,01
52984000,60D,false,Rx,0,8,0D,10,DF,23,02,20,70,00
53076000,625,false,Rx,0,8,25,00,11,43,FD,BB,E4,01
53083000,60D,false,Rx,0,8,0D,10,DF,23,02,20,70,00
53110000,2C4,false,Rx,0,8,05,00,00,00,DF,02,00,00
53110000,2C5,false,Rx,0,8,00,00,00,00,00,00,00,00
53110000,2C6,false,Rx,0,8,F4,01,84,03,00,00,00,00
53123000,54,false,Rx,0,8,01,01,FE,FF,FE,FF,00,00
53123000,55,false,Rx,0,8,10,27,00,00,00,00,00,00
53123000,56,false,Rx,0,8,10,27,00,00,00,00,00,00
53134000,57,false,Rx,0,8,00,00,FE,FF,FE,FF,00,00
53176000,625,false,Rx,0,8,25,00,11,43,FD,BB,E4,01
53183000,60D,false,Rx,0,8,0D,10,DF,23,02,20,70,00
53276000,625,false,Rx,0,8,25,00,11,43,FD,BB,E4,01
53283000,60D,false,Rx,0,8,0D,10,DF,23,02,20,70,00
53310000,2C4,false,Rx,0,8,05,00,00,00,DF,02,00,00
53310000,2C5,false,Rx,0,8,00,00,00,00,00,00,00,00
53310000,2C6,false,Rx,0,8,F4,01,84,03,00,00,00,00
53323000,54,false,Rx,0,8,01,01,FE,FF,FE,FF,00,00
53323000,55,false,Rx,0,8,10,27,00,00,00,00,00,00
53323000,56,false,Rx,0,8,10,27,00,00,00,00,00,00
53334000,57,false,Rx,0,8,00,00,FE,FF,FE,FF,00,00
53376000,625,false,Rx,0,8,25,00,11,43,FD,BB,E4,01
53383000,60D,false,Rx,0,8,0D,10,DF,23,02,20,70,00
53476000,625,false,Rx,0,8,25,00,11,43,FD,BB,E4,01
53483000,60D,false,Rx,0,8,0D,10,DF,23,02,20,70,00
53510000,2C4,false,Rx,0,8,05,00,00,00,DF,02,00,00
53510000,2C5,false,Rx,0,8,00,00,00,00,00,00,00,00
53510000,2C6,false,Rx,0,8,F4,01,84,03,00,00,00,00
53523000,54,false,Rx,0,8,01,01,FE,FF,FE,FF,00,00
53523000,55,false,Rx,0,8,10,27,00,00,00,00,00,00
53523000,56,false,Rx,0,8,10,27,00,00,00,00,00,00
53534000,57,false,Rx,0,8,00,00,FE,FF,FE,FF,00,00
53576000,625,false,Rx,0,8,25,00,11,43,FD,BB,E4,01
53584000,60D,false,Rx,0,8,0D,10,DF,23,02,20,70,00
53676000,625,false,Rx,0,8,25,00,11,43,FD,BB,E4,01
53683000,60D,false,Rx,0,8,0D,10,DF,23,02,20,70,00
53710000,2C4,false,Rx,0,8,05,00,00,00,DF,02,00,00
53710000,2C5,false,Rx,0,8,00,00,00,00,00,00,00,00
53710000,2C6,false,Rx,0,8,F4,01,84,03,00,00,00,00
53723000,54,false,Rx,0,8,01,01,FE,FF,FE,FF,00,00
53723000,55,false,Rx,0,8,10,27,00,00,00,00,00,00
53723000,56,false,Rx,0,8,10,27,00,00,00,00,00,00
53734000,57,false,Rx,0,8,00,00,FE,FF,FE,FF,00,00
53776000,625,false,Rx,0,8,25,00,11,43,FD,BB,E4,01
53783000,60D,false,Rx,0,8,0D,10,DF,23,02,20,70,00
53876000,625,false,Rx,0,8,25,00,11,43,FD,BB,E4,01
53883000,60D,false,Rx,0,8,0D,10,DF,23,02,20,70,00
53910000,2C4,false,Rx,0,8,05,00,00,00,DF,02,00,00
53910000,2C5,false,Rx,0,8,00,00,00,00,00,00,00,00
53910000,2C6,false,Rx,0,8,F4,01,84,03,00,00,00,00
53923000,54,false,Rx,0,8,01,01,FE,FF,FE,FF,00,00
53923000,55,false,Rx,0,8,10,27,00,00,00,00,00,00
53923000,56,false,Rx,0,8,10,27,00,00,00,00,00,00
53934000,57,false,Rx,0,8,00,00,FE,FF,FE,FF,00,00
53976000,625,false,Rx,0,8,25,00,11,43,FD,BB,E4,01
53983000,60D,false,Rx,0,8,0D,10,DF,23,02,20,70,00
54076000,625,false,Rx,0,8,25,00,11,43,FD,BB,E4,01
54084000,60D,false,Rx,0,8,0D,10,DF,23,02,20,70,00
54110000,2C4,false,Rx,0,8,05,00,00,00,DF,02,00,00
54110000,2C5,false,Rx,0,8,00,00,00,00,00,00,00,00
54110000,2C6,false,Rx,0,8,F4,01,84,03,00,00,00,00
54123000,54,false,Rx,0,8,01,01,FE,FF,FE,FF,00,00
54123000,55,false,Rx,0,8,10,27,00,00,00,00,00,00
54123000,56,false,Rx,0,8,10,27,00,00,00,00,00,00
54134000,57,false,Rx,0,8,00,00,FE,FF,FE,FF,00,00
54176000,625,false,Rx,0,8,25,00,11,43,FD,BB,E4,01
54184000,60D,false,Rx,0,8,0D,10,DF,23,02,20,70,00
54276000,625,false,Rx,0,8,25,00,11,43,FD,BB,E4,01
54283000,60D,false,Rx,0,8,0D,10,DF,23,02,20,70,00
54310000,2C4,false,Rx,0,8,05,00,00,00,DF,02,00,00
54310000,2C5,false,Rx,0,8,00,00,00,00,00,00,00,00
54310000,2C6,false,Rx,0,8,F4,01,84,03,00,00,00,00
54323000,54,false,Rx,0,8,01,01,FE,FF,FE,FF,00,00
54323000,55,false,Rx,0,8,10,27,00,00,00,00,00,00
54323000,56,false,Rx,0,8,10,27,00,00,00,00,00,00
54334000,57,false,Rx,0,8,00,00,FE,FF,FE,FF,00,00
54376000,625,false,Rx,0,8,25,00,11,43,FD,BB,E4,01
54383000,60D,false,Rx,0,8,0D,10,DF,23,02,20,70,00
54476000,625,false,Rx,0,8,25,00,11,43,FD,BB,E4,01
54483000,60D,false,Rx,0,8,0D,10,DF,23,02,20,70,00
54510000,2C4,false,Rx,0,8,05,00,00,00,DF,02,00,00
54510000,2C5,false,Rx,0,8,00,00,00,00,00,00,00,00
54510000,2C6,false,Rx,0,8,F4,01,84,03,00,00,00,00
54523000,54,false,Rx,0,8,01,01,FE,FF,FE,FF,00,00
54523000,55,false,Rx,0,8,10,27,00,00,00,00,00,00
54523000,56,false,Rx,0,8,10,27,00,00,00,00,00,00
54534000,57,false,Rx,0,8,00,00,FE,FF,FE,FF,00,00
54575000,625,false,Rx,0,8,25,00,11,43,FD,BB,E4,01
54583000,60D,false,Rx,0,8,0D,10,DF,23,02,20,70,00
54675000,625,false,Rx,0,8,25,00,11,43,FD,BB,E4,01
54683000,60D,false,Rx,0,8,0D,10,DF,23,02,20,70,00
54710000,2C4,false,Rx,0,8,05,00,00,00,DF,02,00,00
54710000,2C5,false,Rx,0,8,00,00,00,00,00,00,00,00
54710000,2C6,false,Rx,0,8,F4,01,84,03,00,00,00,00
54723000,54,false,Rx,0,8,01,01,FE,FF,FE,FF,00,00
54723000,55,false,Rx,0,8,10,27,00,00,00,00,00,00
54723000,56,false,Rx,0,8,10,27,00,00,00,00,00,00
54734000,57,false,Rx,0,8,00,00,FE,FF,FE,FF,00,00
54775000,625,false,Rx,0,8,25,00,11,43,FD,BB,E4,01
54783000,60D,false,Rx,0,8,0D,10,DF,23,02,20,70,00
54875000,625,false,Rx,0,8,25,00,11,43,FD,BB,E4,01
54883000,60D,false,Rx,0,8,0D,10,DF,23,02,20,70,00
54910000,2C4,false,Rx,0,8,05,00,00,00,DF,02,00,00
54910000,2C5,false,Rx,0,8,00,00,00,00,00,00,00,00
54910000,2C6,false,Rx,0,8,F4,01,84,03,00,00,00,00
54923000,54,false,Rx,0,8,01,01,FE,FF,FE,FF,00,00
54923000,55,false,Rx,0,8,10,27,00,00,00,00,00,00
54923000,56,false,Rx,0,8,10,27,00,00,00,00,00,00
54934000,57,false,Rx,0,8,00,00,FE,FF,FE,FF,00,00
54975000,625,false,Rx,0,8,25,00,11,43,FD,BB,E4,01
54984000,60D,false,Rx,0,8,0D,10,DF,23,02,20,70,00
55075000,625,false,Rx,0,8,25,00,11,43,FD,BB,E4,01
55084000,60D,false,Rx,0,8,0D,10,DF,23,02,20,70,00
55110000,2C4,false,Rx,0,8,05,00,00,00,DF,02,00,00
55110000,2C5,false,Rx,0,8,00,00,00,00,00,00,00,00
55110000,2C6,false,Rx,0,8,F4,01,84,03,00,00,00,00
55123000,54,false,Rx,0,8,01,01,FE,FF,FE,FF,00,00
55123000,55,false,Rx,0,8,10,27,00,00,00,00,00,00
55123000,56,false,Rx,0,8,10,27,00,00,00,00,00,00
55134000,57,false,Rx,0,8,00,00,FE,FF,FE,FF,00,00
55175000,625,false,Rx,0,8,25,00,11,43,FD,BB,E4,01
55183000,60D,false,Rx,0,8,0D,10,DF,23,02,20,70,00
55275000,625,false,Rx,0,8,25,00,11,43,FD,BB,E4,01
55283000,60D,false,Rx,0,8,0D,10,DF,23,02,20,70,00
55310000,2C4,false,Rx,0,8,05,00,00,00,DF,02,00,00
55310000,2C5,false,Rx,0,8,00,00,00,00,00,00,00,00
55310000,2C6,false,Rx,0,8,F4,01,84,03,00,00,00,00
55323000,54,false,Rx,0,8,01,01,FE,FF,FE,FF,00,00
55323000,55,false,Rx,0,8,10,27,00,00,00,00,00,00
55323000,56,false,Rx,0,8,10,27,00,00,00,00,00,00
55334000,57,false,Rx,0,8,00,00,FE,FF,FE,FF,00,00
55375000,625,false,Rx,0,8,25,00,11,43,FD,BB,E4,01
55383000,60D,false,Rx,0,8,0D,10,DF,23,02,20,70,00
55475000,625,false,Rx,0,8,25,00,11,43,FD,BB,E4,01
55483000,60D,false,Rx,0,8,0D,10,DF,23,02,20,70,00
55510000,2C4,false,Rx,0,8,05,00,00,00,DF,02,00,00
55510000,2C5,false,Rx,0,8,00,00,00,00,00,00,00,00
55510000,2C6,false,Rx,0,8,F4,01,84,03,00,00,00,00
55523000,54,false,Rx,0,8,01,01,FE,FF,FE,FF,00,00
55523000,55,false,Rx,0,8,10,27,00,00,00,00,00,00
55523000,56,false,Rx,0,8,10,27,00,00,00,00,00,00
55534000,57,false,Rx,0,8,00,00,FE,FF,FE,FF,00,00
55575000,625,false,Rx,0,8,25,00,11,43,FD,BB,E4,01
55584000,60D,false,Rx,0,8,0D,10,DF,23,02,20,70,00
55675000,625,false,Rx,0,8,25,00,11,43,FD,BB,E4,01
55683000,60D,false,Rx,0,8,0D,10,DF,23,02,20,70,00
55710000,2C4,false,Rx,0,8,05,00,00,00,DF,02,00,00
55710000,2C5,false,Rx,0,8,00,00,00,00,00,00,00,00
55710000,2C6,false,Rx,0,8,F4,01,84,03,00,00,00,00
55723000,54,false,Rx,0,8,01,01,FE,FF,FE,FF,00,00
55723000,55,false,Rx,0,8,10,27,00,00,00,00,00,00
55723000,56,false,Rx,0,8,10,27,00,00,00,00,00,00
55734000,57,false,Rx,0,8,00,00,FE,FF,FE,FF,00,00
55775000,625,false,Rx,0,8,25,00,11,43,FD,BB,E4,01
55783000,60D,false,Rx,0,8,0D,10,DF,23,02,20,70,00
55875000,625,false,Rx,0,8,25,00,11,43,FD,BB,E4,01
55884000,60D,false,Rx,0,8,0D,10,DF,23,02,20,70,00
55910000,2C4,false,Rx,0,8,05,00,00,00,DF,02,00,00
55910000,2C5,false,Rx,0,8,00,00,00,00,00,00,00,00
55910000,2C6,false,Rx,0,8,F4,01,84,03,00,00,00,00
55923000,54,false,Rx,0,8,01,01,FE,FF,FE,FF,00,00
55923000,55,false,Rx,0,8,10,27,00,00,00,00,00,00
55923000,56,false,Rx,0,8,10,27,00,00,00,00,00,00
55934000,57,false,Rx,0,8,00,00,FE,FF,FE,FF,00,00
55975000,625,false,Rx,0,8,25,00,11,43,FD,BB,E4,01
55983000,60D,false,Rx,0,8,0D,10,DF,23,02,20,70,00
56075000,625,false,Rx,0,8,25,00,11,43,FD,BB,E4,01
56083000,60D,false,Rx,0,8,0D,10,DF,23,02,20,70,00
56110000,2C4,false,Rx,0,8,05,00,00,00,DF,02,00,00
56110000,2C5,false,Rx,0,8,00,00,00,00,00,00,00,00
56110000,2C6,false,Rx,0,8,F4,01,84,03,00,00,00,00
56123000,54,false,Rx,0,8,01,01,FE,FF,FE,FF,00,00
56123000,55,false,Rx,0,8,10,27,00,00,00,00,00,00
56123000,56,false,Rx,0,8,10,27,00,00,00,00,00,00
56134000,57,false,Rx,0,8,00,00,FE,FF,FE,FF,00,00
56175000,625,false,Rx,0,8,25,00,11,43,FD,BB,E4,01
56183000,60D,false,Rx,0,8,0D,10,DF,23,02,20,70,00
56275000,625,false,Rx,0,8,25,00,11,43,FD,BB,E4,01
56283000,60D,false,Rx,0,8,0D,10,DF,23,02,20,70,00
56310000,2C4,false,Rx,0,8,05,00,00,00,DF,02,00,00
56310000,2C5,false,Rx,0,8,00,00,00,00,00,00,00,00
56310000,2C6,false,Rx,0,8,F4,01,84,03,00,00,00,00
56323000,54,false,Rx,0,8,01,01,FE,FF,FE,FF,00,00
56323000,55,false,Rx,0,8,10,27,00,00,00,00,00,00
56324000,56,false,Rx,0,8,10,27,00,00,00,00,00,00
56334000,57,false,Rx,0,8,00,00,FE,FF,FE,FF,00,00
56375000,625,false,Rx,0,8,25,00,11,43,FD,BB,E4,01
56383000,60D,false,Rx,0,8,0D,10,DF,23,02,20,70,00
56475000,625,false,Rx,0,8,25,00,11,43,FD,BB,E4,01
56483000,60D,false,Rx,0,8,0D,10,DF,23,02,20,70,00
56510000,2C4,false,Rx,0,8,05,00,00,00,DF,02,00,00
56510000,2C5,false,Rx,0,8,00,00,00,00,00,00,00,00
56510000,2C6,false,Rx,0,8,F4,01,84,03,00,00,00,00
56523000,54,false,Rx,0,8,01,01,FE,FF,FE,FF,00,00
56523000,55,false,Rx,0,8,10,27,00,00,00,00,00,00
56523000,56,false,Rx,0,8,10,27,00,00,00,00,00,00
56534000,57,false,Rx,0,8,00,00,FE,FF,FE,FF,00,00
56575000,625,false,Rx,0,8,25,00,11,43,FD,BB,E4,01
56583000,60D,false,Rx,0,8,0D,10,DF,23,02,20,70,00
56675000,625,false,Rx,0,8,25,00,11,43,FD,BB,E4,01
56683000,60D,false,Rx,0,8,0D,10,DF,23,02,20,70,00
56710000,2C4,false,Rx,0,8,05,00,00,00,DF,02,00,00
56710000,2C5,false,Rx,0,8,00,00,00,00,00,00,00,00
56710000,2C6,false,Rx,0,8,F4,01,84,03,00,00,00,00
56723000,54,false,Rx,0,8,01,01,FE,FF,FE,FF,00,00
56723000,55,false,Rx,0,8,10,27,00,00,00,00,00,00
56723000,56,false,Rx,0,8,10,27,00,00,00,00,00,00
56734000,57,false,Rx,0,8,00,00,FE,FF,FE,FF,00,00
56775000,625,false,Rx,0,8,25,00,11,43,FD,BB,E4,01
56783000,60D,false,Rx,0,8,0D,10,DF,23,02,20,70,00
56875000,625,false,Rx,0,8,25,00,11,43,FD,BB,E4,01
56883000,60D,false,Rx,0,8,0D,10,DF,23,02,20,70,00
56910000,2C4,false,Rx,0,8,05,00,00,00,DF,02,00,00
56910000,2C5,false,Rx,0,8,00,00,00,00,00,00,00,00
56910000,2C6,false,Rx,0,8,F4,01,84,03,00,00,00,00
56923000,54,false,Rx,0,8,01,01,FE,FF,FE,FF,00,00
56923000,55,false,Rx,0,8,10,27,00,00,00,00,00,00
56924000,56,false,Rx,0,8,10,27,00,00,00,00,00,00
56934000,57,false,Rx,0,8,00,00,FE,FF,FE,FF,00,00
56975000,625,false,Rx,0,8,25,00,11,43,FD,BB,E4,01
56984000,60D,false,Rx,0,8,0D,10,DF,23,02,20,70,00
57075000,625,false,Rx,0,8,25,00,11,43,FD,BB,E4,01
57083000,60D,false,Rx,0,8,0D,10,DF,23,02,20,70,00
57109000,2C4,false,Rx,0,8,05,00,00,00,DF,02,00,00
57110000,2C5,false,Rx,0,8,00,00,00,00,00,00,00,00
57110000,2C6,false,Rx,0,8,F4,01,84,03,00,00,00,00
57123000,54,false,Rx,0,8,01,01,FE,FF,FE,FF,00,00
57123000,55,false,Rx,0,8,10,27,00,00,00,00,00,00
57123000,56,false,Rx,0,8,10,27,00,00,00,00,00,00
57134000,57,false,Rx,0,8,00,00,FE,FF,FE,FF,00,00
57175000,625,false,Rx,0,8,25,00,11,43,FD,BB,E4,01
57184000,60D,false,Rx,0,8,0D,10,DF,23,02,20,70,00
57275000,625,false,Rx,0,8,25,00,11,43,FD,BB,E4,01
57283000,60D,false,Rx,0,8,0D,10,DF,23,02,20,70,00
57310000,2C4,false,Rx,0,8,05,00,00,00,DF,02,00,00
57310000,2C5,false,Rx,0,8,00,00,00,00,00,00,00,00
57310000,2C6,false,Rx,0,8,F4,01,84,03,00,00,00,00
57323000,54,false,Rx,0,8,01,01,FE,FF,FE,FF,00,00
57323000,55,false,Rx,0,8,10,27,00,00,00,00,00,00
57323000,56,false,Rx,0,8,10,27,00,00,00,00,00,00
57334000,57,false,Rx,0,8,00,00,FE,FF,FE,FF,00,00
57375000,625,false,Rx,0,8,25,00,11,43,FD,BB,E4,01
57383000,60D,false,Rx,0,8,0D,10,DF,23,02,20,70,00
57475000,625,false,Rx,0,8,25,00,11,43,FD,BB,E4,01
57483000,60D,false,Rx,0,8,0D,10,DF,23,02,20,70,00
57509000,2C4,false,Rx,0,8,05,00,00,00,DF,02,00,00
57510000,2C5,false,Rx,0,8,00,00,00,00,00,00,00,00
57510000,2C6,false,Rx,0,8,F4,01,84,03,00,00,00,00
57523000,54,false,Rx,0,8,01,01,FE,FF,FE,FF,00,00
57523000,55,false,Rx,0,8,10,27,00,00,00,00,00,00
57523000,56,false,Rx,0,8,10,27,00,00,00,00,00,00
57534000,57,false,Rx,0,8,00,00,FE,FF,FE,FF,00,00
57575000,625,false,Rx,0,8,25,00,11,43,FD,BB,E4,01
57584000,60D,false,Rx,0,8,0D,10,DF,23,02,20,70,00
57675000,625,false,Rx,0,8,25,00,11,43,FD,BB,E4,01
57684000,60D,false,Rx,0,8,0D,10,DF,23,02,20,70,00
57709000,2C4,false,Rx,0,8,05,00,00,00,DF,02,00,00
57710000,2C5,false,Rx,0,8,00,00,00,00,00,00,00,00
57710000,2C6,false,Rx,0,8,F4,01,84,03,00,00,00,00
57723000,54,false,Rx,0,8,01,01,FE,FF,FE,FF,00,00
57723000,55,false,Rx,0,8,10,27,00,00,00,00,00,00
57723000,56,false,Rx,0,8,10,27,00,00,00,00,00,00
57734000,57,false,Rx,0,8,00,00,FE,FF,FE,FF,00,00
57775000,625,false,Rx,0,8,25,00,11,43,FD,BB,E4,01
57784000,60D,false,Rx,0,8,0D,10,DF,23,02,20,70,00
57875000,625,false,Rx,0,8,25,00,11,43,FD,BB,E4,01
57883000,60D,false,Rx,0,8,0D,10,DF,23,02,20,70,00
57909000,2C4,false,Rx,0,8,05,00,00,00,DF,02,00,00
57910000,2C5,false,Rx,0,8,00,00,00,00,00,00,00,00
57910000,2C6,false,Rx,0,8,F4,01,84,03,00,00,00,00
57923000,54,false,Rx,0,8,01,01,FE,FF,FE,FF,00,00
57923000,55,false,Rx,0,8,10,27,00,00,00,00,00,00
57923000,56,false,Rx,0,8,10,27,00,00,00,00,00,00
57934000,57,false,Rx,0,8,00,00,FE,FF,FE,FF,00,00
57975000,625,false,Rx,0,8,25,00,11,43,FD,BB,E4,01
57983000,60D,false,Rx,0,8,0D,10,DF,23,02,20,70,00
58075000,625,false,Rx,0,8,25,00,11,43,FD,BB,E4,01
58083000,60D,false,Rx,0,8,0D,10,DF,23,02,20,70,00
58109000,2C4,false,Rx,0,8,05,00,00,00,DF,02,00,00
58110000,2C5,false,Rx,0,8,00,00,00,00,00,00,00,00
58110000,2C6,false,Rx,0,8,F4,01,84,03,00,00,00,00
58123000,54,false,Rx,0,8,01,01,FE,FF,FE,FF,00,00
58123000,55,false,Rx,0,8,10,27,00,00,00,00,00,00
58123000,56,false,Rx,0,8,10,27,00,00,00,00,00,00
58134000,57,false,Rx,0,8,00,00,FE,FF,FE,FF,00,00
58175000,625,false,Rx,0,8,25,00,11,43,FD,BB,E4,01
58183000,60D,false,Rx,0,8,0D,10,DF,23,02,20,70,00
58275000,625,false,Rx,0,8,25,00,11,43,FD,BB,E4,01
58283000,60D,false,Rx,0,8,0D,10,DF,23,02,20,70,00
58309000,2C4,false,Rx,0,8,05,00,00,00,DF,02,00,00
58310000,2C5,false,Rx,0,8,00,00,00,00,00,00,00,00
58310000,2C6,false,Rx,0,8,F4,01,84,03,00,00,00,00
58323000,54,false,Rx,0,8,01,01,FE,FF,FE,FF,00,00
58323000,55,false,Rx,0,8,10,27,00,00,00,00,00,00
58323000,56,false,Rx,0,8,10,27,00,00,00,00,00,00
58334000,57,false,Rx,0,8,00,00,FE,FF,FE,FF,00,00
58375000,625,false,Rx,0,8,25,00,11,43,FD,BB,E4,01
58384000,60D,false,Rx,0,8,0D,10,DF,23,02,20,70,00
58475000,625,false,Rx,0,8,25,00,11,43,FD,BB,E4,01
58483000,60D,false,Rx,0,8,0D,10,DF,23,02,20,70,00
58509000,2C4,false,Rx,0,8,05,00,00,00,DF,02,00,00
58510000,2C5,false,Rx,0,8,00,00,00,00,00,00,00,00
58510000,2C6,false,Rx,0,8,F4,01,84,03,00,00,00,00
58523000,54,false,Rx,0,8,01,01,FE,FF,FE,FF,00,00
58523000,55,false,Rx,0,8,10,27,00,00,00,00,00,00
58523000,56,false,Rx,0,8,10,27,00,00,00,00,00,00
58534000,57,false,Rx,0,8,00,00,FE,FF,FE,FF,00,00
58575000,625,false,Rx,0,8,25,00,11,43,FD,BB,E4,01
58583000,60D,false,Rx,0,8,0D,10,DF,23,02,20,70,00
58675000,625,false,Rx,0,8,25,00,11,43,FD,BB,E4,01
58683000,60D,false,Rx,0,8,0D,10,DF,23,02,20,70,00
58709000,2C4,false,Rx,0,8,05,00,00,00,DF,02,00,00
58710000,2C5,false,Rx,0,8,00,00,00,00,00,00,00,00
58710000,2C6,false,Rx,0,8,F4,01,84,03,00,00,00,00
58723000,54,false,Rx,0,8,01,01,FE,FF,FE,FF,00,00
58723000,55,false,Rx,0,8,10,27,00,00,00,00,00,00
58723000,56,false,Rx,0,8,10,27,00,00,00,00,00,00
58734000,57,false,Rx,0,8,00,00,FE,FF,FE,FF,00,00
58775000,625,false,Rx,0,8,25,00,11,43,FD,BB,E4,01
58783000,60D,false,Rx,0,8,0D,10,DF,23,02,20,70,00
58875000,625,false,Rx,0,8,25,00,11,43,FD,BB,E4,01
58883000,60D,false,Rx,0,8,0D,10,DF,23,02,20,70,00
58909000,2C4,false,Rx,0,8,05,00,00,00,DF,02,00,00
58910000,2C5,false,Rx,0,8,00,00,00,00,00,00,00,00
58910000,2C6,false,Rx,0,8,F4,01,84,03,00,00,00,00
58923000,54,false,Rx,0,8,01,01,FE,FF,FE,FF,00,00
58923000,55,false,Rx,0,8,10,27,00,00,00,00,00,00
58923000,56,false,Rx,0,8,10,27,00,00,00,00,00,00
58934000,57,false,Rx,0,8,00,00,FE,FF,FE,FF,00,00
58975000,625,false,Rx,0,8,25,00,11,43,FD,BB,E4,01
58984000,60D,false,Rx,0,8,0D,10,DF,23,02,20,70,00
59075000,625,false,Rx,0,8,25,00,11,43,FD,BB,E4,01
59083000,60D,false,Rx,0,8,0D,10,DF,23,02,20,70,00
59109000,2C4,false,Rx,0,8,05,00,00,00,DF,02,00,00
59110000,2C5,false,Rx,0,8,00,00,00,00,00,00,00,00
59110000,2C6,false,Rx,0,8,F4,01,84,03,00,00,00,00
59123000,54,false,Rx,0,8,01,01,FE,FF,FE,FF,00,00
59123000,55,false,Rx,0,8,10,27,00,00,00,00,00,00
59123000,56,false,Rx,0,8,10,27,00,00,00,00,00,00
59134000,57,false,Rx,0,8,00,00,FE,FF,FE,FF,00,00
59175000,625,false,Rx,0,8,25,00,11,43,FD,BB,E4,01
59184000,60D,false,Rx,0,8,0D,10,DF,23,02,20,70,00
59275000,625,false,Rx,0,8,25,00,11,43,FD,BB,E4,01
59284000,60D,false,Rx,0,8,0D,10,DF,23,02,20,70,00
59309000,2C4,false,Rx,0,8,05,00,00,00,DF,02,00,00
59310000,2C5,false,Rx,0,8,00,00,00,00,00,00,00,00
59310000,2C6,false,Rx,0,8,F4,01,84,03,00,00,00,00
59323000,54,false,Rx,0,8,01,01,FE,FF,FE,FF,00,00
59323000,55,false,Rx,0,8,10,27,00,00,00,00,00,00
59323000,56,false,Rx,0,8,10,27,00,00,00,00,00,00
59334000,57,false,Rx,0,8,00,00,FE,FF,FE,FF,00,00
59375000,625,false,Rx,0,8,25,00,11,43,FD,BB,E4,01
59384000,60D,false,Rx,0,8,0D,10,DF,23,02,20,70,00
59475000,625,false,Rx,0,8,25,00,11,43,FD,BB,E4,01
59484000,60D,false,Rx,0,8,0D,10,DF,23,02,20,70,00
59509000,2C4,false,Rx,0,8,05,00,00,00,DF,02,00,00
59510000,2C5,false,Rx,0,8,00,00,00,00,00,00,00,00
59510000,2C6,false,Rx,0,8,F4,01,84,03,00,00,00,00
59523000,54,false,Rx,0,8,01,01,FE,FF,FE,FF,00,00
59523000,55,false,Rx,0,8,10,27,00,00,00,00,00,00
59523000,56,false,Rx,0,8,10,27,00,00,00,00,00,00
59534000,57,false,Rx,0,8,00,00,FE,FF,FE,FF,00,00
59575000,625,false,Rx,0,8,25,00,11,43,FD,BB,E4,01
59584000,60D,false,Rx,0,8,0D,10,DF,23,02,20,70,00
59675000,625,false,Rx,0,8,25,00,11,43,FD,BB,E4,01
59683000,60D,false,Rx,0,8,0D,10,DF,23,02,20,70,00
59709000,2C4,false,Rx,0,8,05,00,00,00,DF,02,00,00
59710000,2C5,false,Rx,0,8,00,00,00,00,00,00,00,00
59710000,2C6,false,Rx,0,8,F4,01,84,03,00,00,00,00
59723000,54,false,Rx,0,8,01,01,FE,FF,FE,FF,00,00
59723000,55,false,Rx,0,8,10,27,00,00,00,00,00,00
59723000,56,false,Rx,0,8,10,27,00,00,00,00,00,00
59734000,57,false,Rx,0,8,00,00,FE,FF,FE,FF,00,00
59775000,625,false,Rx,0,8,25,00,11,43,FD,BB,E4,01
59783000,60D,false,Rx,0,8,0D,10,DF,23,02,20,70,00
59875000,625,false,Rx,0,8,25,00,11,43,FD,BB,E4,01
59883000,60D,false,Rx,0,8,0D,10,DF,23,02,20,70,00
59909000,2C4,false,Rx,0,8,05,00,00,00,DF,02,00,00
59910000,2C5,false,Rx,0,8,00,00,00,00,00,00,00,00
59910000,2C6,false,Rx,0,8,F4,01,84,03,00,00,00,00
59923000,54,false,Rx,0,8,01,01,FE,FF,FE,FF,00,00
59923000,55,false,Rx,0,8,10,27,00,00,00,00,00,00
59923000,56,false,Rx,0,8,10,27,00,00,00,00,00,00
59934000,57,false,Rx,0,8,00,00,FE,FF,FE,FF,00,00
59975000,625,false,Rx,0,8,25,00,11,43,FD,BB,E4,01
59983000,60D,false,Rx,0,8,0D,10,DF,23,02,20,70,00
60075000,625,false,Rx,0,8,25,00,11,43,FD,BB,E4,01
60083000,60D,false,Rx,0,8,0D,10,DF,23,02,20,70,00
60109000,2C4,false,Rx,0,8,05,00,00,00,DF,02,00,00
60110000,2C5,false,Rx,0,8,00,00,00,00,00,00,00,00
60110000,2C6,false,Rx,0,8,F4,01,84,03,00,00,00,00
60123000,54,false,Rx,0,8,01,01,FE,FF,FE,FF,00,00
60123000,55,false,Rx,0,8,10,27,00,00,00,00,00,00
60123000,56,false,Rx,0,8,10,27,00,00,00,00,00,00
60134000,57,false,Rx,0,8,00,00,FE,FF,FE,FF,00,00
60175000,625,false,Rx,0,8,25,00,11,43,FD,BB,E4,01
60184000,60D,false,Rx,0,8,0D,10,DF,23,02,20,70,00
60275000,625,false,Rx,0,8,25,00,11,43,FD,BB,E4,01
60283000,60D,false,Rx,0,8,0D,10,DF,23,02,20,70,00
60309000,2C4,false,Rx,0,8,05,00,00,00,DF,02,00,00
60310000,2C5,false,Rx,0,8,00,00,00,00,00,00,00,00
60310000,2C6,false,Rx,0,8,F4,01,84,03,00,00,00,00
60323000,54,false,Rx,0,8,01,01,FE,FF,FE,FF,00,00
60323000,55,false,Rx,0,8,10,27,00,00,00,00,00,00
60323000,56,false,Rx,0,8,10,27,00,00,00,00,00,00
60334000,57,false,Rx,0,8,00,00,FE,FF,FE,FF,00,00
60375000,625,false,Rx,0,8,25,00,11,43,FD,BB,E4,01
60383000,60D,false,Rx,0,8,0D,10,DF,23,02,20,70,00
60475000,625,false,Rx,0,8,25,00,11,43,FD,BB,E4,01
60483000,60D,false,Rx,0,8,0D,10,DF,23,02,20,70,00
60509000,2C4,false,Rx,0,8,05,00,00,00,DF,02,00,00
60510000,2C5,false,Rx,0,8,00,00,00,00,00,00,00,00
60510000,2C6,false,Rx,0,8,F4,01,84,03,00,00,00,00
60523000,54,false,Rx,0,8,01,01,FE,FF,FE,FF,00,00
60523000,55,false,Rx,0,8,10,27,00,00,00,00,00,00
60523000,56,false,Rx,0,8,10,27,00,00,00,00,00,00
60534000,57,false,Rx,0,8,00,00,FE,FF,FE,FF,00,00
60575000,625,false,Rx,0,8,25,00,11,43,FD,BB,E4,01
60583000,60D,false,Rx,0,8,0D,10,DF,23,02,20,70,00
60675000,625,false,Rx,0,8,25,00,11,43,FD,BB,E4,01
60683000,60D,false,Rx,0,8,0D,10,DF,23,02,20,70,00
60709000,2C4,false,Rx,0,8,05,00,00,00,DF,02,00,00
60710000,2C5,false,Rx,0,8,00,00,00,00,00,00,00,00
60710000,2C6,false,Rx,0,8,F4,01,84,03,00,00,00,00
60723000,54,false,Rx,0,8,01,01,FE,FF,FE,FF,00,00
60723000,55,false,Rx,0,8,10,27,00,00,00,00,00,00
60723000,56,false,Rx,0,8,10,27,00,00,00,00,00,00
60734000,57,false,Rx,0,8,00,00,FE,FF,FE,FF,00,00
60775000,625,false,Rx,0,8,25,00,11,43,FD,BB,E4,01
60784000,60D,false,Rx,0,8,0D,10,DF,23,02,20,70,00
60875000,625,false,Rx,0,8,25,00,11,43,FD,BB,E4,01
60883000,60D,false,Rx,0,8,0D,10,DF,23,02,20,70,00
60909000,2C4,false,Rx,0,8,05,00,00,00,DF,02,00,00
60910000,2C5,false,Rx,0,8,00,00,00,00,00,00,00,00
60910000,2C6,false,Rx,0,8,F4,01,84,03,00,00,00,00
60923000,54,false,Rx,0,8,01,01,FE,FF,FE,FF,00,00
60923000,55,false,Rx,0,8,10,27,00,00,00,00,00,00
60923000,56,false,Rx,0,8,10,27,00,00,00,00,00,00
60934000,57,false,Rx,0,8,00,00,FE,FF,FE,FF,00,00
60975000,625,false,Rx,0,8,25,00,11,43,FD,BB,E4,01
60983000,60D,false,Rx,0,8,0D,10,DF,23,02,20,70,00
61075000,625,false,Rx,0,8,25,00,11,43,FD,BB,E4,01
61083000,60D,false,Rx,0,8,0D,10,DF,23,02,20,70,00
61109000,2C4,false,Rx,0,8,05,00,00,00,DF,02,00,00
61110000,2C5,false,Rx,0,8,00,00,00,00,00,00,00,00
61110000,2C6,false,Rx,0,8,F4,01,84,03,00,00,00,00
61123000,54,false,Rx,0,8,01,01,FE,FF,FE,FF,00,00
61123000,55,false,Rx,0,8,10,27,00,00,00,00,00,00
61123000,56,false,Rx,0,8,10,27,00,00,00,00,00,00
61134000,57,false,Rx,0,8,00,00,FE,FF,FE,FF,00,00
61175000,625,false,Rx,0,8,25,00,11,43,FD,BB,E4,01
61183000,60D,false,Rx,0,8,0D,10,DF,23,02,20,70,00
61275000,625,false,Rx,0,8,25,00,11,43,FD,BB,E4,01
61283000,60D,false,Rx,0,8,0D,10,DF,23,02,20,70,00
61309000,2C4,false,Rx,0,8,05,00,00,00,DF,02,00,00
61310000,2C5,false,Rx,0,8,00,00,00,00,00,00,00,00
61310000,2C6,false,Rx,0,8,F4,01,84,03,00,00,00,00
61323000,54,false,Rx,0,8,01,01,FE,FF,FE,FF,00,00
61323000,55,false,Rx,0,8,10,27,00,00,00,00,00,00
61323000,56,false,Rx,0,8,10,27,00,00,00,00,00,00
61334000,57,false,Rx,0,8,00,00,FE,FF,FE,FF,00,00
61375000,625,false,Rx,0,8,25,00,11,43,FD,BB,E4,01
61384000,60D,false,Rx,0,8,0D,10,DF,23,02,20,70,00
61475000,625,false,Rx,0,8,25,00,11,43,FD,BB,E4,01
61483000,60D,false,Rx,0,8,0D,10,DF,23,02,20,70,00
61509000,2C4,false,Rx,0,8,05,00,00,00,DF,02,00,00
61510000,2C5,false,Rx,0,8,00,00,00,00,00,00,00,00
61510000,2C6,false,Rx,0,8,F4,01,84,03,00,00,00,00
61523000,54,false,Rx,0,8,01,01,FE,FF,FE,FF,00,00
61523000,55,false,Rx,0,8,10,27,00,00,00,00,00,00
61523000,56,false,Rx,0,8,10,27,00,00,00,00,00,00
61534000,57,false,Rx,0,8,00,00,FE,FF,FE,FF,00,00
61575000,625,false,Rx,0,8,25,00,11,43,FD,BB,E4,01
61583000,60D,false,Rx,0,8,0D,10,DF,23,02,20,70,00
61675000,625,false,Rx,0,8,25,00,11,43,FD,BB,E4,01
61683000,60D,false,Rx,0,8,0D,10,DF,23,02,20,70,00
61709000,2C4,false,Rx,0,8,05,00,00,00,DF,02,00,00
61710000,2C5,false,Rx,0,8,00,00,00,00,00,00,00,00
61710000,2C6,false,Rx,0,8,F4,01,84,03,00,00,00,00
61723000,54,false,Rx,0,8,01,01,FE,FF,FE,FF,00,00
61723000,55,false,Rx,0,8,10,27,00,00,00,00,00,00
61723000,56,false,Rx,0,8,10,27,00,00,00,00,00,00
61734000,57,false,Rx,0,8,00,00,FE,FF,FE,FF,00,00
61775000,625,false,Rx,0,8,25,00,11,43,FD,BB,E4,01
61783000,60D,false,Rx,0,8,0D,10,DF,23,02,20,70,00
61875000,625,false,Rx,0,8,25,00,11,43,FD,BB,E4,01
61883000,60D,false,Rx,0,8,0D,10,DF,23,02,20,70,00
61909000,2C4,false,Rx,0,8,05,00,00,00,DF,02,00,00
61910000,2C5,false,Rx,0,8,00,00,00,00,00,00,00,00
61910000,2C6,false,Rx,0,8,F4,01,84,03,00,00,00,00
61923000,54,false,Rx,0,8,01,01,FE,FF,FE,FF,00,00
61923000,55,false,Rx,0,8,10,27,00,00,00,00,00,00
61924000,56,false,Rx,0,8,10,27,00,00,00,00,00,00
61934000,57,false,Rx,0,8,00,00,FE,FF,FE,FF,00,00
61975000,625,false,Rx,0,8,25,00,11,43,FD,BB,E4,01
61984000,60D,false,Rx,0,8,0D,10,DF,23,02,20,70,00
62075000,625,false,Rx,0,8,25,00,11,43,FD,BB,E4,01
62083000,60D,false,Rx,0,8,0D,10,DF,23,02,20,70,00
62109000,2C4,false,Rx,0,8,05,00,00,00,DF,02,00,00
62109000,2C5,false,Rx,0,8,00,00,00,00,00,00,00,00
62110000,2C6,false,Rx,0,8,F4,01,84,03,00,00,00,00
62123000,54,false,Rx,0,8,01,01,FE,FF,FE,FF,00,00
62123000,55,false,Rx,0,8,10,27,00,00,00,00,00,00
62123000,56,false,Rx,0,8,10,27,00,00,00,00,00,00
62134000,57,false,Rx,0,8,00,00,FE,FF,FE,FF,00,00
62175000,625,false,Rx,0,8,25,00,11,43,FD,BB,E4,01
62184000,60D,false,Rx,0,8,0D,10,DF,23,02,20,70,00
62275000,625,false,Rx,0,8,25,00,11,43,FD,BB,E4,01
62283000,60D,false,Rx,0,8,0D,10,DF,23,02,20,70,00
62309000,2C4,false,Rx,0,8,05,00,00,00,DF,02,00,00
62309000,2C5,false,Rx,0,8,00,00,00,00,00,00,00,00
62310000,2C6,false,Rx,0,8,F4,01,84,03,00,00,00,00
62323000,54,false,Rx,0,8,01,01,FE,FF,FE,FF,00,00
62323000,55,false,Rx,0,8,10,27,00,00,00,00,00,00
62323000,56,false,Rx,0,8,10,27,00,00,00,00,00,00
62334000,57,false,Rx,0,8,00,00,FE,FF,FE,FF,00,00
62375000,625,false,Rx,0,8,25,00,11,43,FD,BB,E4,01
62384000,60D,false,Rx,0,8,0D,10,DF,23,02,20,70,00
62475000,625,false,Rx,0,8,25,00,11,43,FD,BB,E4,01
62483000,60D,false,Rx,0,8,0D,10,DF,23,02,20,70,00
62509000,2C4,false,Rx,0,8,05,00,00,00,DF,02,00,00
62509000,2C5,false,Rx,0,8,00,00,00,00,00,00,00,00
62510000,2C6,false,Rx,0,8,F4,01,84,03,00,00,00,00
62523000,54,false,Rx,0,8,01,01,FE,FF,FE,FF,00,00
62523000,55,false,Rx,0,8,10,27,00,00,00,00,00,00
62523000,56,false,Rx,0,8,10,27,00,00,00,00,00,00
62534000,57,false,Rx,0,8,00,00,FE,FF,FE,FF,00,00
62575000,625,false,Rx,0,8,25,00,11,43,FD,BB,E4,01
62583000,60D,false,Rx,0,8,0D,10,DF,23,02,20,70,00
62675000,625,false,Rx,0,8,25,00,11,43,FD,BB,E4,01
62683000,60D,false,Rx,0,8,0D,10,DF,23,02,20,70,00
62709000,2C4,false,Rx,0,8,05,00,00,00,DF,02,00,00
62709000,2C5,false,Rx,0,8,00,00,00,00,00,00,00,00
62710000,2C6,false,Rx,0,8,F4,01,84,03,00,00,00,00
62723000,54,false,Rx,0,8,01,01,FE,FF,FE,FF,00,00
62723000,55,false,Rx,0,8,10,27,00,00,00,00,00,00
62723000,56,false,Rx,0,8,10,27,00,00,00,00,00,00
62734000,57,false,Rx,0,8,00,00,FE,FF,FE,FF,00,00
62775000,625,false,Rx,0,8,25,00,11,43,FD,BB,E4,01
62783000,60D,false,Rx,0,8,0D,10,DF,23,02,20,70,00
62875000,625,false,Rx,0,8,25,00,11,43,FD,BB,E4,01
62883000,60D,false,Rx,0,8,0D,10,DF,23,02,20,70,00
62909000,2C4,false,Rx,0,8,05,00,00,00,DF,02,00,00
62909000,2C5,false,Rx,0,8,00,00,00,00,00,00,00,00
62910000,2C6,false,Rx,0,8,F4,01,84,03,00,00,00,00
62923000,54,false,Rx,0,8,01,01,FE,FF,FE,FF,00,00
62923000,55,false,Rx,0,8,10,27,00,00,00,00,00,00
62923000,56,false,Rx,0,8,10,27,00,00,00,00,00,00
62934000,57,false,Rx,0,8,00,00,FE,FF,FE,FF,00,00
62975000,625,false,Rx,0,8,25,00,11,43,FD,BB,E4,01
62984000,60D,false,Rx,0,8,0D,10,DF,23,02,20,70,00
63075000,625,false,Rx,0,8,25,00,11,43,FD,BB,E4,01
63083000,60D,false,Rx,0,8,0D,10,DF,23,02,20,70,00
63109000,2C4,false,Rx,0,8,05,00,00,00,DF,02,00,00
63109000,2C5,false,Rx,0,8,00,00,00,00,00,00,00,00
63110000,2C6,false,Rx,0,8,F4,01,84,03,00,00,00,00
63123000,54,false,Rx,0,8,01,01,FE,FF,FE,FF,00,00
63123000,55,false,Rx,0,8,10,27,00,00,00,00,00,00
63123000,56,false,Rx,0,8,10,27,00,00,00,00,00,00
63134000,57,false,Rx,0,8,00,00,FE,FF,FE,FF,00,00
63175000,625,false,Rx,0,8,25,00,11,43,FD,BB,E4,01
63183000,60D,false,Rx,0,8,0D,10,DF,23,02,20,70,00
63275000,625,false,Rx,0,8,25,00,11,43,FD,BB,E4,01
63283000,60D,false,Rx,0,8,0D,10,DF,23,02,20,70,00
63309000,2C4,false,Rx,0,8,05,00,00,00,DF,02,00,00
63309000,2C5,false,Rx,0,8,00,00,00,00,00,00,00,00
63310000,2C6,false,Rx,0,8,F4,01,84,03,00,00,00,00
63323000,54,false,Rx,0,8,01,01,FE,FF,FE,FF,00,00
63323000,55,false,Rx,0,8,10,27,00,00,00,00,00,00
63323000,56,false,Rx,0,8,10,27,00,00,00,00,00,00
63334000,57,false,Rx,0,8,00,00,FE,FF,FE,FF,00,00
63375000,625,false,Rx,0,8,25,00,11,43,FD,BB,E4,01
63383000,60D,false,Rx,0,8,0D,10,DF,23,02,20,70,00
63475000,625,false,Rx,0,8,25,00,11,43,FD,BB,E4,01
63483000,60D,false,Rx,0,8,0D,10,DF,23,02,20,70,00
63509000,2C4,false,Rx,0,8,05,00,00,00,DF,02,00,00
63509000,2C5,false,Rx,0,8,00,00,00,00,00,00,00,00
63510000,2C6,false,Rx,0,8,F4,01,84,03,00,00,00,00
63523000,54,false,Rx,0,8,01,01,FE,FF,FE,FF,00,00
63523000,55,false,Rx,0,8,10,27,00,00,00,00,00,00
63523000,56,false,Rx,0,8,10,27,00,00,00,00,00,00
63534000,57,false,Rx,0,8,00,00,FE,FF,FE,FF,00,00
63575000,625,false,Rx,0,8,25,00,11,43,FD,BB,E4,01
63584000,60D,false,Rx,0,8,0D,10,DF,23,02,20,70,00
63675000,625,false,Rx,0,8,25,00,11,43,FD,BB,E4,01
63683000,60D,false,Rx,0,8,0D,10,DF,23,02,20,70,00
63709000,2C4,false,Rx,0,8,05,00,00,00,DF,02,00,00
63709000,2C5,false,Rx,0,8,00,00,00,00,00,00,00,00
63710000,2C6,false,Rx,0,8,F4,01,84,03,00,00,00,00
63723000,54,false,Rx,0,8,01,01,FE,FF,FE,FF,00,00
63723000,55,false,Rx,0,8,10,27,00,00,00,00,00,00
63723000,56,false,Rx,0,8,10,27,00,00,00,00,00,00
63734000,57,false,Rx,0,8,00,00,FE,FF,FE,FF,00,00
63775000,625,false,Rx,0,8,25,00,11,43,FD,BB,E4,01
63783000,60D,false,Rx,0,8,0D,10,DF,23,02,20,70,00
63875000,625,false,Rx,0,8,25,00,11,43,FD,BB,E4,01
63883000,60D,false,Rx,0,8,0D,10,DF,23,02,20,70,00
63909000,2C4,false,Rx,0,8,05,00,00,00,DF,02,00,00
63909000,2C5,false,Rx,0,8,00,00,00,00,00,00,00,00
63910000,2C6,false,Rx,0,8,F4,01,84,03,00,00,00,00
63923000,54,false,Rx,0,8,01,01,FE,FF,FE,FF,00,00
63923000,55,false,Rx,0,8,10,27,00,00,00,00,00,00
63923000,56,false,Rx,0,8,10,27,00,00,00,00,00,00
63934000,57,false,Rx,0,8,00,00,FE,FF,FE,FF,00,00
63975000,625,false,Rx,0,8,25,00,11,43,FD,BB,E4,01
63983000,60D,false,Rx,0,8,0D,10,DF,23,02,20,70,00
64075000,625,false,Rx,0,8,25,00,11,43,FD,BB,E4,01
64083000,60D,false,Rx,0,8,0D,10,DF,23,02,20,70,00
64109000,2C4,false,Rx,0,8,05,00,00,00,DF,02,00,00
64109000,2C5,false,Rx,0,8,00,00,00,00,00,00,00,00
64110000,2C6,false,Rx,0,8,F4,01,84,03,00,00,00,00
64123000,54,false,Rx,0,8,01,01,FE,FF,FE,FF,00,00
64123000,55,false,Rx,0,8,10,27,00,00,00,00,00,00
64123000,56,false,Rx,0,8,10,27,00,00,00,00,00,00
64134000,57,false,Rx,0,8,00,00,FE,FF,FE,FF,00,00
64175000,625,false,Rx,0,8,25,00,11,43,FD,BB,E4,01
64184000,60D,false,Rx,0,8,0D,10,DF,23,02,20,70,00
64275000,625,false,Rx,0,8,25,00,11,43,FD,BB,E4,01
64283000,60D,false,Rx,0,8,0D,10,DF,23,02,20,70,00
64309000,2C4,false,Rx,0,8,05,00,00,00,DF,02,00,00
64309000,2C5,false,Rx,0,8,00,00,00,00,00,00,00,00
64310000,2C6,false,Rx,0,8,F4,01,84,03,00,00,00,00
64323000,54,false,Rx,0,8,01,01,FE,FF,FE,FF,00,00
64323000,55,false,Rx,0,8,10,27,00,00,00,00,00,00
64323000,56,false,Rx,0,8,10,27,00,00,00,00,00,00
64334000,57,false,Rx,0,8,00,00,FE,FF,FE,FF,00,00
64375000,625,false,Rx,0,8,25,00,11,43,FD,BB,E4,01
64383000,60D,false,Rx,0,8,0D,10,DF,23,02,20,70,00
64475000,625,false,Rx,0,8,25,00,11,43,FD,BB,E4,01
64483000,60D,false,Rx,0,8,0D,10,DF,23,02,20,70,00
64509000,2C4,false,Rx,0,8,05,00,00,00,DF,02,00,00
64509000,2C5,false,Rx,0,8,00,00,00,00,00,00,00,00
64510000,2C6,false,Rx,0,8,F4,01,84,03,00,00,00,00
64523000,54,false,Rx,0,8,01,01,FE,FF,FE,FF,00,00
64523000,55,false,Rx,0,8,10,27,00,00,00,00,00,00
64523000,56,false,Rx,0,8,10,27,00,00,00,00,00,00
64534000,57,false,Rx,0,8,00,00,FE,FF,FE,FF,00,00
64575000,625,false,Rx,0,8,25,00,11,43,FD,BB,E4,01
64583000,60D,false,Rx,0,8,0D,10,DF,23,02,20,70,00
64675000,625,false,Rx,0,8,25,00,11,43,FD,BB,E4,01
64683000,60D,false,Rx,0,8,0D,10,DF,23,02,20,70,00
64709000,2C4,false,Rx,0,8,05,00,00,00,DF,02,00,00
64709000,2C5,false,Rx,0,8,00,00,00,00,00,00,00,00
64710000,2C6,false,Rx,0,8,F4,01,84,03,00,00,00,00
64723000,54,false,Rx,0,8,01,01,FE,FF,FE,FF,00,00
64723000,55,false,Rx,0,8,10,27,00,00,00,00,00,00
64723000,56,false,Rx,0,8,10,27,00,00,00,00,00,00
64734000,57,false,Rx,0,8,00,00,FE,FF,FE,FF,00,00
64775000,625,false,Rx,0,8,25,00,11,43,FD,BB,E4,01
64784000,60D,false,Rx,0,8,0D,10,DF,23,02,20,70,00
64875000,625,false,Rx,0,8,25,00,11,43,FD,BB,E4,01
64883000,60D,false,Rx,0,8,0D,10,DF,23,02,20,70,00
64909000,2C4,false,Rx,0,8,05,00,00,00,DF,02,00,00
64909000,2C5,false,Rx,0,8,00,00,00,00,00,00,00,00
64910000,2C6,false,Rx,0,8,F4,01,84,03,00,00,00,00
64923000,54,false,Rx,0,8,01,01,FE,FF,FE,FF,00,00
64923000,55,false,Rx,0,8,10,27,00,00,00,00,00,00
64923000,56,false,Rx,0,8,10,27,00,00,00,00,00,00
64934000,57,false,Rx,0,8,00,00,FE,FF,FE,FF,00,00
64975000,625,false,Rx,0,8,25,00,11,43,FD,BB,E4,01
64983000,60D,false,Rx,0,8,0D,10,DF,23,02,20,70,00
65075000,625,false,Rx,0,8,25,00,11,43,FD,BB,E4,01
65083000,60D,false,Rx,0,8,0D,10,DF,23,02,20,70,00
65109000,2C4,false,Rx,0,8,05,00,00,00,DF,02,00,00
65109000,2C5,false,Rx,0,8,00,00,00,00,00,00,00,00
65110000,2C6,false,Rx,0,8,F4,01,84,03,00,00,00,00
65123000,54,false,Rx,0,8,01,01,FE,FF,FE,FF,00,00
65123000,55,false,Rx,0,8,10,27,00,00,00,00,00,00
65123000,56,false,Rx,0,8,10,27,00,00,00,00,00,00
65134000,57,false,Rx,0,8,00,00,FE,FF,FE,FF,00,00
65175000,625,false,Rx,0,8,25,00,11,43,FD,BB,E4,01
65184000,60D,false,Rx,0,8,0D,10,DF,23,02,20,70,00
65275000,625,false,Rx,0,8,25,00,11,43,FD,BB,E4,01
65284000,60D,false,Rx,0,8,0D,10,DF,23,02,20,70,00
65309000,2C4,false,Rx,0,8,05,00,00,00,DF,02,00,00
65309000,2C5,false,Rx,0,8,00,00,00,00,00,00,00,00
65310000,2C6,false,Rx,0,8,F4,01,84,03,00,00,00,00
65323000,54,false,Rx,0,8,01,01,FE,FF,FE,FF,00,00
65323000,55,false,Rx,0,8,10,27,00,00,00,00,00,00
65323000,56,false,Rx,0,8,10,27,00,00,00,00,00,00
65334000,57,false,Rx,0,8,00,00,FE,FF,FE,FF,00,00
65375000,625,false,Rx,0,8,25,00,11,43,FD,BB,E4,01
65384000,60D,false,Rx,0,8,0D,10,DF,23,02,20,70,00
65475000,625,false,Rx,0,8,25,00,11,43,FD,BB,E4,01
65483000,60D,false,Rx,0,8,0D,10,DF,23,02,20,70,00
65509000,2C4,false,Rx,0,8,05,00,00,00,DF,02,00,00
65509000,2C5,false,Rx,0,8,00,00,00,00,00,00,00,00
65510000,2C6,false,Rx,0,8,F4,01,84,03,00,00,00,00
65523000,54,false,Rx,0,8,01,01,FE,FF,FE,FF,00,00
65523000,55,false,Rx,0,8,10,27,00,00,00,00,00,00
65523000,56,false,Rx,0,8,10,27,00,00,00,00,00,00
65534000,57,false,Rx,0,8,00,00,FE,FF,FE,FF,00,00
65575000,625,false,Rx,0,8,25,00,11,43,FD,BB,E4,01
65583000,60D,false,Rx,0,8,0D,10,DF,23,02,20,70,00
65675000,625,false,Rx,0,8,25,00,11,43,FD,BB,E4,01
65683000,60D,false,Rx,0,8,0D,10,DF,23,02,20,70,00
65709000,2C4,false,Rx,0,8,05,00,00,00,DF,02,00,00
65709000,2C5,false,Rx,0,8,00,00,00,00,00,00,00,00
65710000,2C6,false,Rx,0,8,F4,01,84,03,00,00,00,00
65723000,54,false,Rx,0,8,01,01,FE,FF,FE,FF,00,00
65723000,55,false,Rx,0,8,10,27,00,00,00,00,00,00
65723000,56,false,Rx,0,8,10,27,00,00,00,00,00,00
65734000,57,false,Rx,0,8,00,00,FE,FF,FE,FF,00,00
65775000,625,false,Rx,0,8,25,00,11,43,FD,BB,E4,01
65783000,60D,false,Rx,0,8,0D,10,DF,23,02,20,70,00
65875000,625,false,Rx,0,8,25,00,11,43,FD,BB,E4,01
65883000,60D,false,Rx,0,8,0D,10,DF,23,02,20,70,00
65909000,2C4,false,Rx,0,8,05,00,00,00,DF,02,00,00
65909000,2C5,false,Rx,0,8,00,00,00,00,00,00,00,00
65910000,2C6,false,Rx,0,8,F4,01,84,03,00,00,00,00
65923000,54,false,Rx,0,8,01,01,FE,FF,FE,FF,00,00
65923000,55,false,Rx,0,8,10,27,00,00,00,00,00,00
65923000,56,false,Rx,0,8,10,27,00,00,00,00,00,00
65934000,57,false,Rx,0,8,00,00,FE,FF,FE,FF,00,00
65975000,625,false,Rx,0,8,25,00,11,43,FD,BB,E4,01
65983000,60D,false,Rx,0,8,0D,10,DF,23,02,20,70,00
66075000,625,false,Rx,0,8,25,00,11,43,FD,BB,E4,01
66083000,60D,false,Rx,0,8,0D,10,DF,23,02,20,70,00
66109000,2C4,false,Rx,0,8,05,00,00,00,DF,02,00,00
66109000,2C5,false,Rx,0,8,00,00,00,00,00,00,00,00
66110000,2C6,false,Rx,0,8,F4,01,84,03,00,00,00,00
66123000,54,false,Rx,0,8,01,01,FE,FF,FE,FF,00,00
66123000,55,false,Rx,0,8,10,27,00,00,00,00,00,00
66123000,56,false,Rx,0,8,10,27,00,00,00,00,00,00
66134000,57,false,Rx,0,8,00,00,FE,FF,FE,FF,00,00
66175000,625,false,Rx,0,8,25,00,11,43,FD,BB,E4,01
66183000,60D,false,Rx,0,8,0D,10,DF,23,02,20,70,00
66275000,625,false,Rx,0,8,25,00,11,43,FD,BB,E4,01
66283000,60D,false,Rx,0,8,0D,10,DF,23,02,20,70,00
66309000,2C4,false,Rx,0,8,05,00,00,00,DF,02,00,00
66309000,2C5,false,Rx,0,8,00,00,00,00,00,00,00,00
66309000,2C6,false,Rx,0,8,F4,01,84,03,00,00,00,00
66323000,54,false,Rx,0,8,01,01,FE,FF,FE,FF,00,00
66323000,55,false,Rx,0,8,10,27,00,00,00,00,00,00
66323000,56,false,Rx,0,8,10,27,00,00,00,00,00,00
66334000,57,false,Rx,0,8,00,00,FE,FF,FE,FF,00,00
66375000,625,false,Rx,0,8,25,00,11,43,FD,BB,E4,01
66383000,60D,false,Rx,0,8,0D,10,DF,23,02,20,70,00
66475000,625,false,Rx,0,8,25,00,11,43,FD,BB,E4,01
66483000,60D,false,Rx,0,8,0D,10,DF,23,02,20,70,00
66509000,2C4,false,Rx,0,8,05,00,00,00,DF,02,00,00
66509000,2C5,false,Rx,0,8,00,00,00,00,00,00,00,00
66510000,2C6,false,Rx,0,8,F4,01,84,03,00,00,00,00
66523000,54,false,Rx,0,8,01,01,FE,FF,FE,FF,00,00
66523000,55,false,Rx,0,8,10,27,00,00,00,00,00,00
66523000,56,false,Rx,0,8,10,27,00,00,00,00,00,00
66534000,57,false,Rx,0,8,00,00,FE,FF,FE,FF,00,00
66575000,625,false,Rx,0,8,25,00,11,43,FD,BB,E4,01
66583000,60D,false,Rx,0,8,0D,10,DF,23,02,20,70,00
66675000,625,false,Rx,0,8,25,00,11,43,FD,BB,E4,01
66683000,60D,false,Rx,0,8,0D,10,DF,23,02,20,70,00
66709000,2C4,false,Rx,0,8,05,00,00,00,DF,02,00,00
66709000,2C5,false,Rx,0,8,00,00,00,00,00,00,00,00
66709000,2C6,false,Rx,0,8,F4,01,84,03,00,00,00,00
66723000,54,false,Rx,0,8,01,01,FE,FF,FE,FF,00,00
66723000,55,false,Rx,0,8,10,27,00,00,00,00,00,00
66723000,56,false,Rx,0,8,10,27,00,00,00,00,00,00
66734000,57,false,Rx,0,8,00,00,FE,FF,FE,FF,00,00
66775000,625,false,Rx,0,8,25,00,11,43,FD,BB,E4,01
66783000,60D,false,Rx,0,8,0D,10,DF,23,02,20,70,00
66875000,625,false,Rx,0,8,25,00,11,43,FD,BB,E4,01
66883000,60D,false,Rx,0,8,0D,10,DF,23,02,20,70,00
66909000,2C4,false,Rx,0,8,05,00,00,00,DF,02,00,00
66909000,2C5,false,Rx,0,8,00,00,00,00,00,00,00,00
66909000,2C6,false,Rx,0,8,F4,01,84,03,00,00,00,00
66923000,54,false,Rx,0,8,01,01,FE,FF,FE,FF,00,00
66923000,55,false,Rx,0,8,10,27,00,00,00,00,00,00
66923000,56,false,Rx,0,8,10,27,00,00,00,00,00,00
66934000,57,false,Rx,0,8,00,00,FE,FF,FE,FF,00,00
66975000,625,false,Rx,0,8,25,00,11,43,FD,BB,E4,01
66984000,60D,false,Rx,0,8,0D,10,DF,23,02,20,70,00
67075000,625,false,Rx,0,8,25,00,11,43,FD,BB,E4,01
67083000,60D,false,Rx,0,8,0D,10,DF,23,02,20,70,00
67109000,2C4,false,Rx,0,8,05,00,00,00,DF,02,00,00
67109000,2C5,false,Rx,0,8,00,00,00,00,00,00,00,00
67109000,2C6,false,Rx,0,8,F4,01,84,03,00,00,00,00
67123000,54,false,Rx,0,8,01,01,FE,FF,FE,FF,00,00
67123000,55,false,Rx,0,8,10,27,00,00,00,00,00,00
67123000,56,false,Rx,0,8,10,27,00,00,00,00,00,00
67134000,57,false,Rx,0,8,00,00,FE,FF,FE,FF,00,00
67175000,625,false,Rx,0,8,25,00,11,43,FD,BB,E4,01
67184000,60D,false,Rx,0,8,0D,10,DF,23,02,20,70,00
67275000,625,false,Rx,0,8,25,00,11,43,FD,BB,E4,01
67283000,60D,false,Rx,0,8,0D,10,DF,23,02,20,70,00
67309000,2C4,false,Rx,0,8,05,00,00,00,DF,02,00,00
67309000,2C5,false,Rx,0,8,00,00,00,00,00,00,00,00
67309000,2C6,false,Rx,0,8,F4,01,84,03,00,00,00,00
67323000,54,false,Rx,0,8,01,01,FE,FF,FE,FF,00,00
67323000,55,false,Rx,0,8,10,27,00,00,00,00,00,00
67323000,56,false,Rx,0,8,10,27,00,00,00,00,00,00
67334000,57,false,Rx,0,8,00,00,FE,FF,FE,FF,00,00
67375000,625,false,Rx,0,8,25,00,11,43,FD,BB,E4,01
67383000,60D,false,Rx,0,8,0D,10,DF,23,02,20,70,00
67475000,625,false,Rx,0,8,25,00,11,43,FD,BB,E4,01
67483000,60D,false,Rx,0,8,0D,10,DF,23,02,20,70,00
67509000,2C4,false,Rx,0,8,05,00,00,00,DF,02,00,00
67509000,2C5,false,Rx,0,8,00,00,00,00,00,00,00,00
67509000,2C6,false,Rx,0,8,F4,01,84,03,00,00,00,00
67523000,54,false,Rx,0,8,01,01,FE,FF,FE,FF,00,00
67523000,55,false,Rx,0,8,10,27,00,00,00,00,00,00
67523000,56,false,Rx,0,8,10,27,00,00,00,00,00,00
67534000,57,false,Rx,0,8,00,00,FE,FF,FE,FF,00,00
67575000,625,false,Rx,0,8,25,00,11,43,FD,BB,E4,01
67584000,60D,false,Rx,0,8,0D,10,DF,23,02,20,70,00
67675000,625,false,Rx,0,8,25,00,11,43,FD,BB,E4,01
67683000,60D,false,Rx,0,8,0D,10,DF,23,02,20,70,00
67709000,2C4,false,Rx,0,8,05,00,00,00,DF,02,00,00
67709000,2C5,false,Rx,0,8,00,00,00,00,00,00,00,00
67709000,2C6,false,Rx,0,8,F4,01,84,03,00,00,00,00
67723000,54,false,Rx,0,8,01,01,FE,FF,FE,FF,00,00
67723000,55,false,Rx,0,8,10,27,00,00,00,00,00,00
67723000,56,false,Rx,0,8,10,27,00,00,00,00,00,00
67734000,57,false,Rx,0,8,00,00,FE,FF,FE,FF,00,00
67775000,625,false,Rx,0,8,25,00,11,43,FD,BB,E4,01
67783000,60D,false,Rx,0,8,0D,10,DF,23,02,20,70,00
67875000,625,false,Rx,0,8,25,00,11,43,FD,BB,E4,01
67883000,60D,false,Rx,0,8,0D,10,DF,23,02,20,70,00
67909000,2C4,false,Rx,0,8,05,00,00,00,DF,02,00,00
67909000,2C5,false,Rx,0,8,00,00,00,00,00,00,00,00
67909000,2C6,false,Rx,0,8,F4,01,84,03,00,00,00,00
67923000,54,false,Rx,0,8,01,01,FE,FF,FE,FF,00,00
67923000,55,false,Rx,0,8,10,27,00,00,00,00,00,00
67923000,56,false,Rx,0,8,10,27,00,00,00,00,00,00
67934000,57,false,Rx,0,8,00,00,FE,FF,FE,FF,00,00
67975000,625,false,Rx,0,8,25,00,11,43,FD,BB,E4,01
67983000,60D,false,Rx,0,8,0D,10,DF,23,02,20,70,00
68075000,625,false,Rx,0,8,25,00,11,43,FD,BB,E4,01
68083000,60D,false,Rx,0,8,0D,10,DF,23,02,20,70,00
68109000,2C4,false,Rx,0,8,05,00,00,00,DF,02,00,00
68109000,2C5,false,Rx,0,8,00,00,00,00,00,00,00,00
68109000,2C6,false,Rx,0,8,F4,01,84,03,00,00,00,00
68123000,54,false,Rx,0,8,01,01,FE,FF,FE,FF,00,00
68123000,55,false,Rx,0,8,10,27,00,00,00,00,00,00
68123000,56,false,Rx,0,8,10,27,00,00,00,00,00,00
68134000,57,false,Rx,0,8,00,00,FE,FF,FE,FF,00,00
68175000,625,false,Rx,0,8,25,00,11,43,FD,BB,E4,01
68183000,60D,false,Rx,0,8,0D,10,DF,23,02,20,70,00
68275000,625,false,Rx,0,8,25,00,11,43,FD,BB,E4,01
68284000,60D,false,Rx,0,8,0D,10,DF,23,02,20,70,00
68309000,2C4,false,Rx,0,8,05,00,00,00,DF,02,00,00
68309000,2C5,false,Rx,0,8,00,00,00,00,00,00,00,00
68309000,2C6,false,Rx,0,8,F4,01,84,03,00,00,00,00
68323000,54,false,Rx,0,8,01,01,FE,FF,FE,FF,00,00
68323000,55,false,Rx,0,8,10,27,00,00,00,00,00,00
68323000,56,false,Rx,0,8,10,27,00,00,00,00,00,00
68334000,57,false,Rx,0,8,00,00,FE,FF,FE,FF,00,00
68375000,625,false,Rx,0,8,25,00,11,43,FD,BB,E4,01
68383000,60D,false,Rx,0,8,0D,10,DF,23,02,20,70,00
68475000,625,false,Rx,0,8,25,00,11,43,FD,BB,E4,01
68483000,60D,false,Rx,0,8,0D,10,DF,23,02,20,70,00
68509000,2C4,false,Rx,0,8,05,00,00,00,DF,02,00,00
68509000,2C5,false,Rx,0,8,00,00,00,00,00,00,00,00
68509000,2C6,false,Rx,0,8,F4,01,84,03,00,00,00,00
68523000,54,false,Rx,0,8,01,01,FE,FF,FE,FF,00,00
68523000,55,false,Rx,0,8,10,27,00,00,00,00,00,00
68523000,56,false,Rx,0,8,10,27,00,00,00,00,00,00
68534000,57,false,Rx,0,8,00,00,FE,FF,FE,FF,00,00
68575000,625,false,Rx,0,8,25,00,11,43,FD,BB,E4,01
68583000,60D,false,Rx,0,8,0D,10,DF,23,02,20,70,00
68675000,625,false,Rx,0,8,25,00,11,43,FD,BB,E4,01
68683000,60D,false,Rx,0,8,0D,10,DF,23,02,20,70,00
68709000,2C4,false,Rx,0,8,05,00,00,00,DF,02,00,00
68709000,2C5,false,Rx,0,8,00,00,00,00,00,00,00,00
68709000,2C6,false,Rx,0,8,F4,01,84,03,00,00,00,00
68723000,54,false,Rx,0,8,01,01,FE,FF,FE,FF,00,00
68723000,55,false,Rx,0,8,10,27,00,00,00,00,00,00
68723000,56,false,Rx,0,8,10,27,00,00,00,00,00,00
68734000,57,false,Rx,0,8,00,00,FE,FF,FE,FF,00,00
68775000,625,false,Rx,0,8,25,00,11,43,FD,BB,E4,01
68783000,60D,false,Rx,0,8,0D,10,DF,23,02,20,70,00
68875000,625,false,Rx,0,8,25,00,11,43,FD,BB,E4,01
68883000,60D,false,Rx,0,8,0D,10,DF,23,02,20,70,00
68909000,2C4,false,Rx,0,8,05,00,00,00,DF,02,00,00
68909000,2C5,false,Rx,0,8,00,00,00,00,00,00,00,00
68909000,2C6,false,Rx,0,8,F4,01,84,03,00,00,00,00
68923000,54,false,Rx,0,8,01,01,FE,FF,FE,FF,00,00
68923000,55,false,Rx,0,8,10,27,00,00,00,00,00,00
68923000,56,false,Rx,0,8,10,27,00,00,00,00,00,00
68934000,57,false,Rx,0,8,00,00,FE,FF,FE,FF,00,00
68975000,625,false,Rx,0,8,25,00,11,43,FD,BB,E4,01
68983000,60D,false,Rx,0,8,0D,10,DF,23,02,20,70,00
69075000,625,false,Rx,0,8,25,00,11,43,FD,BB,E4,01
69083000,60D,false,Rx,0,8,0D,10,DF,23,02,20,70,00
69109000,2C4,false,Rx,0,8,05,00,00,00,DF,02,00,00
69109000,2C5,false,Rx,0,8,00,00,00,00,00,00,00,00
69109000,2C6,false,Rx,0,8,F4,01,84,03,00,00,00,00
69123000,54,false,Rx,0,8,01,01,FE,FF,FE,FF,00,00
69123000,55,false,Rx,0,8,10,27,00,00,00,00,00,00
69123000,56,false,Rx,0,8,10,27,00,00,00,00,00,00
69134000,57,false,Rx,0,8,00,00,FE,FF,FE,FF,00,00
69175000,625,false,Rx,0,8,25,00,11,43,FD,BB,E4,01
69183000,60D,false,Rx,0,8,0D,10,DF,23,02,20,70,00
69275000,625,false,Rx,0,8,25,00,11,43,FD,BB,E4,01
69283000,60D,false,Rx,0,8,0D,10,DF,23,02,20,70,00
69309000,2C4,false,Rx,0,8,05,00,00,00,DF,02,00,00
69309000,2C5,false,Rx,0,8,00,00,00,00,00,00,00,00
69309000,2C6,false,Rx,0,8,F4,01,84,03,00,00,00,00
69323000,54,false,Rx,0,8,01,01,FE,FF,FE,FF,00,00
69323000,55,false,Rx,0,8,10,27,00,00,00,00,00,00
69323000,56,false,Rx,0,8,10,27,00,00,00,00,00,00
69334000,57,false,Rx,0,8,00,00,FE,FF,FE,FF,00,00
69375000,625,false,Rx,0,8,25,00,11,43,FD,BB,E4,01
69383000,60D,false,Rx,0,8,0D,10,DF,23,02,20,70,00
69475000,625,false,Rx,0,8,25,00,11,43,FD,BB,E4,01
69483000,60D,false,Rx,0,8,0D,10,DF,23,02,20,70,00
69509000,2C4,false,Rx,0,8,05,00,00,00,DF,02,00,00
69509000,2C5,false,Rx,0,8,00,00,00,00,00,00,00,00
69509000,2C6,false,Rx,0,8,F4,01,84,03,00,00,00,00
69523000,54,false,Rx,0,8,01,01,FE,FF,FE,FF,00,00
69523000,55,false,Rx,0,8,10,27,00,00,00,00,00,00
69523000,56,false,Rx,0,8,10,27,00,00,00,00,00,00
69534000,57,false,Rx,0,8,00,00,FE,FF,FE,FF,00,00
69575000,625,false,Rx,0,8,25,00,11,43,FD,BB,E4,01
69583000,60D,false,Rx,0,8,0D,10,DF,23,02,20,70,00
69675000,625,false,Rx,0,8,25,00,11,43,FD,BB,E4,01
69683000,60D,false,Rx,0,8,0D,10,DF,23,02,20,70,00
69709000,2C4,false,Rx,0,8,05,00,00,00,DF,02,00,00
69709000,2C5,false,Rx,0,8,00,00,00,00,00,00,00,00
69709000,2C6,false,Rx,0,8,F4,01,84,03,00,00,00,00
69723000,54,false,Rx,0,8,01,01,FE,FF,FE,FF,00,00
69723000,55,false,Rx,0,8,10,27,00,00,00,00,00,00
69723000,56,false,Rx,0,8,10,27,00,00,00,00,00,00
69734000,57,false,Rx,0,8,00,00,FE,FF,FE,FF,00,00
69775000,625,false,Rx,0,8,25,00,11,43,FD,BB,E4,01
69783000,60D,false,Rx,0,8,0D,10,DF,23,02,20,70,00
69875000,625,false,Rx,0,8,25,00,11,43,FD,BB,E4,01
69883000,60D,false,Rx,0,8,0D,10,DF,23,02,20,70,00
69909000,2C4,false,Rx,0,8,05,00,00,00,DF,02,00,00
69909000,2C5,false,Rx,0,8,00,00,00,00,00,00,00,00
69909000,2C6,false,Rx,0,8,F4,01,84,03,00,00,00,00
69923000,54,false,Rx,0,8,01,01,FE,FF,FE,FF,00,00
69923000,55,false,Rx,0,8,10,27,00,00,00,00,00,00
69923000,56,false,Rx,0,8,10,27,00,00,00,00,00,00
69934000,57,false,Rx,0,8,00,00,FE,FF,FE,FF,00,00
69975000,625,false,Rx,0,8,25,00,11,43,FD,BB,E4,01
69983000,60D,false,Rx,0,8,0D,10,DF,23,02,20,70,00
70075000,625,false,Rx,0,8,25,00,11,43,FD,BB,E4,01
70083000,60D,false,Rx,0,8,0D,10,DF,23,02,20,70,00
70109000,2C4,false,Rx,0,8,05,00,00,00,DF,02,00,00
70109000,2C5,false,Rx,0,8,00,00,00,00,00,00,00,00
70109000,2C6,false,Rx,0,8,F4,01,84,03,00,00,00,00
70123000,54,false,Rx,0,8,01,01,FE,FF,FE,FF,00,00
70123000,55,false,Rx,0,8,10,27,00,00,00,00,00,00
70123000,56,false,Rx,0,8,10,27,00,00,00,00,00,00
70134000,57,false,Rx,0,8,00,00,FE,FF,FE,FF,00,00
70175000,625,false,Rx,0,8,25,00,11,43,FD,BB,E4,01
70183000,60D,false,Rx,0,8,0D,10,DF,23,02,20,70,00
70275000,625,false,Rx,0,8,25,00,11,43,FD,BB,E4,01
70283000,60D,false,Rx,0,8,0D,10,DF,23,02,20,70,00
70309000,2C4,false,Rx,0,8,05,00,00,00,DF,02,00,00
70309000,2C5,false,Rx,0,8,00,00,00,00,00,00,00,00
70309000,2C6,false,Rx,0,8,F4,01,84,03,00,00,00,00
70323000,54,false,Rx,0,8,01,01,FE,FF,FE,FF,00,00
70323000,55,false,Rx,0,8,10,27,00,00,00,00,00,00
70323000,56,false,Rx,0,8,10,27,00,00,00,00,00,00
70334000,57,false,Rx,0,8,00,00,FE,FF,FE,FF,00,00
70375000,625,false,Rx,0,8,25,00,11,43,FD,BB,E4,01
70383000,60D,false,Rx,0,8,0D,10,DF,23,02,20,70,00
70475000,625,false,Rx,0,8,25,00,11,43,FD,BB,E4,01
70483000,60D,false,Rx,0,8,0D,10,DF,23,02,20,70,00
70509000,2C4,false,Rx,0,8,05,00,00,00,DF,02,00,00
70509000,2C5,false,Rx,0,8,00,00,00,00,00,00,00,00
70509000,2C6,false,Rx,0,8,F4,01,84,03,00,00,00,00
70523000,54,false,Rx,0,8,01,01,FE,FF,FE,FF,00,00
70523000,55,false,Rx,0,8,10,27,00,00,00,00,00,00
70523000,56,false,Rx,0,8,10,27,00,00,00,00,00,00
70534000,57,false,Rx,0,8,00,00,FE,FF,FE,FF,00,00
70575000,625,false,Rx,0,8,25,00,11,43,FD,BB,E4,01
70583000,60D,false,Rx,0,8,0D,10,DF,23,02,20,70,00
70675000,625,false,Rx,0,8,25,00,11,43,FD,BB,E4,01
70683000,60D,false,Rx,0,8,0D,10,DF,23,02,20,70,00
70709000,2C4,false,Rx,0,8,05,00,00,00,DF,02,00,00
70709000,2C5,false,Rx,0,8,00,00,00,00,00,00,00,00
70709000,2C6,false,Rx,0,8,F4,01,84,03,00,00,00,00
70723000,54,false,Rx,0,8,01,01,FE,FF,FE,FF,00,00
70723000,55,false,Rx,0,8,10,27,00,00,00,00,00,00
70723000,56,false,Rx,0,8,10,27,00,00,00,00,00,00
70734000,57,false,Rx,0,8,00,00,FE,FF,FE,FF,00,00
70775000,625,false,Rx,0,8,25,00,11,43,FD,BB,E4,01
70783000,60D,false,Rx,0,8,0D,10,DF,23,02,20,70,00
70875000,625,false,Rx,0,8,25,00,11,43,FD,BB,E4,01
70883000,60D,false,Rx,0,8,0D,10,DF,23,02,20,70,00
70909000,2C4,false,Rx,0,8,05,00,00,00,DF,02,00,00
70909000,2C5,false,Rx,0,8,00,00,00,00,00,00,00,00
70909000,2C6,false,Rx,0,8,F4,01,84,03,00,00,00,00
70923000,54,false,Rx,0,8,01,01,FE,FF,FE,FF,00,00
70923000,55,false,Rx,0,8,10,27,00,00,00,00,00,00
70923000,56,false,Rx,0,8,10,27,00,00,00,00,00,00
70934000,57,false,Rx,0,8,00,00,FE,FF,FE,FF,00,00
70975000,625,false,Rx,0,8,25,00,11,43,FD,BB,E4,01
70983000,60D,false,Rx,0,8,0D,10,DF,23,02,20,70,00
71075000,625,false,Rx,0,8,25,00,11,43,FD,BB,E4,01
71083000,60D,false,Rx,0,8,0D,10,DF,23,02,20,70,00
71109000,2C4,false,Rx,0,8,05,00,00,00,DF,02,00,00
71109000,2C5,false,Rx,0,8,00,00,00,00,00,00,00,00
71109000,2C6,false,Rx,0,8,F4,01,84,03,00,00,00,00
71123000,54,false,Rx,0,8,01,01,FE,FF,FE,FF,00,00
71123000,55,false,Rx,0,8,10,27,00,00,00,00,00,00
71123000,56,false,Rx,0,8,10,27,00,00,00,00,00,00
71134000,57,false,Rx,0,8,00,00,FE,FF,FE,FF,00,00
71175000,625,false,Rx,0,8,25,00,11,43,FD,BB,E4,01
71183000,60D,false,Rx,0,8,0D,10,DF,23,02,20,70,00
71275000,625,false,Rx,0,8,25,00,11,43,FD,BB,E4,01
71283000,60D,false,Rx,0,8,0D,10,DF,23,02,20,70,00
71309000,2C4,false,Rx,0,8,05,00,00,00,DF,02,00,00
71309000,2C5,false,Rx,0,8,00,00,00,00,00,00,00,00
71309000,2C6,false,Rx,0,8,F4,01,84,03,00,00,00,00
71323000,54,false,Rx,0,8,01,01,FE,FF,FE,FF,00,00
71323000,55,false,Rx,0,8,10,27,00,00,00,00,00,00
71323000,56,false,Rx,0,8,10,27,00,00,00,00,00,00
71334000,57,false,Rx,0,8,00,00,FE,FF,FE,FF,00,00
71375000,625,false,Rx,0,8,25,00,11,43,FD,BB,E4,01
71384000,60D,false,Rx,0,8,0D,10,DF,23,02,20,70,00
71475000,625,false,Rx,0,8,25,00,11,43,FD,BB,E4,01
71483000,60D,false,Rx,0,8,0D,10,DF,23,02,20,70,00
71509000,2C4,false,Rx,0,8,05,00,00,00,DF,02,00,00
71509000,2C5,false,Rx,0,8,00,00,00,00,00,00,00,00
71509000,2C6,false,Rx,0,8,F4,01,84,03,00,00,00,00
71523000,54,false,Rx,0,8,01,01,FE,FF,FE,FF,00,00
71523000,55,false,Rx,0,8,10,27,00,00,00,00,00,00
71523000,56,false,Rx,0,8,10,27,00,00,00,00,00,00
71534000,57,false,Rx,0,8,00,00,FE,FF,FE,FF,00,00
71575000,625,false,Rx,0,8,25,00,11,43,FD,BB,E4,01
71583000,60D,false,Rx,0,8,0D,10,DF,23,02,20,70,00
71675000,625,false,Rx,0,8,25,00,11,43,FD,BB,E4,01
71683000,60D,false,Rx,0,8,0D,10,DF,23,02,20,70,00
71709000,2C4,false,Rx,0,8,05,00,00,00,DF,02,00,00
71709000,2C5,false,Rx,0,8,00,00,00,00,00,00,00,00
71709000,2C6,false,Rx,0,8,F4,01,84,03,00,00,00,00
71723000,54,false,Rx,0,8,01,01,FE,FF,FE,FF,00,00
71723000,55,false,Rx,0,8,10,27,00,00,00,00,00,00
71723000,56,false,Rx,0,8,10,27,00,00,00,00,00,00
71734000,57,false,Rx,0,8,00,00,FE,FF,FE,FF,00,00
71775000,625,false,Rx,0,8,25,00,11,43,FD,BB,E4,01
71783000,60D,false,Rx,0,8,0D,10,DF,23,02,20,70,00
71875000,625,false,Rx,0,8,25,00,11,43,FD,BB,E4,01
71883000,60D,false,Rx,0,8,0D,10,DF,23,02,20,70,00
71909000,2C4,false,Rx,0,8,05,00,00,00,DF,02,00,00
71909000,2C5,false,Rx,0,8,00,00,00,00,00,00,00,00
71909000,2C6,false,Rx,0,8,F4,01,84,03,00,00,00,00
71923000,54,false,Rx,0,8,01,01,FE,FF,FE,FF,00,00
71923000,55,false,Rx,0,8,10,27,00,00,00,00,00,00
71923000,56,false,Rx,0,8,10,27,00,00,00,00,00,00
71934000,57,false,Rx,0,8,00,00,FE,FF,FE,FF,00,00
71975000,625,false,Rx,0,8,25,00,11,43,FD,BB,E4,01
71984000,60D,false,Rx,0,8,0D,10,DF,23,02,20,70,00
72075000,625,false,Rx,0,8,25,00,11,43,FD,BB,E4,01
72083000,60D,false,Rx,0,8,0D,10,DF,23,02,20,70,00
72109000,2C4,false,Rx,0,8,05,00,00,00,DF,02,00,00
72109000,2C5,false,Rx,0,8,00,00,00,00,00,00,00,00
72109000,2C6,false,Rx,0,8,F4,01,84,03,00,00,00,00
72123000,54,false,Rx,0,8,01,01,FE,FF,FE,FF,00,00
72123000,55,false,Rx,0,8,10,27,00,00,00,00,00,00
72123000,56,false,Rx,0,8,10,27,00,00,00,00,00,00
72134000,57,false,Rx,0,8,00,00,FE,FF,FE,FF,00,00
72175000,625,false,Rx,0,8,25,00,11,43,FD,BB,E4,01
72184000,60D,false,Rx,0,8,0D,10,DF,23,02,20,70,00
72275000,625,false,Rx,0,8,25,00,11,43,FD,BB,E4,01
72283000,60D,false,Rx,0,8,0D,10,DF,23,02,20,70,00
72309000,2C4,false,Rx,0,8,05,00,00,00,DF,02,00,00
72309000,2C5,false,Rx,0,8,00,00,00,00,00,00,00,00
72309000,2C6,false,Rx,0,8,F4,01,84,03,00,00,00,00
72323000,54,false,Rx,0,8,01,01,FE,FF,FE,FF,00,00
72323000,55,false,Rx,0,8,10,27,00,00,00,00,00,00
72323000,56,false,Rx,0,8,10,27,00,00,00,00,00,00
72334000,57,false,Rx,0,8,00,00,FE,FF,FE,FF,00,00
72375000,625,false,Rx,0,8,25,00,11,43,FD,BB,E4,01
72383000,60D,false,Rx,0,8,0D,10,DF,23,02,20,70,00
72475000,625,false,Rx,0,8,25,00,11,43,FD,BB,E4,01
72483000,60D,false,Rx,0,8,0D,10,DF,23,02,20,70,00
72509000,2C4,false,Rx,0,8,05,00,00,00,DF,02,00,00
72509000,2C5,false,Rx,0,8,00,00,00,00,00,00,00,00
72509000,2C6,false,Rx,0,8,F4,01,84,03,00,00,00,00
72523000,54,false,Rx,0,8,01,01,FE,FF,FE,FF,00,00
72523000,55,false,Rx,0,8,10,27,00,00,00,00,00,00
72523000,56,false,Rx,0,8,10,27,00,00,00,00,00,00
72534000,57,false,Rx,0,8,00,00,FE,FF,FE,FF,00,00
72575000,625,false,Rx,0,8,25,00,11,43,FD,BB,E4,01
72584000,60D,false,Rx,0,8,0D,10,DF,23,02,20,70,00
72675000,625,false,Rx,0,8,25,00,11,43,FD,BB,E4,01
72684000,60D,false,Rx,0,8,0D,10,DF,23,02,20,70,00
72709000,2C4,false,Rx,0,8,05,00,00,00,DF,02,00,00
72709000,2C5,false,Rx,0,8,00,00,00,00,00,00,00,00
72709000,2C6,false,Rx,0,8,F4,01,84,03,00,00,00,00
72723000,54,false,Rx,0,8,01,01,FE,FF,FE,FF,00,00
72723000,55,false,Rx,0,8,10,27,00,00,00,00,00,00
72723000,56,false,Rx,0,8,10,27,00,00,00,00,00,00
72734000,57,false,Rx,0,8,00,00,FE,FF,FE,FF,00,00
72775000,625,false,Rx,0,8,25,00,11,43,FD,BB,E4,01
72784000,60D,false,Rx,0,8,0D,10,DF,23,02,20,70,00
72875000,625,false,Rx,0,8,25,00,11,43,FD,BB,E4,01
72883000,60D,false,Rx,0,8,0D,10,DF,23,02,20,70,00
72909000,2C4,false,Rx,0,8,05,00,00,00,DF,02,00,00
72909000,2C5,false,Rx,0,8,00,00,00,00,00,00,00,00
72909000,2C6,false,Rx,0,8,F4,01,84,03,00,00,00,00
72923000,54,false,Rx,0,8,01,01,FE,FF,FE,FF,00,00
72923000,55,false,Rx,0,8,10,27,00,00,00,00,00,00
72923000,56,false,Rx,0,8,10,27,00,00,00,00,00,00
72934000,57,false,Rx,0,8,00,00,FE,FF,FE,FF,00,00
72975000,625,false,Rx,0,8,25,00,11,43,FD,BB,E4,01
72983000,60D,false,Rx,0,8,0D,10,DF,23,02,20,70,00
73075000,625,false,Rx,0,8,25,00,11,43,FD,BB,E4,01
73083000,60D,false,Rx,0,8,0D,10,DF,23,02,20,70,00
73109000,2C4,false,Rx,0,8,05,00,00,00,DF,02,00,00
73109000,2C5,false,Rx,0,8,00,00,00,00,00,00,00,00
73109000,2C6,false,Rx,0,8,F4,01,84,03,00,00,00,00
73123000,54,false,Rx,0,8,01,01,FE,FF,FE,FF,00,00
73123000,55,false,Rx,0,8,10,27,00,00,00,00,00,00
73123000,56,false,Rx,0,8,10,27,00,00,00,00,00,00
73134000,57,false,Rx,0,8,00,00,FE,FF,FE,FF,00,00
73175000,625,false,Rx,0,8,25,00,11,43,FD,BB,E4,01
73183000,60D,false,Rx,0,8,0D,10,DF,23,02,20,70,00
73275000,625,false,Rx,0,8,25,00,11,43,FD,BB,E4,01
73283000,60D,false,Rx,0,8,0D,10,DF,23,02,20,70,00
73309000,2C4,false,Rx,0,8,05,00,00,00,DF,02,00,00
73309000,2C5,false,Rx,0,8,00,00,00,00,00,00,00,00
73309000,2C6,false,Rx,0,8,F4,01,84,03,00,00,00,00
73323000,54,false,Rx,0,8,01,01,FE,FF,FE,FF,00,00
73323000,55,false,Rx,0,8,10,27,00,00,00,00,00,00
73323000,56,false,Rx,0,8,10,27,00,00,00,00,00,00
73334000,57,false,Rx,0,8,00,00,FE,FF,FE,FF,00,00
73375000,625,false,Rx,0,8,25,00,11,43,FD,BB,E4,01
73384000,60D,false,Rx,0,8,0D,10,DF,23,02,20,70,00
73474000,625,false,Rx,0,8,25,00,11,43,FD,BB,E4,01
73483000,60D,false,Rx,0,8,0D,10,DF,23,02,20,70,00
73509000,2C4,false,Rx,0,8,05,00,00,00,DF,02,00,00
73509000,2C5,false,Rx,0,8,00,00,00,00,00,00,00,00
73509000,2C6,false,Rx,0,8,F4,01,84,03,00,00,00,00
73523000,54,false,Rx,0,8,01,01,FE,FF,FE,FF,00,00
73523000,55,false,Rx,0,8,10,27,00,00,00,00,00,00
73523000,56,false,Rx,0,8,10,27,00,00,00,00,00,00
73534000,57,false,Rx,0,8,00,00,FE,FF,FE,FF,00,00
73574000,625,false,Rx,0,8,25,00,11,43,FD,BB,E4,01
73583000,60D,false,Rx,0,8,0D,10,DF,23,02,20,70,00
73674000,625,false,Rx,0,8,25,00,11,43,FD,BB,E4,01
73683000,60D,false,Rx,0,8,0D,10,DF,23,02,20,70,00
73709000,2C4,false,Rx,0,8,05,00,00,00,DF,02,00,00
73709000,2C5,false,Rx,0,8,00,00,00,00,00,00,00,00
73709000,2C6,false,Rx,0,8,F4,01,84,03,00,00,00,00
73723000,54,false,Rx,0,8,01,01,FE,FF,FE,FF,00,00
73723000,55,false,Rx,0,8,10,27,00,00,00,00,00,00
73723000,56,false,Rx,0,8,10,27,00,00,00,00,00,00
73734000,57,false,Rx,0,8,00,00,FE,FF,FE,FF,00,00
73774000,625,false,Rx,0,8,25,00,11,43,FD,BB,E4,01
73783000,60D,false,Rx,0,8,0D,10,DF,23,02,20,70,00
73874000,625,false,Rx,0,8,25,00,11,43,FD,BB,E4,01
73883000,60D,false,Rx,0,8,0D,10,DF,23,02,20,70,00
73909000,2C4,false,Rx,0,8,05,00,00,00,DF,02,00,00
73909000,2C5,false,Rx,0,8,00,00,00,00,00,00,00,00
73909000,2C6,false,Rx,0,8,F4,01,84,03,00,00,00,00
73923000,54,false,Rx,0,8,01,01,FE,FF,FE,FF,00,00
73923000,55,false,Rx,0,8,10,27,00,00,00,00,00,00
73923000,56,false,Rx,0,8,10,27,00,00,00,00,00,00
73934000,57,false,Rx,0,8,00,00,FE,FF,FE,FF,00,00
73974000,625,false,Rx,0,8,25,00,11,43,FD,BB,E4,01
73984000,60D,false,Rx,0,8,0D,10,DF,23,02,20,70,00
74074000,625,false,Rx,0,8,25,00,11,43,FD,BB,E4,01
74083000,60D,false,Rx,0,8,0D,10,DF,23,02,20,70,00
74109000,2C4,false,Rx,0,8,05,00,00,00,DF,02,00,00
74109000,2C5,false,Rx,0,8,00,00,00,00,00,00,00,00
74109000,2C6,false,Rx,0,8,F4,01,84,03,00,00,00,00
74123000,54,false,Rx,0,8,01,01,FE,FF,FE,FF,00,00
74123000,55,false,Rx,0,8,10,27,00,00,00,00,00,00
74123000,56,false,Rx,0,8,10,27,00,00,00,00,00,00
74133000,57,false,Rx,0,8,00,00,FE,FF,FE,FF,00,00
74174000,625,false,Rx,0,8,25,00,11,43,FD,BB,E4,01
74183000,60D,false,Rx,0,8,0D,10,DF,23,02,20,70,00
74274000,625,false,Rx,0,8,25,00,11,43,FD,BB,E4,01
74283000,60D,false,Rx,0,8,0D,10,DF,23,02,20,70,00
74309000,2C4,false,Rx,0,8,05,00,00,00,DF,02,00,00
74309000,2C5,false,Rx,0,8,00,00,00,00,00,00,00,00
74309000,2C6,false,Rx,0,8,F4,01,84,03,00,00,00,00
74323000,54,false,Rx,0,8,01,01,FE,FF,FE,FF,00,00
74323000,55,false,Rx,0,8,10,27,00,00,00,00,00,00
74323000,56,false,Rx,0,8,10,27,00,00,00,00,00,00
74334000,57,false,Rx,0,8,00,00,FE,FF,FE,FF,00,00
74374000,625,false,Rx,0,8,25,00,11,43,FD,BB,E4,01
74383000,60D,false,Rx,0,8,0D,10,DF,23,02,20,70,00
74474000,625,false,Rx,0,8,25,00,11,43,FD,BB,E4,01
74484000,60D,false,Rx,0,8,0D,10,DF,23,02,20,70,00
74509000,2C4,false,Rx,0,8,05,00,00,00,DF,02,00,00
74509000,2C5,false,Rx,0,8,00,00,00,00,00,00,00,00
74509000,2C6,false,Rx,0,8,F4,01,84,03,00,00,00,00
74523000,54,false,Rx,0,8,01,01,FE,FF,FE,FF,00,00
74523000,55,false,Rx,0,8,10,27,00,00,00,00,00,00
74523000,56,false,Rx,0,8,10,27,00,00,00,00,00,00
74534000,57,false,Rx,0,8,00,00,FE,FF,FE,FF,00,00
74574000,625,false,Rx,0,8,25,00,11,43,FD,BB,E4,01
74584000,60D,false,Rx,0,8,0D,10,DF,23,02,20,70,00
74674000,625,false,Rx,0,8,25,00,11,43,FD,BB,E4,01
74684000,60D,false,Rx,0,8,0D,10,DF,23,02,20,70,00
74709000,2C4,false,Rx,0,8,05,00,00,00,DF,02,00,00
74709000,2C5,false,Rx,0,8,00,00,00,00,00,00,00,00
74709000,2C6,false,Rx,0,8,F4,01,84,03,00,00,00,00
74723000,54,false,Rx,0,8,01,01,FE,FF,FE,FF,00,00
74723000,55,false,Rx,0,8,10,27,00,00,00,00,00,00
74723000,56,false,Rx,0,8,10,27,00,00,00,00,00,00
74734000,57,false,Rx,0,8,00,00,FE,FF,FE,FF,00,00
74774000,625,false,Rx,0,8,25,00,11,43,FD,BB,E4,01
74784000,60D,false,Rx,0,8,0D,10,DF,23,02,20,70,00
74874000,625,false,Rx,0,8,25,00,11,43,FD,BB,E4,01
74884000,60D,false,Rx,0,8,0D,10,DF,23,02,20,70,00
74909000,2C4,false,Rx,0,8,05,00,00,00,DF,02,00,00
74909000,2C5,false,Rx,0,8,00,00,00,00,00,00,00,00
74909000,2C6,false,Rx,0,8,F4,01,84,03,00,00,00,00
74923000,54,false,Rx,0,8,01,01,FE,FF,FE,FF,00,00
74923000,55,false,Rx,0,8,10,27,00,00,00,00,00,00
74923000,56,false,Rx,0,8,10,27,00,00,00,00,00,00
74934000,57,false,Rx,0,8,00,00,FE,FF,FE,FF,00,00
74974000,625,false,Rx,0,8,25,00,11,43,FD,BB,E4,01
74984000,60D,false,Rx,0,8,0D,10,DF,23,02,20,70,00
75074000,625,false,Rx,0,8,25,00,11,43,FD,BB,E4,01
75083000,60D,false,Rx,0,8,0D,10,DF,23,02,20,70,00
75109000,2C4,false,Rx,0,8,05,00,00,00,DF,02,00,00
75109000,2C5,false,Rx,0,8,00,00,00,00,00,00,00,00
75109000,2C6,false,Rx,0,8,F4,01,84,03,00,00,00,00
75123000,54,false,Rx,0,8,01,01,FE,FF,FE,FF,00,00
75123000,55,false,Rx,0,8,10,27,00,00,00,00,00,00
75123000,56,false,Rx,0,8,10,27,00,00,00,00,00,00
75134000,57,false,Rx,0,8,00,00,FE,FF,FE,FF,00,00
75174000,625,false,Rx,0,8,25,00,11,43,FD,BB,E4,01
75183000,60D,false,Rx,0,8,0D,10,DF,23,02,20,70,00
75274000,625,false,Rx,0,8,25,00,11,43,FD,BB,E4,01
75283000,60D,false,Rx,0,8,0D,10,DF,23,02,20,70,00
75309000,2C4,false,Rx,0,8,05,00,00,00,DF,02,00,00
75309000,2C5,false,Rx,0,8,00,00,00,00,00,00,00,00
75309000,2C6,false,Rx,0,8,F4,01,84,03,00,00,00,00
75323000,54,false,Rx,0,8,01,01,FE,FF,FE,FF,00,00
75323000,55,false,Rx,0,8,10,27,00,00,00,00,00,00
75323000,56,false,Rx,0,8,10,27,00,00,00,00,00,00
75333000,57,false,Rx,0,8,00,00,FE,FF,FE,FF,00,00
75374000,625,false,Rx,0,8,25,00,11,43,FD,BB,E4,01
75383000,60D,false,Rx,0,8,0D,10,DF,23,02,20,70,00
75474000,625,false,Rx,0,8,25,00,11,43,FD,BB,E4,01
75483000,60D,false,Rx,0,8,0D,10,DF,23,02,20,70,00
75509000,2C4,false,Rx,0,8,05,00,00,00,DF,02,00,00
75509000,2C5,false,Rx,0,8,00,00,00,00,00,00,00,00
75509000,2C6,false,Rx,0,8,F4,01,84,03,00,00,00,00
75523000,54,false,Rx,0,8,01,01,FE,FF,FE,FF,00,00
75523000,55,false,Rx,0,8,10,27,00,00,00,00,00,00
75523000,56,false,Rx,0,8,10,27,00,00,00,00,00,00
75534000,57,false,Rx,0,8,00,00,FE,FF,FE,FF,00,00
75574000,625,false,Rx,0,8,25,00,11,43,FD,BB,E4,01
75583000,60D,false,Rx,0,8,0D,10,DF,23,02,20,70,00
75674000,625,false,Rx,0,8,25,00,11,43,FD,BB,E4,01
75683000,60D,false,Rx,0,8,0D,10,DF,23,02,20,70,00
75709000,2C4,false,Rx,0,8,05,00,00,00,DF,02,00,00
75709000,2C5,false,Rx,0,8,00,00,00,00,00,00,00,00
75709000,2C6,false,Rx,0,8,F4,01,84,03,00,00,00,00
75723000,54,false,Rx,0,8,01,01,FE,FF,FE,FF,00,00
75723000,55,false,Rx,0,8,10,27,00,00,00,00,00,00
75723000,56,false,Rx,0,8,10,27,00,00,00,00,00,00
75734000,57,false,Rx,0,8,00,00,FE,FF,FE,FF,00,00
75774000,625,false,Rx,0,8,25,00,11,43,FD,BB,E4,01
75783000,60D,false,Rx,0,8,0D,10,DF,23,02,20,70,00
75874000,625,false,Rx,0,8,25,00,11,43,FD,BB,E4,01
75883000,60D,false,Rx,0,8,0D,10,DF,23,02,20,70,00
75909000,2C4,false,Rx,0,8,05,00,00,00,DF,02,00,00
75909000,2C5,false,Rx,0,8,00,00,00,00,00,00,00,00
75909000,2C6,false,Rx,0,8,F4,01,84,03,00,00,00,00
75923000,54,false,Rx,0,8,01,01,FE,FF,FE,FF,00,00
75923000,55,false,Rx,0,8,10,27,00,00,00,00,00,00
75923000,56,false,Rx,0,8,10,27,00,00,00,00,00,00
75934000,57,false,Rx,0,8,00,00,FE,FF,FE,FF,00,00
75974000,625,false,Rx,0,8,25,00,11,43,FD,BB,E4,01
75983000,60D,false,Rx,0,8,0D,10,DF,23,02,20,70,00
76074000,625,false,Rx,0,8,25,00,11,43,FD,BB,E4,01
76083000,60D,false,Rx,0,8,0D,10,DF,23,02,20,70,00
76109000,2C4,false,Rx,0,8,05,00,00,00,DF,02,00,00
76109000,2C5,false,Rx,0,8,00,00,00,00,00,00,00,00
76109000,2C6,false,Rx,0,8,F4,01,84,03,00,00,00,00
76123000,54,false,Rx,0,8,01,01,FE,FF,FE,FF,00,00
76123000,55,false,Rx,0,8,10,27,00,00,00,00,00,00
76123000,56,false,Rx,0,8,10,27,00,00,00,00,00,00
76133000,57,false,Rx,0,8,00,00,FE,FF,FE,FF,00,00
76174000,625,false,Rx,0,8,25,00,11,43,FD,BB,E4,01
76183000,60D,false,Rx,0,8,0D,10,DF,23,02,20,70,00
76274000,625,false,Rx,0,8,25,00,11,43,FD,BB,E4,01
76283000,60D,false,Rx,0,8,0D,10,DF,23,02,20,70,00
76308000,2C4,false,Rx,0,8,05,00,00,00,DF,02,00,00
76309000,2C5,false,Rx,0,8,00,00,00,00,00,00,00,00
76309000,2C6,false,Rx,0,8,F4,01,84,03,00,00,00,00
76323000,54,false,Rx,0,8,01,01,FE,FF,FE,FF,00,00
76323000,55,false,Rx,0,8,10,27,00,00,00,00,00,00
76323000,56,false,Rx,0,8,10,27,00,00,00,00,00,00
76333000,57,false,Rx,0,8,00,00,FE,FF,FE,FF,00,00
76374000,625,false,Rx,0,8,25,00,11,43,FD,BB,E4,01
76383000,60D,false,Rx,0,8,0D,10,DF,23,02,20,70,00
76474000,625,false,Rx,0,8,25,00,11,43,FD,BB,E4,01
76483000,60D,false,Rx,0,8,0D,10,DF,23,02,20,70,00
76508000,2C4,false,Rx,0,8,05,00,00,00,DF,02,00,00
76509000,2C5,false,Rx,0,8,00,00,00,00,00,00,00,00
76509000,2C6,false,Rx,0,8,F4,01,84,03,00,00,00,00
76523000,54,false,Rx,0,8,01,01,FE,FF,FE,FF,00,00
76523000,55,false,Rx,0,8,10,27,00,00,00,00,00,00
76523000,56,false,Rx,0,8,10,27,00,00,00,00,00,00
76533000,57,false,Rx,0,8,00,00,FE,FF,FE,FF,00,00
76574000,625,false,Rx,0,8,25,00,11,43,FD,BB,E4,01
76583000,60D,false,Rx,0,8,0D,10,DF,23,02,20,70,00
76674000,625,false,Rx,0,8,25,00,11,43,FD,BB,E4,01
76683000,60D,false,Rx,0,8,0D,10,DF,23,02,20,70,00
76708000,2C4,false,Rx,0,8,05,00,00,00,DF,02,00,00
76709000,2C5,false,Rx,0,8,00,00,00,00,00,00,00,00
76709000,2C6,false,Rx,0,8,F4,01,84,03,00,00,00,00
76723000,54,false,Rx,0,8,01,01,FE,FF,FE,FF,00,00
76723000,55,false,Rx,0,8,10,27,00,00,00,00,00,00
76723000,56,false,Rx,0,8,10,27,00,00,00,00,00,00
76734000,57,false,Rx,0,8,00,00,FE,FF,FE,FF,00,00
76774000,625,false,Rx,0,8,25,00,11,43,FD,BB,E4,01
76783000,60D,false,Rx,0,8,0D,10,DF,23,02,20,70,00
76874000,625,false,Rx,0,8,25,00,11,43,FD,BB,E4,01
76883000,60D,false,Rx,0,8,0D,10,DF,23,02,20,70,00
76908000,2C4,false,Rx,0,8,05,00,00,00,DF,02,00,00
76909000,2C5,false,Rx,0,8,00,00,00,00,00,00,00,00
76909000,2C6,false,Rx,0,8,F4,01,84,03,00,00,00,00
76923000,54,false,Rx,0,8,01,01,FE,FF,FE,FF,00,00
76923000,55,false,Rx,0,8,10,27,00,00,00,00,00,00
76923000,56,false,Rx,0,8,10,27,00,00,00,00,00,00
76934000,57,false,Rx,0,8,00,00,FE,FF,FE,FF,00,00
76974000,625,false,Rx,0,8,25,00,11,43,FD,BB,E4,01
76983000,60D,false,Rx,0,8,0D,10,DF,23,02,20,70,00
77074000,625,false,Rx,0,8,25,00,11,43,FD,BB,E4,01
77083000,60D,false,Rx,0,8,0D,10,DF,23,02,20,70,00
77108000,2C4,false,Rx,0,8,05,00,00,00,DF,02,00,00
77109000,2C5,false,Rx,0,8,00,00,00,00,00,00,00,00
77109000,2C6,false,Rx,0,8,F4,01,84,03,00,00,00,00
77123000,54,false,Rx,0,8,01,01,FE,FF,FE,FF,00,00
77123000,55,false,Rx,0,8,10,27,00,00,00,00,00,00
77123000,56,false,Rx,0,8,10,27,00,00,00,00,00,00
77134000,57,false,Rx,0,8,00,00,FE,FF,FE,FF,00,00
77174000,625,false,Rx,0,8,25,00,11,43,FD,BB,E4,01
77184000,60D,false,Rx,0,8,0D,10,DF,23,02,20,70,00
77274000,625,false,Rx,0,8,25,00,11,43,FD,BB,E4,01
77283000,60D,false,Rx,0,8,0D,10,DF,23,02,20,70,00
77308000,2C4,false,Rx,0,8,05,00,00,00,DF,02,00,00
77309000,2C5,false,Rx,0,8,00,00,00,00,00,00,00,00
77309000,2C6,false,Rx,0,8,F4,01,84,03,00,00,00,00
77323000,54,false,Rx,0,8,01,01,FE,FF,FE,FF,00,00
77323000,55,false,Rx,0,8,10,27,00,00,00,00,00,00
77323000,56,false,Rx,0,8,10,27,00,00,00,00,00,00
77333000,57,false,Rx,0,8,00,00,FE,FF,FE,FF,00,00
77374000,625,false,Rx,0,8,25,00,11,43,FD,BB,E4,01
77384000,60D,false,Rx,0,8,0D,10,DF,23,02,20,70,00
77474000,625,false,Rx,0,8,25,00,11,43,FD,BB,E4,01
77483000,60D,false,Rx,0,8,0D,10,DF,23,02,20,70,00
77508000,2C4,false,Rx,0,8,05,00,00,00,DF,02,00,00
77509000,2C5,false,Rx,0,8,00,00,00,00,00,00,00,00
77509000,2C6,false,Rx,0,8,F4,01,84,03,00,00,00,00
77523000,54,false,Rx,0,8,01,01,FE,FF,FE,FF,00,00
77523000,55,false,Rx,0,8,10,27,00,00,00,00,00,00
77523000,56,false,Rx,0,8,10,27,00,00,00,00,00,00
77534000,57,false,Rx,0,8,00,00,FE,FF,FE,FF,00,00
77574000,625,false,Rx,0,8,25,00,11,43,FD,BB,E4,01
77584000,60D,false,Rx,0,8,0D,10,DF,23,02,20,70,00
77674000,625,false,Rx,0,8,25,00,11,43,FD,BB,E4,01
77684000,60D,false,Rx,0,8,0D,10,DF,23,02,20,70,00
77708000,2C4,false,Rx,0,8,05,00,00,00,DF,02,00,00
77709000,2C5,false,Rx,0,8,00,00,00,00,00,00,00,00
77709000,2C6,false,Rx,0,8,F4,01,84,03,00,00,00,00
77723000,54,false,Rx,0,8,01,01,FE,FF,FE,FF,00,00
77723000,55,false,Rx,0,8,10,27,00,00,00,00,00,00
77723000,56,false,Rx,0,8,10,27,00,00,00,00,00,00
77733000,57,false,Rx,0,8,00,00,FE,FF,FE,FF,00,00
77774000,625,false,Rx,0,8,25,00,11,43,FD,BB,E4,01
77784000,60D,false,Rx,0,8,0D,10,DF,23,02,20,70,00
77874000,625,false,Rx,0,8,25,00,11,43,FD,BB,E4,01
77884000,60D,false,Rx,0,8,0D,10,DF,23,02,20,70,00
77908000,2C4,false,Rx,0,8,05,00,00,00,DF,02,00,00
77909000,2C5,false,Rx,0,8,00,00,00,00,00,00,00,00
77909000,2C6,false,Rx,0,8,F4,01,84,03,00,00,00,00
77923000,54,false,Rx,0,8,01,01,FE,FF,FE,FF,00,00
77923000,55,false,Rx,0,8,10,27,00,00,00,00,00,00
77923000,56,false,Rx,0,8,10,27,00,00,00,00,00,00
77934000,57,false,Rx,0,8,00,00,FE,FF,FE,FF,00,00
77974000,625,false,Rx,0,8,25,00,11,43,FD,BB,E4,01
77983000,60D,false,Rx,0,8,0D,10,DF,23,02,20,70,00
78074000,625,false,Rx,0,8,25,00,11,43,FD,BB,E4,01
78083000,60D,false,Rx,0,8,0D,10,DF,23,02,20,70,00
78108000,2C4,false,Rx,0,8,05,00,00,00,DF,02,00,00
78109000,2C5,false,Rx,0,8,00,00,00,00,00,00,00,00
78109000,2C6,false,Rx,0,8,F4,01,84,03,00,00,00,00
78122000,54,false,Rx,0,8,01,01,FE,FF,FE,FF,00,00
78123000,55,false,Rx,0,8,10,27,00,00,00,00,00,00
78123000,56,false,Rx,0,8,10,27,00,00,00,00,00,00
78133000,57,false,Rx,0,8,00,00,FE,FF,FE,FF,00,00
78174000,625,false,Rx,0,8,25,00,11,43,FD,BB,E4,01
78183000,60D,false,Rx,0,8,0D,10,DF,23,02,20,70,00
78274000,625,false,Rx,0,8,25,00,11,43,FD,BB,E4,01
78283000,60D,false,Rx,0,8,0D,10,DF,23,02,20,70,00
78308000,2C4,false,Rx,0,8,05,00,00,00,DF,02,00,00
78309000,2C5,false,Rx,0,8,00,00,00,00,00,00,00,00
78309000,2C6,false,Rx,0,8,F4,01,84,03,00,00,00,00
78323000,54,false,Rx,0,8,01,01,FE,FF,FE,FF,00,00
78323000,55,false,Rx,0,8,10,27,00,00,00,00,00,00
78323000,56,false,Rx,0,8,10,27,00,00,00,00,00,00
78334000,57,false,Rx,0,8,00,00,FE,FF,FE,FF,00,00
78374000,625,false,Rx,0,8,25,00,11,43,FD,BB,E4,01
78383000,60D,false,Rx,0,8,0D,10,DF,23,02,20,70,00
78474000,625,false,Rx,0,8,25,00,11,43,FD,BB,E4,01
78483000,60D,false,Rx,0,8,0D,10,DF,23,02,20,70,00
78508000,2C4,false,Rx,0,8,05,00,00,00,DF,02,00,00
78509000,2C5,false,Rx,0,8,00,00,00,00,00,00,00,00
78509000,2C6,false,Rx,0,8,F4,01,84,03,00,00,00,00
78522000,54,false,Rx,0,8,01,01,FE,FF,FE,FF,00,00
78523000,55,false,Rx,0,8,10,27,00,00,00,00,00,00
78523000,56,false,Rx,0,8,10,27,00,00,00,00,00,00
78533000,57,false,Rx,0,8,00,00,FE,FF,FE,FF,00,00
78574000,625,false,Rx,0,8,25,00,11,43,FD,BB,E4,01
78583000,60D,false,Rx,0,8,0D,10,DF,23,02,20,70,00
78674000,625,false,Rx,0,8,25,00,11,43,FD,BB,E4,01
78683000,60D,false,Rx,0,8,0D,10,DF,23,02,20,70,00
78708000,2C4,false,Rx,0,8,05,00,00,00,DF,02,00,00
78709000,2C5,false,Rx,0,8,00,00,00,00,00,00,00,00
78709000,2C6,false,Rx,0,8,F4,01,84,03,00,00,00,00
78723000,54,false,Rx,0,8,01,01,FE,FF,FE,FF,00,00
78723000,55,false,Rx,0,8,10,27,00,00,00,00,00,00
78723000,56,false,Rx,0,8,10,27,00,00,00,00,00,00
78734000,57,false,Rx,0,8,00,00,FE,FF,FE,FF,00,00
78774000,625,false,Rx,0,8,25,00,11,43,FD,BB,E4,01
78783000,60D,false,Rx,0,8,0D,10,DF,23,02,20,70,00
78874000,625,false,Rx,0,8,25,00,11,43,FD,BB,E4,01
78883000,60D,false,Rx,0,8,0D,10,DF,23,02,20,70,00
78908000,2C4,false,Rx,0,8,05,00,00,00,DF,02,00,00
78909000,2C5,false,Rx,0,8,00,00,00,00,00,00,00,00
78909000,2C6,false,Rx,0,8,F4,01,84,03,00,00,00,00
78922000,54,false,Rx,0,8,01,01,FE,FF,FE,FF,00,00
78923000,55,false,Rx,0,8,10,27,00,00,00,00,00,00
78923000,56,false,Rx,0,8,10,27,00,00,00,00,00,00
78933000,57,false,Rx,0,8,00,00,FE,FF,FE,FF,00,00
78974000,625,false,Rx,0,8,25,00,11,43,FD,BB,E4,01
78983000,60D,false,Rx,0,8,0D,10,DF,23,02,20,70,00
79074000,625,false,Rx,0,8,25,00,11,43,FD,BB,E4,01
79083000,60D,false,Rx,0,8,0D,10,DF,23,02,20,70,00
79108000,2C4,false,Rx,0,8,05,00,00,00,DF,02,00,00
79109000,2C5,false,Rx,0,8,00,00,00,00,00,00,00,00
79109000,2C6,false,Rx,0,8,F4,01,84,03,00,00,00,00
79123000,54,false,Rx,0,8,01,01,FE,FF,FE,FF,00,00
79123000,55,false,Rx,0,8,10,27,00,00,00,00,00,00
79123000,56,false,Rx,0,8,10,27,00,00,00,00,00,00
79133000,57,false,Rx,0,8,00,00,FE,FF,FE,FF,00,00
79174000,625,false,Rx,0,8,25,00,11,43,FD,BB,E4,01
79183000,60D,false,Rx,0,8,0D,10,DF,23,02,20,70,00
79274000,625,false,Rx,0,8,25,00,11,43,FD,BB,E4,01
79283000,60D,false,Rx,0,8,0D,10,DF,23,02,20,70,00
79308000,2C4,false,Rx,0,8,05,00,00,00,DF,02,00,00
79309000,2C5,false,Rx,0,8,00,00,00,00,00,00,00,00
79309000,2C6,false,Rx,0,8,F4,01,84,03,00,00,00,00
79322000,54,false,Rx,0,8,01,01,FE,FF,FE,FF,00,00
79323000,55,false,Rx,0,8,10,27,00,00,00,00,00,00
79323000,56,false,Rx,0,8,10,27,00,00,00,00,00,00
79333000,57,false,Rx,0,8,00,00,FE,FF,FE,FF,00,00
79374000,625,false,Rx,0,8,25,00,11,43,FD,BB,E4,01
79383000,60D,false,Rx,0,8,0D,10,DF,23,02,20,70,00
79474000,625,false,Rx,0,8,25,00,11,43,FD,BB,E4,01
79483000,60D,false,Rx,0,8,0D,10,DF,23,02,20,70,00
79508000,2C4,false,Rx,0,8,05,00,00,00,DF,02,00,00
79509000,2C5,false,Rx,0,8,00,00,00,00,00,00,00,00
79509000,2C6,false,Rx,0,8,F4,01,84,03,00,00,00,00
79523000,54,false,Rx,0,8,01,01,FE,FF,FE,FF,00,00
79523000,55,false,Rx,0,8,10,27,00,00,00,00,00,00
79523000,56,false,Rx,0,8,10,27,00,00,00,00,00,00
79533000,57,false,Rx,0,8,00,00,FE,FF,FE,FF,00,00
79574000,625,false,Rx,0,8,25,00,11,43,FD,BB,E4,01
79583000,60D,false,Rx,0,8,0D,10,DF,23,02,20,70,00
79674000,625,false,Rx,0,8,25,00,11,43,FD,BB,E4,01
79683000,60D,false,Rx,0,8,0D,10,DF,23,02,20,70,00
79708000,2C4,false,Rx,0,8,05,00,00,00,DF,02,00,00
79709000,2C5,false,Rx,0,8,00,00,00,00,00,00,00,00
79709000,2C6,false,Rx,0,8,F4,01,84,03,00,00,00,00
79722000,54,false,Rx,0,8,01,01,FE,FF,FE,FF,00,00
79723000,55,false,Rx,0,8,10,27,00,00,00,00,00,00
79723000,56,false,Rx,0,8,10,27,00,00,00,00,00,00
79733000,57,false,Rx,0,8,00,00,FE,FF,FE,FF,00,00
79774000,625,false,Rx,0,8,25,00,11,43,FD,BB,E4,01
79784000,60D,false,Rx,0,8,0D,10,DF,23,02,20,70,00
79874000,625,false,Rx,0,8,25,00,11,43,FD,BB,E4,01
79883000,60D,false,Rx,0,8,0D,10,DF,23,02,20,70,00
79908000,2C4,false,Rx,0,8,05,00,00,00,DF,02,00,00
79909000,2C5,false,Rx,0,8,00,00,00,00,00,00,00,00
79909000,2C6,false,Rx,0,8,F4,01,84,03,00,00,00,00
79923000,54,false,Rx,0,8,01,01,FE,FF,FE,FF,00,00
79923000,55,false,Rx,0,8,10,27,00,00,00,00,00,00
79923000,56,false,Rx,0,8,10,27,00,00,00,00,00,00
79934000,57,false,Rx,0,8,00,00,FE,FF,FE,FF,00,00
79974000,625,false,Rx,0,8,25,00,11,43,FD,BB,E4,01
79984000,60D,false,Rx,0,8,0D,10,DF,23,02,20,70,00
80074000,625,false,Rx,0,8,25,00,11,43,FD,BB,E4,01
80083000,60D,false,Rx,0,8,0D,10,DF,23,02,20,70,00
80108000,2C4,false,Rx,0,8,05,00,00,00,DF,02,00,00
80109000,2C5,false,Rx,0,8,00,00,00,00,00,00,00,00
80109000,2C6,false,Rx,0,8,F4,01,84,03,00,00,00,00
80122000,54,false,Rx,0,8,01,01,FE,FF,FE,FF,00,00
80123000,55,false,Rx,0,8,10,27,00,00,00,00,00,00
80123000,56,false,Rx,0,8,10,27,00,00,00,00,00,00
80133000,57,false,Rx,0,8,00,00,FE,FF,FE,FF,00,00
80174000,625,false,Rx,0,8,25,00,11,43,FD,BB,E4,01
80183000,60D,false,Rx,0,8,0D,10,DF,23,02,20,70,00
80274000,625,false,Rx,0,8,25,00,11,43,FD,BB,E4,01
80283000,60D,false,Rx,0,8,0D,10,DF,23,02,20,70,00
80308000,2C4,false,Rx,0,8,05,00,00,00,DF,02,00,00
80309000,2C5,false,Rx,0,8,00,00,00,00,00,00,00,00
80309000,2C6,false,Rx,0,8,F4,01,84,03,00,00,00,00
80322000,54,false,Rx,0,8,01,01,FE,FF,FE,FF,00,00
80323000,55,false,Rx,0,8,10,27,00,00,00,00,00,00
80323000,56,false,Rx,0,8,10,27,00,00,00,00,00,00
80333000,57,false,Rx,0,8,00,00,FE,FF,FE,FF,00,00
80374000,625,false,Rx,0,8,25,00,11,43,FD,BB,E4,01
80383000,60D,false,Rx,0,8,0D,10,DF,23,02,20,70,00
80474000,625,false,Rx,0,8,25,00,11,43,FD,BB,E4,01
80483000,60D,false,Rx,0,8,0D,10,DF,23,02,20,70,00
80508000,2C4,false,Rx,0,8,05,00,00,00,DF,02,00,00
80509000,2C5,false,Rx,0,8,00,00,00,00,00,00,00,00
80509000,2C6,false,Rx,0,8,F4,01,84,03,00,00,00,00
80522000,54,false,Rx,0,8,01,01,FE,FF,FE,FF,00,00
80523000,55,false,Rx,0,8,10,27,00,00,00,00,00,00
80523000,56,false,Rx,0,8,10,27,00,00,00,00,00,00
80533000,57,false,Rx,0,8,00,00,FE,FF,FE,FF,00,00
80574000,625,false,Rx,0,8,25,00,11,43,FD,BB,E4,01
80583000,60D,false,Rx,0,8,0D,10,DF,23,02,20,70,00
80674000,625,false,Rx,0,8,25,00,11,43,FD,BB,E4,01
80683000,60D,false,Rx,0,8,0D,10,DF,23,02,20,70,00
80708000,2C4,false,Rx,0,8,05,00,00,00,DF,02,00,00
80709000,2C5,false,Rx,0,8,00,00,00,00,00,00,00,00
80709000,2C6,false,Rx,0,8,F4,01,84,03,00,00,00,00
80722000,54,false,Rx,0,8,01,01,FE,FF,FE,FF,00,00
80723000,55,false,Rx,0,8,10,27,00,00,00,00,00,00
80723000,56,false,Rx,0,8,10,27,00,00,00,00,00,00
80733000,57,false,Rx,0,8,00,00,FE,FF,FE,FF,00,00
80774000,625,false,Rx,0,8,25,00,11,43,FD,BB,E4,01
80783000,60D,false,Rx,0,8,0D,10,DF,23,02,20,70,00
80874000,625,false,Rx,0,8,25,00,11,43,FD,BB,E4,01
80883000,60D,false,Rx,0,8,0D,10,DF,23,02,20,70,00
80908000,2C4,false,Rx,0,8,05,00,00,00,DF,02,00,00
80908000,2C5,false,Rx,0,8,00,00,00,00,00,00,00,00
80909000,2C6,false,Rx,0,8,F4,01,84,03,00,00,00,00
80922000,54,false,Rx,0,8,01,01,FE,FF,FE,FF,00,00
80923000,55,false,Rx,0,8,10,27,00,00,00,00,00,00
80923000,56,false,Rx,0,8,10,27,00,00,00,00,00,00
80933000,57,false,Rx,0,8,00,00,FE,FF,FE,FF,00,00
80974000,625,false,Rx,0,8,25,00,11,43,FD,BB,E4,01
80983000,60D,false,Rx,0,8,0D,10,DF,23,02,20,70,00
81074000,625,false,Rx,0,8,25,00,11,43,FD,BB,E4,01
81083000,60D,false,Rx,0,8,0D,10,DF,23,02,20,70,00
81108000,2C4,false,Rx,0,8,05,00,00,00,DF,02,00,00
81108000,2C5,false,Rx,0,8,00,00,00,00,00,00,00,00
81109000,2C6,false,Rx,0,8,F4,01,84,03,00,00,00,00
81122000,54,false,Rx,0,8,01,01,FE,FF,FE,FF,00,00
81123000,55,false,Rx,0,8,10,27,00,00,00,00,00,00
81123000,56,false,Rx,0,8,10,27,00,00,00,00,00,00
81133000,57,false,Rx,0,8,00,00,FE,FF,FE,FF,00,00
81174000,625,false,Rx,0,8,25,00,11,43,FD,BB,E4,01
81183000,60D,false,Rx,0,8,0D,10,DF,23,02,20,70,00
81274000,625,false,Rx,0,8,25,00,11,43,FD,BB,E4,01
81283000,60D,false,Rx,0,8,0D,10,DF,23,02,20,70,00
81308000,2C4,false,Rx,0,8,05,00,00,00,DF,02,00,00
81308000,2C5,false,Rx,0,8,00,00,00,00,00,00,00,00
81309000,2C6,false,Rx,0,8,F4,01,84,03,00,00,00,00
81322000,54,false,Rx,0,8,01,01,FE,FF,FE,FF,00,00
81323000,55,false,Rx,0,8,10,27,00,00,00,00,00,00
81323000,56,false,Rx,0,8,10,27,00,00,00,00,00,00
81333000,57,false,Rx,0,8,00,00,FE,FF,FE,FF,00,00
81374000,625,false,Rx,0,8,25,00,11,43,FD,BB,E4,01
81383000,60D,false,Rx,0,8,0D,10,DF,23,02,20,70,00
81474000,625,false,Rx,0,8,25,00,11,43,FD,BB,E4,01
81483000,60D,false,Rx,0,8,0D,10,DF,23,02,20,70,00
81508000,2C4,false,Rx,0,8,05,00,00,00,DF,02,00,00
81508000,2C5,false,Rx,0,8,00,00,00,00,00,00,00,00
81509000,2C6,false,Rx,0,8,F4,01,84,03,00,00,00,00
81522000,54,false,Rx,0,8,01,01,FE,FF,FE,FF,00,00
81523000,55,false,Rx,0,8,10,27,00,00,00,00,00,00
81523000,56,false,Rx,0,8,10,27,00,00,00,00,00,00
81533000,57,false,Rx,0,8,00,00,FE,FF,FE,FF,00,00
81574000,625,false,Rx,0,8,25,00,11,43,FD,BB,E4,01
81583000,60D,false,Rx,0,8,0D,10,DF,23,02,20,70,00
81674000,625,false,Rx,0,8,25,00,11,43,FD,BB,E4,01
81683000,60D,false,Rx,0,8,0D,10,DF,23,02,20,70,00
81708000,2C4,false,Rx,0,8,05,00,00,00,DF,02,00,00
81708000,2C5,false,Rx,0,8,00,00,00,00,00,00,00,00
81709000,2C6,false,Rx,0,8,F4,01,84,03,00,00,00,00
81722000,54,false,Rx,0,8,01,01,FE,FF,FE,FF,00,00
81723000,55,false,Rx,0,8,10,27,00,00,00,00,00,00
81723000,56,false,Rx,0,8,10,27,00,00,00,00,00,00
81733000,57,false,Rx,0,8,00,00,FE,FF,FE,FF,00,00
81774000,625,false,Rx,0,8,25,00,11,43,FD,BB,E4,01
81783000,60D,false,Rx,0,8,0D,10,DF,23,02,20,70,00
81874000,625,false,Rx,0,8,25,00,11,43,FD,BB,E4,01
81883000,60D,false,Rx,0,8,0D,10,DF,23,02,20,70,00
81908000,2C4,false,Rx,0,8,05,00,00,00,DF,02,00,00
81908000,2C5,false,Rx,0,8,00,00,00,00,00,00,00,00
81909000,2C6,false,Rx,0,8,F4,01,84,03,00,00,00,00
81923000,54,false,Rx,0,8,01,01,FE,FF,FE,FF,00,00
81923000,55,false,Rx,0,8,10,27,00,00,00,00,00,00
81923000,56,false,Rx,0,8,10,27,00,00,00,00,00,00
81934000,57,false,Rx,0,8,00,00,FE,FF,FE,FF,00,00
81974000,625,false,Rx,0,8,25,00,11,43,FD,BB,E4,01
81984000,60D,false,Rx,0,8,0D,10,DF,23,02,20,70,00
82074000,625,false,Rx,0,8,25,00,11,43,FD,BB,E4,01
82083000,60D,false,Rx,0,8,0D,10,DF,23,02,20,70,00
82108000,2C4,false,Rx,0,8,05,00,00,00,DF,02,00,00
82108000,2C5,false,Rx,0,8,00,00,00,00,00,00,00,00
82109000,2C6,false,Rx,0,8,F4,01,84,03,00,00,00,00
82122000,54,false,Rx,0,8,01,01,FE,FF,FE,FF,00,00
82123000,55,false,Rx,0,8,10,27,00,00,00,00,00,00
82123000,56,false,Rx,0,8,10,27,00,00,00,00,00,00
82133000,57,false,Rx,0,8,00,00,FE,FF,FE,FF,00,00
82174000,625,false,Rx,0,8,25,00,11,43,FD,BB,E4,01
82184000,60D,false,Rx,0,8,0D,10,DF,23,02,20,70,00
82274000,625,false,Rx,0,8,25,00,11,43,FD,BB,E4,01
82284000,60D,false,Rx,0,8,0D,10,DF,23,02,20,70,00
82308000,2C4,false,Rx,0,8,05,00,00,00,DF,02,00,00
82308000,2C5,false,Rx,0,8,00,00,00,00,00,00,00,00
82309000,2C6,false,Rx,0,8,F4,01,84,03,00,00,00,00
82322000,54,false,Rx,0,8,01,01,FE,FF,FE,FF,00,00
82323000,55,false,Rx,0,8,10,27,00,00,00,00,00,00
82323000,56,false,Rx,0,8,10,27,00,00,00,00,00,00
82333000,57,false,Rx,0,8,00,00,FE,FF,FE,FF,00,00
82374000,625,false,Rx,0,8,25,00,11,43,FD,BB,E4,01
82384000,60D,false,Rx,0,8,0D,10,DF,23,02,20,70,00
82474000,625,false,Rx,0,8,25,00,11,43,FD,BB,E4,01
82483000,60D,false,Rx,0,8,0D,10,DF,23,02,20,70,00
82508000,2C4,false,Rx,0,8,05,00,00,00,DF,02,00,00
82508000,2C5,false,Rx,0,8,00,00,00,00,00,00,00,00
82509000,2C6,false,Rx,0,8,F4,01,84,03,00,00,00,00
82522000,54,false,Rx,0,8,01,01,FE,FF,FE,FF,00,00
82523000,55,false,Rx,0,8,10,27,00,00,00,00,00,00
82523000,56,false,Rx,0,8,10,27,00,00,00,00,00,00
82533000,57,false,Rx,0,8,00,00,FE,FF,FE,FF,00,00
82574000,625,false,Rx,0,8,25,00,11,43,FD,BB,E4,01
82583000,60D,false,Rx,0,8,0D,10,DF,23,02,20,70,00
82674000,625,false,Rx,0,8,25,00,11,43,FD,BB,E4,01
82683000,60D,false,Rx,0,8,0D,10,DF,23,02,20,70,00
82708000,2C4,false,Rx,0,8,05,00,00,00,DF,02,00,00
82708000,2C5,false,Rx,0,8,00,00,00,00,00,00,00,00
82709000,2C6,false,Rx,0,8,F4,01,84,03,00,00,00,00
82722000,54,false,Rx,0,8,01,01,FE,FF,FE,FF,00,00
82723000,55,false,Rx,0,8,10,27,00,00,00,00,00,00
82723000,56,false,Rx,0,8,10,27,00,00,00,00,00,00
82733000,57,false,Rx,0,8,00,00,FE,FF,FE,FF,00,00
82774000,625,false,Rx,0,8,25,00,11,43,FD,BB,E4,01
82783000,60D,false,Rx,0,8,0D,10,DF,23,02,20,70,00
82874000,625,false,Rx,0,8,25,00,11,43,FD,BB,E4,01
82883000,60D,false,Rx,0,8,0D,10,DF,23,02,20,70,00
82908000,2C4,false,Rx,0,8,05,00,00,00,DF,02,00,00
82908000,2C5,false,Rx,0,8,00,00,00,00,00,00,00,00
82909000,2C6,false,Rx,0,8,F4,01,84,03,00,00,00,00
82922000,54,false,Rx,0,8,01,01,FE,FF,FE,FF,00,00
82923000,55,false,Rx,0,8,10,27,00,00,00,00,00,00
82923000,56,false,Rx,0,8,10,27,00,00,00,00,00,00
82933000,57,false,Rx,0,8,00,00,FE,FF,FE,FF,00,00
82974000,625,false,Rx,0,8,25,00,11,43,FD,BB,E4,01
82983000,60D,false,Rx,0,8,0D,10,DF,23,02,20,70,00
83074000,625,false,Rx,0,8,25,00,11,43,FD,BB,E4,01
83083000,60D,false,Rx,0,8,0D,10,DF,23,02,20,70,00
83108000,2C4,false,Rx,0,8,05,00,00,00,DF,02,00,00
83108000,2C5,false,Rx,0,8,00,00,00,00,00,00,00,00
83109000,2C6,false,Rx,0,8,F4,01,84,03,00,00,00,00
83122000,54,false,Rx,0,8,01,01,FE,FF,FE,FF,00,00
83123000,55,false,Rx,0,8,10,27,00,00,00,00,00,00
83123000,56,false,Rx,0,8,10,27,00,00,00,00,00,00
83133000,57,false,Rx,0,8,00,00,FE,FF,FE,FF,00,00
83174000,625,false,Rx,0,8,25,00,11,43,FD,BB,E4,01
83183000,60D,false,Rx,0,8,0D,10,DF,23,02,20,70,00
83274000,625,false,Rx,0,8,25,00,11,43,FD,BB,E4,01
83283000,60D,false,Rx,0,8,0D,10,DF,23,02,20,70,00
83308000,2C4,false,Rx,0,8,05,00,00,00,DF,02,00,00
83308000,2C5,false,Rx,0,8,00,00,00,00,00,00,00,00
83309000,2C6,false,Rx,0,8,F4,01,84,03,00,00,00,00
83322000,54,false,Rx,0,8,01,01,FE,FF,FE,FF,00,00
83323000,55,false,Rx,0,8,10,27,00,00,00,00,00,00
83323000,56,false,Rx,0,8,10,27,00,00,00,00,00,00
83333000,57,false,Rx,0,8,00,00,FE,FF,FE,FF,00,00
83374000,625,false,Rx,0,8,25,00,11,43,FD,BB,E4,01
83383000,60D,false,Rx,0,8,0D,10,DF,23,02,20,70,00
83474000,625,false,Rx,0,8,25,00,11,43,FD,BB,E4,01
83483000,60D,false,Rx,0,8,0D,10,DF,23,02,20,70,00
83508000,2C4,false,Rx,0,8,05,00,00,00,DF,02,00,00
83508000,2C5,false,Rx,0,8,00,00,00,00,00,00,00,00
83509000,2C6,false,Rx,0,8,F4,01,84,03,00,00,00,00
83522000,54,false,Rx,0,8,01,01,FE,FF,FE,FF,00,00
83523000,55,false,Rx,0,8,10,27,00,00,00,00,00,00
83523000,56,false,Rx,0,8,10,27,00,00,00,00,00,00
83533000,57,false,Rx,0,8,00,00,FE,FF,FE,FF,00,00
83574000,625,false,Rx,0,8,25,00,11,43,FD,BB,E4,01
83583000,60D,false,Rx,0,8,0D,10,DF,23,02,20,70,00
83674000,625,false,Rx,0,8,25,00,11,43,FD,BB,E4,01
83683000,60D,false,Rx,0,8,0D,10,DF,23,02,20,70,00
83708000,2C4,false,Rx,0,8,05,00,00,00,DF,02,00,00
83708000,2C5,false,Rx,0,8,00,00,00,00,00,00,00,00
83709000,2C6,false,Rx,0,8,F4,01,84,03,00,00,00,00
83722000,54,false,Rx,0,8,01,01,FE,FF,FE,FF,00,00
83723000,55,false,Rx,0,8,10,27,00,00,00,00,00,00
83723000,56,false,Rx,0,8,10,27,00,00,00,00,00,00
83733000,57,false,Rx,0,8,00,00,FE,FF,FE,FF,00,00
83774000,625,false,Rx,0,8,25,00,11,43,FD,BB,E4,01
83783000,60D,false,Rx,0,8,0D,10,DF,23,02,20,70,00
83874000,625,false,Rx,0,8,25,00,11,43,FD,BB,E4,01
83883000,60D,false,Rx,0,8,0D,10,DF,23,02,20,70,00
83908000,2C4,false,Rx,0,8,05,00,00,00,DF,02,00,00
83908000,2C5,false,Rx,0,8,00,00,00,00,00,00,00,00
83909000,2C6,false,Rx,0,8,F4,01,84,03,00,00,00,00
83922000,54,false,Rx,0,8,01,01,FE,FF,FE,FF,00,00
83923000,55,false,Rx,0,8,10,27,00,00,00,00,00,00
83923000,56,false,Rx,0,8,10,27,00,00,00,00,00,00
83933000,57,false,Rx,0,8,00,00,FE,FF,FE,FF,00,00
83974000,625,false,Rx,0,8,25,00,11,43,FD,BB,E4,01
83983000,60D,false,Rx,0,8,0D,10,DF,23,02,20,70,00
84074000,625,false,Rx,0,8,25,00,11,43,FD,BB,E4,01
84083000,60D,false,Rx,0,8,0D,10,DF,23,02,20,70,00
84108000,2C4,false,Rx,0,8,05,00,00,00,DF,02,00,00
84108000,2C5,false,Rx,0,8,00,00,00,00,00,00,00,00
84109000,2C6,false,Rx,0,8,F4,01,84,03,00,00,00,00
84122000,54,false,Rx,0,8,01,01,FE,FF,FE,FF,00,00
84123000,55,false,Rx,0,8,10,27,00,00,00,00,00,00
84123000,56,false,Rx,0,8,10,27,00,00,00,00,00,00
84133000,57,false,Rx,0,8,00,00,FE,FF,FE,FF,00,00
84174000,625,false,Rx,0,8,25,00,11,43,FD,BB,E4,01
84183000,60D,false,Rx,0,8,0D,10,DF,23,02,20,70,00
84274000,625,false,Rx,0,8,25,00,11,43,FD,BB,E4,01
84283000,60D,false,Rx,0,8,0D,10,DF,23,02,20,70,00
84308000,2C4,false,Rx,0,8,05,00,00,00,E1,02,00,00
84308000,2C5,false,Rx,0,8,00,00,00,00,00,00,00,00
84309000,2C6,false,Rx,0,8,F4,01,84,03,00,00,00,00
84322000,54,false,Rx,0,8,01,01,FE,FF,FE,FF,00,00
84323000,55,false,Rx,0,8,10,27,00,00,00,00,00,00
84323000,56,false,Rx,0,8,10,27,00,00,00,00,00,00
84333000,57,false,Rx,0,8,00,00,FE,FF,FE,FF,00,00
84374000,625,false,Rx,0,8,25,00,11,43,FD,BB,E4,01
84383000,60D,false,Rx,0,8,0D,10,DF,23,02,20,70,00
84474000,625,false,Rx,0,8,25,00,11,43,FD,BB,E4,01
84483000,60D,false,Rx,0,8,0D,10,DF,23,02,20,70,00
84508000,2C4,false,Rx,0,8,05,00,00,00,E1,02,00,00
84508000,2C5,false,Rx,0,8,00,00,00,00,00,00,00,00
84509000,2C6,false,Rx,0,8,F4,01,84,03,00,00,00,00
84522000,54,false,Rx,0,8,01,01,FE,FF,FE,FF,00,00
84523000,55,false,Rx,0,8,10,27,00,00,00,00,00,00
84523000,56,false,Rx,0,8,10,27,00,00,00,00,00,00
84533000,57,false,Rx,0,8,00,00,FE,FF,FE,FF,00,00
84574000,625,false,Rx,0,8,25,00,11,43,FD,BB,E4,01
84583000,60D,false,Rx,0,8,0D,10,DF,23,02,20,70,00
84674000,625,false,Rx,0,8,25,00,11,43,FD,BB,E4,01
84683000,60D,false,Rx,0,8,0D,10,DF,23,02,20,70,00
84708000,2C4,false,Rx,0,8,05,00,00,00,DF,02,00,00
84708000,2C5,false,Rx,0,8,00,00,00,00,00,00,00,00
84709000,2C6,false,Rx,0,8,F4,01,84,03,00,00,00,00
84722000,54,false,Rx,0,8,01,01,FE,FF,FE,FF,00,00
84723000,55,false,Rx,0,8,10,27,00,00,00,00,00,00
84723000,56,false,Rx,0,8,10,27,00,00,00,00,00,00
84733000,57,false,Rx,0,8,00,00,FE,FF,FE,FF,00,00
84774000,625,false,Rx,0,8,25,00,11,43,FD,BB,E4,01
84783000,60D,false,Rx,0,8,0D,10,DF,23,02,20,70,00
84874000,625,false,Rx,0,8,25,00,11,43,FD,BB,E4,01
84883000,60D,false,Rx,0,8,0D,10,DF,23,02,20,70,00
84908000,2C4,false,Rx,0,8,05,00,00,00,E1,02,00,00
84908000,2C5,false,Rx,0,8,00,00,00,00,00,00,00,00
84909000,2C6,false,Rx,0,8,F4,01,84,03,00,00,00,00
84922000,54,false,Rx,0,8,01,01,FE,FF,FE,FF,00,00
84923000,55,false,Rx,0,8,10,27,00,00,00,00,00,00
84923000,56,false,Rx,0,8,10,27,00,00,00,00,00,00
84933000,57,false,Rx,0,8,00,00,FE,FF,FE,FF,00,00
84974000,625,false,Rx,0,8,25,00,11,43,FD,BB,E4,01
84983000,60D,false,Rx,0,8,0D,10,DF,23,02,20,70,00
85074000,625,false,Rx,0,8,25,00,11,43,FD,BB,E4,01
85083000,60D,false,Rx,0,8,0D,10,DF,23,02,20,70,00
85108000,2C4,false,Rx,0,8,05,00,00,00,DF,02,00,00
85108000,2C5,false,Rx,0,8,00,00,00,00,00,00,00,00
85109000,2C6,false,Rx,0,8,F4,01,84,03,00,00,00,00
85122000,54,false,Rx,0,8,01,01,FE,FF,FE,FF,00,00
85123000,55,false,Rx,0,8,10,27,00,00,00,00,00,00
85123000,56,false,Rx,0,8,10,27,00,00,00,00,00,00
85133000,57,false,Rx,0,8,00,00,FE,FF,FE,FF,00,00
85174000,625,false,Rx,0,8,25,00,11,43,FD,BB,E4,01
85183000,60D,false,Rx,0,8,0D,10,DF,23,02,20,70,00
85274000,625,false,Rx,0,8,25,00,11,43,FD,BB,E4,01
85283000,60D,false,Rx,0,8,0D,10,DF,23,02,20,70,00
85308000,2C4,false,Rx,0,8,05,00,00,00,DF,02,00,00
85308000,2C5,false,Rx,0,8,00,00,00,00,00,00,00,00
85308000,2C6,false,Rx,0,8,F4,01,84,03,00,00,00,00
85322000,54,false,Rx,0,8,01,01,FE,FF,FE,FF,00,00
85323000,55,false,Rx,0,8,10,27,00,00,00,00,00,00
85323000,56,false,Rx,0,8,10,27,00,00,00,00,00,00
85333000,57,false,Rx,0,8,00,00,FE,FF,FE,FF,00,00
85374000,625,false,Rx,0,8,25,00,11,43,FD,BB,E4,01
85383000,60D,false,Rx,0,8,0D,10,DF,23,02,20,70,00
85474000,625,false,Rx,0,8,25,00,11,43,FD,BB,E4,01
85483000,60D,false,Rx,0,8,0D,10,DF,23,02,20,70,00
85508000,2C4,false,Rx,0,8,05,00,00,00,DF,02,00,00
85508000,2C5,false,Rx,0,8,00,00,00,00,00,00,00,00
85508000,2C6,false,Rx,0,8,F4,01,84,03,00,00,00,00
85522000,54,false,Rx,0,8,01,01,FE,FF,FE,FF,00,00
85523000,55,false,Rx,0,8,10,27,00,00,00,00,00,00
85523000,56,false,Rx,0,8,10,27,00,00,00,00,00,00
85533000,57,false,Rx,0,8,00,00,FE,FF,FE,FF,00,00
85533000,65,false,Rx,0,8,2A,03,03,00,00,00,00,00
85574000,625,false,Rx,0,8,25,00,11,43,FD,BB,E4,01
85583000,60D,false,Rx,0,8,0D,10,DF,23,02,20,70,00
85673000,65,false,Rx,0,8,2A,03,03,00,00,00,00,00
85674000,625,false,Rx,0,8,25,00,11,43,FD,BB,E4,01
85683000,60D,false,Rx,0,8,0D,10,DF,23,02,20,70,00
85708000,2C4,false,Rx,0,8,05,00,00,00,DF,02,00,00
85708000,2C5,false,Rx,0,8,00,00,00,00,00,00,00,00
85708000,2C6,false,Rx,0,8,F4,01,84,03,00,00,00,00
85722000,54,false,Rx,0,8,01,01,FE,FF,FE,FF,00,00
85723000,55,false,Rx,0,8,10,27,00,00,00,00,00,00
85723000,56,false,Rx,0,8,10,27,00,00,00,00,00,00
85733000,57,false,Rx,0,8,00,00,FE,FF,FE,FF,00,00
85774000,625,false,Rx,0,8,25,00,11,43,FD,BB,E4,01
85783000,60D,false,Rx,0,8,0D,10,DF,23,02,20,70,00
85822000,65,false,Rx,0,8,2A,03,03,00,00,00,00,00
85874000,625,false,Rx,0,8,25,00,11,43,FD,BB,E4,01
85883000,60D,false,Rx,0,8,0D,10,DF,23,02,20,70,00
85908000,2C4,false,Rx,0,8,05,00,00,00,DF,02,00,00
85908000,2C5,false,Rx,0,8,00,00,00,00,00,00,00,00
85908000,2C6,false,Rx,0,8,F4,01,84,03,00,00,00,00
85922000,54,false,Rx,0,8,01,01,FE,FF,FE,FF,00,00
85923000,55,false,Rx,0,8,10,27,00,00,00,00,00,00
85923000,56,false,Rx,0,8,10,27,00,00,00,00,00,00
85933000,57,false,Rx,0,8,00,00,FE,FF,FE,FF,00,00
85973000,65,false,Rx,0,8,2A,03,03,00,00,00,00,00
85974000,625,false,Rx,0,8,25,00,11,43,FD,BB,E4,01
85983000,60D,false,Rx,0,8,0D,10,DF,23,02,20,70,00
86074000,625,false,Rx,0,8,25,00,11,43,FD,BB,E4,01
86083000,60D,false,Rx,0,8,0D,10,DF,23,02,20,70,00
86108000,2C4,false,Rx,0,8,05,00,00,00,DF,02,00,00
86108000,2C5,false,Rx,0,8,00,00,00,00,00,00,00,00
86108000,2C6,false,Rx,0,8,F4,01,84,03,00,00,00,00
86122000,54,false,Rx,0,8,01,01,FE,FF,FE,FF,00,00
86123000,55,false,Rx,0,8,10,27,00,00,00,00,00,00
86123000,56,false,Rx,0,8,10,27,00,00,00,00,00,00
86133000,57,false,Rx,0,8,00,00,FE,FF,FE,FF,00,00
86174000,625,false,Rx,0,8,25,00,11,43,FD,BB,E4,01
86183000,60D,false,Rx,0,8,0D,10,DF,23,02,20,70,00
86274000,625,false,Rx,0,8,25,00,11,43,FD,BB,E4,01
86283000,60D,false,Rx,0,8,0D,10,DF,23,02,20,70,00
86308000,2C4,false,Rx,0,8,05,00,00,00,E1,02,00,00
86308000,2C5,false,Rx,0,8,00,00,00,00,00,00,00,00
86308000,2C6,false,Rx,0,8,F4,01,84,03,00,00,00,00
86322000,54,false,Rx,0,8,01,01,FE,FF,FE,FF,00,00
86323000,55,false,Rx,0,8,10,27,00,00,00,00,00,00
86323000,56,false,Rx,0,8,10,27,00,00,00,00,00,00
86333000,57,false,Rx,0,8,00,00,FE,FF,FE,FF,00,00
86374000,625,false,Rx,0,8,25,00,11,43,FD,BB,E4,01
86383000,60D,false,Rx,0,8,0D,10,DF,23,02,20,70,00
86474000,625,false,Rx,0,8,25,00,11,43,FD,BB,E4,01
86483000,60D,false,Rx,0,8,0D,10,DF,23,02,20,70,00
86508000,2C4,false,Rx,0,8,05,00,00,00,DF,02,00,00
86508000,2C5,false,Rx,0,8,00,00,00,00,00,00,00,00
86508000,2C6,false,Rx,0,8,F4,01,84,03,00,00,00,00
86522000,54,false,Rx,0,8,01,01,FE,FF,FE,FF,00,00
86523000,55,false,Rx,0,8,10,27,00,00,00,00,00,00
86523000,56,false,Rx,0,8,10,27,00,00,00,00,00,00
86533000,57,false,Rx,0,8,00,00,FE,FF,FE,FF,00,00
86574000,625,false,Rx,0,8,25,00,11,43,FD,BB,E4,01
86583000,60D,false,Rx,0,8,0D,10,DF,23,02,20,70,00
86674000,625,false,Rx,0,8,25,00,11,43,FD,BB,E4,01
86683000,60D,false,Rx,0,8,0D,10,DF,23,02,20,70,00
86708000,2C4,false,Rx,0,8,05,00,00,00,E1,02,00,00
86708000,2C5,false,Rx,0,8,00,00,00,00,00,00,00,00
86708000,2C6,false,Rx,0,8,F4,01,84,03,00,00,00,00
86722000,54,false,Rx,0,8,01,01,FE,FF,FE,FF,00,00
86723000,55,false,Rx,0,8,10,27,00,00,00,00,00,00
86723000,56,false,Rx,0,8,10,27,00,00,00,00,00,00
86733000,57,false,Rx,0,8,00,00,FE,FF,FE,FF,00,00
86774000,625,false,Rx,0,8,25,00,11,43,FD,BB,E4,01
86783000,60D,false,Rx,0,8,0D,10,DF,23,02,20,70,00
86874000,625,false,Rx,0,8,25,00,11,43,FD,BB,E4,01
86883000,60D,false,Rx,0,8,0D,10,DF,23,02,20,70,00
86908000,2C4,false,Rx,0,8,05,00,00,00,DF,02,00,00
86908000,2C5,false,Rx,0,8,00,00,00,00,00,00,00,00
86908000,2C6,false,Rx,0,8,F4,01,84,03,00,00,00,00
86922000,54,false,Rx,0,8,01,01,FE,FF,FE,FF,00,00
86923000,55,false,Rx,0,8,10,27,00,00,00,00,00,00
86923000,56,false,Rx,0,8,10,27,00,00,00,00,00,00
86933000,57,false,Rx,0,8,00,00,FE,FF,FE,FF,00,00
86974000,625,false,Rx,0,8,25,00,11,43,FD,BB,E4,01
86984000,60D,false,Rx,0,8,0D,10,DF,23,02,20,70,00
87074000,625,false,Rx,0,8,25,00,11,43,FD,BB,E4,01
87083000,60D,false,Rx,0,8,0D,10,DF,23,02,20,70,00
87108000,2C4,false,Rx,0,8,05,00,00,00,E1,02,00,00
87108000,2C5,false,Rx,0,8,00,00,00,00,00,00,00,00
87108000,2C6,false,Rx,0,8,F4,01,84,03,00,00,00,00
87122000,54,false,Rx,0,8,01,01,FE,FF,FE,FF,00,00
87123000,55,false,Rx,0,8,10,27,00,00,00,00,00,00
87123000,56,false,Rx,0,8,10,27,00,00,00,00,00,00
87133000,57,false,Rx,0,8,00,00,FE,FF,FE,FF,00,00
87174000,625,false,Rx,0,8,25,00,11,43,FD,BB,E4,01
87183000,60D,false,Rx,0,8,0D,10,DF,23,02,20,70,00
87274000,625,false,Rx,0,8,25,00,11,43,FD,BB,E4,01
87283000,60D,false,Rx,0,8,0D,10,DF,23,02,20,70,00
87308000,2C4,false,Rx,0,8,05,00,00,00,E1,02,00,00
87308000,2C5,false,Rx,0,8,00,00,00,00,00,00,00,00
87308000,2C6,false,Rx,0,8,F4,01,84,03,00,00,00,00
87322000,54,false,Rx,0,8,01,01,FE,FF,FE,FF,00,00
87323000,55,false,Rx,0,8,10,27,00,00,00,00,00,00
87323000,56,false,Rx,0,8,10,27,00,00,00,00,00,00
87333000,57,false,Rx,0,8,00,00,FE,FF,FE,FF,00,00
87374000,625,false,Rx,0,8,25,00,11,43,FD,BB,E4,01
87383000,60D,false,Rx,0,8,0D,10,DF,23,02,20,70,00
87474000,625,false,Rx,0,8,25,00,11,43,FD,BB,E4,01
87483000,60D,false,Rx,0,8,0D,10,DF,23,02,20,70,00
87508000,2C4,false,Rx,0,8,05,00,00,00,DF,02,00,00
87508000,2C5,false,Rx,0,8,00,00,00,00,00,00,00,00
87508000,2C6,false,Rx,0,8,F4,01,84,03,00,00,00,00
87522000,54,false,Rx,0,8,01,01,FE,FF,FE,FF,00,00
87523000,55,false,Rx,0,8,10,27,00,00,00,00,00,00
87523000,56,false,Rx,0,8,10,27,00,00,00,00,00,00
87533000,57,false,Rx,0,8,00,00,FE,FF,FE,FF,00,00
87574000,625,false,Rx,0,8,25,00,11,43,FD,BB,E4,01
87583000,60D,false,Rx,0,8,0D,10,DF,23,02,20,70,00
87674000,625,false,Rx,0,8,25,00,11,43,FD,BB,E4,01
87683000,60D,false,Rx,0,8,0D,10,DF,23,02,20,70,00
87708000,2C4,false,Rx,0,8,05,00,00,00,DF,02,00,00
87708000,2C5,false,Rx,0,8,00,00,00,00,00,00,00,00
87708000,2C6,false,Rx,0,8,F4,01,84,03,00,00,00,00
87722000,54,false,Rx,0,8,01,01,FE,FF,FE,FF,00,00
87723000,55,false,Rx,0,8,10,27,00,00,00,00,00,00
87723000,56,false,Rx,0,8,10,27,00,00,00,00,00,00
87733000,57,false,Rx,0,8,00,00,FE,FF,FE,FF,00,00
87774000,625,false,Rx,0,8,25,00,11,43,FD,BB,E4,01
87783000,60D,false,Rx,0,8,0D,10,DF,23,02,20,70,00
87874000,625,false,Rx,0,8,25,00,11,43,FD,BB,E4,01
87883000,60D,false,Rx,0,8,0D,10,DF,23,02,20,70,00
87908000,2C4,false,Rx,0,8,05,00,00,00,DF,02,00,00
87908000,2C5,false,Rx,0,8,00,00,00,00,00,00,00,00
87908000,2C6,false,Rx,0,8,F4,01,84,03,00,00,00,00
87922000,54,false,Rx,0,8,01,01,FE,FF,FE,FF,00,00
87923000,55,false,Rx,0,8,10,27,00,00,00,00,00,00
87923000,56,false,Rx,0,8,10,27,00,00,00,00,00,00
87933000,57,false,Rx,0,8,00,00,FE,FF,FE,FF,00,00
87974000,625,false,Rx,0,8,25,00,11,43,FD,BB,E4,01
87983000,60D,false,Rx,0,8,0D,10,DF,23,02,20,70,00
88074000,625,false,Rx,0,8,25,00,11,43,FD,BB,E4,01
88083000,60D,false,Rx,0,8,0D,10,DF,23,02,20,70,00
88108000,2C4,false,Rx,0,8,05,00,00,00,DF,02,00,00
88108000,2C5,false,Rx,0,8,00,00,00,00,00,00,00,00
88108000,2C6,false,Rx,0,8,F4,01,84,03,00,00,00,00
88122000,54,false,Rx,0,8,01,01,FE,FF,FE,FF,00,00
88123000,55,false,Rx,0,8,10,27,00,00,00,00,00,00
88123000,56,false,Rx,0,8,10,27,00,00,00,00,00,00
88133000,57,false,Rx,0,8,00,00,FE,FF,FE,FF,00,00
88174000,625,false,Rx,0,8,25,00,11,43,FD,BB,E4,01
88183000,60D,false,Rx,0,8,0D,10,DF,23,02,20,70,00
88274000,625,false,Rx,0,8,25,00,11,43,FD,BB,E4,01
88283000,60D,false,Rx,0,8,0D,10,DF,23,02,20,70,00
88308000,2C4,false,Rx,0,8,05,00,00,00,E1,02,00,00
88308000,2C5,false,Rx,0,8,00,00,00,00,00,00,00,00
88308000,2C6,false,Rx,0,8,F4,01,84,03,00,00,00,00
88322000,54,false,Rx,0,8,01,01,FE,FF,FE,FF,00,00
88323000,55,false,Rx,0,8,10,27,00,00,00,00,00,00
88323000,56,false,Rx,0,8,10,27,00,00,00,00,00,00
88333000,57,false,Rx,0,8,00,00,FE,FF,FE,FF,00,00
88374000,625,false,Rx,0,8,25,00,11,43,FD,BB,E4,01
88383000,60D,false,Rx,0,8,0D,10,DF,23,02,20,70,00
88474000,625,false,Rx,0,8,25,00,11,43,FD,BB,E4,01
88483000,60D,false,Rx,0,8,0D,10,DF,23,02,20,70,00
88508000,2C4,false,Rx,0,8,05,00,00,00,DF,02,00,00
88508000,2C5,false,Rx,0,8,00,00,00,00,00,00,00,00
88508000,2C6,false,Rx,0,8,F4,01,84,03,00,00,00,00
88522000,54,false,Rx,0,8,01,01,FE,FF,FE,FF,00,00
88523000,55,false,Rx,0,8,10,27,00,00,00,00,00,00
88523000,56,false,Rx,0,8,10,27,00,00,00,00,00,00
88533000,57,false,Rx,0,8,00,00,FE,FF,FE,FF,00,00
88574000,625,false,Rx,0,8,25,00,11,43,FD,BB,E4,01
88583000,60D,false,Rx,0,8,0D,10,DF,23,02,20,70,00
88674000,625,false,Rx,0,8,25,00,11,43,FD,BB,E4,01
88683000,60D,false,Rx,0,8,0D,10,DF,23,02,20,70,00
88708000,2C4,false,Rx,0,8,05,00,00,00,E1,02,00,00
88708000,2C5,false,Rx,0,8,00,00,00,00,00,00,00,00
88708000,2C6,false,Rx,0,8,F4,01,84,03,00,00,00,00
88722000,54,false,Rx,0,8,01,01,FE,FF,FE,FF,00,00
88723000,55,false,Rx,0,8,10,27,00,00,00,00,00,00
88723000,56,false,Rx,0,8,10,27,00,00,00,00,00,00
88733000,57,false,Rx,0,8,00,00,FE,FF,FE,FF,00,00
88774000,625,false,Rx,0,8,25,00,11,43,FD,BB,E4,01
88783000,60D,false,Rx,0,8,0D,10,DF,23,02,20,70,00
88874000,625,false,Rx,0,8,25,00,11,43,FD,BB,E4,01
88883000,60D,false,Rx,0,8,0D,10,DF,23,02,20,70,00
88908000,2C4,false,Rx,0,8,05,00,00,00,DF,02,00,00
88908000,2C5,false,Rx,0,8,00,00,00,00,00,00,00,00
88908000,2C6,false,Rx,0,8,F4,01,84,03,00,00,00,00
88922000,54,false,Rx,0,8,01,01,FE,FF,FE,FF,00,00
88923000,55,false,Rx,0,8,10,27,00,00,00,00,00,00
88923000,56,false,Rx,0,8,10,27,00,00,00,00,00,00
88933000,57,false,Rx,0,8,00,00,FE,FF,FE,FF,00,00
88974000,625,false,Rx,0,8,25,00,11,43,FD,BB,E4,01
88983000,60D,false,Rx,0,8,0D,10,DF,23,02,20,70,00
89074000,625,false,Rx,0,8,25,00,11,43,FD,BB,E4,01
89083000,60D,false,Rx,0,8,0D,10,DF,23,02,20,70,00
89108000,2C4,false,Rx,0,8,05,00,00,00,E1,02,00,00
89108000,2C5,false,Rx,0,8,00,00,00,00,00,00,00,00
89108000,2C6,false,Rx,0,8,F4,01,84,03,00,00,00,00
89122000,54,false,Rx,0,8,01,01,FE,FF,FE,FF,00,00
89123000,55,false,Rx,0,8,10,27,00,00,00,00,00,00
89123000,56,false,Rx,0,8,10,27,00,00,00,00,00,00
89133000,57,false,Rx,0,8,00,00,FE,FF,FE,FF,00,00
89174000,625,false,Rx,0,8,25,00,11,43,FD,BB,E4,01
89183000,60D,false,Rx,0,8,0D,10,DF,23,02,20,70,00
89274000,625,false,Rx,0,8,25,00,11,43,FD,BB,E4,01
89283000,60D,false,Rx,0,8,0D,10,DF,23,02,20,70,00
89308000,2C4,false,Rx,0,8,05,00,00,00,DF,02,00,00
89308000,2C5,false,Rx,0,8,00,00,00,00,00,00,00,00
89308000,2C6,false,Rx,0,8,F4,01,84,03,00,00,00,00
89322000,54,false,Rx,0,8,01,01,FE,FF,FE,FF,00,00
89323000,55,false,Rx,0,8,10,27,00,00,00,00,00,00
89323000,56,false,Rx,0,8,10,27,00,00,00,00,00,00
89333000,57,false,Rx,0,8,00,00,FE,FF,FE,FF,00,00
89374000,625,false,Rx,0,8,25,00,11,43,FD,BB,E4,01
89383000,60D,false,Rx,0,8,0D,10,DF,23,02,20,70,00
89474000,625,false,Rx,0,8,25,00,11,43,FD,BB,E4,01
89483000,60D,false,Rx,0,8,0D,10,DF,23,02,20,70,00
89508000,2C4,false,Rx,0,8,05,00,00,00,E1,02,00,00
89508000,2C5,false,Rx,0,8,00,00,00,00,00,00,00,00
89508000,2C6,false,Rx,0,8,F4,01,84,03,00,00,00,00
89522000,54,false,Rx,0,8,01,01,FE,FF,FE,FF,00,00
89523000,55,false,Rx,0,8,10,27,00,00,00,00,00,00
89523000,56,false,Rx,0,8,10,27,00,00,00,00,00,00
89533000,57,false,Rx,0,8,00,00,FE,FF,FE,FF,00,00
89574000,625,false,Rx,0,8,25,00,11,43,FD,BB,E4,01
89583000,60D,false,Rx,0,8,0D,10,DF,23,02,20,70,00
89674000,625,false,Rx,0,8,25,00,11,43,FD,BB,E4,01
89683000,60D,false,Rx,0,8,0D,10,DF,23,02,20,70,00
89708000,2C4,false,Rx,0,8,05,00,00,00,E1,02,00,00
89708000,2C5,false,Rx,0,8,00,00,00,00,00,00,00,00
89708000,2C6,false,Rx,0,8,F4,01,84,03,00,00,00,00
89722000,54,false,Rx,0,8,01,01,FE,FF,FE,FF,00,00
89723000,55,false,Rx,0,8,10,27,00,00,00,00,00,00
89723000,56,false,Rx,0,8,10,27,00,00,00,00,00,00
89733000,57,false,Rx,0,8,00,00,FE,FF,FE,FF,00,00
89774000,625,false,Rx,0,8,25,00,11,43,FD,BB,E4,01
89783000,60D,false,Rx,0,8,0D,10,DF,23,02,20,70,00
89874000,625,false,Rx,0,8,25,00,11,43,FD,BB,E4,01
89883000,60D,false,Rx,0,8,0D,10,DF,23,02,20,70,00
89908000,2C4,false,Rx,0,8,05,00,00,00,E1,02,00,00
89908000,2C5,false,Rx,0,8,00,00,00,00,00,00,00,00
89908000,2C6,false,Rx,0,8,F4,01,84,03,00,00,00,00
89922000,54,false,Rx,0,8,01,01,FE,FF,FE,FF,00,00
89923000,55,false,Rx,0,8,10,27,00,00,00,00,00,00
89923000,56,false,Rx,0,8,10,27,00,00,00,00,00,00
89933000,57,false,Rx,0,8,00,00,FE,FF,FE,FF,00,00
89974000,625,false,Rx,0,8,25,00,11,43,FD,BB,E4,01
89983000,60D,false,Rx,0,8,0D,10,DF,23,02,20,70,00
90074000,625,false,Rx,0,8,25,00,11,43,FD,BB,E4,01
90083000,60D,false,Rx,0,8,0D,10,DF,23,02,20,70,00
90108000,2C4,false,Rx,0,8,05,00,00,00,E1,02,00,00
90108000,2C5,false,Rx,0,8,00,00,00,00,00,00,00,00
90108000,2C6,false,Rx,0,8,F4,01,84,03,00,00,00,00
90122000,54,false,Rx,0,8,01,01,FE,FF,FE,FF,00,00
90123000,55,false,Rx,0,8,10,27,00,00,00,00,00,00
90123000,56,false,Rx,0,8,10,27,00,00,00,00,00,00
90133000,57,false,Rx,0,8,00,00,FE,FF,FE,FF,00,00
90174000,625,false,Rx,0,8,25,00,11,43,FD,BB,E4,01
90183000,60D,false,Rx,0,8,0D,10,DF,23,02,20,70,00
90274000,625,false,Rx,0,8,25,00,11,43,FD,BB,E4,01
90283000,60D,false,Rx,0,8,0D,10,DF,23,02,20,70,00
90308000,2C4,false,Rx,0,8,05,00,00,00,E1,02,00,00
90308000,2C5,false,Rx,0,8,00,00,00,00,00,00,00,00
90308000,2C6,false,Rx,0,8,F4,01,84,03,00,00,00,00
90322000,54,false,Rx,0,8,01,01,FE,FF,FE,FF,00,00
90323000,55,false,Rx,0,8,10,27,00,00,00,00,00,00
90323000,56,false,Rx,0,8,10,27,00,00,00,00,00,00
90333000,57,false,Rx,0,8,00,00,FE,FF,FE,FF,00,00
90374000,625,false,Rx,0,8,25,00,11,43,FD,BB,E4,01
90383000,60D,false,Rx,0,8,0D,10,DF,23,02,20,70,00
90474000,625,false,Rx,0,8,25,00,11,43,FD,BB,E4,01
90483000,60D,false,Rx,0,8,0D,10,DF,23,02,20,70,00
90508000,2C4,false,Rx,0,8,05,00,00,00,DF,02,00,00
90508000,2C5,false,Rx,0,8,00,00,00,00,00,00,00,00
90508000,2C6,false,Rx,0,8,F4,01,84,03,00,00,00,00
90522000,54,false,Rx,0,8,01,01,FE,FF,FE,FF,00,00
90523000,55,false,Rx,0,8,10,27,00,00,00,00,00,00
90523000,56,false,Rx,0,8,10,27,00,00,00,00,00,00
90533000,57,false,Rx,0,8,00,00,FE,FF,FE,FF,00,00
90574000,625,false,Rx,0,8,25,00,11,43,FD,BB,E4,01
90583000,60D,false,Rx,0,8,0D,10,DF,23,02,20,70,00
90674000,625,false,Rx,0,8,25,00,11,43,FD,BB,E4,01
90683000,60D,false,Rx,0,8,0D,10,DF,23,02,20,70,00
90708000,2C4,false,Rx,0,8,05,00,00,00,E1,02,00,00
90708000,2C5,false,Rx,0,8,00,00,00,00,00,00,00,00
90708000,2C6,false,Rx,0,8,F4,01,84,03,00,00,00,00
90722000,54,false,Rx,0,8,01,01,FE,FF,FE,FF,00,00
90723000,55,false,Rx,0,8,10,27,00,00,00,00,00,00
90723000,56,false,Rx,0,8,10,27,00,00,00,00,00,00
90733000,57,false,Rx,0,8,00,00,FE,FF,FE,FF,00,00
90774000,625,false,Rx,0,8,25,00,11,43,FD,BB,E4,01
90783000,60D,false,Rx,0,8,0D,10,DF,23,02,20,70,00
90874000,625,false,Rx,0,8,25,00,11,43,FD,BB,E4,01
90883000,60D,false,Rx,0,8,0D,10,DF,23,02,20,70,00
90908000,2C4,false,Rx,0,8,05,00,00,00,DF,02,00,00
90908000,2C5,false,Rx,0,8,00,00,00,00,00,00,00,00
90908000,2C6,false,Rx,0,8,F4,01,84,03,00,00,00,00
90922000,54,false,Rx,0,8,01,01,FE,FF,FE,FF,00,00
90923000,55,false,Rx,0,8,10,27,00,00,00,00,00,00
90923000,56,false,Rx,0,8,10,27,00,00,00,00,00,00
90933000,57,false,Rx,0,8,00,00,FE,FF,FE,FF,00,00
90974000,625,false,Rx,0,8,25,00,11,43,FD,BB,E4,01
90983000,60D,false,Rx,0,8,0D,10,DF,23,02,20,70,00
91074000,625,false,Rx,0,8,25,00,11,43,FD,BB,E4,01
91083000,60D,false,Rx,0,8,0D,10,DF,23,02,20,70,00
91108000,2C4,false,Rx,0,8,05,00,00,00,E1,02,00,00
91108000,2C5,false,Rx,0,8,00,00,00,00,00,00,00,00
91108000,2C6,false,Rx,0,8,F4,01,84,03,00,00,00,00
91122000,54,false,Rx,0,8,01,01,FE,FF,FE,FF,00,00
91123000,55,false,Rx,0,8,10,27,00,00,00,00,00,00
91123000,56,false,Rx,0,8,10,27,00,00,00,00,00,00
91133000,57,false,Rx,0,8,00,00,FE,FF,FE,FF,00,00
91174000,625,false,Rx,0,8,25,00,11,43,FD,BB,E4,01
91183000,60D,false,Rx,0,8,0D,10,DF,23,02,20,70,00
91274000,625,false,Rx,0,8,25,00,11,43,FD,BB,E4,01
91283000,60D,false,Rx,0,8,0D,10,DF,23,02,20,70,00
91308000,2C4,false,Rx,0,8,05,00,00,00,DF,02,00,00
91308000,2C5,false,Rx,0,8,00,00,00,00,00,00,00,00
91308000,2C6,false,Rx,0,8,F4,01,84,03,00,00,00,00
91322000,54,false,Rx,0,8,01,01,FE,FF,FE,FF,00,00
91323000,55,false,Rx,0,8,10,27,00,00,00,00,00,00
91323000,56,false,Rx,0,8,10,27,00,00,00,00,00,00
91333000,57,false,Rx,0,8,00,00,FE,FF,FE,FF,00,00
91374000,625,false,Rx,0,8,25,00,11,43,FD,BB,E4,01
91383000,60D,false,Rx,0,8,0D,10,DF,23,02,20,70,00
91474000,625,false,Rx,0,8,25,00,11,43,FD,BB,E4,01
91483000,60D,false,Rx,0,8,0D,10,DF,23,02,20,70,00
91508000,2C4,false,Rx,0,8,05,00,00,00,DF,02,00,00
91508000,2C5,false,Rx,0,8,00,00,00,00,00,00,00,00
91508000,2C6,false,Rx,0,8,F4,01,84,03,00,00,00,00
91522000,54,false,Rx,0,8,01,01,FE,FF,FE,FF,00,00
91523000,55,false,Rx,0,8,10,27,00,00,00,00,00,00
91523000,56,false,Rx,0,8,10,27,00,00,00,00,00,00
91533000,57,false,Rx,0,8,00,00,FE,FF,FE,FF,00,00
91574000,625,false,Rx,0,8,25,00,11,43,FD,BB,E4,01
91583000,60D,false,Rx,0,8,0D,10,DF,23,02,20,70,00
91674000,625,false,Rx,0,8,25,00,11,43,FD,BB,E4,01
91683000,60D,false,Rx,0,8,0D,10,DF,23,02,20,70,00
91708000,2C4,false,Rx,0,8,05,00,00,00,DF,02,00,00
91708000,2C5,false,Rx,0,8,00,00,00,00,00,00,00,00
91708000,2C6,false,Rx,0,8,F4,01,84,03,00,00,00,00
91722000,54,false,Rx,0,8,01,01,FE,FF,FE,FF,00,00
91723000,55,false,Rx,0,8,10,27,00,00,00,00,00,00
91723000,56,false,Rx,0,8,10,27,00,00,00,00,00,00
91733000,57,false,Rx,0,8,00,00,FE,FF,FE,FF,00,00
91774000,625,false,Rx,0,8,25,00,11,43,FD,BB,E4,01
91783000,60D,false,Rx,0,8,0D,10,DF,23,02,20,70,00
91874000,625,false,Rx,0,8,25,00,11,43,FD,BB,E4,01
91883000,60D,false,Rx,0,8,0D,10,DF,23,02,20,70,00
91908000,2C4,false,Rx,0,8,05,00,00,00,E1,02,00,00
91908000,2C5,false,Rx,0,8,00,00,00,00,00,00,00,00
91908000,2C6,false,Rx,0,8,F4,01,84,03,00,00,00,00
91922000,54,false,Rx,0,8,01,01,FE,FF,FE,FF,00,00
91923000,55,false,Rx,0,8,10,27,00,00,00,00,00,00
91923000,56,false,Rx,0,8,10,27,00,00,00,00,00,00
91933000,57,false,Rx,0,8,00,00,FE,FF,FE,FF,00,00
91974000,625,false,Rx,0,8,25,00,11,43,FD,BB,E4,01
91983000,60D,false,Rx,0,8,0D,10,DF,23,02,20,70,00
92074000,625,false,Rx,0,8,25,00,11,43,FD,BB,E4,01
92083000,60D,false,Rx,0,8,0D,10,DF,23,02,20,70,00
92108000,2C4,false,Rx,0,8,05,00,00,00,DF,02,00,00
92108000,2C5,false,Rx,0,8,00,00,00,00,00,00,00,00
92108000,2C6,false,Rx,0,8,F4,01,84,03,00,00,00,00
92122000,54,false,Rx,0,8,01,01,FE,FF,FE,FF,00,00
92123000,55,false,Rx,0,8,10,27,00,00,00,00,00,00
92123000,56,false,Rx,0,8,10,27,00,00,00,00,00,00
92133000,57,false,Rx,0,8,00,00,FE,FF,FE,FF,00,00
92174000,625,false,Rx,0,8,25,00,11,43,FD,BB,E4,01
92183000,60D,false,Rx,0,8,0D,10,DF,23,02,20,70,00
92274000,625,false,Rx,0,8,25,00,11,43,FD,BB,E4,01
92283000,60D,false,Rx,0,8,0D,10,DF,23,02,20,70,00
92308000,2C4,false,Rx,0,8,05,00,00,00,E1,02,00,00
92308000,2C5,false,Rx,0,8,00,00,00,00,00,00,00,00
92308000,2C6,false,Rx,0,8,F4,01,84,03,00,00,00,00
92322000,54,false,Rx,0,8,01,01,FE,FF,FE,FF,00,00
92323000,55,false,Rx,0,8,10,27,00,00,00,00,00,00
92323000,56,false,Rx,0,8,10,27,00,00,00,00,00,00
92333000,57,false,Rx,0,8,00,00,FE,FF,FE,FF,00,00
92374000,625,false,Rx,0,8,25,00,11,43,FD,BB,E4,01
92383000,60D,false,Rx,0,8,0D,10,DF,23,02,20,70,00
92474000,625,false,Rx,0,8,25,00,11,43,FD,BB,E4,01
92483000,60D,false,Rx,0,8,0D,10,DF,23,02,20,70,00
92508000,2C4,false,Rx,0,8,05,00,00,00,E1,02,00,00
92508000,2C5,false,Rx,0,8,00,00,00,00,00,00,00,00
92508000,2C6,false,Rx,0,8,F4,01,84,03,00,00,00,00
92522000,54,false,Rx,0,8,01,01,FE,FF,FE,FF,00,00
92523000,55,false,Rx,0,8,10,27,00,00,00,00,00,00
92523000,56,false,Rx,0,8,10,27,00,00,00,00,00,00
92533000,57,false,Rx,0,8,00,00,FE,FF,FE,FF,00,00
92573000,625,false,Rx,0,8,25,00,11,43,FD,BB,E4,01
92583000,60D,false,Rx,0,8,0D,10,DF,23,02,20,70,00
92673000,625,false,Rx,0,8,25,00,11,43,FD,BB,E4,01
92683000,60D,false,Rx,0,8,0D,10,DF,23,02,20,70,00
92708000,2C4,false,Rx,0,8,05,00,00,00,E1,02,00,00
92708000,2C5,false,Rx,0,8,00,00,00,00,00,00,00,00
92708000,2C6,false,Rx,0,8,F4,01,84,03,00,00,00,00
92722000,54,false,Rx,0,8,01,01,FE,FF,FE,FF,00,00
92723000,55,false,Rx,0,8,10,27,00,00,00,00,00,00
92723000,56,false,Rx,0,8,10,27,00,00,00,00,00,00
92733000,57,false,Rx,0,8,00,00,FE,FF,FE,FF,00,00
92773000,625,false,Rx,0,8,25,00,11,43,FD,BB,E4,01
92783000,60D,false,Rx,0,8,0D,10,DF,23,02,20,70,00
92873000,625,false,Rx,0,8,25,00,11,43,FD,BB,E4,01
92883000,60D,false,Rx,0,8,0D,10,DF,23,02,20,70,00
92908000,2C4,false,Rx,0,8,05,00,00,00,DF,02,00,00
92908000,2C5,false,Rx,0,8,00,00,00,00,00,00,00,00
92908000,2C6,false,Rx,0,8,F4,01,84,03,00,00,00,00
92922000,54,false,Rx,0,8,01,01,FE,FF,FE,FF,00,00
92923000,55,false,Rx,0,8,10,27,00,00,00,00,00,00
92923000,56,false,Rx,0,8,10,27,00,00,00,00,00,00
92933000,57,false,Rx,0,8,00,00,FE,FF,FE,FF,00,00
92973000,625,false,Rx,0,8,25,00,11,43,FD,BB,E4,01
92983000,60D,false,Rx,0,8,0D,10,DF,23,02,20,70,00
93073000,625,false,Rx,0,8,25,00,11,43,FD,BB,E4,01
93083000,60D,false,Rx,0,8,0D,10,DF,23,02,20,70,00
93108000,2C4,false,Rx,0,8,05,00,00,00,E1,02,00,00
93108000,2C5,false,Rx,0,8,00,00,00,00,00,00,00,00
93108000,2C6,false,Rx,0,8,F4,01,84,03,00,00,00,00
93122000,54,false,Rx,0,8,01,01,FE,FF,FE,FF,00,00
93123000,55,false,Rx,0,8,10,27,00,00,00,00,00,00
93123000,56,false,Rx,0,8,10,27,00,00,00,00,00,00
93133000,57,false,Rx,0,8,00,00,FE,FF,FE,FF,00,00
93173000,625,false,Rx,0,8,25,00,11,43,FD,BB,E4,01
93183000,60D,false,Rx,0,8,0D,10,DF,23,02,20,70,00
93273000,625,false,Rx,0,8,25,00,11,43,FD,BB,E4,01
93283000,60D,false,Rx,0,8,0D,10,DF,23,02,20,70,00
93308000,2C4,false,Rx,0,8,05,00,00,00,E1,02,00,00
93308000,2C5,false,Rx,0,8,00,00,00,00,00,00,00,00
93308000,2C6,false,Rx,0,8,F4,01,84,03,00,00,00,00
93322000,54,false,Rx,0,8,01,01,FE,FF,FE,FF,00,00
93323000,55,false,Rx,0,8,10,27,00,00,00,00,00,00
93323000,56,false,Rx,0,8,10,27,00,00,00,00,00,00
93333000,57,false,Rx,0,8,00,00,FE,FF,FE,FF,00,00
93373000,625,false,Rx,0,8,25,00,11,43,FD,BB,E4,01
93383000,60D,false,Rx,0,8,0D,10,DF,23,02,20,70,00
93473000,625,false,Rx,0,8,25,00,11,43,FD,BB,E4,01
93483000,60D,false,Rx,0,8,0D,10,DF,23,02,20,70,00
93508000,2C4,false,Rx,0,8,05,00,00,00,E1,02,00,00
93508000,2C5,false,Rx,0,8,00,00,00,00,00,00,00,00
93508000,2C6,false,Rx,0,8,F4,01,84,03,00,00,00,00
93522000,54,false,Rx,0,8,01,01,FE,FF,FE,FF,00,00
93523000,55,false,Rx,0,8,10,27,00,00,00,00,00,00
93523000,56,false,Rx,0,8,10,27,00,00,00,00,00,00
93533000,57,false,Rx,0,8,00,00,FE,FF,FE,FF,00,00
93573000,625,false,Rx,0,8,25,00,11,43,FD,BB,E4,01
93583000,60D,false,Rx,0,8,0D,10,DF,23,02,20,70,00
93673000,625,false,Rx,0,8,25,00,11,43,FD,BB,E4,01
93683000,60D,false,Rx,0,8,0D,10,DF,23,02,20,70,00
93708000,2C4,false,Rx,0,8,05,00,00,00,E1,02,00,00
93708000,2C5,false,Rx,0,8,00,00,00,00,00,00,00,00
93708000,2C6,false,Rx,0,8,F4,01,84,03,00,00,00,00
93722000,54,false,Rx,0,8,01,01,FE,FF,FE,FF,00,00
93723000,55,false,Rx,0,8,10,27,00,00,00,00,00,00
93723000,56,false,Rx,0,8,10,27,00,00,00,00,00,00
93733000,57,false,Rx,0,8,00,00,FE,FF,FE,FF,00,00
93773000,625,false,Rx,0,8,25,00,11,43,FD,BB,E4,01
93783000,60D,false,Rx,0,8,0D,10,DF,23,02,20,70,00
93873000,625,false,Rx,0,8,25,00,11,43,FD,BB,E4,01
93883000,60D,false,Rx,0,8,0D,10,DF,23,02,20,70,00
93908000,2C4,false,Rx,0,8,05,00,00,00,E1,02,00,00
93908000,2C5,false,Rx,0,8,00,00,00,00,00,00,00,00
93908000,2C6,false,Rx,0,8,F4,01,84,03,00,00,00,00
93922000,54,false,Rx,0,8,01,01,FE,FF,FE,FF,00,00
93923000,55,false,Rx,0,8,10,27,00,00,00,00,00,00
93923000,56,false,Rx,0,8,10,27,00,00,00,00,00,00
93933000,57,false,Rx,0,8,00,00,FE,FF,FE,FF,00,00
93973000,625,false,Rx,0,8,25,00,11,43,FD,BB,E4,01
93983000,60D,false,Rx,0,8,0D,10,DF,23,02,20,70,00
94073000,625,false,Rx,0,8,25,00,11,43,FD,BB,E4,01
94083000,60D,false,Rx,0,8,0D,10,DF,23,02,20,70,00
94108000,2C4,false,Rx,0,8,05,00,00,00,E1,02,00,00
94108000,2C5,false,Rx,0,8,00,00,00,00,00,00,00,00
94108000,2C6,false,Rx,0,8,F4,01,84,03,00,00,00,00
94122000,54,false,Rx,0,8,01,01,FE,FF,FE,FF,00,00
94123000,55,false,Rx,0,8,10,27,00,00,00,00,00,00
94123000,56,false,Rx,0,8,10,27,00,00,00,00,00,00
94133000,57,false,Rx,0,8,00,00,FE,FF,FE,FF,00,00
94173000,625,false,Rx,0,8,25,00,11,43,FD,BB,E4,01
94183000,60D,false,Rx,0,8,0D,10,DF,23,02,20,70,00
94273000,625,false,Rx,0,8,25,00,11,43,FD,BB,E4,01
94283000,60D,false,Rx,0,8,0D,10,DF,23,02,20,70,00
94308000,2C4,false,Rx,0,8,05,00,00,00,DF,02,00,00
94308000,2C5,false,Rx,0,8,00,00,00,00,00,00,00,00
94308000,2C6,false,Rx,0,8,F4,01,84,03,00,00,00,00
94322000,54,false,Rx,0,8,01,01,FE,FF,FE,FF,00,00
94323000,55,false,Rx,0,8,10,27,00,00,00,00,00,00
94323000,56,false,Rx,0,8,10,27,00,00,00,00,00,00
94333000,57,false,Rx,0,8,00,00,FE,FF,FE,FF,00,00
94373000,625,false,Rx,0,8,25,00,11,43,FD,BB,E4,01
94383000,60D,false,Rx,0,8,0D,10,DF,23,02,20,70,00
94473000,625,false,Rx,0,8,25,00,11,43,FD,BB,E4,01
94483000,60D,false,Rx,0,8,0D,10,DF,23,02,20,70,00
94508000,2C4,false,Rx,0,8,05,00,00,00,E1,02,00,00
94508000,2C5,false,Rx,0,8,00,00,00,00,00,00,00,00
94508000,2C6,false,Rx,0,8,F4,01,84,03,00,00,00,00
94522000,54,false,Rx,0,8,01,01,FE,FF,FE,FF,00,00
94523000,55,false,Rx,0,8,10,27,00,00,00,00,00,00
94523000,56,false,Rx,0,8,10,27,00,00,00,00,00,00
94533000,57,false,Rx,0,8,00,00,FE,FF,FE,FF,00,00
94573000,625,false,Rx,0,8,25,00,11,43,FD,BB,E4,01
94583000,60D,false,Rx,0,8,0D,10,DF,23,02,20,70,00
94673000,625,false,Rx,0,8,25,00,11,43,FD,BB,E4,01
94683000,60D,false,Rx,0,8,0D,10,DF,23,02,20,70,00
94708000,2C4,false,Rx,0,8,05,00,00,00,DF,02,00,00
94708000,2C5,false,Rx,0,8,00,00,00,00,00,00,00,00
94708000,2C6,false,Rx,0,8,F4,01,84,03,00,00,00,00
94722000,54,false,Rx,0,8,01,01,FE,FF,FE,FF,00,00
94723000,55,false,Rx,0,8,10,27,00,00,00,00,00,00
94723000,56,false,Rx,0,8,10,27,00,00,00,00,00,00
94733000,57,false,Rx,0,8,00,00,FE,FF,FE,FF,00,00
94773000,625,false,Rx,0,8,25,00,11,43,FD,BB,E4,01
94783000,60D,false,Rx,0,8,0D,10,DF,23,02,20,70,00
94873000,625,false,Rx,0,8,25,00,11,43,FD,BB,E4,01
94883000,60D,false,Rx,0,8,0D,10,DF,23,02,20,70,00
94908000,2C4,false,Rx,0,8,05,00,00,00,E1,02,00,00
94908000,2C5,false,Rx,0,8,00,00,00,00,00,00,00,00
94908000,2C6,false,Rx,0,8,F4,01,84,03,00,00,00,00
94922000,54,false,Rx,0,8,01,01,FE,FF,FE,FF,00,00
94923000,55,false,Rx,0,8,10,27,00,00,00,00,00,00
94923000,56,false,Rx,0,8,10,27,00,00,00,00,00,00
94933000,57,false,Rx,0,8,00,00,FE,FF,FE,FF,00,00
94973000,625,false,Rx,0,8,25,00,11,43,FD,BB,E4,01
94983000,60D,false,Rx,0,8,0D,10,DF,23,02,20,70,00
95073000,625,false,Rx,0,8,25,00,11,43,FD,BB,E4,01
95083000,60D,false,Rx,0,8,0D,10,DF,23,02,20,70,00
95107000,2C4,false,Rx,0,8,05,00,00,00,E1,02,00,00
95108000,2C5,false,Rx,0,8,00,00,00,00,00,00,00,00
95108000,2C6,false,Rx,0,8,F4,01,84,03,00,00,00,00
95122000,54,false,Rx,0,8,01,01,FE,FF,FE,FF,00,00
95123000,55,false,Rx,0,8,10,27,00,00,00,00,00,00
95123000,56,false,Rx,0,8,10,27,00,00,00,00,00,00
95133000,57,false,Rx,0,8,00,00,FE,FF,FE,FF,00,00
95173000,625,false,Rx,0,8,25,00,11,43,FD,BB,E4,01
95183000,60D,false,Rx,0,8,0D,10,DF,23,02,20,70,00
95273000,625,false,Rx,0,8,25,00,11,43,FD,BB,E4,01
95283000,60D,false,Rx,0,8,0D,10,DF,23,02,20,70,00
95307000,2C4,false,Rx,0,8,05,00,00,00,E1,02,00,00
95308000,2C5,false,Rx,0,8,00,00,00,00,00,00,00,00
95308000,2C6,false,Rx,0,8,F4,01,84,03,00,00,00,00
95322000,54,false,Rx,0,8,01,01,FE,FF,FE,FF,00,00
95322000,55,false,Rx,0,8,10,27,00,00,00,00,00,00
95323000,56,false,Rx,0,8,10,27,00,00,00,00,00,00
95333000,57,false,Rx,0,8,00,00,FE,FF,FE,FF,00,00
95373000,625,false,Rx,0,8,25,00,11,43,FD,BB,E4,01
95383000,60D,false,Rx,0,8,0D,10,DF,23,02,20,70,00
95473000,625,false,Rx,0,8,25,00,11,43,FD,BB,E4,01
95483000,60D,false,Rx,0,8,0D,10,DF,23,02,20,70,00
95507000,2C4,false,Rx,0,8,05,00,00,00,DF,02,00,00
95508000,2C5,false,Rx,0,8,00,00,00,00,00,00,00,00
95508000,2C6,false,Rx,0,8,F4,01,84,03,00,00,00,00
95522000,54,false,Rx,0,8,01,01,FE,FF,FE,FF,00,00
95523000,55,false,Rx,0,8,10,27,00,00,00,00,00,00
95523000,56,false,Rx,0,8,10,27,00,00,00,00,00,00
95533000,57,false,Rx,0,8,00,00,FE,FF,FE,FF,00,00
95573000,625,false,Rx,0,8,25,00,11,43,FD,BB,E4,01
95583000,60D,false,Rx,0,8,0D,10,DF,23,02,20,70,00
95673000,625,false,Rx,0,8,25,00,11,43,FD,BB,E4,01
95683000,60D,false,Rx,0,8,0D,10,DF,23,02,20,70,00
95707000,2C4,false,Rx,0,8,05,00,00,00,E1,02,00,00
95708000,2C5,false,Rx,0,8,00,00,00,00,00,00,00,00
95708000,2C6,false,Rx,0,8,F4,01,84,03,00,00,00,00
95722000,54,false,Rx,0,8,01,01,FE,FF,FE,FF,00,00
95723000,55,false,Rx,0,8,10,27,00,00,00,00,00,00
95723000,56,false,Rx,0,8,10,27,00,00,00,00,00,00
95733000,57,false,Rx,0,8,00,00,FE,FF,FE,FF,00,00
95773000,625,false,Rx,0,8,25,00,11,43,FD,BB,E4,01
95783000,60D,false,Rx,0,8,0D,10,DF,23,02,20,70,00
95873000,625,false,Rx,0,8,25,00,11,43,FD,BB,E4,01
95883000,60D,false,Rx,0,8,0D,10,DF,23,02,20,70,00
95907000,2C4,false,Rx,0,8,05,00,00,00,DF,02,00,00
95908000,2C5,false,Rx,0,8,00,00,00,00,00,00,00,00
95908000,2C6,false,Rx,0,8,F4,01,84,03,00,00,00,00
95922000,54,false,Rx,0,8,01,01,FE,FF,FE,FF,00,00
95922000,55,false,Rx,0,8,10,27,00,00,00,00,00,00
95923000,56,false,Rx,0,8,10,27,00,00,00,00,00,00
95933000,57,false,Rx,0,8,00,00,FE,FF,FE,FF,00,00
95973000,625,false,Rx,0,8,25,00,11,43,FD,BB,E4,01
95983000,60D,false,Rx,0,8,0D,10,DF,23,02,20,70,00
96073000,625,false,Rx,0,8,25,00,11,43,FD,BB,E4,01
96083000,60D,false,Rx,0,8,0D,10,DF,23,02,20,70,00
96107000,2C4,false,Rx,0,8,05,00,00,00,E1,02,00,00
96108000,2C5,false,Rx,0,8,00,00,00,00,00,00,00,00
96108000,2C6,false,Rx,0,8,F4,01,84,03,00,00,00,00
96122000,54,false,Rx,0,8,01,01,FE,FF,FE,FF,00,00
96123000,55,false,Rx,0,8,10,27,00,00,00,00,00,00
96123000,56,false,Rx,0,8,10,27,00,00,00,00,00,00
96133000,57,false,Rx,0,8,00,00,FE,FF,FE,FF,00,00
96173000,625,false,Rx,0,8,25,00,11,43,FD,BB,E4,01
96183000,60D,false,Rx,0,8,0D,10,DF,23,02,20,70,00
96273000,625,false,Rx,0,8,25,00,11,43,FD,BB,E4,01
96283000,60D,false,Rx,0,8,0D,10,DF,23,02,20,70,00
96307000,2C4,false,Rx,0,8,05,00,00,00,E1,02,00,00
96308000,2C5,false,Rx,0,8,00,00,00,00,00,00,00,00
96308000,2C6,false,Rx,0,8,F4,01,84,03,00,00,00,00
96322000,54,false,Rx,0,8,01,01,FE,FF,FE,FF,00,00
96322000,55,false,Rx,0,8,10,27,00,00,00,00,00,00
96323000,56,false,Rx,0,8,10,27,00,00,00,00,00,00
96333000,57,false,Rx,0,8,00,00,FE,FF,FE,FF,00,00
96373000,625,false,Rx,0,8,25,00,11,43,FD,BB,E4,01
96383000,60D,false,Rx,0,8,0D,10,DF,23,02,20,70,00
96473000,625,false,Rx,0,8,25,00,11,43,FD,BB,E4,01
96483000,60D,false,Rx,0,8,0D,10,DF,23,02,20,70,00
96507000,2C4,false,Rx,0,8,05,00,00,00,DF,02,00,00
96508000,2C5,false,Rx,0,8,00,00,00,00,00,00,00,00
96508000,2C6,false,Rx,0,8,F4,01,84,03,00,00,00,00
96522000,54,false,Rx,0,8,01,01,FE,FF,FE,FF,00,00
96522000,55,false,Rx,0,8,10,27,00,00,00,00,00,00
96523000,56,false,Rx,0,8,10,27,00,00,00,00,00,00
96533000,57,false,Rx,0,8,00,00,FE,FF,FE,FF,00,00
96573000,625,false,Rx,0,8,25,00,11,43,FD,BB,E4,01
96583000,60D,false,Rx,0,8,0D,10,DF,23,02,20,70,00
96673000,625,false,Rx,0,8,25,00,11,43,FD,BB,E4,01
96683000,60D,false,Rx,0,8,0D,10,DF,23,02,20,70,00
96707000,2C4,false,Rx,0,8,05,00,00,00,E1,02,00,00
96708000,2C5,false,Rx,0,8,00,00,00,00,00,00,00,00
96708000,2C6,false,Rx,0,8,F4,01,84,03,00,00,00,00
96722000,54,false,Rx,0,8,01,01,FE,FF,FE,FF,00,00
96722000,55,false,Rx,0,8,10,27,00,00,00,00,00,00
96723000,56,false,Rx,0,8,10,27,00,00,00,00,00,00
96733000,57,false,Rx,0,8,00,00,FE,FF,FE,FF,00,00
96773000,625,false,Rx,0,8,25,00,11,43,FD,BB,E4,01
96783000,60D,false,Rx,0,8,0D,10,DF,23,02,20,70,00
96873000,625,false,Rx,0,8,25,00,11,43,FD,BB,E4,01
96883000,60D,false,Rx,0,8,0D,10,DF,23,02,20,70,00
96907000,2C4,false,Rx,0,8,05,00,00,00,E1,02,00,00
96908000,2C5,false,Rx,0,8,00,00,00,00,00,00,00,00
96908000,2C6,false,Rx,0,8,F4,01,84,03,00,00,00,00
96922000,54,false,Rx,0,8,01,01,FE,FF,FE,FF,00,00
96923000,55,false,Rx,0,8,10,27,00,00,00,00,00,00
96923000,56,false,Rx,0,8,10,27,00,00,00,00,00,00
96933000,57,false,Rx,0,8,00,00,FE,FF,FE,FF,00,00
96973000,625,false,Rx,0,8,25,00,11,43,FD,BB,E4,01
96983000,60D,false,Rx,0,8,0D,10,DF,23,02,20,70,00
97073000,625,false,Rx,0,8,25,00,11,43,FD,BB,E4,01
97083000,60D,false,Rx,0,8,0D,10,DF,23,02,20,70,00
97107000,2C4,false,Rx,0,8,05,00,00,00,DF,02,00,00
97108000,2C5,false,Rx,0,8,00,00,00,00,00,00,00,00
97108000,2C6,false,Rx,0,8,F4,01,84,03,00,00,00,00
97122000,54,false,Rx,0,8,01,01,FE,FF,FE,FF,00,00
97122000,55,false,Rx,0,8,10,27,00,00,00,00,00,00
97123000,56,false,Rx,0,8,10,27,00,00,00,00,00,00
97133000,57,false,Rx,0,8,00,00,FE,FF,FE,FF,00,00
97173000,625,false,Rx,0,8,25,00,11,43,FD,BB,E4,01
97183000,60D,false,Rx,0,8,0D,10,DF,23,02,20,70,00
97273000,625,false,Rx,0,8,25,00,11,43,FD,BB,E4,01
97283000,60D,false,Rx,0,8,0D,10,DF,23,02,20,70,00
97307000,2C4,false,Rx,0,8,05,00,00,00,E1,02,00,00
97308000,2C5,false,Rx,0,8,00,00,00,00,00,00,00,00
97308000,2C6,false,Rx,0,8,F4,01,84,03,00,00,00,00
97322000,54,false,Rx,0,8,01,01,FE,FF,FE,FF,00,00
97322000,55,false,Rx,0,8,10,27,00,00,00,00,00,00
97323000,56,false,Rx,0,8,10,27,00,00,00,00,00,00
97333000,57,false,Rx,0,8,00,00,FE,FF,FE,FF,00,00
97373000,625,false,Rx,0,8,25,00,11,43,FD,BB,E4,01
97383000,60D,false,Rx,0,8,0D,10,DF,23,02,20,70,00
97473000,625,false,Rx,0,8,25,00,11,43,FD,BB,E4,01
97483000,60D,false,Rx,0,8,0D,10,DF,23,02,20,70,00
97507000,2C4,false,Rx,0,8,05,00,00,00,E1,02,00,00
97508000,2C5,false,Rx,0,8,00,00,00,00,00,00,00,00
97508000,2C6,false,Rx,0,8,F4,01,84,03,00,00,00,00
97522000,54,false,Rx,0,8,01,01,FE,FF,FE,FF,00,00
97522000,55,false,Rx,0,8,10,27,00,00,00,00,00,00
97523000,56,false,Rx,0,8,10,27,00,00,00,00,00,00
97533000,57,false,Rx,0,8,00,00,FE,FF,FE,FF,00,00
97573000,625,false,Rx,0,8,25,00,11,43,FD,BB,E4,01
97583000,60D,false,Rx,0,8,0D,10,DF,23,02,20,70,00
97673000,625,false,Rx,0,8,25,00,11,43,FD,BB,E4,01
97683000,60D,false,Rx,0,8,0D,10,DF,23,02,20,70,00
97707000,2C4,false,Rx,0,8,05,00,00,00,E1,02,00,00
97708000,2C5,false,Rx,0,8,00,00,00,00,00,00,00,00
97708000,2C6,false,Rx,0,8,F4,01,84,03,00,00,00,00
97722000,54,false,Rx,0,8,01,01,FE,FF,FE,FF,00,00
97722000,55,false,Rx,0,8,10,27,00,00,00,00,00,00
97723000,56,false,Rx,0,8,10,27,00,00,00,00,00,00
97733000,57,false,Rx,0,8,00,00,FE,FF,FE,FF,00,00
97773000,625,false,Rx,0,8,25,00,11,43,FD,BB,E4,01
97783000,60D,false,Rx,0,8,0D,10,DF,23,02,20,70,00
97873000,625,false,Rx,0,8,25,00,11,43,FD,BB,E4,01
97883000,60D,false,Rx,0,8,0D,10,DF,23,02,20,70,00
97907000,2C4,false,Rx,0,8,05,00,00,00,E1,02,00,00
97908000,2C5,false,Rx,0,8,00,00,00,00,00,00,00,00
97908000,2C6,false,Rx,0,8,F4,01,84,03,00,00,00,00
97922000,54,false,Rx,0,8,01,01,FE,FF,FE,FF,00,00
97922000,55,false,Rx,0,8,10,27,00,00,00,00,00,00
97923000,56,false,Rx,0,8,10,27,00,00,00,00,00,00
97933000,57,false,Rx,0,8,00,00,FE,FF,FE,FF,00,00
97973000,625,false,Rx,0,8,25,00,11,43,FD,BB,E4,01
97983000,60D,false,Rx,0,8,0D,10,DF,23,02,20,70,00
98073000,625,false,Rx,0,8,25,00,11,43,FD,BB,E4,01
98083000,60D,false,Rx,0,8,0D,10,DF,23,02,20,70,00
98107000,2C4,false,Rx,0,8,05,00,00,00,E1,02,00,00
98108000,2C5,false,Rx,0,8,00,00,00,00,00,00,00,00
98108000,2C6,false,Rx,0,8,F4,01,84,03,00,00,00,00
98122000,54,false,Rx,0,8,01,01,FE,FF,FE,FF,00,00
98122000,55,false,Rx,0,8,10,27,00,00,00,00,00,00
98123000,56,false,Rx,0,8,10,27,00,00,00,00,00,00
98133000,57,false,Rx,0,8,00,00,FE,FF,FE,FF,00,00
98173000,625,false,Rx,0,8,25,00,11,43,FD,BB,E4,01
98183000,60D,false,Rx,0,8,0D,10,DF,23,02,20,70,00
98273000,625,false,Rx,0,8,25,00,11,43,FD,BB,E4,01
98283000,60D,false,Rx,0,8,0D,10,DF,23,02,20,70,00
98307000,2C4,false,Rx,0,8,05,00,00,00,E1,02,00,00
98308000,2C5,false,Rx,0,8,00,00,00,00,00,00,00,00
98308000,2C6,false,Rx,0,8,F4,01,84,03,00,00,00,00
98322000,54,false,Rx,0,8,01,01,FE,FF,FE,FF,00,00
98322000,55,false,Rx,0,8,10,27,00,00,00,00,00,00
98323000,56,false,Rx,0,8,10,27,00,00,00,00,00,00
98333000,57,false,Rx,0,8,00,00,FE,FF,FE,FF,00,00
98373000,625,false,Rx,0,8,25,00,11,43,FD,BB,E4,01
98383000,60D,false,Rx,0,8,0D,10,DF,23,02,20,70,00
98473000,625,false,Rx,0,8,25,00,11,43,FD,BB,E4,01
98483000,60D,false,Rx,0,8,0D,10,DF,23,02,20,70,00
98507000,2C4,false,Rx,0,8,05,00,00,00,E1,02,00,00
98508000,2C5,false,Rx,0,8,00,00,00,00,00,00,00,00
98508000,2C6,false,Rx,0,8,F4,01,84,03,00,00,00,00
98522000,54,false,Rx,0,8,01,01,FE,FF,FE,FF,00,00
98522000,55,false,Rx,0,8,10,27,00,00,00,00,00,00
98523000,56,false,Rx,0,8,10,27,00,00,00,00,00,00
98533000,57,false,Rx,0,8,00,00,FE,FF,FE,FF,00,00
98573000,625,false,Rx,0,8,25,00,11,43,FD,BB,E4,01
98583000,60D,false,Rx,0,8,0D,10,DF,23,02,20,70,00
98673000,625,false,Rx,0,8,25,00,11,43,FD,BB,E4,01
98683000,60D,false,Rx,0,8,0D,10,DF,23,02,20,70,00
98707000,2C4,false,Rx,0,8,05,00,00,00,E1,02,00,00
98708000,2C5,false,Rx,0,8,00,00,00,00,00,00,00,00
98708000,2C6,false,Rx,0,8,F4,01,84,03,00,00,00,00
98722000,54,false,Rx,0,8,01,01,FE,FF,FE,FF,00,00
98722000,55,false,Rx,0,8,10,27,00,00,00,00,00,00
98723000,56,false,Rx,0,8,10,27,00,00,00,00,00,00
98733000,57,false,Rx,0,8,00,00,FE,FF,FE,FF,00,00
98773000,625,false,Rx,0,8,25,00,11,43,FD,BB,E4,01
98783000,60D,false,Rx,0,8,0D,10,DF,23,02,20,70,00
98873000,625,false,Rx,0,8,25,00,11,43,FD,BB,E4,01
98883000,60D,false,Rx,0,8,0D,10,DF,23,02,20,70,00
98907000,2C4,false,Rx,0,8,05,00,00,00,E1,02,00,00
98908000,2C5,false,Rx,0,8,00,00,00,00,00,00,00,00
98908000,2C6,false,Rx,0,8,F4,01,84,03,00,00,00,00
98922000,54,false,Rx,0,8,01,01,FE,FF,FE,FF,00,00
98922000,55,false,Rx,0,8,10,27,00,00,00,00,00,00
98923000,56,false,Rx,0,8,10,27,00,00,00,00,00,00
98933000,57,false,Rx,0,8,00,00,FE,FF,FE,FF,00,00
98973000,625,false,Rx,0,8,25,00,11,43,FD,BB,E4,01
98983000,60D,false,Rx,0,8,0D,10,DF,23,02,20,70,00
99073000,625,false,Rx,0,8,25,00,11,43,FD,BB,E4,01
99083000,60D,false,Rx,0,8,0D,10,DF,23,02,20,70,00
99107000,2C4,false,Rx,0,8,05,00,00,00,E1,02,00,00
99108000,2C5,false,Rx,0,8,00,00,00,00,00,00,00,00
99108000,2C6,false,Rx,0,8,F4,01,84,03,00,00,00,00
99122000,54,false,Rx,0,8,01,01,FE,FF,FE,FF,00,00
99122000,55,false,Rx,0,8,10,27,00,00,00,00,00,00
99123000,56,false,Rx,0,8,10,27,00,00,00,00,00,00
99133000,57,false,Rx,0,8,00,00,FE,FF,FE,FF,00,00
99173000,625,false,Rx,0,8,25,00,11,43,FD,BB,E4,01
99183000,60D,false,Rx,0,8,0D,10,DF,23,02,20,70,00
99273000,625,false,Rx,0,8,25,00,11,43,FD,BB,E4,01
99283000,60D,false,Rx,0,8,0D,10,DF,23,02,20,70,00
99307000,2C4,false,Rx,0,8,05,00,00,00,E1,02,00,00
99308000,2C5,false,Rx,0,8,00,00,00,00,00,00,00,00
99308000,2C6,false,Rx,0,8,F4,01,84,03,00,00,00,00
99322000,54,false,Rx,0,8,01,01,FE,FF,FE,FF,00,00
99322000,55,false,Rx,0,8,10,27,00,00,00,00,00,00
99323000,56,false,Rx,0,8,10,27,00,00,00,00,00,00
99333000,57,false,Rx,0,8,00,00,FE,FF,FE,FF,00,00
99373000,625,false,Rx,0,8,25,00,11,43,FD,BB,E4,01
99383000,60D,false,Rx,0,8,0D,10,DF,23,02,20,70,00
99473000,625,false,Rx,0,8,25,00,11,43,FD,BB,E4,01
99483000,60D,false,Rx,0,8,0D,10,DF,23,02,20,70,00
99507000,2C4,false,Rx,0,8,05,00,00,00,E1,02,00,00
99508000,2C5,false,Rx,0,8,00,00,00,00,00,00,00,00
99508000,2C6,false,Rx,0,8,F4,01,84,03,00,00,00,00
99522000,54,false,Rx,0,8,01,01,FE,FF,FE,FF,00,00
99522000,55,false,Rx,0,8,10,27,00,00,00,00,00,00
99523000,56,false,Rx,0,8,10,27,00,00,00,00,00,00
99533000,57,false,Rx,0,8,00,00,FE,FF,FE,FF,00,00
99573000,625,false,Rx,0,8,25,00,11,43,FD,BB,E4,01
99583000,60D,false,Rx,0,8,0D,10,DF,23,02,20,70,00
99673000,625,false,Rx,0,8,25,00,11,43,FD,BB,E4,01
99683000,60D,false,Rx,0,8,0D,10,DF,23,02,20,70,00
99707000,2C4,false,Rx,0,8,05,00,00,00,E1,02,00,00
99708000,2C5,false,Rx,0,8,00,00,00,00,00,00,00,00
99708000,2C6,false,Rx,0,8,F4,01,84,03,00,00,00,00
99722000,54,false,Rx,0,8,01,01,FE,FF,FE,FF,00,00
99722000,55,false,Rx,0,8,10,27,00,00,00,00,00,00
99723000,56,false,Rx,0,8,10,27,00,00,00,00,00,00
99733000,57,false,Rx,0,8,00,00,FE,FF,FE,FF,00,00
99773000,625,false,Rx,0,8,25,00,11,43,FD,BB,E4,01
99783000,60D,false,Rx,0,8,0D,10,DF,23,02,20,70,00
99873000,625,false,Rx,0,8,25,00,11,43,FD,BB,E4,01
99883000,60D,false,Rx,0,8,0D,10,DF,23,02,20,70,00
99907000,2C4,false,Rx,0,8,05,00,00,00,E1,02,00,00
99907000,2C5,false,Rx,0,8,00,00,00,00,00,00,00,00
99908000,2C6,false,Rx,0,8,F4,01,84,03,00,00,00,00
99922000,54,false,Rx,0,8,01,01,FE,FF,FE,FF,00,00
99922000,55,false,Rx,0,8,10,27,00,00,00,00,00,00
99923000,56,false,Rx,0,8,10,27,00,00,00,00,00,00
99933000,57,false,Rx,0,8,00,00,FE,FF,FE,FF,00,00
99973000,625,false,Rx,0,8,25,00,11,43,FD,BB,E4,01
99983000,60D,false,Rx,0,8,0D,10,DF,23,02,20,70,00
100073000,625,false,Rx,0,8,25,00,11,43,FD,BB,E4,01
100083000,60D,false,Rx,0,8,0D,10,DF,23,02,20,70,00
100107000,2C4,false,Rx,0,8,05,00,00,00,E1,02,00,00
100107000,2C5,false,Rx,0,8,00,00,00,00,00,00,00,00
100108000,2C6,false,Rx,0,8,F4,01,84,03,00,00,00,00
100122000,54,false,Rx,0,8,01,01,FE,FF,FE,FF,00,00
100122000,55,false,Rx,0,8,10,27,00,00,00,00,00,00
100123000,56,false,Rx,0,8,10,27,00,00,00,00,00,00
100133000,57,false,Rx,0,8,00,00,FE,FF,FE,FF,00,00
100173000,625,false,Rx,0,8,25,00,11,43,FD,BB,E4,01
100183000,60D,false,Rx,0,8,0D,10,DF,23,02,20,70,00
100273000,625,false,Rx,0,8,25,00,11,43,FD,BB,E4,01
100283000,60D,false,Rx,0,8,0D,10,DF,23,02,20,70,00
100307000,2C4,false,Rx,0,8,05,00,00,00,E1,02,00,00
100307000,2C5,false,Rx,0,8,00,00,00,00,00,00,00,00
100308000,2C6,false,Rx,0,8,F4,01,84,03,00,00,00,00
100322000,54,false,Rx,0,8,01,01,FE,FF,FE,FF,00,00
100322000,55,false,Rx,0,8,10,27,00,00,00,00,00,00
100323000,56,false,Rx,0,8,10,27,00,00,00,00,00,00
100333000,57,false,Rx,0,8,00,00,FE,FF,FE,FF,00,00
100373000,625,false,Rx,0,8,25,00,11,43,FD,BB,E4,01
100383000,60D,false,Rx,0,8,0D,10,DF,23,02,20,70,00
100473000,625,false,Rx,0,8,25,00,11,43,FD,BB,E4,01
100483000,60D,false,Rx,0,8,0D,10,DF,23,02,20,70,00
100507000,2C4,false,Rx,0,8,05,00,00,00,E1,02,00,00
100507000,2C5,false,Rx,0,8,00,00,00,00,00,00,00,00
100508000,2C6,false,Rx,0,8,F4,01,84,03,00,00,00,00
100522000,54,false,Rx,0,8,01,01,FE,FF,FE,FF,00,00
100522000,55,false,Rx,0,8,10,27,00,00,00,00,00,00
100523000,56,false,Rx,0,8,10,27,00,00,00,00,00,00
100533000,57,false,Rx,0,8,00,00,FE,FF,FE,FF,00,00
100573000,625,false,Rx,0,8,25,00,11,43,FD,BB,E4,01
100583000,60D,false,Rx,0,8,0D,10,DF,23,02,20,70,00
100673000,625,false,Rx,0,8,25,00,11,43,FD,BB,E4,01
100683000,60D,false,Rx,0,8,0D,10,DF,23,02,20,70,00
100707000,2C4,false,Rx,0,8,05,00,00,00,E1,02,00,00
100707000,2C5,false,Rx,0,8,00,00,00,00,00,00,00,00
100708000,2C6,false,Rx,0,8,F4,01,84,03,00,00,00,00
100722000,54,false,Rx,0,8,01,01,FE,FF,FE,FF,00,00
100722000,55,false,Rx,0,8,10,27,00,00,00,00,00,00
100723000,56,false,Rx,0,8,10,27,00,00,00,00,00,00
100733000,57,false,Rx,0,8,00,00,FE,FF,FE,FF,00,00
100773000,625,false,Rx,0,8,25,00,11,43,FD,BB,E4,01
100783000,60D,false,Rx,0,8,0D,10,DF,23,02,20,70,00
100873000,625,false,Rx,0,8,25,00,11,43,FD,BB,E4,01
100883000,60D,false,Rx,0,8,0D,10,DF,23,02,20,70,00
100907000,2C4,false,Rx,0,8,05,00,00,00,E1,02,00,00
100907000,2C5,false,Rx,0,8,00,00,00,00,00,00,00,00
100908000,2C6,false,Rx,0,8,F4,01,84,03,00,00,00,00
100922000,54,false,Rx,0,8,01,01,FE,FF,FE,FF,00,00
100922000,55,false,Rx,0,8,10,27,00,00,00,00,00,00
100923000,56,false,Rx,0,8,10,27,00,00,00,00,00,00
100933000,57,false,Rx,0,8,00,00,FE,FF,FE,FF,00,00
100973000,625,false,Rx,0,8,25,00,11,43,FD,BB,E4,01
100983000,60D,false,Rx,0,8,0D,10,DF,23,02,20,70,00
101073000,625,false,Rx,0,8,25,00,11,43,FD,BB,E4,01
101083000,60D,false,Rx,0,8,0D,10,DF,23,02,20,70,00
101107000,2C4,false,Rx,0,8,05,00,00,00,E1,02,00,00
101107000,2C5,false,Rx,0,8,00,00,00,00,00,00,00,00
101108000,2C6,false,Rx,0,8,F4,01,84,03,00,00,00,00
101122000,54,false,Rx,0,8,01,01,FE,FF,FE,FF,00,00
101122000,55,false,Rx,0,8,10,27,00,00,00,00,00,00
101123000,56,false,Rx,0,8,10,27,00,00,00,00,00,00
101133000,57,false,Rx,0,8,00,00,FE,FF,FE,FF,00,00
101173000,625,false,Rx,0,8,25,00,11,43,FD,BB,E4,01
101183000,60D,false,Rx,0,8,0D,10,DF,23,02,20,70,00
101273000,625,false,Rx,0,8,25,00,11,43,FD,BB,E4,01
101283000,60D,false,Rx,0,8,0D,10,DF,23,02,20,70,00
101307000,2C4,false,Rx,0,8,05,00,00,00,E4,02,00,00
101307000,2C5,false,Rx,0,8,00,00,00,00,00,00,00,00
101308000,2C6,false,Rx,0,8,F4,01,84,03,00,00,00,00
101322000,54,false,Rx,0,8,01,01,FE,FF,FE,FF,00,00
101322000,55,false,Rx,0,8,10,27,00,00,00,00,00,00
101323000,56,false,Rx,0,8,10,27,00,00,00,00,00,00
101333000,57,false,Rx,0,8,00,00,FE,FF,FE,FF,00,00
101373000,625,false,Rx,0,8,25,00,11,43,FD,BB,E4,01
101383000,60D,false,Rx,0,8,0D,10,DF,23,02,20,70,00
101473000,625,false,Rx,0,8,25,00,11,43,FD,BB,E4,01
101483000,60D,false,Rx,0,8,0D,10,DF,23,02,20,70,00
101507000,2C4,false,Rx,0,8,05,00,00,00,E1,02,00,00
101507000,2C5,false,Rx,0,8,00,00,00,00,00,00,00,00
101508000,2C6,false,Rx,0,8,F4,01,84,03,00,00,00,00
101522000,54,false,Rx,0,8,01,01,FE,FF,FE,FF,00,00
101522000,55,false,Rx,0,8,10,27,00,00,00,00,00,00
101523000,56,false,Rx,0,8,10,27,00,00,00,00,00,00
101533000,57,false,Rx,0,8,00,00,FE,FF,FE,FF,00,00
101573000,625,false,Rx,0,8,25,00,11,43,FD,BB,E4,01
101583000,60D,false,Rx,0,8,0D,10,DF,23,02,20,70,00
101673000,625,false,Rx,0,8,25,00,11,43,FD,BB,E4,01
101683000,60D,false,Rx,0,8,0D,10,DF,23,02,20,70,00
101707000,2C4,false,Rx,0,8,05,00,00,00,E1,02,00,00
101707000,2C5,false,Rx,0,8,00,00,00,00,00,00,00,00
101708000,2C6,false,Rx,0,8,F4,01,84,03,00,00,00,00
101722000,54,false,Rx,0,8,01,01,FE,FF,FE,FF,00,00
101722000,55,false,Rx,0,8,10,27,00,00,00,00,00,00
101723000,56,false,Rx,0,8,10,27,00,00,00,00,00,00
101733000,57,false,Rx,0,8,00,00,FE,FF,FE,FF,00,00
101773000,625,false,Rx,0,8,25,00,11,43,FD,BB,E4,01
101783000,60D,false,Rx,0,8,0D,10,DF,23,02,20,70,00
101873000,625,false,Rx,0,8,25,00,11,43,FD,BB,E4,01
101883000,60D,false,Rx,0,8,0D,10,DF,23,02,20,70,00
101907000,2C4,false,Rx,0,8,05,00,00,00,E1,02,00,00
101907000,2C5,false,Rx,0,8,00,00,00,00,00,00,00,00
101908000,2C6,false,Rx,0,8,F4,01,84,03,00,00,00,00
101922000,54,false,Rx,0,8,01,01,FE,FF,FE,FF,00,00
101923000,55,false,Rx,0,8,10,27,00,00,00,00,00,00
101923000,56,false,Rx,0,8,10,27,00,00,00,00,00,00
101933000,57,false,Rx,0,8,00,00,FE,FF,FE,FF,00,00
101973000,625,false,Rx,0,8,25,00,11,43,FD,BB,E4,01
101983000,60D,false,Rx,0,8,0D,10,DF,23,02,20,70,00
102073000,625,false,Rx,0,8,25,00,11,43,FD,BB,E4,01
102083000,60D,false,Rx,0,8,0D,10,DF,23,02,20,70,00
102107000,2C4,false,Rx,0,8,05,00,00,00,E1,02,00,00
102107000,2C5,false,Rx,0,8,00,00,00,00,00,00,00,00
102108000,2C6,false,Rx,0,8,F4,01,84,03,00,00,00,00
102122000,54,false,Rx,0,8,01,01,FE,FF,FE,FF,00,00
102122000,55,false,Rx,0,8,10,27,00,00,00,00,00,00
102123000,56,false,Rx,0,8,10,27,00,00,00,00,00,00
102133000,57,false,Rx,0,8,00,00,FE,FF,FE,FF,00,00
102173000,625,false,Rx,0,8,25,00,11,43,FD,BB,E4,01
102183000,60D,false,Rx,0,8,0D,10,DF,23,02,20,70,00
102273000,625,false,Rx,0,8,25,00,11,43,FD,BB,E4,01
102283000,60D,false,Rx,0,8,0D,10,DF,23,02,20,70,00
102307000,2C4,false,Rx,0,8,05,00,00,00,E4,02,00,00
102307000,2C5,false,Rx,0,8,00,00,00,00,00,00,00,00
102308000,2C6,false,Rx,0,8,F4,01,84,03,00,00,00,00
102322000,54,false,Rx,0,8,01,01,FE,FF,FE,FF,00,00
102322000,55,false,Rx,0,8,10,27,00,00,00,00,00,00
102323000,56,false,Rx,0,8,10,27,00,00,00,00,00,00
102333000,57,false,Rx,0,8,00,00,FE,FF,FE,FF,00,00
102373000,625,false,Rx,0,8,25,00,11,43,FD,BB,E4,01
102383000,60D,false,Rx,0,8,0D,10,DF,23,02,20,70,00
102473000,625,false,Rx,0,8,25,00,11,43,FD,BB,E4,01
102483000,60D,false,Rx,0,8,0D,10,DF,23,02,20,70,00
102507000,2C4,false,Rx,0,8,05,00,00,00,E1,02,00,00
102507000,2C5,false,Rx,0,8,00,00,00,00,00,00,00,00
102508000,2C6,false,Rx,0,8,F4,01,84,03,00,00,00,00
102522000,54,false,Rx,0,8,01,01,FE,FF,FE,FF,00,00
102522000,55,false,Rx,0,8,10,27,00,00,00,00,00,00
102523000,56,false,Rx,0,8,10,27,00,00,00,00,00,00
102533000,57,false,Rx,0,8,00,00,FE,FF,FE,FF,00,00
102573000,625,false,Rx,0,8,25,00,11,43,FD,BB,E4,01
102583000,60D,false,Rx,0,8,0D,10,DF,23,02,20,70,00
102673000,625,false,Rx,0,8,25,00,11,43,FD,BB,E4,01
102683000,60D,false,Rx,0,8,0D,10,DF,23,02,20,70,00
102707000,2C4,false,Rx,0,8,05,00,00,00,E4,02,00,00
102707000,2C5,false,Rx,0,8,00,00,00,00,00,00,00,00
102708000,2C6,false,Rx,0,8,F4,01,84,03,00,00,00,00
102722000,54,false,Rx,0,8,01,01,FE,FF,FE,FF,00,00
102722000,55,false,Rx,0,8,10,27,00,00,00,00,00,00
102723000,56,false,Rx,0,8,10,27,00,00,00,00,00,00
102733000,57,false,Rx,0,8,00,00,FE,FF,FE,FF,00,00
102773000,625,false,Rx,0,8,25,00,11,43,FD,BB,E4,01
102783000,60D,false,Rx,0,8,0D,10,DF,23,02,20,70,00
102873000,625,false,Rx,0,8,25,00,11,43,FD,BB,E4,01
102883000,60D,false,Rx,0,8,0D,10,DF,23,02,20,70,00
102907000,2C4,false,Rx,0,8,05,00,00,00,E1,02,00,00
102907000,2C5,false,Rx,0,8,00,00,00,00,00,00,00,00
102908000,2C6,false,Rx,0,8,F4,01,84,03,00,00,00,00
102922000,54,false,Rx,0,8,01,01,FE,FF,FE,FF,00,00
102922000,55,false,Rx,0,8,10,27,00,00,00,00,00,00
102923000,56,false,Rx,0,8,10,27,00,00,00,00,00,00
102933000,57,false,Rx,0,8,00,00,FE,FF,FE,FF,00,00
102973000,625,false,Rx,0,8,25,00,11,43,FD,BB,E4,01
102983000,60D,false,Rx,0,8,0D,10,DF,23,02,20,70,00
103073000,625,false,Rx,0,8,25,00,11,43,FD,BB,E4,01
103083000,60D,false,Rx,0,8,0D,10,DF,23,02,20,70,00
103107000,2C4,false,Rx,0,8,05,00,00,00,E1,02,00,00
103107000,2C5,false,Rx,0,8,00,00,00,00,00,00,00,00
103108000,2C6,false,Rx,0,8,F4,01,84,03,00,00,00,00
103122000,54,false,Rx,0,8,01,01,FE,FF,FE,FF,00,00
103122000,55,false,Rx,0,8,10,27,00,00,00,00,00,00
103123000,56,false,Rx,0,8,10,27,00,00,00,00,00,00
103133000,57,false,Rx,0,8,00,00,FE,FF,FE,FF,00,00
103173000,625,false,Rx,0,8,25,00,11,43,FD,BB,E4,01
103183000,60D,false,Rx,0,8,0D,10,DF,23,02,20,70,00
103273000,625,false,Rx,0,8,25,00,11,43,FD,BB,E4,01
103283000,60D,false,Rx,0,8,0D,10,DF,23,02,20,70,00
103307000,2C4,false,Rx,0,8,05,00,00,00,E1,02,00,00
103307000,2C5,false,Rx,0,8,00,00,00,00,00,00,00,00
103308000,2C6,false,Rx,0,8,F4,01,84,03,00,00,00,00
103322000,54,false,Rx,0,8,01,01,FE,FF,FE,FF,00,00
103322000,55,false,Rx,0,8,10,27,00,00,00,00,00,00
103323000,56,false,Rx,0,8,10,27,00,00,00,00,00,00
103333000,57,false,Rx,0,8,00,00,FE,FF,FE,FF,00,00
103373000,625,false,Rx,0,8,25,00,11,43,FD,BB,E4,01
103383000,60D,false,Rx,0,8,0D,10,DF,23,02,20,70,00
103473000,625,false,Rx,0,8,25,00,11,43,FD,BB,E4,01
103483000,60D,false,Rx,0,8,0D,10,DF,23,02,20,70,00
103507000,2C4,false,Rx,0,8,05,00,00,00,E4,02,00,00
103507000,2C5,false,Rx,0,8,00,00,00,00,00,00,00,00
103508000,2C6,false,Rx,0,8,F4,01,84,03,00,00,00,00
103522000,54,false,Rx,0,8,01,01,FE,FF,FE,FF,00,00
103522000,55,false,Rx,0,8,10,27,00,00,00,00,00,00
103523000,56,false,Rx,0,8,10,27,00,00,00,00,00,00
103533000,57,false,Rx,0,8,00,00,FE,FF,FE,FF,00,00
103573000,625,false,Rx,0,8,25,00,11,43,FD,BB,E4,01
103583000,60D,false,Rx,0,8,0D,10,DF,23,02,20,70,00
103673000,625,false,Rx,0,8,25,00,11,43,FD,BB,E4,01
103683000,60D,false,Rx,0,8,0D,10,DF,23,02,20,70,00
103707000,2C4,false,Rx,0,8,05,00,00,00,E1,02,00,00
103707000,2C5,false,Rx,0,8,00,00,00,00,00,00,00,00
103708000,2C6,false,Rx,0,8,F4,01,84,03,00,00,00,00
103722000,54,false,Rx,0,8,01,01,FE,FF,FE,FF,00,00
103722000,55,false,Rx,0,8,10,27,00,00,00,00,00,00
103723000,56,false,Rx,0,8,10,27,00,00,00,00,00,00
103733000,57,false,Rx,0,8,00,00,FE,FF,FE,FF,00,00
103773000,625,false,Rx,0,8,25,00,11,43,FD,BB,E4,01
103783000,60D,false,Rx,0,8,0D,10,DF,23,02,20,70,00
103873000,625,false,Rx,0,8,25,00,11,43,FD,BB,E4,01
103883000,60D,false,Rx,0,8,0D,10,DF,23,02,20,70,00
103907000,2C4,false,Rx,0,8,05,00,00,00,E1,02,00,00
103907000,2C5,false,Rx,0,8,00,00,00,00,00,00,00,00
103908000,2C6,false,Rx,0,8,F4,01,84,03,00,00,00,00
103922000,54,false,Rx,0,8,01,01,FE,FF,FE,FF,00,00
103922000,55,false,Rx,0,8,10,27,00,00,00,00,00,00
103923000,56,false,Rx,0,8,10,27,00,00,00,00,00,00
103933000,57,false,Rx,0,8,00,00,FE,FF,FE,FF,00,00
103973000,625,false,Rx,0,8,25,00,11,43,FD,BB,E4,01
103983000,60D,false,Rx,0,8,0D,10,DF,23,02,20,70,00
104073000,625,false,Rx,0,8,25,00,11,43,FD,BB,E4,01
104083000,60D,false,Rx,0,8,0D,10,DF,23,02,20,70,00
104107000,2C4,false,Rx,0,8,05,00,00,00,E1,02,00,00
104107000,2C5,false,Rx,0,8,00,00,00,00,00,00,00,00
104108000,2C6,false,Rx,0,8,F4,01,84,03,00,00,00,00
104122000,54,false,Rx,0,8,01,01,FE,FF,FE,FF,00,00
104122000,55,false,Rx,0,8,10,27,00,00,00,00,00,00
104123000,56,false,Rx,0,8,10,27,00,00,00,00,00,00
104133000,57,false,Rx,0,8,00,00,FE,FF,FE,FF,00,00
104173000,625,false,Rx,0,8,25,00,11,43,FD,BB,E4,01
104183000,60D,false,Rx,0,8,0D,10,DF,23,02,20,70,00
104273000,625,false,Rx,0,8,25,00,11,43,FD,BB,E4,01
104283000,60D,false,Rx,0,8,0D,10,DF,23,02,20,70,00
104307000,2C4,false,Rx,0,8,05,00,00,00,E1,02,00,00
104307000,2C5,false,Rx,0,8,00,00,00,00,00,00,00,00
104308000,2C6,false,Rx,0,8,F4,01,84,03,00,00,00,00
104322000,54,false,Rx,0,8,01,01,FE,FF,FE,FF,00,00
104322000,55,false,Rx,0,8,10,27,00,00,00,00,00,00
104323000,56,false,Rx,0,8,10,27,00,00,00,00,00,00
104333000,57,false,Rx,0,8,00,00,FE,FF,FE,FF,00,00
104373000,625,false,Rx,0,8,25,00,11,43,FD,BB,E4,01
104383000,60D,false,Rx,0,8,0D,10,DF,23,02,20,70,00
104473000,625,false,Rx,0,8,25,00,11,43,FD,BB,E4,01
104483000,60D,false,Rx,0,8,0D,10,DF,23,02,20,70,00
104507000,2C4,false,Rx,0,8,05,00,00,00,E1,02,00,00
104507000,2C5,false,Rx,0,8,00,00,00,00,00,00,00,00
104507000,2C6,false,Rx,0,8,F4,01,84,03,00,00,00,00
104522000,54,false,Rx,0,8,01,01,FE,FF,FE,FF,00,00
104522000,55,false,Rx,0,8,10,27,00,00,00,00,00,00
104523000,56,false,Rx,0,8,10,27,00,00,00,00,00,00
104533000,57,false,Rx,0,8,00,00,FE,FF,FE,FF,00,00
104573000,625,false,Rx,0,8,25,00,11,43,FD,BB,E4,01
104583000,60D,false,Rx,0,8,0D,10,DF,23,02,20,70,00
104673000,625,false,Rx,0,8,25,00,11,43,FD,BB,E4,01
104683000,60D,false,Rx,0,8,0D,10,DF,23,02,20,70,00
104707000,2C4,false,Rx,0,8,05,00,00,00,E1,02,00,00
104707000,2C5,false,Rx,0,8,00,00,00,00,00,00,00,00
104707000,2C6,false,Rx,0,8,F4,01,84,03,00,00,00,00
104722000,54,false,Rx,0,8,01,01,FE,FF,FE,FF,00,00
104722000,55,false,Rx,0,8,10,27,00,00,00,00,00,00
104723000,56,false,Rx,0,8,10,27,00,00,00,00,00,00
104733000,57,false,Rx,0,8,00,00,FE,FF,FE,FF,00,00
104773000,625,false,Rx,0,8,25,00,11,43,FD,BB,E4,01
104783000,60D,false,Rx,0,8,0D,10,DF,23,02,20,70,00
104873000,625,false,Rx,0,8,25,00,11,43,FD,BB,E4,01
104883000,60D,false,Rx,0,8,0D,10,DF,23,02,20,70,00
104907000,2C4,false,Rx,0,8,05,00,00,00,E4,02,00,00
104907000,2C5,false,Rx,0,8,00,00,00,00,00,00,00,00
104907000,2C6,false,Rx,0,8,F4,01,84,03,00,00,00,00
104922000,54,false,Rx,0,8,01,01,FE,FF,FE,FF,00,00
104922000,55,false,Rx,0,8,10,27,00,00,00,00,00,00
104923000,56,false,Rx,0,8,10,27,00,00,00,00,00,00
104933000,57,false,Rx,0,8,00,00,FE,FF,FE,FF,00,00
104973000,625,false,Rx,0,8,25,00,11,43,FD,BB,E4,01
104983000,60D,false,Rx,0,8,0D,10,DF,23,02,20,70,00
105073000,625,false,Rx,0,8,25,00,11,43,FD,BB,E4,01
105083000,60D,false,Rx,0,8,0D,10,DF,23,02,20,70,00
105107000,2C4,false,Rx,0,8,05,00,00,00,E1,02,00,00
105107000,2C5,false,Rx,0,8,00,00,00,00,00,00,00,00
105107000,2C6,false,Rx,0,8,F4,01,84,03,00,00,00,00
105122000,54,false,Rx,0,8,01,01,FE,FF,FE,FF,00,00
105122000,55,false,Rx,0,8,10,27,00,00,00,00,00,00
105123000,56,false,Rx,0,8,10,27,00,00,00,00,00,00
105133000,57,false,Rx,0,8,00,00,FE,FF,FE,FF,00,00
105173000,625,false,Rx,0,8,25,00,11,43,FD,BB,E4,01
105183000,60D,false,Rx,0,8,0D,10,DF,23,02,20,70,00
105273000,625,false,Rx,0,8,25,00,11,43,FD,BB,E4,01
105283000,60D,false,Rx,0,8,0D,10,DF,23,02,20,70,00
105307000,2C4,false,Rx,0,8,05,00,00,00,E4,02,00,00
105307000,2C5,false,Rx,0,8,00,00,00,00,00,00,00,00
105307000,2C6,false,Rx,0,8,F4,01,84,03,00,00,00,00
105322000,54,false,Rx,0,8,01,01,FE,FF,FE,FF,00,00
105322000,55,false,Rx,0,8,10,27,00,00,00,00,00,00
105323000,56,false,Rx,0,8,10,27,00,00,00,00,00,00
105333000,57,false,Rx,0,8,00,00,FE,FF,FE,FF,00,00
105373000,625,false,Rx,0,8,25,00,11,43,FD,BB,E4,01
105383000,60D,false,Rx,0,8,0D,10,DF,23,02,20,70,00
105473000,625,false,Rx,0,8,25,00,11,43,FD,BB,E4,01
105483000,60D,false,Rx,0,8,0D,10,DF,23,02,20,70,00
105507000,2C4,false,Rx,0,8,05,00,00,00,E1,02,00,00
105507000,2C5,false,Rx,0,8,00,00,00,00,00,00,00,00
105507000,2C6,false,Rx,0,8,F4,01,84,03,00,00,00,00
105522000,54,false,Rx,0,8,01,01,FE,FF,FE,FF,00,00
105522000,55,false,Rx,0,8,10,27,00,00,00,00,00,00
105523000,56,false,Rx,0,8,10,27,00,00,00,00,00,00
105533000,57,false,Rx,0,8,00,00,FE,FF,FE,FF,00,00
105573000,625,false,Rx,0,8,25,00,11,43,FD,BB,E4,01
105583000,60D,false,Rx,0,8,0D,10,DF,23,02,20,70,00
105673000,625,false,Rx,0,8,25,00,11,43,FD,BB,E4,01
105683000,60D,false,Rx,0,8,0D,10,DF,23,02,20,70,00
105707000,2C4,false,Rx,0,8,05,00,00,00,E4,02,00,00
105707000,2C5,false,Rx,0,8,00,00,00,00,00,00,00,00
105707000,2C6,false,Rx,0,8,F4,01,84,03,00,00,00,00
105722000,54,false,Rx,0,8,01,01,FE,FF,FE,FF,00,00
105722000,55,false,Rx,0,8,10,27,00,00,00,00,00,00
105723000,56,false,Rx,0,8,10,27,00,00,00,00,00,00
105733000,57,false,Rx,0,8,00,00,FE,FF,FE,FF,00,00
105773000,625,false,Rx,0,8,25,00,11,43,FD,BB,E4,01
105783000,60D,false,Rx,0,8,0D,10,DF,23,02,20,70,00
105873000,625,false,Rx,0,8,25,00,11,43,FD,BB,E4,01
105883000,60D,false,Rx,0,8,0D,10,DF,23,02,20,70,00
105907000,2C4,false,Rx,0,8,05,00,00,00,E1,02,00,00
105907000,2C5,false,Rx,0,8,00,00,00,00,00,00,00,00
105907000,2C6,false,Rx,0,8,F4,01,84,03,00,00,00,00
105922000,54,false,Rx,0,8,01,01,FE,FF,FE,FF,00,00
105922000,55,false,Rx,0,8,10,27,00,00,00,00,00,00
105923000,56,false,Rx,0,8,10,27,00,00,00,00,00,00
105933000,57,false,Rx,0,8,00,00,FE,FF,FE,FF,00,00
105973000,625,false,Rx,0,8,25,00,11,43,FD,BB,E4,01
105983000,60D,false,Rx,0,8,0D,10,DF,23,02,20,70,00
106073000,625,false,Rx,0,8,25,00,11,43,FD,BB,E4,01
106083000,60D,false,Rx,0,8,0D,10,DF,23,02,20,70,00
106107000,2C4,false,Rx,0,8,05,00,00,00,E4,02,00,00
106107000,2C5,false,Rx,0,8,00,00,00,00,00,00,00,00
106107000,2C6,false,Rx,0,8,F4,01,84,03,00,00,00,00
106122000,54,false,Rx,0,8,01,01,FE,FF,FE,FF,00,00
106122000,55,false,Rx,0,8,10,27,00,00,00,00,00,00
106123000,56,false,Rx,0,8,10,27,00,00,00,00,00,00
106133000,57,false,Rx,0,8,00,00,FE,FF,FE,FF,00,00
106173000,625,false,Rx,0,8,25,00,11,43,FD,BB,E4,01
106183000,60D,false,Rx,0,8,0D,10,DF,23,02,20,70,00
106273000,625,false,Rx,0,8,25,00,11,43,FD,BB,E4,01
106283000,60D,false,Rx,0,8,0D,10,DF,23,02,20,70,00
106307000,2C4,false,Rx,0,8,05,00,00,00,E1,02,00,00
106307000,2C5,false,Rx,0,8,00,00,00,00,00,00,00,00
106307000,2C6,false,Rx,0,8,F4,01,84,03,00,00,00,00
106322000,54,false,Rx,0,8,01,01,FE,FF,FE,FF,00,00
106322000,55,false,Rx,0,8,10,27,00,00,00,00,00,00
106323000,56,false,Rx,0,8,10,27,00,00,00,00,00,00
106333000,57,false,Rx,0,8,00,00,FE,FF,FE,FF,00,00
106373000,625,false,Rx,0,8,25,00,11,43,FD,BB,E4,01
106383000,60D,false,Rx,0,8,0D,10,DF,23,02,20,70,00
106473000,625,false,Rx,0,8,25,00,11,43,FD,BB,E4,01
106483000,60D,false,Rx,0,8,0D,10,DF,23,02,20,70,00
106507000,2C4,false,Rx,0,8,05,00,00,00,E1,02,00,00
106507000,2C5,false,Rx,0,8,00,00,00,00,00,00,00,00
106507000,2C6,false,Rx,0,8,F4,01,84,03,00,00,00,00
106522000,54,false,Rx,0,8,01,01,FE,FF,FE,FF,00,00
106522000,55,false,Rx,0,8,10,27,00,00,00,00,00,00
106523000,56,false,Rx,0,8,10,27,00,00,00,00,00,00
106533000,57,false,Rx,0,8,00,00,FE,FF,FE,FF,00,00
106573000,625,false,Rx,0,8,25,00,11,43,FD,BB,E4,01
106583000,60D,false,Rx,0,8,0D,10,DF,23,02,20,70,00
106673000,625,false,Rx,0,8,25,00,11,43,FD,BB,E4,01
106683000,60D,false,Rx,0,8,0D,10,DF,23,02,20,70,00
106707000,2C4,false,Rx,0,8,05,00,00,00,E4,02,00,00
106707000,2C5,false,Rx,0,8,00,00,00,00,00,00,00,00
106707000,2C6,false,Rx,0,8,F4,01,84,03,00,00,00,00
106722000,54,false,Rx,0,8,01,01,FE,FF,FE,FF,00,00
106722000,55,false,Rx,0,8,10,27,00,00,00,00,00,00
106723000,56,false,Rx,0,8,10,27,00,00,00,00,00,00
106733000,57,false,Rx,0,8,00,00,FE,FF,FE,FF,00,00
106773000,625,false,Rx,0,8,25,00,11,43,FD,BB,E4,01
106783000,60D,false,Rx,0,8,0D,10,DF,23,02,20,70,00
106873000,625,false,Rx,0,8,25,00,11,43,FD,BB,E4,01
106883000,60D,false,Rx,0,8,0D,10,DF,23,02,20,70,00
106907000,2C4,false,Rx,0,8,05,00,00,00,E1,02,00,00
106907000,2C5,false,Rx,0,8,00,00,00,00,00,00,00,00
106907000,2C6,false,Rx,0,8,F4,01,84,03,00,00,00,00
106922000,54,false,Rx,0,8,01,01,FE,FF,FE,FF,00,00
106922000,55,false,Rx,0,8,10,27,00,00,00,00,00,00
106923000,56,false,Rx,0,8,10,27,00,00,00,00,00,00
106933000,57,false,Rx,0,8,00,00,FE,FF,FE,FF,00,00
106973000,625,false,Rx,0,8,25,00,11,43,FD,BB,E4,01
106983000,60D,false,Rx,0,8,0D,10,DF,23,02,20,70,00
107073000,625,false,Rx,0,8,25,00,11,43,FD,BB,E4,01
107083000,60D,false,Rx,0,8,0D,10,DF,23,02,20,70,00
107107000,2C4,false,Rx,0,8,05,00,00,00,E1,02,00,00
107107000,2C5,false,Rx,0,8,00,00,00,00,00,00,00,00
107107000,2C6,false,Rx,0,8,F4,01,84,03,00,00,00,00
107122000,54,false,Rx,0,8,01,01,FE,FF,FE,FF,00,00
107122000,55,false,Rx,0,8,10,27,00,00,00,00,00,00
107123000,56,false,Rx,0,8,10,27,00,00,00,00,00,00
107133000,57,false,Rx,0,8,00,00,FE,FF,FE,FF,00,00
107173000,625,false,Rx,0,8,25,00,11,43,FD,BB,E4,01
107183000,60D,false,Rx,0,8,0D,10,DF,23,02,20,70,00
107273000,625,false,Rx,0,8,25,00,11,43,FD,BB,E4,01
107283000,60D,false,Rx,0,8,0D,10,DF,23,02,20,70,00
107307000,2C4,false,Rx,0,8,05,00,00,00,E1,02,00,00
107307000,2C5,false,Rx,0,8,00,00,00,00,00,00,00,00
107307000,2C6,false,Rx,0,8,F4,01,84,03,00,00,00,00
107322000,54,false,Rx,0,8,01,01,FE,FF,FE,FF,00,00
107322000,55,false,Rx,0,8,10,27,00,00,00,00,00,00
107323000,56,false,Rx,0,8,10,27,00,00,00,00,00,00
107333000,57,false,Rx,0,8,00,00,FE,FF,FE,FF,00,00
107373000,625,false,Rx,0,8,25,00,11,43,FD,BB,E4,01
107383000,60D,false,Rx,0,8,0D,10,DF,23,02,20,70,00
107473000,625,false,Rx,0,8,25,00,11,43,FD,BB,E4,01
107483000,60D,false,Rx,0,8,0D,10,DF,23,02,20,70,00
107507000,2C4,false,Rx,0,8,05,00,00,00,E1,02,00,00
107507000,2C5,false,Rx,0,8,00,00,00,00,00,00,00,00
107507000,2C6,false,Rx,0,8,F4,01,84,03,00,00,00,00
107522000,54,false,Rx,0,8,01,01,FE,FF,FE,FF,00,00
107522000,55,false,Rx,0,8,10,27,00,00,00,00,00,00
107523000,56,false,Rx,0,8,10,27,00,00,00,00,00,00
107533000,57,false,Rx,0,8,00,00,FE,FF,FE,FF,00,00
107573000,625,false,Rx,0,8,25,00,11,43,FD,BB,E4,01
107583000,60D,false,Rx,0,8,0D,10,DF,23,02,20,70,00
107673000,625,false,Rx,0,8,25,00,11,43,FD,BB,E4,01
107683000,60D,false,Rx,0,8,0D,10,DF,23,02,20,70,00
107707000,2C4,false,Rx,0,8,05,00,00,00,E4,02,00,00
107707000,2C5,false,Rx,0,8,00,00,00,00,00,00,00,00
107707000,2C6,false,Rx,0,8,F4,01,84,03,00,00,00,00
107722000,54,false,Rx,0,8,01,01,FE,FF,FE,FF,00,00
107722000,55,false,Rx,0,8,10,27,00,00,00,00,00,00
107723000,56,false,Rx,0,8,10,27,00,00,00,00,00,00
107733000,57,false,Rx,0,8,00,00,FE,FF,FE,FF,00,00
107773000,625,false,Rx,0,8,25,00,11,43,FD,BB,E4,01
107783000,60D,false,Rx,0,8,0D,10,DF,23,02,20,70,00
107873000,625,false,Rx,0,8,25,00,11,43,FD,BB,E4,01
107883000,60D,false,Rx,0,8,0D,10,DF,23,02,20,70,00
107907000,2C4,false,Rx,0,8,05,00,00,00,E1,02,00,00
107907000,2C5,false,Rx,0,8,00,00,00,00,00,00,00,00
107907000,2C6,false,Rx,0,8,F4,01,84,03,00,00,00,00
107922000,54,false,Rx,0,8,01,01,FE,FF,FE,FF,00,00
107922000,55,false,Rx,0,8,10,27,00,00,00,00,00,00
107923000,56,false,Rx,0,8,10,27,00,00,00,00,00,00
107933000,57,false,Rx,0,8,00,00,FE,FF,FE,FF,00,00
107973000,625,false,Rx,0,8,25,00,11,43,FD,BB,E4,01
107983000,60D,false,Rx,0,8,0D,10,DF,23,02,20,70,00
108073000,625,false,Rx,0,8,25,00,11,43,FD,BB,E4,01
108083000,60D,false,Rx,0,8,0D,10,DF,23,02,20,70,00
108107000,2C4,false,Rx,0,8,05,00,00,00,E4,02,00,00
108107000,2C5,false,Rx,0,8,00,00,00,00,00,00,00,00
108107000,2C6,false,Rx,0,8,F4,01,84,03,00,00,00,00
108122000,54,false,Rx,0,8,01,01,FE,FF,FE,FF,00,00
108122000,55,false,Rx,0,8,10,27,00,00,00,00,00,00
108123000,56,false,Rx,0,8,10,27,00,00,00,00,00,00
108133000,57,false,Rx,0,8,00,00,FE,FF,FE,FF,00,00
108173000,625,false,Rx,0,8,25,00,11,43,FD,BB,E4,01
108183000,60D,false,Rx,0,8,0D,10,DF,23,02,20,70,00
108273000,625,false,Rx,0,8,25,00,11,43,FD,BB,E4,01
108283000,60D,false,Rx,0,8,0D,10,DF,23,02,20,70,00
108307000,2C4,false,Rx,0,8,05,00,00,00,E1,02,00,00
108307000,2C5,false,Rx,0,8,00,00,00,00,00,00,00,00
108307000,2C6,false,Rx,0,8,F4,01,84,03,00,00,00,00
108322000,54,false,Rx,0,8,01,01,FE,FF,FE,FF,00,00
108322000,55,false,Rx,0,8,10,27,00,00,00,00,00,00
108323000,56,false,Rx,0,8,10,27,00,00,00,00,00,00
108333000,57,false,Rx,0,8,00,00,FE,FF,FE,FF,00,00
108373000,625,false,Rx,0,8,25,00,11,43,FD,BB,E4,01
108383000,60D,false,Rx,0,8,0D,10,DF,23,02,20,70,00
108473000,625,false,Rx,0,8,25,00,11,43,FD,BB,E4,01
108483000,60D,false,Rx,0,8,0D,10,DF,23,02,20,70,00
108507000,2C4,false,Rx,0,8,05,00,00,00,E1,02,00,00
108507000,2C5,false,Rx,0,8,00,00,00,00,00,00,00,00
108507000,2C6,false,Rx,0,8,F4,01,84,03,00,00,00,00
108522000,54,false,Rx,0,8,01,01,FE,FF,FE,FF,00,00
108522000,55,false,Rx,0,8,10,27,00,00,00,00,00,00
108523000,56,false,Rx,0,8,10,27,00,00,00,00,00,00
108533000,57,false,Rx,0,8,00,00,FE,FF,FE,FF,00,00
108573000,625,false,Rx,0,8,25,00,11,43,FD,BB,E4,01
108583000,60D,false,Rx,0,8,0D,10,DF,23,02,20,70,00
108673000,625,false,Rx,0,8,25,00,11,43,FD,BB,E4,01
108683000,60D,false,Rx,0,8,0D,10,DF,23,02,20,70,00
108707000,2C4,false,Rx,0,8,05,00,00,00,E4,02,00,00
108707000,2C5,false,Rx,0,8,00,00,00,00,00,00,00,00
108707000,2C6,false,Rx,0,8,F4,01,84,03,00,00,00,00
108722000,54,false,Rx,0,8,01,01,FE,FF,FE,FF,00,00
108722000,55,false,Rx,0,8,10,27,00,00,00,00,00,00
108723000,56,false,Rx,0,8,10,27,00,00,00,00,00,00
108733000,57,false,Rx,0,8,00,00,FE,FF,FE,FF,00,00
108773000,625,false,Rx,0,8,25,00,11,43,FD,BB,E4,01
108783000,60D,false,Rx,0,8,0D,10,DF,23,02,20,70,00
108873000,625,false,Rx,0,8,25,00,11,43,FD,BB,E4,01
108883000,60D,false,Rx,0,8,0D,10,DF,23,02,20,70,00
108907000,2C4,false,Rx,0,8,05,00,00,00,E1,02,00,00
108907000,2C5,false,Rx,0,8,00,00,00,00,00,00,00,00
108907000,2C6,false,Rx,0,8,F4,01,84,03,00,00,00,00
108922000,54,false,Rx,0,8,01,01,FE,FF,FE,FF,00,00
108922000,55,false,Rx,0,8,10,27,00,00,00,00,00,00
108923000,56,false,Rx,0,8,10,27,00,00,00,00,00,00
108933000,57,false,Rx,0,8,00,00,FE,FF,FE,FF,00,00
108973000,625,false,Rx,0,8,25,00,11,43,FD,BB,E4,01
108983000,60D,false,Rx,0,8,0D,10,DF,23,02,20,70,00
109073000,625,false,Rx,0,8,25,00,11,43,FD,BB,E4,01
109083000,60D,false,Rx,0,8,0D,10,DF,23,02,20,70,00
109107000,2C4,false,Rx,0,8,05,00,00,00,E4,02,00,00
109107000,2C5,false,Rx,0,8,00,00,00,00,00,00,00,00
109107000,2C6,false,Rx,0,8,F4,01,84,03,00,00,00,00
109122000,54,false,Rx,0,8,01,01,FE,FF,FE,FF,00,00
109122000,55,false,Rx,0,8,10,27,00,00,00,00,00,00
109123000,56,false,Rx,0,8,10,27,00,00,00,00,00,00
109133000,57,false,Rx,0,8,00,00,FE,FF,FE,FF,00,00
109173000,625,false,Rx,0,8,25,00,11,43,FD,BB,E4,01
109183000,60D,false,Rx,0,8,0D,10,DF,23,02,20,70,00
109273000,625,false,Rx,0,8,25,00,11,43,FD,BB,E4,01
109283000,60D,false,Rx,0,8,0D,10,DF,23,02,20,70,00
109307000,2C4,false,Rx,0,8,05,00,00,00,E4,02,00,00
109307000,2C5,false,Rx,0,8,00,00,00,00,00,00,00,00
109307000,2C6,false,Rx,0,8,F4,01,84,03,00,00,00,00
109322000,54,false,Rx,0,8,01,01,FE,FF,FE,FF,00,00
109322000,55,false,Rx,0,8,10,27,00,00,00,00,00,00
109323000,56,false,Rx,0,8,10,27,00,00,00,00,00,00
109333000,57,false,Rx,0,8,00,00,FE,FF,FE,FF,00,00
109373000,625,false,Rx,0,8,25,00,11,43,FD,BB,E4,01
109383000,60D,false,Rx,0,8,0D,10,DF,23,02,20,70,00
109473000,625,false,Rx,0,8,25,00,11,43,FD,BB,E4,01
109483000,60D,false,Rx,0,8,0D,10,DF,23,02,20,70,00
109507000,2C4,false,Rx,0,8,05,00,00,00,E4,02,00,00
109507000,2C5,false,Rx,0,8,00,00,00,00,00,00,00,00
109507000,2C6,false,Rx,0,8,F4,01,84,03,00,00,00,00
109522000,54,false,Rx,0,8,01,01,FE,FF,FE,FF,00,00
109522000,55,false,Rx,0,8,10,27,00,00,00,00,00,00
109523000,56,false,Rx,0,8,10,27,00,00,00,00,00,00
109533000,57,false,Rx,0,8,00,00,FE,FF,FE,FF,00,00
109573000,625,false,Rx,0,8,25,00,11,43,FD,BB,E4,01
109583000,60D,false,Rx,0,8,0D,10,DF,23,02,20,70,00
109673000,625,false,Rx,0,8,25,00,11,43,FD,BB,E4,01
109683000,60D,false,Rx,0,8,0D,10,DF,23,02,20,70,00
109707000,2C4,false,Rx,0,8,05,00,00,00,E1,02,00,00
109707000,2C5,false,Rx,0,8,00,00,00,00,00,00,00,00
109707000,2C6,false,Rx,0,8,F4,01,84,03,00,00,00,00
109722000,54,false,Rx,0,8,01,01,FE,FF,FE,FF,00,00
109722000,55,false,Rx,0,8,10,27,00,00,00,00,00,00
109723000,56,false,Rx,0,8,10,27,00,00,00,00,00,00
109733000,57,false,Rx,0,8,00,00,FE,FF,FE,FF,00,00
109773000,625,false,Rx,0,8,25,00,11,43,FD,BB,E4,01
109783000,60D,false,Rx,0,8,0D,10,DF,23,02,20,70,00
109873000,625,false,Rx,0,8,25,00,11,43,FD,BB,E4,01
109883000,60D,false,Rx,0,8,0D,10,DF,23,02,20,70,00
109907000,2C4,false,Rx,0,8,05,00,00,00,E4,02,00,00
109907000,2C5,false,Rx,0,8,00,00,00,00,00,00,00,00
109907000,2C6,false,Rx,0,8,F4,01,84,03,00,00,00,00
109922000,54,false,Rx,0,8,01,01,FE,FF,FE,FF,00,00
109922000,55,false,Rx,0,8,10,27,00,00,00,00,00,00
109923000,56,false,Rx,0,8,10,27,00,00,00,00,00,00
109933000,57,false,Rx,0,8,00,00,FE,FF,FE,FF,00,00
109973000,625,false,Rx,0,8,25,00,11,43,FD,BB,E4,01
109983000,60D,false,Rx,0,8,0D,10,DF,23,02,20,70,00
110073000,625,false,Rx,0,8,25,00,11,43,FD,BB,E4,01
110083000,60D,false,Rx,0,8,0D,10,DF,23,02,20,70,00
110107000,2C4,false,Rx,0,8,05,00,00,00,E1,02,00,00
110107000,2C5,false,Rx,0,8,00,00,00,00,00,00,00,00
110107000,2C6,false,Rx,0,8,F4,01,84,03,00,00,00,00
110122000,54,false,Rx,0,8,01,01,FE,FF,FE,FF,00,00
110122000,55,false,Rx,0,8,10,27,00,00,00,00,00,00
110123000,56,false,Rx,0,8,10,27,00,00,00,00,00,00
110133000,57,false,Rx,0,8,00,00,FE,FF,FE,FF,00,00
110173000,625,false,Rx,0,8,25,00,11,43,FD,BB,E4,01
110183000,60D,false,Rx,0,8,0D,10,DF,23,02,20,70,00
110273000,625,false,Rx,0,8,25,00,11,43,FD,BB,E4,01
110283000,60D,false,Rx,0,8,0D,10,DF,23,02,20,70,00
110307000,2C4,false,Rx,0,8,05,00,00,00,E4,02,00,00
110307000,2C5,false,Rx,0,8,00,00,00,00,00,00,00,00
110307000,2C6,false,Rx,0,8,F4,01,84,03,00,00,00,00
110322000,54,false,Rx,0,8,01,01,FE,FF,FE,FF,00,00
110322000,55,false,Rx,0,8,10,27,00,00,00,00,00,00
110323000,56,false,Rx,0,8,10,27,00,00,00,00,00,00
110333000,57,false,Rx,0,8,00,00,FE,FF,FE,FF,00,00
110373000,625,false,Rx,0,8,25,00,11,43,FD,BB,E4,01
110382000,60D,false,Rx,0,8,0D,10,DF,23,02,20,70,00
110473000,625,false,Rx,0,8,25,00,11,43,FD,BB,E4,01
110483000,60D,false,Rx,0,8,0D,10,DF,23,02,20,70,00
110507000,2C4,false,Rx,0,8,05,00,00,00,E4,02,00,00
110507000,2C5,false,Rx,0,8,00,00,00,00,00,00,00,00
110507000,2C6,false,Rx,0,8,F4,01,84,03,00,00,00,00
110522000,54,false,Rx,0,8,01,01,FE,FF,FE,FF,00,00
110522000,55,false,Rx,0,8,10,27,00,00,00,00,00,00
110523000,56,false,Rx,0,8,10,27,00,00,00,00,00,00
110533000,57,false,Rx,0,8,00,00,FE,FF,FE,FF,00,00
110573000,625,false,Rx,0,8,25,00,11,43,FD,BB,E4,01
110583000,60D,false,Rx,0,8,0D,10,DF,23,02,20,70,00
110673000,625,false,Rx,0,8,25,00,11,43,FD,BB,E4,01
110682000,60D,false,Rx,0,8,0D,10,DF,23,02,20,70,00
110707000,2C4,false,Rx,0,8,05,00,00,00,E1,02,00,00
110707000,2C5,false,Rx,0,8,00,00,00,00,00,00,00,00
110707000,2C6,false,Rx,0,8,F4,01,84,03,00,00,00,00
110722000,54,false,Rx,0,8,01,01,FE,FF,FE,FF,00,00
110722000,55,false,Rx,0,8,10,27,00,00,00,00,00,00
110723000,56,false,Rx,0,8,10,27,00,00,00,00,00,00
110733000,57,false,Rx,0,8,00,00,FE,FF,FE,FF,00,00
110773000,625,false,Rx,0,8,25,00,11,43,FD,BB,E4,01
110783000,60D,false,Rx,0,8,0D,10,DF,23,02,20,70,00
110873000,625,false,Rx,0,8,25,00,11,43,FD,BB,E4,01
110882000,60D,false,Rx,0,8,0D,10,DF,23,02,20,70,00
110907000,2C4,false,Rx,0,8,05,00,00,00,E4,02,00,00
110907000,2C5,false,Rx,0,8,00,00,00,00,00,00,00,00
110907000,2C6,false,Rx,0,8,F4,01,84,03,00,00,00,00
110922000,54,false,Rx,0,8,01,01,FE,FF,FE,FF,00,00
110922000,55,false,Rx,0,8,10,27,00,00,00,00,00,00
110923000,56,false,Rx,0,8,10,27,00,00,00,00,00,00
110933000,57,false,Rx,0,8,00,00,FE,FF,FE,FF,00,00
110973000,625,false,Rx,0,8,25,00,11,43,FD,BB,E4,01
110983000,60D,false,Rx,0,8,0D,10,DF,23,02,20,70,00
111073000,625,false,Rx,0,8,25,00,11,43,FD,BB,E4,01
111083000,60D,false,Rx,0,8,0D,10,DF,23,02,20,70,00
111107000,2C4,false,Rx,0,8,05,00,00,00,E4,02,00,00
111107000,2C5,false,Rx,0,8,00,00,00,00,00,00,00,00
111107000,2C6,false,Rx,0,8,F4,01,84,03,00,00,00,00
111122000,54,false,Rx,0,8,01,01,FE,FF,FE,FF,00,00
111122000,55,false,Rx,0,8,10,27,00,00,00,00,00,00
111123000,56,false,Rx,0,8,10,27,00,00,00,00,00,00
111133000,57,false,Rx,0,8,00,00,FE,FF,FE,FF,00,00
111173000,625,false,Rx,0,8,25,00,11,43,FD,BB,E4,01
111183000,60D,false,Rx,0,8,0D,10,DF,23,02,20,70,00
111273000,625,false,Rx,0,8,25,00,11,43,FD,BB,E4,01
111282000,60D,false,Rx,0,8,0D,10,DF,23,02,20,70,00
111307000,2C4,false,Rx,0,8,05,00,00,00,E4,02,00,00
111307000,2C5,false,Rx,0,8,00,00,00,00,00,00,00,00
111307000,2C6,false,Rx,0,8,F4,01,84,03,00,00,00,00
111322000,54,false,Rx,0,8,01,01,FE,FF,FE,FF,00,00
111322000,55,false,Rx,0,8,10,27,00,00,00,00,00,00
111323000,56,false,Rx,0,8,10,27,00,00,00,00,00,00
111333000,57,false,Rx,0,8,00,00,FE,FF,FE,FF,00,00
111373000,625,false,Rx,0,8,25,00,11,43,FD,BB,E4,01
111382000,60D,false,Rx,0,8,0D,10,DF,23,02,20,70,00
111472000,625,false,Rx,0,8,25,00,11,43,FD,BB,E4,01
111482000,60D,false,Rx,0,8,0D,10,DF,23,02,20,70,00
111507000,2C4,false,Rx,0,8,05,00,00,00,E4,02,00,00
111507000,2C5,false,Rx,0,8,00,00,00,00,00,00,00,00
111507000,2C6,false,Rx,0,8,F4,01,84,03,00,00,00,00
111522000,54,false,Rx,0,8,01,01,FE,FF,FE,FF,00,00
111522000,55,false,Rx,0,8,10,27,00,00,00,00,00,00
111523000,56,false,Rx,0,8,10,27,00,00,00,00,00,00
111533000,57,false,Rx,0,8,00,00,FE,FF,FE,FF,00,00
111572000,625,false,Rx,0,8,25,00,11,43,FD,BB,E4,01
111582000,60D,false,Rx,0,8,0D,10,DF,23,02,20,70,00
111672000,625,false,Rx,0,8,25,00,11,43,FD,BB,E4,01
111683000,60D,false,Rx,0,8,0D,10,DF,23,02,20,70,00
111707000,2C4,false,Rx,0,8,05,00,00,00,E1,02,00,00
111707000,2C5,false,Rx,0,8,00,00,00,00,00,00,00,00
111707000,2C6,false,Rx,0,8,F4,01,84,03,00,00,00,00
111722000,54,false,Rx,0,8,01,01,FE,FF,FE,FF,00,00
111722000,55,false,Rx,0,8,10,27,00,00,00,00,00,00
111723000,56,false,Rx,0,8,10,27,00,00,00,00,00,00
111733000,57,false,Rx,0,8,00,00,FE,FF,FE,FF,00,00
111772000,625,false,Rx,0,8,25,00,11,43,FD,BB,E4,01
111783000,60D,false,Rx,0,8,0D,10,DF,23,02,20,70,00
111872000,625,false,Rx,0,8,25,00,11,43,FD,BB,E4,01
111882000,60D,false,Rx,0,8,0D,10,DF,23,02,20,70,00
111907000,2C4,false,Rx,0,8,05,00,00,00,E4,02,00,00
111907000,2C5,false,Rx,0,8,00,00,00,00,00,00,00,00
111907000,2C6,false,Rx,0,8,F4,01,84,03,00,00,00,00
111922000,54,false,Rx,0,8,01,01,FE,FF,FE,FF,00,00
111922000,55,false,Rx,0,8,10,27,00,00,00,00,00,00
111923000,56,false,Rx,0,8,10,27,00,00,00,00,00,00
111933000,57,false,Rx,0,8,00,00,FE,FF,FE,FF,00,00
111972000,625,false,Rx,0,8,25,00,11,43,FD,BB,E4,01
111983000,60D,false,Rx,0,8,0D,10,DF,23,02,20,70,00
112072000,625,false,Rx,0,8,25,00,11,43,FD,BB,E4,01
112083000,60D,false,Rx,0,8,0D,10,DF,23,02,20,70,00
112107000,2C4,false,Rx,0,8,05,00,00,00,E4,02,00,00
112107000,2C5,false,Rx,0,8,00,00,00,00,00,00,00,00
112107000,2C6,false,Rx,0,8,F4,01,84,03,00,00,00,00
112122000,54,false,Rx,0,8,01,01,FE,FF,FE,FF,00,00
112122000,55,false,Rx,0,8,10,27,00,00,00,00,00,00
112123000,56,false,Rx,0,8,10,27,00,00,00,00,00,00
112133000,57,false,Rx,0,8,00,00,FE,FF,FE,FF,00,00
112172000,625,false,Rx,0,8,25,00,11,43,FD,BB,E4,01
112183000,60D,false,Rx,0,8,0D,10,DF,23,02,20,70,00
112272000,625,false,Rx,0,8,25,00,11,43,FD,BB,E4,01
112283000,60D,false,Rx,0,8,0D,10,DF,23,02,20,70,00
112307000,2C4,false,Rx,0,8,05,00,00,00,E4,02,00,00
112307000,2C5,false,Rx,0,8,00,00,00,00,00,00,00,00
112307000,2C6,false,Rx,0,8,F4,01,84,03,00,00,00,00
112322000,54,false,Rx,0,8,01,01,FE,FF,FE,FF,00,00
112322000,55,false,Rx,0,8,10,27,00,00,00,00,00,00
112323000,56,false,Rx,0,8,10,27,00,00,00,00,00,00
112333000,57,false,Rx,0,8,00,00,FE,FF,FE,FF,00,00
112372000,625,false,Rx,0,8,25,00,11,43,FD,BB,E4,01
112383000,60D,false,Rx,0,8,0D,10,DF,23,02,20,70,00
112473000,625,false,Rx,0,8,25,00,11,43,FD,BB,E4,01
112483000,60D,false,Rx,0,8,0D,10,DF,23,02,20,70,00
112507000,2C4,false,Rx,0,8,05,00,00,00,E4,02,00,00
112507000,2C5,false,Rx,0,8,00,00,00,00,00,00,00,00
112507000,2C6,false,Rx,0,8,F4,01,84,03,00,00,00,00
112522000,54,false,Rx,0,8,01,01,FE,FF,FE,FF,00,00
112522000,55,false,Rx,0,8,10,27,00,00,00,00,00,00
112523000,56,false,Rx,0,8,10,27,00,00,00,00,00,00
112533000,57,false,Rx,0,8,00,00,FE,FF,FE,FF,00,00
112572000,625,false,Rx,0,8,25,00,11,43,FD,BB,E4,01
112583000,60D,false,Rx,0,8,0D,10,DF,23,02,20,70,00
112672000,625,false,Rx,0,8,25,00,11,43,FD,BB,E4,01
112682000,60D,false,Rx,0,8,0D,10,DF,23,02,20,70,00
112707000,2C4,false,Rx,0,8,05,00,00,00,E4,02,00,00
112707000,2C5,false,Rx,0,8,00,00,00,00,00,00,00,00
112707000,2C6,false,Rx,0,8,F4,01,84,03,00,00,00,00
112722000,54,false,Rx,0,8,01,01,FE,FF,FE,FF,00,00
112722000,55,false,Rx,0,8,10,27,00,00,00,00,00,00
112723000,56,false,Rx,0,8,10,27,00,00,00,00,00,00
112733000,57,false,Rx,0,8,00,00,FE,FF,FE,FF,00,00
112772000,625,false,Rx,0,8,25,00,11,43,FD,BB,E4,01
112782000,60D,false,Rx,0,8,0D,10,DF,23,02,20,70,00
112872000,625,false,Rx,0,8,25,00,11,43,FD,BB,E4,01
112882000,60D,false,Rx,0,8,0D,10,DF,23,02,20,70,00
112907000,2C4,false,Rx,0,8,05,00,00,00,E4,02,00,00
112907000,2C5,false,Rx,0,8,00,00,00,00,00,00,00,00
112907000,2C6,false,Rx,0,8,F4,01,84,03,00,00,00,00
112922000,54,false,Rx,0,8,01,01,FE,FF,FE,FF,00,00
112922000,55,false,Rx,0,8,10,27,00,00,00,00,00,00
112922000,56,false,Rx,0,8,10,27,00,00,00,00,00,00
112933000,57,false,Rx,0,8,00,00,FE,FF,FE,FF,00,00
112972000,625,false,Rx,0,8,25,00,11,43,FD,BB,E4,01
112982000,60D,false,Rx,0,8,0D,10,DF,23,02,20,70,00
113072000,625,false,Rx,0,8,25,00,11,43,FD,BB,E4,01
113083000,60D,false,Rx,0,8,0D,10,DF,23,02,20,70,00
113107000,2C4,false,Rx,0,8,05,00,00,00,E1,02,00,00
113107000,2C5,false,Rx,0,8,00,00,00,00,00,00,00,00
113107000,2C6,false,Rx,0,8,F4,01,84,03,00,00,00,00
113122000,54,false,Rx,0,8,01,01,FE,FF,FE,FF,00,00
113122000,55,false,Rx,0,8,10,27,00,00,00,00,00,00
113123000,56,false,Rx,0,8,10,27,00,00,00,00,00,00
113133000,57,false,Rx,0,8,00,00,FE,FF,FE,FF,00,00
113172000,625,false,Rx,0,8,25,00,11,43,FD,BB,E4,01
113183000,60D,false,Rx,0,8,0D,10,DF,23,02,20,70,00
113272000,625,false,Rx,0,8,25,00,11,43,FD,BB,E4,01
113282000,60D,false,Rx,0,8,0D,10,DF,23,02,20,70,00
113307000,2C4,false,Rx,0,8,05,00,00,00,E4,02,00,00
113307000,2C5,false,Rx,0,8,00,00,00,00,00,00,00,00
113307000,2C6,false,Rx,0,8,F4,01,84,03,00,00,00,00
113322000,54,false,Rx,0,8,01,01,FE,FF,FE,FF,00,00
113322000,55,false,Rx,0,8,10,27,00,00,00,00,00,00
113323000,56,false,Rx,0,8,10,27,00,00,00,00,00,00
113333000,57,false,Rx,0,8,00,00,FE,FF,FE,FF,00,00
113372000,625,false,Rx,0,8,25,00,11,43,FD,BB,E4,01
113382000,60D,false,Rx,0,8,0D,10,DF,23,02,20,70,00
113472000,625,false,Rx,0,8,25,00,11,43,FD,BB,E4,01
113482000,60D,false,Rx,0,8,0D,10,DF,23,02,20,70,00
113507000,2C4,false,Rx,0,8,05,00,00,00,E4,02,00,00
113507000,2C5,false,Rx,0,8,00,00,00,00,00,00,00,00
113507000,2C6,false,Rx,0,8,F4,01,84,03,00,00,00,00
113522000,54,false,Rx,0,8,01,01,FE,FF,FE,FF,00,00
113522000,55,false,Rx,0,8,10,27,00,00,00,00,00,00
113522000,56,false,Rx,0,8,10,27,00,00,00,00,00,00
113533000,57,false,Rx,0,8,00,00,FE,FF,FE,FF,00,00
113572000,625,false,Rx,0,8,25,00,11,43,FD,BB,E4,01
113582000,60D,false,Rx,0,8,0D,10,DF,23,02,20,70,00
113672000,625,false,Rx,0,8,25,00,11,43,FD,BB,E4,01
113683000,60D,false,Rx,0,8,0D,10,DF,23,02,20,70,00
113707000,2C4,false,Rx,0,8,05,00,00,00,E1,02,00,00
113707000,2C5,false,Rx,0,8,00,00,00,00,00,00,00,00
113707000,2C6,false,Rx,0,8,F4,01,84,03,00,00,00,00
113722000,54,false,Rx,0,8,01,01,FE,FF,FE,FF,00,00
113722000,55,false,Rx,0,8,10,27,00,00,00,00,00,00
113723000,56,false,Rx,0,8,10,27,00,00,00,00,00,00
113733000,57,false,Rx,0,8,00,00,FE,FF,FE,FF,00,00
113772000,625,false,Rx,0,8,25,00,11,43,FD,BB,E4,01
113783000,60D,false,Rx,0,8,0D,10,DF,23,02,20,70,00
113872000,625,false,Rx,0,8,25,00,11,43,FD,BB,E4,01
113882000,60D,false,Rx,0,8,0D,10,DF,23,02,20,70,00
113907000,2C4,false,Rx,0,8,05,00,00,00,E4,02,00,00
113907000,2C5,false,Rx,0,8,00,00,00,00,00,00,00,00
113907000,2C6,false,Rx,0,8,F4,01,84,03,00,00,00,00
113922000,54,false,Rx,0,8,01,01,FE,FF,FE,FF,00,00
113922000,55,false,Rx,0,8,10,27,00,00,00,00,00,00
113922000,56,false,Rx,0,8,10,27,00,00,00,00,00,00
113933000,57,false,Rx,0,8,00,00,FE,FF,FE,FF,00,00
113972000,625,false,Rx,0,8,25,00,11,43,FD,BB,E4,01
113982000,60D,false,Rx,0,8,0D,10,DF,23,02,20,70,00
114072000,625,false,Rx,0,8,25,00,11,43,FD,BB,E4,01
114082000,60D,false,Rx,0,8,0D,10,DF,23,02,20,70,00
114106000,2C4,false,Rx,0,8,05,00,00,00,E1,02,00,00
114107000,2C5,false,Rx,0,8,00,00,00,00,00,00,00,00
114107000,2C6,false,Rx,0,8,F4,01,84,03,00,00,00,00
114122000,54,false,Rx,0,8,01,01,FE,FF,FE,FF,00,00
114122000,55,false,Rx,0,8,10,27,00,00,00,00,00,00
114122000,56,false,Rx,0,8,10,27,00,00,00,00,00,00
114133000,57,false,Rx,0,8,00,00,FE,FF,FE,FF,00,00
114172000,625,false,Rx,0,8,25,00,11,43,FD,BB,E4,01
114182000,60D,false,Rx,0,8,0D,10,DF,23,02,20,70,00
114272000,625,false,Rx,0,8,25,00,11,43,FD,BB,E4,01
114283000,60D,false,Rx,0,8,0D,10,DF,23,02,20,70,00
114306000,2C4,false,Rx,0,8,05,00,00,00,E1,02,00,00
114307000,2C5,false,Rx,0,8,00,00,00,00,00,00,00,00
114307000,2C6,false,Rx,0,8,F4,01,84,03,00,00,00,00
114322000,54,false,Rx,0,8,01,01,FE,FF,FE,FF,00,00
114322000,55,false,Rx,0,8,10,27,00,00,00,00,00,00
114322000,56,false,Rx,0,8,10,27,00,00,00,00,00,00
114333000,57,false,Rx,0,8,00,00,FE,FF,FE,FF,00,00
114372000,625,false,Rx,0,8,25,00,11,43,FD,BB,E4,01
114383000,60D,false,Rx,0,8,0D,10,DF,23,02,20,70,00
114472000,625,false,Rx,0,8,25,00,11,43,FD,BB,E4,01
114482000,60D,false,Rx,0,8,0D,10,DF,23,02,20,70,00
114506000,2C4,false,Rx,0,8,05,00,00,00,E1,02,00,00
114507000,2C5,false,Rx,0,8,00,00,00,00,00,00,00,00
114507000,2C6,false,Rx,0,8,F4,01,84,03,00,00,00,00
114522000,54,false,Rx,0,8,01,01,FE,FF,FE,FF,00,00
114522000,55,false,Rx,0,8,10,27,00,00,00,00,00,00
114522000,56,false,Rx,0,8,10,27,00,00,00,00,00,00
114533000,57,false,Rx,0,8,00,00,FE,FF,FE,FF,00,00
114572000,625,false,Rx,0,8,25,00,11,43,FD,BB,E4,01
114582000,60D,false,Rx,0,8,0D,10,DF,23,02,20,70,00
114672000,625,false,Rx,0,8,25,00,11,43,FD,BB,E4,01
114682000,60D,false,Rx,0,8,0D,10,DF,23,02,20,70,00
114706000,2C4,false,Rx,0,8,05,00,00,00,E1,02,00,00
114707000,2C5,false,Rx,0,8,00,00,00,00,00,00,00,00
114707000,2C6,false,Rx,0,8,F4,01,84,03,00,00,00,00
114722000,54,false,Rx,0,8,01,01,FE,FF,FE,FF,00,00
114722000,55,false,Rx,0,8,10,27,00,00,00,00,00,00
114722000,56,false,Rx,0,8,10,27,00,00,00,00,00,00
114733000,57,false,Rx,0,8,00,00,FE,FF,FE,FF,00,00
114772000,625,false,Rx,0,8,25,00,11,43,FD,BB,E4,01
114782000,60D,false,Rx,0,8,0D,10,DF,23,02,20,70,00
114872000,625,false,Rx,0,8,25,00,11,43,FD,BB,E4,01
114883000,60D,false,Rx,0,8,0D,10,DF,23,02,20,70,00
114906000,2C4,false,Rx,0,8,05,00,00,00,E4,02,00,00
114907000,2C5,false,Rx,0,8,00,00,00,00,00,00,00,00
114907000,2C6,false,Rx,0,8,F4,01,84,03,00,00,00,00
114922000,54,false,Rx,0,8,01,01,FE,FF,FE,FF,00,00
114922000,55,false,Rx,0,8,10,27,00,00,00,00,00,00
114922000,56,false,Rx,0,8,10,27,00,00,00,00,00,00
114933000,57,false,Rx,0,8,00,00,FE,FF,FE,FF,00,00
114972000,625,false,Rx,0,8,25,00,11,43,FD,BB,E4,01
114983000,60D,false,Rx,0,8,0D,10,DF,23,02,20,70,00
115072000,625,false,Rx,0,8,25,00,11,43,FD,BB,E4,01
115082000,60D,false,Rx,0,8,0D,10,DF,23,02,20,70,00
115106000,2C4,false,Rx,0,8,05,00,00,00,E4,02,00,00
115107000,2C5,false,Rx,0,8,00,00,00,00,00,00,00,00
115107000,2C6,false,Rx,0,8,F4,01,84,03,00,00,00,00
115122000,54,false,Rx,0,8,01,01,FE,FF,FE,FF,00,00
115122000,55,false,Rx,0,8,10,27,00,00,00,00,00,00
115122000,56,false,Rx,0,8,10,27,00,00,00,00,00,00
115133000,57,false,Rx,0,8,00,00,FE,FF,FE,FF,00,00
115172000,625,false,Rx,0,8,25,00,11,43,FD,BB,E4,01
115182000,60D,false,Rx,0,8,0D,10,DF,23,02,20,70,00
115272000,625,false,Rx,0,8,25,00,11,43,FD,BB,E4,01
115282000,60D,false,Rx,0,8,0D,10,DF,23,02,20,70,00
115306000,2C4,false,Rx,0,8,05,00,00,00,E1,02,00,00
115307000,2C5,false,Rx,0,8,00,00,00,00,00,00,00,00
115307000,2C6,false,Rx,0,8,F4,01,84,03,00,00,00,00
115322000,54,false,Rx,0,8,01,01,FE,FF,FE,FF,00,00
115322000,55,false,Rx,0,8,10,27,00,00,00,00,00,00
115322000,56,false,Rx,0,8,10,27,00,00,00,00,00,00
115333000,57,false,Rx,0,8,00,00,FE,FF,FE,FF,00,00
115372000,625,false,Rx,0,8,25,00,11,43,FD,BB,E4,01
115382000,60D,false,Rx,0,8,0D,10,DF,23,02,20,70,00
115472000,625,false,Rx,0,8,25,00,11,43,FD,BB,E4,01
115483000,60D,false,Rx,0,8,0D,10,DF,23,02,20,70,00
115506000,2C4,false,Rx,0,8,05,00,00,00,E1,02,00,00
115507000,2C5,false,Rx,0,8,00,00,00,00,00,00,00,00
115507000,2C6,false,Rx,0,8,F4,01,84,03,00,00,00,00
115522000,54,false,Rx,0,8,01,01,FE,FF,FE,FF,00,00
115522000,55,false,Rx,0,8,10,27,00,00,00,00,00,00
115522000,56,false,Rx,0,8,10,27,00,00,00,00,00,00
115533000,57,false,Rx,0,8,00,00,FE,FF,FE,FF,00,00
115572000,625,false,Rx,0,8,25,00,11,43,FD,BB,E4,01
115583000,60D,false,Rx,0,8,0D,10,DF,23,02,20,70,00
115672000,625,false,Rx,0,8,25,00,11,43,FD,BB,E4,01
115682000,60D,false,Rx,0,8,0D,10,DF,23,02,20,70,00
115706000,2C4,false,Rx,0,8,05,00,00,00,E4,02,00,00
115707000,2C5,false,Rx,0,8,00,00,00,00,00,00,00,00
115707000,2C6,false,Rx,0,8,F4,01,84,03,00,00,00,00
115722000,54,false,Rx,0,8,01,01,FE,FF,FE,FF,00,00
115722000,55,false,Rx,0,8,10,27,00,00,00,00,00,00
115722000,56,false,Rx,0,8,10,27,00,00,00,00,00,00
115733000,57,false,Rx,0,8,00,00,FE,FF,FE,FF,00,00
115772000,625,false,Rx,0,8,25,00,11,43,FD,BB,E4,01
115782000,60D,false,Rx,0,8,0D,10,DF,23,02,20,70,00
115872000,625,false,Rx,0,8,25,00,11,43,FD,BB,E4,01
115882000,60D,false,Rx,0,8,0D,10,DF,23,02,20,70,00
115906000,2C4,false,Rx,0,8,05,00,00,00,E4,02,00,00
115907000,2C5,false,Rx,0,8,00,00,00,00,00,00,00,00
115907000,2C6,false,Rx,0,8,F4,01,84,03,00,00,00,00
115922000,54,false,Rx,0,8,01,01,FE,FF,FE,FF,00,00
115922000,55,false,Rx,0,8,10,27,00,00,00,00,00,00
115922000,56,false,Rx,0,8,10,27,00,00,00,00,00,00
115933000,57,false,Rx,0,8,00,00,FE,FF,FE,FF,00,00
115972000,625,false,Rx,0,8,25,00,11,43,FD,BB,E4,01
115982000,60D,false,Rx,0,8,0D,10,DF,23,02,20,70,00
116072000,625,false,Rx,0,8,25,00,11,43,FD,BB,E4,01
116082000,60D,false,Rx,0,8,0D,10,DF,23,02,20,70,00
116106000,2C4,false,Rx,0,8,05,00,00,00,E1,02,00,00
116107000,2C5,false,Rx,0,8,00,00,00,00,00,00,00,00
116107000,2C6,false,Rx,0,8,F4,01,84,03,00,00,00,00
116122000,54,false,Rx,0,8,01,01,FE,FF,FE,FF,00,00
116122000,55,false,Rx,0,8,10,27,00,00,00,00,00,00
116123000,56,false,Rx,0,8,10,27,00,00,00,00,00,00
116133000,57,false,Rx,0,8,00,00,FE,FF,FE,FF,00,00
116172000,625,false,Rx,0,8,25,00,11,43,FD,BB,E4,01
116183000,60D,false,Rx,0,8,0D,10,DF,23,02,20,70,00
116272000,625,false,Rx,0,8,25,00,11,43,FD,BB,E4,01
116282000,60D,false,Rx,0,8,0D,10,DF,23,02,20,70,00
116306000,2C4,false,Rx,0,8,05,00,00,00,E1,02,00,00
116307000,2C5,false,Rx,0,8,00,00,00,00,00,00,00,00
116307000,2C6,false,Rx,0,8,F4,01,84,03,00,00,00,00
116322000,54,false,Rx,0,8,01,01,FE,FF,FE,FF,00,00
116322000,55,false,Rx,0,8,10,27,00,00,00,00,00,00
116322000,56,false,Rx,0,8,10,27,00,00,00,00,00,00
116333000,57,false,Rx,0,8,00,00,FE,FF,FE,FF,00,00
116372000,625,false,Rx,0,8,25,00,11,43,FD,BB,E4,01
116382000,60D,false,Rx,0,8,0D,10,DF,23,02,20,70,00
116472000,625,false,Rx,0,8,25,00,11,43,FD,BB,E4,01
116482000,60D,false,Rx,0,8,0D,10,DF,23,02,20,70,00
116506000,2C4,false,Rx,0,8,05,00,00,00,E1,02,00,00
116507000,2C5,false,Rx,0,8,00,00,00,00,00,00,00,00
116507000,2C6,false,Rx,0,8,F4,01,84,03,00,00,00,00
116522000,54,false,Rx,0,8,01,01,FE,FF,FE,FF,00,00
116522000,55,false,Rx,0,8,10,27,00,00,00,00,00,00
116522000,56,false,Rx,0,8,10,27,00,00,00,00,00,00
116533000,57,false,Rx,0,8,00,00,FE,FF,FE,FF,00,00
116572000,625,false,Rx,0,8,25,00,11,43,FD,BB,E4,01
116582000,60D,false,Rx,0,8,0D,10,DF,23,02,20,70,00
116672000,625,false,Rx,0,8,25,00,11,43,FD,BB,E4,01
116682000,60D,false,Rx,0,8,0D,10,DF,23,02,20,70,00
116706000,2C4,false,Rx,0,8,05,00,00,00,E4,02,00,00
116707000,2C5,false,Rx,0,8,00,00,00,00,00,00,00,00
116707000,2C6,false,Rx,0,8,F4,01,84,03,00,00,00,00
116722000,54,false,Rx,0,8,01,01,FE,FF,FE,FF,00,00
116722000,55,false,Rx,0,8,10,27,00,00,00,00,00,00
116722000,56,false,Rx,0,8,10,27,00,00,00,00,00,00
116733000,57,false,Rx,0,8,00,00,FE,FF,FE,FF,00,00
116772000,625,false,Rx,0,8,25,00,11,43,FD,BB,E4,01
116783000,60D,false,Rx,0,8,0D,10,DF,23,02,20,70,00
116872000,625,false,Rx,0,8,25,00,11,43,FD,BB,E4,01
116882000,60D,false,Rx,0,8,0D,10,DF,23,02,20,70,00
116906000,2C4,false,Rx,0,8,05,00,00,00,E1,02,00,00
116907000,2C5,false,Rx,0,8,00,00,00,00,00,00,00,00
116907000,2C6,false,Rx,0,8,F4,01,84,03,00,00,00,00
116922000,54,false,Rx,0,8,01,01,FE,FF,FE,FF,00,00
116922000,55,false,Rx,0,8,10,27,00,00,00,00,00,00
116923000,56,false,Rx,0,8,10,27,00,00,00,00,00,00
116933000,57,false,Rx,0,8,00,00,FE,FF,FE,FF,00,00
116972000,625,false,Rx,0,8,25,00,11,43,FD,BB,E4,01
116983000,60D,false,Rx,0,8,0D,10,DF,23,02,20,70,00
117072000,625,false,Rx,0,8,25,00,11,43,FD,BB,E4,01
117082000,60D,false,Rx,0,8,0D,10,DF,23,02,20,70,00
117106000,2C4,false,Rx,0,8,05,00,00,00,E1,02,00,00
117107000,2C5,false,Rx,0,8,00,00,00,00,00,00,00,00
117107000,2C6,false,Rx,0,8,F4,01,84,03,00,00,00,00
117122000,54,false,Rx,0,8,01,01,FE,FF,FE,FF,00,00
117122000,55,false,Rx,0,8,10,27,00,00,00,00,00,00
117122000,56,false,Rx,0,8,10,27,00,00,00,00,00,00
117133000,57,false,Rx,0,8,00,00,FE,FF,FE,FF,00,00
117172000,625,false,Rx,0,8,25,00,11,43,FD,BB,E4,01
117183000,60D,false,Rx,0,8,0D,10,DF,23,02,20,70,00
117272000,625,false,Rx,0,8,25,00,11,43,FD,BB,E4,01
117283000,60D,false,Rx,0,8,0D,10,DF,23,02,20,70,00
117306000,2C4,false,Rx,0,8,05,00,00,00,E1,02,00,00
117307000,2C5,false,Rx,0,8,00,00,00,00,00,00,00,00
117307000,2C6,false,Rx,0,8,F4,01,84,03,00,00,00,00
117322000,54,false,Rx,0,8,01,01,FE,FF,FE,FF,00,00
117322000,55,false,Rx,0,8,10,27,00,00,00,00,00,00
117323000,56,false,Rx,0,8,10,27,00,00,00,00,00,00
117333000,57,false,Rx,0,8,00,00,FE,FF,FE,FF,00,00
117372000,625,false,Rx,0,8,25,00,11,43,FD,BB,E4,01
117383000,60D,false,Rx,0,8,0D,10,DF,23,02,20,70,00
117472000,625,false,Rx,0,8,25,00,11,43,FD,BB,E4,01
117483000,60D,false,Rx,0,8,0D,10,DF,23,02,20,70,00
117506000,2C4,false,Rx,0,8,05,00,00,00,E4,02,00,00
117507000,2C5,false,Rx,0,8,00,00,00,00,00,00,00,00
117507000,2C6,false,Rx,0,8,F4,01,84,03,00,00,00,00
117522000,54,false,Rx,0,8,01,01,FE,FF,FE,FF,00,00
117522000,55,false,Rx,0,8,10,27,00,00,00,00,00,00
117522000,56,false,Rx,0,8,10,27,00,00,00,00,00,00
117533000,57,false,Rx,0,8,00,00,FE,FF,FE,FF,00,00
117572000,625,false,Rx,0,8,25,00,11,43,FD,BB,E4,01
117583000,60D,false,Rx,0,8,0D,10,DF,23,02,20,70,00
117672000,625,false,Rx,0,8,25,00,11,43,FD,BB,E4,01
117682000,60D,false,Rx,0,8,0D,10,DF,23,02,20,70,00
117706000,2C4,false,Rx,0,8,05,00,00,00,E1,02,00,00
117707000,2C5,false,Rx,0,8,00,00,00,00,00,00,00,00
117707000,2C6,false,Rx,0,8,F4,01,84,03,00,00,00,00
117722000,54,false,Rx,0,8,01,01,FE,FF,FE,FF,00,00
117722000,55,false,Rx,0,8,10,27,00,00,00,00,00,00
117722000,56,false,Rx,0,8,10,27,00,00,00,00,00,00
117733000,57,false,Rx,0,8,00,00,FE,FF,FE,FF,00,00
117772000,625,false,Rx,0,8,25,00,11,43,FD,BB,E4,01
117782000,60D,false,Rx,0,8,0D,10,DF,23,02,20,70,00
117872000,625,false,Rx,0,8,25,00,11,43,FD,BB,E4,01
117882000,60D,false,Rx,0,8,0D,10,DF,23,02,20,70,00
117906000,2C4,false,Rx,0,8,05,00,00,00,E1,02,00,00
117907000,2C5,false,Rx,0,8,00,00,00,00,00,00,00,00
117907000,2C6,false,Rx,0,8,F4,01,84,03,00,00,00,00
117922000,54,false,Rx,0,8,01,01,FE,FF,FE,FF,00,00
117922000,55,false,Rx,0,8,10,27,00,00,00,00,00,00
117922000,56,false,Rx,0,8,10,27,00,00,00,00,00,00
117933000,57,false,Rx,0,8,00,00,FE,FF,FE,FF,00,00
117972000,625,false,Rx,0,8,25,00,11,43,FD,BB,E4,01
117982000,60D,false,Rx,0,8,0D,10,DF,23,02,20,70,00
118072000,625,false,Rx,0,8,25,00,11,43,FD,BB,E4,01
118082000,60D,false,Rx,0,8,0D,10,DF,23,02,20,70,00
118106000,2C4,false,Rx,0,8,05,00,00,00,E1,02,00,00
118107000,2C5,false,Rx,0,8,00,00,00,00,00,00,00,00
118107000,2C6,false,Rx,0,8,F4,01,84,03,00,00,00,00
118122000,54,false,Rx,0,8,01,01,FE,FF,FE,FF,00,00
118122000,55,false,Rx,0,8,10,27,00,00,00,00,00,00
118122000,56,false,Rx,0,8,10,27,00,00,00,00,00,00
118133000,57,false,Rx,0,8,00,00,FE,FF,FE,FF,00,00
118172000,625,false,Rx,0,8,25,00,11,43,FD,BB,E4,01
118183000,60D,false,Rx,0,8,0D,10,DF,23,02,20,70,00
118272000,625,false,Rx,0,8,25,00,11,43,FD,BB,E4,01
118282000,60D,false,Rx,0,8,0D,10,DF,23,02,20,70,00
118306000,2C4,false,Rx,0,8,05,00,00,00,E4,02,00,00
118307000,2C5,false,Rx,0,8,00,00,00,00,00,00,00,00
118307000,2C6,false,Rx,0,8,F4,01,84,03,00,00,00,00
118322000,54,false,Rx,0,8,01,01,FE,FF,FE,FF,00,00
118322000,55,false,Rx,0,8,10,27,00,00,00,00,00,00
118322000,56,false,Rx,0,8,10,27,00,00,00,00,00,00
118333000,57,false,Rx,0,8,00,00,FE,FF,FE,FF,00,00
118372000,625,false,Rx,0,8,25,00,11,43,FD,BB,E4,01
118382000,60D,false,Rx,0,8,0D,10,DF,23,02,20,70,00
118472000,625,false,Rx,0,8,25,00,11,43,FD,BB,E4,01
118482000,60D,false,Rx,0,8,0D,10,DF,23,02,20,70,00
118506000,2C4,false,Rx,0,8,05,00,00,00,E4,02,00,00
118506000,2C5,false,Rx,0,8,00,00,00,00,00,00,00,00
118507000,2C6,false,Rx,0,8,F4,01,84,03,00,00,00,00
118522000,54,false,Rx,0,8,01,01,FE,FF,FE,FF,00,00
118522000,55,false,Rx,0,8,10,27,00,00,00,00,00,00
118522000,56,false,Rx,0,8,10,27,00,00,00,00,00,00
118533000,57,false,Rx,0,8,00,00,FE,FF,FE,FF,00,00
118572000,625,false,Rx,0,8,25,00,11,43,FD,BB,E4,01
118582000,60D,false,Rx,0,8,0D,10,DF,23,02,20,70,00
118672000,625,false,Rx,0,8,25,00,11,43,FD,BB,E4,01
118682000,60D,false,Rx,0,8,0D,10,DF,23,02,20,70,00
118706000,2C4,false,Rx,0,8,05,00,00,00,E1,02,00,00
118707000,2C5,false,Rx,0,8,00,00,00,00,00,00,00,00
118707000,2C6,false,Rx,0,8,F4,01,84,03,00,00,00,00
118722000,54,false,Rx,0,8,01,01,FE,FF,FE,FF,00,00
118722000,55,false,Rx,0,8,10,27,00,00,00,00,00,00
118722000,56,false,Rx,0,8,10,27,00,00,00,00,00,00
118733000,57,false,Rx,0,8,00,00,FE,FF,FE,FF,00,00
118772000,625,false,Rx,0,8,25,00,11,43,FD,BB,E4,01
118783000,60D,false,Rx,0,8,0D,10,DF,23,02,20,70,00
118872000,625,false,Rx,0,8,25,00,11,43,FD,BB,E4,01
118882000,60D,false,Rx,0,8,0D,10,DF,23,02,20,70,00
118906000,2C4,false,Rx,0,8,05,00,00,00,E4,02,00,00
118906000,2C5,false,Rx,0,8,00,00,00,00,00,00,00,00
118907000,2C6,false,Rx,0,8,F4,01,84,03,00,00,00,00
118922000,54,false,Rx,0,8,01,01,FE,FF,FE,FF,00,00
118922000,55,false,Rx,0,8,10,27,00,00,00,00,00,00
118922000,56,false,Rx,0,8,10,27,00,00,00,00,00,00
118933000,57,false,Rx,0,8,00,00,FE,FF,FE,FF,00,00
118972000,625,false,Rx,0,8,25,00,11,43,FD,BB,E4,01
118982000,60D,false,Rx,0,8,0D,10,DF,23,02,20,70,00
119072000,625,false,Rx,0,8,25,00,11,43,FD,BB,E4,01
119082000,60D,false,Rx,0,8,0D,10,DF,23,02,20,70,00
119106000,2C4,false,Rx,0,8,05,00,00,00,E4,02,00,00
119106000,2C5,false,Rx,0,8,00,00,00,00,00,00,00,00
119107000,2C6,false,Rx,0,8,F4,01,84,03,00,00,00,00
119122000,54,false,Rx,0,8,01,01,FE,FF,FE,FF,00,00
119122000,55,false,Rx,0,8,10,27,00,00,00,00,00,00
119122000,56,false,Rx,0,8,10,27,00,00,00,00,00,00
119133000,57,false,Rx,0,8,00,00,FE,FF,FE,FF,00,00
119172000,625,false,Rx,0,8,25,00,11,43,FD,BB,E4,01
119182000,60D,false,Rx,0,8,0D,10,DF,23,02,20,70,00
119272000,625,false,Rx,0,8,25,00,11,43,FD,BB,E4,01
119282000,60D,false,Rx,0,8,0D,10,DF,23,02,20,70,00
119306000,2C4,false,Rx,0,8,05,00,00,00,E4,02,00,00
119306000,2C5,false,Rx,0,8,00,00,00,00,00,00,00,00
119307000,2C6,false,Rx,0,8,F4,01,84,03,00,00,00,00
119322000,54,false,Rx,0,8,01,01,FE,FF,FE,FF,00,00
119322000,55,false,Rx,0,8,10,27,00,00,00,00,00,00
119322000,56,false,Rx,0,8,10,27,00,00,00,00,00,00
119333000,57,false,Rx,0,8,00,00,FE,FF,FE,FF,00,00
119372000,625,false,Rx,0,8,25,00,11,43,FD,BB,E4,01
119383000,60D,false,Rx,0,8,0D,10,DF,23,02,20,70,00
119472000,625,false,Rx,0,8,25,00,11,43,FD,BB,E4,01
119482000,60D,false,Rx,0,8,0D,10,DF,23,02,20,70,00
119506000,2C4,false,Rx,0,8,05,00,00,00,E4,02,00,00
119506000,2C5,false,Rx,0,8,00,00,00,00,00,00,00,00
119507000,2C6,false,Rx,0,8,F4,01,84,03,00,00,00,00
119522000,54,false,Rx,0,8,01,01,FE,FF,FE,FF,00,00
119522000,55,false,Rx,0,8,10,27,00,00,00,00,00,00
119522000,56,false,Rx,0,8,10,27,00,00,00,00,00,00
119533000,57,false,Rx,0,8,00,00,FE,FF,FE,FF,00,00
119572000,625,false,Rx,0,8,25,00,11,43,FD,BB,E4,01
119582000,60D,false,Rx,0,8,0D,10,DF,23,02,20,70,00
119672000,625,false,Rx,0,8,25,00,11,43,FD,BB,E4,01
119682000,60D,false,Rx,0,8,0D,10,DF,23,02,20,70,00
119706000,2C4,false,Rx,0,8,05,00,00,00,E1,02,00,00
119706000,2C5,false,Rx,0,8,00,00,00,00,00,00,00,00
119707000,2C6,false,Rx,0,8,F4,01,84,03,00,00,00,00
119722000,54,false,Rx,0,8,01,01,FE,FF,FE,FF,00,00
119722000,55,false,Rx,0,8,10,27,00,00,00,00,00,00
119722000,56,false,Rx,0,8,10,27,00,00,00,00,00,00
119733000,57,false,Rx,0,8,00,00,FE,FF,FE,FF,00,00
119772000,625,false,Rx,0,8,25,00,11,43,FD,BB,E4,01
119782000,60D,false,Rx,0,8,0D,10,DF,23,02,20,70,00
119872000,625,false,Rx,0,8,25,00,11,43,FD,BB,E4,01
119882000,60D,false,Rx,0,8,0D,10,DF,23,02,20,70,00
119906000,2C4,false,Rx,0,8,05,00,00,00,E1,02,00,00
119906000,2C5,false,Rx,0,8,00,00,00,00,00,00,00,00
119907000,2C6,false,Rx,0,8,F4,01,84,03,00,00,00,00
119922000,54,false,Rx,0,8,01,01,FE,FF,FE,FF,00,00
119922000,55,false,Rx,0,8,10,27,00,00,00,00,00,00
119922000,56,false,Rx,0,8,10,27,00,00,00,00,00,00
119933000,57,false,Rx,0,8,00,00,FE,FF,FE,FF,00,00
119972000,625,false,Rx,0,8,25,00,11,43,FD,BB,E4,01
119983000,60D,false,Rx,0,8,0D,10,DF,23,02,20,70,00
120072000,625,false,Rx,0,8,25,00,11,43,FD,BB,E4,01
120082000,60D,false,Rx,0,8,0D,10,DF,23,02,20,70,00
120106000,2C4,false,Rx,0,8,05,00,00,00,E4,02,00,00
120106000,2C5,false,Rx,0,8,00,00,00,00,00,00,00,00
120107000,2C6,false,Rx,0,8,F4,01,84,03,00,00,00,00
120122000,54,false,Rx,0,8,01,01,FE,FF,FE,FF,00,00
120122000,55,false,Rx,0,8,10,27,00,00,00,00,00,00
120122000,56,false,Rx,0,8,10,27,00,00,00,00,00,00
120133000,57,false,Rx,0,8,00,00,FE,FF,FE,FF,00,00
120172000,625,false,Rx,0,8,25,00,11,43,FD,BB,E4,01
120182000,60D,false,Rx,0,8,0D,10,DF,23,02,20,70,00
120272000,625,false,Rx,0,8,25,00,11,43,FD,BB,E4,01
120282000,60D,false,Rx,0,8,0D,10,DF,23,02,20,70,00
120306000,2C4,false,Rx,0,8,05,00,00,00,E4,02,00,00
120306000,2C5,false,Rx,0,8,00,00,00,00,00,00,00,00
120307000,2C6,false,Rx,0,8,F4,01,84,03,00,00,00,00
120322000,54,false,Rx,0,8,01,01,FE,FF,FE,FF,00,00
120322000,55,false,Rx,0,8,10,27,00,00,00,00,00,00
120322000,56,false,Rx,0,8,10,27,00,00,00,00,00,00
120333000,57,false,Rx,0,8,00,00,FE,FF,FE,FF,00,00
120372000,625,false,Rx,0,8,25,00,11,43,FD,BB,E4,01
120382000,60D,false,Rx,0,8,0D,10,DF,23,02,20,70,00
120472000,625,false,Rx,0,8,25,00,11,43,FD,BB,E4,01
120482000,60D,false,Rx,0,8,0D,10,DF,23,02,20,70,00
120506000,2C4,false,Rx,0,8,05,00,00,00,E1,02,00,00
120506000,2C5,false,Rx,0,8,00,00,00,00,00,00,00,00
120507000,2C6,false,Rx,0,8,F4,01,84,03,00,00,00,00
120522000,54,false,Rx,0,8,01,01,FE,FF,FE,FF,00,00
120522000,55,false,Rx,0,8,10,27,00,00,00,00,00,00
120522000,56,false,Rx,0,8,10,27,00,00,00,00,00,00
120533000,57,false,Rx,0,8,00,00,FE,FF,FE,FF,00,00
120572000,625,false,Rx,0,8,25,00,11,43,FD,BB,E4,01
120583000,60D,false,Rx,0,8,0D,10,DF,23,02,20,70,00
120672000,625,false,Rx,0,8,25,00,11,43,FD,BB,E4,01
120682000,60D,false,Rx,0,8,0D,10,DF,23,02,20,70,00
120706000,2C4,false,Rx,0,8,05,00,00,00,E4,02,00,00
120706000,2C5,false,Rx,0,8,00,00,00,00,00,00,00,00
120707000,2C6,false,Rx,0,8,F4,01,84,03,00,00,00,00
120722000,54,false,Rx,0,8,01,01,FE,FF,FE,FF,00,00
120722000,55,false,Rx,0,8,10,27,00,00,00,00,00,00
120722000,56,false,Rx,0,8,10,27,00,00,00,00,00,00
120733000,57,false,Rx,0,8,00,00,FE,FF,FE,FF,00,00
120772000,625,false,Rx,0,8,25,00,11,43,FD,BB,E4,01
120782000,60D,false,Rx,0,8,0D,10,DF,23,02,20,70,00
120872000,625,false,Rx,0,8,25,00,11,43,FD,BB,E4,01
120882000,60D,false,Rx,0,8,0D,10,DF,23,02,20,70,00
120906000,2C4,false,Rx,0,8,05,00,00,00,E4,02,00,00
120906000,2C5,false,Rx,0,8,00,00,00,00,00,00,00,00
120907000,2C6,false,Rx,0,8,F4,01,84,03,00,00,00,00
120922000,54,false,Rx,0,8,01,01,FE,FF,FE,FF,00,00
120922000,55,false,Rx,0,8,10,27,00,00,00,00,00,00
120922000,56,false,Rx,0,8,10,27,00,00,00,00,00,00
120933000,57,false,Rx,0,8,00,00,FE,FF,FE,FF,00,00
120972000,625,false,Rx,0,8,25,00,11,43,FD,BB,E4,01
120982000,60D,false,Rx,0,8,0D,10,DF,23,02,20,70,00
121072000,625,false,Rx,0,8,25,00,11,43,FD,BB,E4,01
121082000,60D,false,Rx,0,8,0D,10,DF,23,02,20,70,00
121106000,2C4,false,Rx,0,8,05,00,00,00,E4,02,00,00
121106000,2C5,false,Rx,0,8,00,00,00,00,00,00,00,00
121107000,2C6,false,Rx,0,8,F4,01,84,03,00,00,00,00
121122000,54,false,Rx,0,8,01,01,FE,FF,FE,FF,00,00
121122000,55,false,Rx,0,8,10,27,00,00,00,00,00,00
121122000,56,false,Rx,0,8,10,27,00,00,00,00,00,00
121133000,57,false,Rx,0,8,00,00,FE,FF,FE,FF,00,00
121172000,625,false,Rx,0,8,25,00,11,43,FD,BB,E4,01
121183000,60D,false,Rx,0,8,0D,10,DF,23,02,20,70,00
121272000,625,false,Rx,0,8,25,00,11,43,FD,BB,E4,01
121282000,60D,false,Rx,0,8,0D,10,DF,23,02,20,70,00
121306000,2C4,false,Rx,0,8,05,00,00,00,E1,02,00,00
121306000,2C5,false,Rx,0,8,00,00,00,00,00,00,00,00
121307000,2C6,false,Rx,0,8,F4,01,84,03,00,00,00,00
121322000,54,false,Rx,0,8,01,01,FE,FF,FE,FF,00,00
121322000,55,false,Rx,0,8,10,27,00,00,00,00,00,00
121322000,56,false,Rx,0,8,10,27,00,00,00,00,00,00
121333000,57,false,Rx,0,8,00,00,FE,FF,FE,FF,00,00
121372000,625,false,Rx,0,8,25,00,11,43,FD,BB,E4,01
121382000,60D,false,Rx,0,8,0D,10,DF,23,02,20,70,00
121472000,625,false,Rx,0,8,25,00,11,43,FD,BB,E4,01
121482000,60D,false,Rx,0,8,0D,10,DF,23,02,20,70,00
121506000,2C4,false,Rx,0,8,05,00,00,00,E1,02,00,00
121506000,2C5,false,Rx,0,8,00,00,00,00,00,00,00,00
121507000,2C6,false,Rx,0,8,F4,01,84,03,00,00,00,00
121522000,54,false,Rx,0,8,01,01,FE,FF,FE,FF,00,00
121522000,55,false,Rx,0,8,10,27,00,00,00,00,00,00
121522000,56,false,Rx,0,8,10,27,00,00,00,00,00,00
121533000,57,false,Rx,0,8,00,00,FE,FF,FE,FF,00,00
121572000,625,false,Rx,0,8,25,00,11,43,FD,BB,E4,01
121582000,60D,false,Rx,0,8,0D,10,DF,23,02,20,70,00
121672000,625,false,Rx,0,8,25,00,11,43,FD,BB,E4,01
121682000,60D,false,Rx,0,8,0D,10,DF,23,02,20,70,00
121706000,2C4,false,Rx,0,8,05,00,00,00,E4,02,00,00
121706000,2C5,false,Rx,0,8,00,00,00,00,00,00,00,00
121707000,2C6,false,Rx,0,8,F4,01,84,03,00,00,00,00
121722000,54,false,Rx,0,8,01,01,FE,FF,FE,FF,00,00
121722000,55,false,Rx,0,8,10,27,00,00,00,00,00,00
121722000,56,false,Rx,0,8,10,27,00,00,00,00,00,00
121733000,57,false,Rx,0,8,00,00,FE,FF,FE,FF,00,00
121772000,625,false,Rx,0,8,25,00,11,43,FD,BB,E4,01
121783000,60D,false,Rx,0,8,0D,10,DF,23,02,20,70,00
121872000,625,false,Rx,0,8,25,00,11,43,FD,BB,E4,01
121882000,60D,false,Rx,0,8,0D,10,DF,23,02,20,70,00
121906000,2C4,false,Rx,0,8,05,00,00,00,E4,02,00,00
121906000,2C5,false,Rx,0,8,00,00,00,00,00,00,00,00
121907000,2C6,false,Rx,0,8,F4,01,84,03,00,00,00,00
121922000,54,false,Rx,0,8,01,01,FE,FF,FE,FF,00,00
121922000,55,false,Rx,0,8,10,27,00,00,00,00,00,00
121923000,56,false,Rx,0,8,10,27,00,00,00,00,00,00
121933000,57,false,Rx,0,8,00,00,FE,FF,FE,FF,00,00
121972000,625,false,Rx,0,8,25,00,11,43,FD,BB,E4,01
121983000,60D,false,Rx,0,8,0D,10,DF,23,02,20,70,00
122072000,625,false,Rx,0,8,25,00,11,43,FD,BB,E4,01
122082000,60D,false,Rx,0,8,0D,10,DF,23,02,20,70,00
122106000,2C4,false,Rx,0,8,05,00,00,00,E1,02,00,00
122106000,2C5,false,Rx,0,8,00,00,00,00,00,00,00,00
122107000,2C6,false,Rx,0,8,F4,01,84,03,00,00,00,00
122122000,54,false,Rx,0,8,01,01,FE,FF,FE,FF,00,00
122122000,55,false,Rx,0,8,10,27,00,00,00,00,00,00
122122000,56,false,Rx,0,8,10,27,00,00,00,00,00,00
122133000,57,false,Rx,0,8,00,00,FE,FF,FE,FF,00,00
122172000,625,false,Rx,0,8,25,00,11,43,FD,BB,E4,01
122183000,60D,false,Rx,0,8,0D,10,DF,23,02,20,70,00
122272000,625,false,Rx,0,8,25,00,11,43,FD,BB,E4,01
122283000,60D,false,Rx,0,8,0D,10,DF,23,02,20,70,00
122306000,2C4,false,Rx,0,8,05,00,00,00,E1,02,00,00
122306000,2C5,false,Rx,0,8,00,00,00,00,00,00,00,00
122307000,2C6,false,Rx,0,8,F4,01,84,03,00,00,00,00
122322000,54,false,Rx,0,8,01,01,FE,FF,FE,FF,00,00
122322000,55,false,Rx,0,8,10,27,00,00,00,00,00,00
122322000,56,false,Rx,0,8,10,27,00,00,00,00,00,00
122333000,57,false,Rx,0,8,00,00,FE,FF,FE,FF,00,00
122372000,625,false,Rx,0,8,25,00,11,43,FD,BB,E4,01
122383000,60D,false,Rx,0,8,0D,10,DF,23,02,20,70,00
122472000,625,false,Rx,0,8,25,00,11,43,FD,BB,E4,01
122483000,60D,false,Rx,0,8,0D,10,DF,23,02,20,70,00
122506000,2C4,false,Rx,0,8,05,00,00,00,E1,02,00,00
122506000,2C5,false,Rx,0,8,00,00,00,00,00,00,00,00
122507000,2C6,false,Rx,0,8,F4,01,84,03,00,00,00,00
122522000,54,false,Rx,0,8,01,01,FE,FF,FE,FF,00,00
122522000,55,false,Rx,0,8,10,27,00,00,00,00,00,00
122523000,56,false,Rx,0,8,10,27,00,00,00,00,00,00
122533000,57,false,Rx,0,8,00,00,FE,FF,FE,FF,00,00
122572000,625,false,Rx,0,8,25,00,11,43,FD,BB,E4,01
122583000,60D,false,Rx,0,8,0D,10,DF,23,02,20,70,00
122672000,625,false,Rx,0,8,25,00,11,43,FD,BB,E4,01
122682000,60D,false,Rx,0,8,0D,10,DF,23,02,20,70,00
122706000,2C4,false,Rx,0,8,05,00,00,00,E4,02,00,00
122706000,2C5,false,Rx,0,8,00,00,00,00,00,00,00,00
122707000,2C6,false,Rx,0,8,F4,01,84,03,00,00,00,00
122722000,54,false,Rx,0,8,01,01,FE,FF,FE,FF,00,00
122722000,55,false,Rx,0,8,10,27,00,00,00,00,00,00
122722000,56,false,Rx,0,8,10,27,00,00,00,00,00,00
122733000,57,false,Rx,0,8,00,00,FE,FF,FE,FF,00,00
122772000,625,false,Rx,0,8,25,00,11,43,FD,BB,E4,01
122783000,60D,false,Rx,0,8,0D,10,DF,23,02,20,70,00
122872000,625,false,Rx,0,8,25,00,11,43,FD,BB,E4,01
122883000,60D,false,Rx,0,8,0D,10,DF,23,02,20,70,00
122906000,2C4,false,Rx,0,8,05,00,00,00,E1,02,00,00
122906000,2C5,false,Rx,0,8,00,00,00,00,00,00,00,00
122907000,2C6,false,Rx,0,8,F4,01,84,03,00,00,00,00
122922000,54,false,Rx,0,8,01,01,FE,FF,FE,FF,00,00
122922000,55,false,Rx,0,8,10,27,00,00,00,00,00,00
122922000,56,false,Rx,0,8,10,27,00,00,00,00,00,00
122933000,57,false,Rx,0,8,00,00,FE,FF,FE,FF,00,00
122972000,625,false,Rx,0,8,25,00,11,43,FD,BB,E4,01
122983000,60D,false,Rx,0,8,0D,10,DF,23,02,20,70,00
123072000,625,false,Rx,0,8,25,00,11,43,FD,BB,E4,01
123083000,60D,false,Rx,0,8,0D,10,DF,23,02,20,70,00
123106000,2C4,false,Rx,0,8,05,00,00,00,E1,02,00,00
123106000,2C5,false,Rx,0,8,00,00,00,00,00,00,00,00
123107000,2C6,false,Rx,0,8,F4,01,84,03,00,00,00,00
123122000,54,false,Rx,0,8,01,01,FE,FF,FE,FF,00,00
123122000,55,false,Rx,0,8,10,27,00,00,00,00,00,00
123122000,56,false,Rx,0,8,10,27,00,00,00,00,00,00
123133000,57,false,Rx,0,8,00,00,FE,FF,FE,FF,00,00
123172000,625,false,Rx,0,8,25,00,11,43,FD,BB,E4,01
123183000,60D,false,Rx,0,8,0D,10,DF,23,02,20,70,00
123272000,625,false,Rx,0,8,25,00,11,43,FD,BB,E4,01
123282000,60D,false,Rx,0,8,0D,10,DF,23,02,20,70,00
123306000,2C4,false,Rx,0,8,05,00,00,00,E4,02,00,00
123306000,2C5,false,Rx,0,8,00,00,00,00,00,00,00,00
123306000,2C6,false,Rx,0,8,F4,01,84,03,00,00,00,00
123322000,54,false,Rx,0,8,01,01,FE,FF,FE,FF,00,00
123322000,55,false,Rx,0,8,10,27,00,00,00,00,00,00
123322000,56,false,Rx,0,8,10,27,00,00,00,00,00,00
123333000,57,false,Rx,0,8,00,00,FE,FF,FE,FF,00,00
123372000,625,false,Rx,0,8,25,00,11,43,FD,BB,E4,01
123382000,60D,false,Rx,0,8,0D,10,DF,23,02,20,70,00
123472000,625,false,Rx,0,8,25,00,11,43,FD,BB,E4,01
123482000,60D,false,Rx,0,8,0D,10,DF,23,02,20,70,00
123506000,2C4,false,Rx,0,8,05,00,00,00,E4,02,00,00
123506000,2C5,false,Rx,0,8,00,00,00,00,00,00,00,00
123506000,2C6,false,Rx,0,8,F4,01,84,03,00,00,00,00
123522000,54,false,Rx,0,8,01,01,FE,FF,FE,FF,00,00
123522000,55,false,Rx,0,8,10,27,00,00,00,00,00,00
123522000,56,false,Rx,0,8,10,27,00,00,00,00,00,00
123533000,57,false,Rx,0,8,00,00,FE,FF,FE,FF,00,00
123572000,625,false,Rx,0,8,25,00,11,43,FD,BB,E4,01
123582000,60D,false,Rx,0,8,0D,10,DF,23,02,20,70,00
123672000,625,false,Rx,0,8,25,00,11,43,FD,BB,E4,01
123682000,60D,false,Rx,0,8,0D,10,DF,23,02,20,70,00
123706000,2C4,false,Rx,0,8,05,00,00,00,E1,02,00,00
123706000,2C5,false,Rx,0,8,00,00,00,00,00,00,00,00
123706000,2C6,false,Rx,0,8,F4,01,84,03,00,00,00,00
123722000,54,false,Rx,0,8,01,01,FE,FF,FE,FF,00,00
123722000,55,false,Rx,0,8,10,27,00,00,00,00,00,00
123722000,56,false,Rx,0,8,10,27,00,00,00,00,00,00
123733000,57,false,Rx,0,8,00,00,FE,FF,FE,FF,00,00
123772000,625,false,Rx,0,8,25,00,11,43,FD,BB,E4,01
123782000,60D,false,Rx,0,8,0D,10,DF,23,02,20,70,00
123872000,625,false,Rx,0,8,25,00,11,43,FD,BB,E4,01
123882000,60D,false,Rx,0,8,0D,10,DF,23,02,20,70,00
123906000,2C4,false,Rx,0,8,05,00,00,00,E1,02,00,00
123906000,2C5,false,Rx,0,8,00,00,00,00,00,00,00,00
123906000,2C6,false,Rx,0,8,F4,01,84,03,00,00,00,00
123922000,54,false,Rx,0,8,01,01,FE,FF,FE,FF,00,00
123922000,55,false,Rx,0,8,10,27,00,00,00,00,00,00
123922000,56,false,Rx,0,8,10,27,00,00,00,00,00,00
123933000,57,false,Rx,0,8,00,00,FE,FF,FE,FF,00,00
123972000,625,false,Rx,0,8,25,00,11,43,FD,BB,E4,01
123983000,60D,false,Rx,0,8,0D,10,DF,23,02,20,70,00
124072000,625,false,Rx,0,8,25,00,11,43,FD,BB,E4,01
124082000,60D,false,Rx,0,8,0D,10,DF,23,02,20,70,00
124106000,2C4,false,Rx,0,8,05,00,00,00,E1,02,00,00
124106000,2C5,false,Rx,0,8,00,00,00,00,00,00,00,00
124106000,2C6,false,Rx,0,8,F4,01,84,03,00,00,00,00
124122000,54,false,Rx,0,8,01,01,FE,FF,FE,FF,00,00
124122000,55,false,Rx,0,8,10,27,00,00,00,00,00,00
124122000,56,false,Rx,0,8,10,27,00,00,00,00,00,00
124133000,57,false,Rx,0,8,00,00,FE,FF,FE,FF,00,00
124172000,625,false,Rx,0,8,25,00,11,43,FD,BB,E4,01
124182000,60D,false,Rx,0,8,0D,10,DF,23,02,20,70,00
124272000,625,false,Rx,0,8,25,00,11,43,FD,BB,E4,01
124282000,60D,false,Rx,0,8,0D,10,DF,23,02,20,70,00
124306000,2C4,false,Rx,0,8,05,00,00,00,E4,02,00,00
124306000,2C5,false,Rx,0,8,00,00,00,00,00,00,00,00
124306000,2C6,false,Rx,0,8,F4,01,84,03,00,00,00,00
124322000,54,false,Rx,0,8,01,01,FE,FF,FE,FF,00,00
124322000,55,false,Rx,0,8,10,27,00,00,00,00,00,00
124322000,56,false,Rx,0,8,10,27,00,00,00,00,00,00
124333000,57,false,Rx,0,8,00,00,FE,FF,FE,FF,00,00
124372000,625,false,Rx,0,8,25,00,11,43,FD,BB,E4,01
124382000,60D,false,Rx,0,8,0D,10,DF,23,02,20,70,00
124472000,625,false,Rx,0,8,25,00,11,43,FD,BB,E4,01
124482000,60D,false,Rx,0,8,0D,10,DF,23,02,20,70,00
124506000,2C4,false,Rx,0,8,05,00,00,00,E4,02,00,00
124506000,2C5,false,Rx,0,8,00,00,00,00,00,00,00,00
124506000,2C6,false,Rx,0,8,F4,01,84,03,00,00,00,00
124522000,54,false,Rx,0,8,01,01,FE,FF,FE,FF,00,00
124522000,55,false,Rx,0,8,10,27,00,00,00,00,00,00
124522000,56,false,Rx,0,8,10,27,00,00,00,00,00,00
124533000,57,false,Rx,0,8,00,00,FE,FF,FE,FF,00,00
124572000,625,false,Rx,0,8,25,00,11,43,FD,BB,E4,01
124583000,60D,false,Rx,0,8,0D,10,DF,23,02,20,70,00
124672000,625,false,Rx,0,8,25,00,11,43,FD,BB,E4,01
124682000,60D,false,Rx,0,8,0D,10,DF,23,02,20,70,00
124706000,2C4,false,Rx,0,8,05,00,00,00,E1,02,00,00
124706000,2C5,false,Rx,0,8,00,00,00,00,00,00,00,00
124706000,2C6,false,Rx,0,8,F4,01,84,03,00,00,00,00
124722000,54,false,Rx,0,8,01,01,FE,FF,FE,FF,00,00
124722000,55,false,Rx,0,8,10,27,00,00,00,00,00,00
124722000,56,false,Rx,0,8,10,27,00,00,00,00,00,00
124733000,57,false,Rx,0,8,00,00,FE,FF,FE,FF,00,00
124772000,625,false,Rx,0,8,25,00,11,43,FD,BB,E4,01
124782000,60D,false,Rx,0,8,0D,10,DF,23,02,20,70,00
124872000,625,false,Rx,0,8,25,00,11,43,FD,BB,E4,01
124882000,60D,false,Rx,0,8,0D,10,DF,23,02,20,70,00
124906000,2C4,false,Rx,0,8,05,00,00,00,E1,02,00,00
124906000,2C5,false,Rx,0,8,00,00,00,00,00,00,00,00
124906000,2C6,false,Rx,0,8,F4,01,84,03,00,00,00,00
124922000,54,false,Rx,0,8,01,01,FE,FF,FE,FF,00,00
124922000,55,false,Rx,0,8,10,27,00,00,00,00,00,00
124922000,56,false,Rx,0,8,10,27,00,00,00,00,00,00
124933000,57,false,Rx,0,8,00,00,FE,FF,FE,FF,00,00
124972000,625,false,Rx,0,8,25,00,11,43,FD,BB,E4,01
124982000,60D,false,Rx,0,8,0D,10,DF,23,02,20,70,00
125072000,625,false,Rx,0,8,25,00,11,43,FD,BB,E4,01
125082000,60D,false,Rx,0,8,0D,10,DF,23,02,20,70,00
125106000,2C4,false,Rx,0,8,05,00,00,00,E1,02,00,00
125106000,2C5,false,Rx,0,8,00,00,00,00,00,00,00,00
125106000,2C6,false,Rx,0,8,F4,01,84,03,00,00,00,00
125122000,54,false,Rx,0,8,01,01,FE,FF,FE,FF,00,00
125122000,55,false,Rx,0,8,10,27,00,00,00,00,00,00
125122000,56,false,Rx,0,8,10,27,00,00,00,00,00,00
125133000,57,false,Rx,0,8,00,00,FE,FF,FE,FF,00,00
125172000,625,false,Rx,0,8,25,00,11,43,FD,BB,E4,01
125183000,60D,false,Rx,0,8,0D,10,DF,23,02,20,70,00
125272000,625,false,Rx,0,8,25,00,11,43,FD,BB,E4,01
125282000,60D,false,Rx,0,8,0D,10,DF,23,02,20,70,00
125306000,2C4,false,Rx,0,8,05,00,00,00,E4,02,00,00
125306000,2C5,false,Rx,0,8,00,00,00,00,00,00,00,00
125306000,2C6,false,Rx,0,8,F4,01,84,03,00,00,00,00
125322000,54,false,Rx,0,8,01,01,FE,FF,FE,FF,00,00
125322000,55,false,Rx,0,8,10,27,00,00,00,00,00,00
125322000,56,false,Rx,0,8,10,27,00,00,00,00,00,00
125333000,57,false,Rx,0,8,00,00,FE,FF,FE,FF,00,00
125372000,625,false,Rx,0,8,25,00,11,43,FD,BB,E4,01
125382000,60D,false,Rx,0,8,0D,10,DF,23,02,20,70,00
125472000,625,false,Rx,0,8,25,00,11,43,FD,BB,E4,01
125482000,60D,false,Rx,0,8,0D,10,DF,23,02,20,70,00
125506000,2C4,false,Rx,0,8,05,00,00,00,E1,02,00,00
125506000,2C5,false,Rx,0,8,00,00,00,00,00,00,00,00
125506000,2C6,false,Rx,0,8,F4,01,84,03,00,00,00,00
125522000,54,false,Rx,0,8,01,01,FE,FF,FE,FF,00,00
125522000,55,false,Rx,0,8,10,27,00,00,00,00,00,00
125522000,56,false,Rx,0,8,10,27,00,00,00,00,00,00
125533000,57,false,Rx,0,8,00,00,FE,FF,FE,FF,00,00
125572000,625,false,Rx,0,8,25,00,11,43,FD,BB,E4,01
125582000,60D,false,Rx,0,8,0D,10,DF,23,02,20,70,00
125672000,625,false,Rx,0,8,25,00,11,43,FD,BB,E4,01
125682000,60D,false,Rx,0,8,0D,10,DF,23,02,20,70,00
125706000,2C4,false,Rx,0,8,05,00,00,00,E1,02,00,00
125706000,2C5,false,Rx,0,8,00,00,00,00,00,00,00,00
125706000,2C6,false,Rx,0,8,F4,01,84,03,00,00,00,00
125722000,54,false,Rx,0,8,01,01,FE,FF,FE,FF,00,00
125722000,55,false,Rx,0,8,10,27,00,00,00,00,00,00
125722000,56,false,Rx,0,8,10,27,00,00,00,00,00,00
125733000,57,false,Rx,0,8,00,00,FE,FF,FE,FF,00,00
125772000,625,false,Rx,0,8,25,00,11,43,FD,BB,E4,01
125783000,60D,false,Rx,0,8,0D,10,DF,23,02,20,70,00
125872000,625,false,Rx,0,8,25,00,11,43,FD,BB,E4,01
125882000,60D,false,Rx,0,8,0D,10,DF,23,02,20,70,00
125906000,2C4,false,Rx,0,8,05,00,00,00,E1,02,00,00
125906000,2C5,false,Rx,0,8,00,00,00,00,00,00,00,00
125906000,2C6,false,Rx,0,8,F4,01,84,03,00,00,00,00
125922000,54,false,Rx,0,8,01,01,FE,FF,FE,FF,00,00
125922000,55,false,Rx,0,8,10,27,00,00,00,00,00,00
125922000,56,false,Rx,0,8,10,27,00,00,00,00,00,00
125933000,57,false,Rx,0,8,00,00,FE,FF,FE,FF,00,00
125972000,625,false,Rx,0,8,25,00,11,43,FD,BB,E4,01
125982000,60D,false,Rx,0,8,0D,10,DF,23,02,20,70,00
126072000,625,false,Rx,0,8,25,00,11,43,FD,BB,E4,01
126082000,60D,false,Rx,0,8,0D,10,DF,23,02,20,70,00
126106000,2C4,false,Rx,0,8,05,00,00,00,E4,02,00,00
126106000,2C5,false,Rx,0,8,00,00,00,00,00,00,00,00
126106000,2C6,false,Rx,0,8,F4,01,84,03,00,00,00,00
126122000,54,false,Rx,0,8,01,01,FE,FF,FE,FF,00,00
126122000,55,false,Rx,0,8,10,27,00,00,00,00,00,00
126122000,56,false,Rx,0,8,10,27,00,00,00,00,00,00
126133000,57,false,Rx,0,8,00,00,FE,FF,FE,FF,00,00
126172000,625,false,Rx,0,8,25,00,11,43,FD,BB,E4,01
126182000,60D,false,Rx,0,8,0D,10,DF,23,02,20,70,00
126272000,625,false,Rx,0,8,25,00,11,43,FD,BB,E4,01
126282000,60D,false,Rx,0,8,0D,10,DF,23,02,20,70,00
126306000,2C4,false,Rx,0,8,05,00,00,00,E4,02,00,00
126306000,2C5,false,Rx,0,8,00,00,00,00,00,00,00,00
126306000,2C6,false,Rx,0,8,F4,01,84,03,00,00,00,00
126322000,54,false,Rx,0,8,01,01,FE,FF,FE,FF,00,00
126322000,55,false,Rx,0,8,10,27,00,00,00,00,00,00
126322000,56,false,Rx,0,8,10,27,00,00,00,00,00,00
126333000,57,false,Rx,0,8,00,00,FE,FF,FE,FF,00,00
126372000,625,false,Rx,0,8,25,00,11,43,FD,BB,E4,01
126383000,60D,false,Rx,0,8,0D,10,DF,23,02,20,70,00
126472000,625,false,Rx,0,8,25,00,11,43,FD,BB,E4,01
126482000,60D,false,Rx,0,8,0D,10,DF,23,02,20,70,00
126506000,2C4,false,Rx,0,8,05,00,00,00,E1,02,00,00
126506000,2C5,false,Rx,0,8,00,00,00,00,00,00,00,00
126506000,2C6,false,Rx,0,8,F4,01,84,03,00,00,00,00
126522000,54,false,Rx,0,8,01,01,FE,FF,FE,FF,00,00
126522000,55,false,Rx,0,8,10,27,00,00,00,00,00,00
126522000,56,false,Rx,0,8,10,27,00,00,00,00,00,00
126533000,57,false,Rx,0,8,00,00,FE,FF,FE,FF,00,00
126572000,625,false,Rx,0,8,25,00,11,43,FD,BB,E4,01
126582000,60D,false,Rx,0,8,0D,10,DF,23,02,20,70,00
126672000,625,false,Rx,0,8,25,00,11,43,FD,BB,E4,01
126682000,60D,false,Rx,0,8,0D,10,DF,23,02,20,70,00
126706000,2C4,false,Rx,0,8,05,00,00,00,E1,02,00,00
126706000,2C5,false,Rx,0,8,00,00,00,00,00,00,00,00
126706000,2C6,false,Rx,0,8,F4,01,84,03,00,00,00,00
126722000,54,false,Rx,0,8,01,01,FE,FF,FE,FF,00,00
126722000,55,false,Rx,0,8,10,27,00,00,00,00,00,00
126722000,56,false,Rx,0,8,10,27,00,00,00,00,00,00
126733000,57,false,Rx,0,8,00,00,FE,FF,FE,FF,00,00
126772000,625,false,Rx,0,8,25,00,11,43,FD,BB,E4,01
126782000,60D,false,Rx,0,8,0D,10,DF,23,02,20,70,00
126872000,625,false,Rx,0,8,25,00,11,43,FD,BB,E4,01
126882000,60D,false,Rx,0,8,0D,10,DF,23,02,20,70,00
126906000,2C4,false,Rx,0,8,05,00,00,00,E1,02,00,00
126906000,2C5,false,Rx,0,8,00,00,00,00,00,00,00,00
126906000,2C6,false,Rx,0,8,F4,01,84,03,00,00,00,00
126922000,54,false,Rx,0,8,01,01,FE,FF,FE,FF,00,00
126922000,55,false,Rx,0,8,10,27,00,00,00,00,00,00
126922000,56,false,Rx,0,8,10,27,00,00,00,00,00,00
126933000,57,false,Rx,0,8,00,00,FE,FF,FE,FF,00,00
126972000,625,false,Rx,0,8,25,00,11,43,FD,BB,E4,01
126983000,60D,false,Rx,0,8,0D,10,DF,23,02,20,70,00
127072000,625,false,Rx,0,8,25,00,11,43,FD,BB,E4,01
127082000,60D,false,Rx,0,8,0D,10,DF,23,02,20,70,00
127106000,2C4,false,Rx,0,8,05,00,00,00,E4,02,00,00
127106000,2C5,false,Rx,0,8,00,00,00,00,00,00,00,00
127106000,2C6,false,Rx,0,8,F4,01,84,03,00,00,00,00
127122000,54,false,Rx,0,8,01,01,FE,FF,FE,FF,00,00
127122000,55,false,Rx,0,8,10,27,00,00,00,00,00,00
127122000,56,false,Rx,0,8,10,27,00,00,00,00,00,00
127133000,57,false,Rx,0,8,00,00,FE,FF,FE,FF,00,00
127172000,625,false,Rx,0,8,25,00,11,43,FD,BB,E4,01
127182000,60D,false,Rx,0,8,0D,10,DF,23,02,20,70,00
127272000,625,false,Rx,0,8,25,00,11,43,FD,BB,E4,01
127282000,60D,false,Rx,0,8,0D,10,DF,23,02,20,70,00
127306000,2C4,false,Rx,0,8,05,00,00,00,E1,02,00,00
127306000,2C5,false,Rx,0,8,00,00,00,00,00,00,00,00
127306000,2C6,false,Rx,0,8,F4,01,84,03,00,00,00,00
127322000,54,false,Rx,0,8,01,01,FE,FF,FE,FF,00,00
127322000,55,false,Rx,0,8,10,27,00,00,00,00,00,00
127322000,56,false,Rx,0,8,10,27,00,00,00,00,00,00
127333000,57,false,Rx,0,8,00,00,FE,FF,FE,FF,00,00
127372000,625,false,Rx,0,8,25,00,11,43,FD,BB,E4,01
127382000,60D,false,Rx,0,8,0D,10,DF,23,02,20,70,00
127472000,625,false,Rx,0,8,25,00,11,43,FD,BB,E4,01
127482000,60D,false,Rx,0,8,0D,10,DF,23,02,20,70,00
127506000,2C4,false,Rx,0,8,05,00,00,00,E1,02,00,00
127506000,2C5,false,Rx,0,8,00,00,00,00,00,00,00,00
127506000,2C6,false,Rx,0,8,F4,01,84,03,00,00,00,00
127522000,54,false,Rx,0,8,01,01,FE,FF,FE,FF,00,00
127522000,55,false,Rx,0,8,10,27,00,00,00,00,00,00
127522000,56,false,Rx,0,8,10,27,00,00,00,00,00,00
127533000,57,false,Rx,0,8,00,00,FE,FF,FE,FF,00,00
127572000,625,false,Rx,0,8,25,00,11,43,FD,BB,E4,01
127582000,60D,false,Rx,0,8,0D,10,DF,23,02,20,70,00
127672000,625,false,Rx,0,8,25,00,11,43,FD,BB,E4,01
127682000,60D,false,Rx,0,8,0D,10,DF,23,02,20,70,00
127706000,2C4,false,Rx,0,8,05,00,00,00,E1,02,00,00
127706000,2C5,false,Rx,0,8,00,00,00,00,00,00,00,00
127706000,2C6,false,Rx,0,8,F4,01,84,03,00,00,00,00
127722000,54,false,Rx,0,8,01,01,FE,FF,FE,FF,00,00
127722000,55,false,Rx,0,8,10,27,00,00,00,00,00,00
127722000,56,false,Rx,0,8,10,27,00,00,00,00,00,00
127733000,57,false,Rx,0,8,00,00,FE,FF,FE,FF,00,00
127772000,625,false,Rx,0,8,25,00,11,43,FD,BB,E4,01
127782000,60D,false,Rx,0,8,0D,10,DF,23,02,20,70,00
127872000,625,false,Rx,0,8,25,00,11,43,FD,BB,E4,01
127882000,60D,false,Rx,0,8,0D,10,DF,23,02,20,70,00
127906000,2C4,false,Rx,0,8,05,00,00,00,E4,02,00,00
127906000,2C5,false,Rx,0,8,00,00,00,00,00,00,00,00
127906000,2C6,false,Rx,0,8,F4,01,84,03,00,00,00,00
127922000,54,false,Rx,0,8,01,01,FE,FF,FE,FF,00,00
127922000,55,false,Rx,0,8,10,27,00,00,00,00,00,00
127922000,56,false,Rx,0,8,10,27,00,00,00,00,00,00
127933000,57,false,Rx,0,8,00,00,FE,FF,FE,FF,00,00
127972000,625,false,Rx,0,8,25,00,11,43,FD,BB,E4,01
127982000,60D,false,Rx,0,8,0D,10,DF,23,02,20,70,00
128072000,625,false,Rx,0,8,25,00,11,43,FD,BB,E4,01
128082000,60D,false,Rx,0,8,0D,10,DF,23,02,20,70,00
128106000,2C4,false,Rx,0,8,05,00,00,00,E1,02,00,00
128106000,2C5,false,Rx,0,8,00,00,00,00,00,00,00,00
128106000,2C6,false,Rx,0,8,F4,01,84,03,00,00,00,00
128122000,54,false,Rx,0,8,01,01,FE,FF,FE,FF,00,00
128122000,55,false,Rx,0,8,10,27,00,00,00,00,00,00
128122000,56,false,Rx,0,8,10,27,00,00,00,00,00,00
128133000,57,false,Rx,0,8,00,00,FE,FF,FE,FF,00,00
128172000,625,false,Rx,0,8,25,00,11,43,FD,BB,E4,01
128183000,60D,false,Rx,0,8,0D,10,DF,23,02,20,70,00
128272000,625,false,Rx,0,8,25,00,11,43,FD,BB,E4,01
128282000,60D,false,Rx,0,8,0D,10,DF,23,02,20,70,00
128306000,2C4,false,Rx,0,8,05,00,00,00,E1,02,00,00
128306000,2C5,false,Rx,0,8,00,00,00,00,00,00,00,00
128306000,2C6,false,Rx,0,8,F4,01,84,03,00,00,00,00
128322000,54,false,Rx,0,8,01,01,FE,FF,FE,FF,00,00
128322000,55,false,Rx,0,8,10,27,00,00,00,00,00,00
128322000,56,false,Rx,0,8,10,27,00,00,00,00,00,00
128333000,57,false,Rx,0,8,00,00,FE,FF,FE,FF,00,00
128372000,625,false,Rx,0,8,25,00,11,43,FD,BB,E4,01
128382000,60D,false,Rx,0,8,0D,10,DF,23,02,20,70,00
128472000,625,false,Rx,0,8,25,00,11,43,FD,BB,E4,01
128482000,60D,false,Rx,0,8,0D,10,DF,23,02,20,70,00
128506000,2C4,false,Rx,0,8,05,00,00,00,E1,02,00,00
128506000,2C5,false,Rx,0,8,00,00,00,00,00,00,00,00
128506000,2C6,false,Rx,0,8,F4,01,84,03,00,00,00,00
128522000,54,false,Rx,0,8,01,01,FE,FF,FE,FF,00,00
128522000,55,false,Rx,0,8,10,27,00,00,00,00,00,00
128522000,56,false,Rx,0,8,10,27,00,00,00,00,00,00
128533000,57,false,Rx,0,8,00,00,FE,FF,FE,FF,00,00
128572000,625,false,Rx,0,8,25,00,11,43,FD,BB,E4,01
128582000,60D,false,Rx,0,8,0D,10,DF,23,02,20,70,00
128672000,625,false,Rx,0,8,25,00,11,43,FD,BB,E4,01
128682000,60D,false,Rx,0,8,0D,10,DF,23,02,20,70,00
128706000,2C4,false,Rx,0,8,05,00,00,00,E4,02,00,00
128706000,2C5,false,Rx,0,8,00,00,00,00,00,00,00,00
128706000,2C6,false,Rx,0,8,F4,01,84,03,00,00,00,00
128722000,54,false,Rx,0,8,01,01,FE,FF,FE,FF,00,00
128722000,55,false,Rx,0,8,10,27,00,00,00,00,00,00
128722000,56,false,Rx,0,8,10,27,00,00,00,00,00,00
128733000,57,false,Rx,0,8,00,00,FE,FF,FE,FF,00,00
128772000,625,false,Rx,0,8,25,00,11,43,FD,BB,E4,01
128783000,60D,false,Rx,0,8,0D,10,DF,23,02,20,70,00
128872000,625,false,Rx,0,8,25,00,11,43,FD,BB,E4,01
128882000,60D,false,Rx,0,8,0D,10,DF,23,02,20,70,00
128906000,2C4,false,Rx,0,8,05,00,00,00,E1,02,00,00
128906000,2C5,false,Rx,0,8,00,00,00,00,00,00,00,00
128906000,2C6,false,Rx,0,8,F4,01,84,03,00,00,00,00
128922000,54,false,Rx,0,8,01,01,FE,FF,FE,FF,00,00
128922000,55,false,Rx,0,8,10,27,00,00,00,00,00,00
128922000,56,false,Rx,0,8,10,27,00,00,00,00,00,00
128933000,57,false,Rx,0,8,00,00,FE,FF,FE,FF,00,00
128972000,625,false,Rx,0,8,25,00,11,43,FD,BB,E4,01
128982000,60D,false,Rx,0,8,0D,10,DF,23,02,20,70,00
129072000,625,false,Rx,0,8,25,00,11,43,FD,BB,E4,01
129082000,60D,false,Rx,0,8,0D,10,DF,23,02,20,70,00
129106000,2C4,false,Rx,0,8,05,00,00,00,E1,02,00,00
129106000,2C5,false,Rx,0,8,00,00,00,00,00,00,00,00
129106000,2C6,false,Rx,0,8,F4,01,84,03,00,00,00,00
129122000,54,false,Rx,0,8,01,01,FE,FF,FE,FF,00,00
129122000,55,false,Rx,0,8,10,27,00,00,00,00,00,00
129122000,56,false,Rx,0,8,10,27,00,00,00,00,00,00
129133000,57,false,Rx,0,8,00,00,FE,FF,FE,FF,00,00
129172000,625,false,Rx,0,8,25,00,11,43,FD,BB,E4,01
129182000,60D,false,Rx,0,8,0D,10,DF,23,02,20,70,00
129272000,625,false,Rx,0,8,25,00,11,43,FD,BB,E4,01
129282000,60D,false,Rx,0,8,0D,10,DF,23,02,20,70,00
129306000,2C4,false,Rx,0,8,05,00,00,00,E1,02,00,00
129306000,2C5,false,Rx,0,8,00,00,00,00,00,00,00,00
129306000,2C6,false,Rx,0,8,F4,01,84,03,00,00,00,00
129322000,54,false,Rx,0,8,01,01,FE,FF,FE,FF,00,00
129322000,55,false,Rx,0,8,10,27,00,00,00,00,00,00
129322000,56,false,Rx,0,8,10,27,00,00,00,00,00,00
129333000,57,false,Rx,0,8,00,00,FE,FF,FE,FF,00,00
129372000,625,false,Rx,0,8,25,00,11,43,FD,BB,E4,01
129383000,60D,false,Rx,0,8,0D,10,DF,23,02,20,70,00
129472000,625,false,Rx,0,8,25,00,11,43,FD,BB,E4,01
129482000,60D,false,Rx,0,8,0D,10,DF,23,02,20,70,00
129506000,2C4,false,Rx,0,8,05,00,00,00,E1,02,00,00
129506000,2C5,false,Rx,0,8,00,00,00,00,00,00,00,00
129506000,2C6,false,Rx,0,8,F4,01,84,03,00,00,00,00
129522000,54,false,Rx,0,8,01,01,FE,FF,FE,FF,00,00
129522000,55,false,Rx,0,8,10,27,00,00,00,00,00,00
129522000,56,false,Rx,0,8,10,27,00,00,00,00,00,00
129533000,57,false,Rx,0,8,00,00,FE,FF,FE,FF,00,00
129572000,625,false,Rx,0,8,25,00,11,43,FD,BB,E4,01
129582000,60D,false,Rx,0,8,0D,10,DF,23,02,20,70,00
129672000,625,false,Rx,0,8,25,00,11,43,FD,BB,E4,01
129682000,60D,false,Rx,0,8,0D,10,DF,23,02,20,70,00
129706000,2C4,false,Rx,0,8,05,00,00,00,E1,02,00,00
129706000,2C5,false,Rx,0,8,00,00,00,00,00,00,00,00
129706000,2C6,false,Rx,0,8,F4,01,84,03,00,00,00,00
129722000,54,false,Rx,0,8,01,01,FE,FF,FE,FF,00,00
129722000,55,false,Rx,0,8,10,27,00,00,00,00,00,00
129722000,56,false,Rx,0,8,10,27,00,00,00,00,00,00
129733000,57,false,Rx,0,8,00,00,FE,FF,FE,FF,00,00
129772000,625,false,Rx,0,8,25,00,11,43,FD,BB,E4,01
129782000,60D,false,Rx,0,8,0D,10,DF,23,02,20,70,00
129872000,625,false,Rx,0,8,25,00,11,43,FD,BB,E4,01
129882000,60D,false,Rx,0,8,0D,10,DF,23,02,20,70,00
129906000,2C4,false,Rx,0,8,05,00,00,00,E1,02,00,00
129906000,2C5,false,Rx,0,8,00,00,00,00,00,00,00,00
129906000,2C6,false,Rx,0,8,F4,01,84,03,00,00,00,00
129922000,54,false,Rx,0,8,01,01,FE,FF,FE,FF,00,00
129922000,55,false,Rx,0,8,10,27,00,00,00,00,00,00
129922000,56,false,Rx,0,8,10,27,00,00,00,00,00,00
129933000,57,false,Rx,0,8,00,00,FE,FF,FE,FF,00,00
129972000,625,false,Rx,0,8,25,00,11,43,FD,BB,E4,01
129983000,60D,false,Rx,0,8,0D,10,DF,23,02,20,70,00
130072000,625,false,Rx,0,8,25,00,11,43,FD,BB,E4,01
130082000,60D,false,Rx,0,8,0D,10,DF,23,02,20,70,00
130106000,2C4,false,Rx,0,8,05,00,00,00,E1,02,00,00
130106000,2C5,false,Rx,0,8,00,00,00,00,00,00,00,00
130106000,2C6,false,Rx,0,8,F4,01,84,03,00,00,00,00
130122000,54,false,Rx,0,8,01,01,FE,FF,FE,FF,00,00
130122000,55,false,Rx,0,8,10,27,00,00,00,00,00,00
130122000,56,false,Rx,0,8,10,27,00,00,00,00,00,00
130133000,57,false,Rx,0,8,00,00,FE,FF,FE,FF,00,00
130172000,625,false,Rx,0,8,25,00,11,43,FD,BB,E4,01
130182000,60D,false,Rx,0,8,0D,10,DF,23,02,20,70,00
130272000,625,false,Rx,0,8,25,00,11,43,FD,BB,E4,01
130282000,60D,false,Rx,0,8,0D,10,DF,23,02,20,70,00
130306000,2C4,false,Rx,0,8,05,00,00,00,E1,02,00,00
130306000,2C5,false,Rx,0,8,00,00,00,00,00,00,00,00
130306000,2C6,false,Rx,0,8,F4,01,84,03,00,00,00,00
130322000,54,false,Rx,0,8,01,01,FE,FF,FE,FF,00,00
130322000,55,false,Rx,0,8,10,27,00,00,00,00,00,00
130322000,56,false,Rx,0,8,10,27,00,00,00,00,00,00
130333000,57,false,Rx,0,8,00,00,FE,FF,FE,FF,00,00
130371000,625,false,Rx,0,8,25,00,11,43,FD,BB,E4,01
130382000,60D,false,Rx,0,8,0D,10,DF,23,02,20,70,00
130471000,625,false,Rx,0,8,25,00,11,43,FD,BB,E4,01
130482000,60D,false,Rx,0,8,0D,10,DF,23,02,20,70,00
130506000,2C4,false,Rx,0,8,05,00,00,00,E1,02,00,00
130506000,2C5,false,Rx,0,8,00,00,00,00,00,00,00,00
130506000,2C6,false,Rx,0,8,F4,01,84,03,00,00,00,00
130522000,54,false,Rx,0,8,01,01,FE,FF,FE,FF,00,00
130522000,55,false,Rx,0,8,10,27,00,00,00,00,00,00
130522000,56,false,Rx,0,8,10,27,00,00,00,00,00,00
130533000,57,false,Rx,0,8,00,00,FE,FF,FE,FF,00,00
130571000,625,false,Rx,0,8,25,00,11,43,FD,BB,E4,01
130583000,60D,false,Rx,0,8,0D,10,DF,23,02,20,70,00
130671000,625,false,Rx,0,8,25,00,11,43,FD,BB,E4,01
130682000,60D,false,Rx,0,8,0D,10,DF,23,02,20,70,00
130706000,2C4,false,Rx,0,8,05,00,00,00,E1,02,00,00
130706000,2C5,false,Rx,0,8,00,00,00,00,00,00,00,00
130706000,2C6,false,Rx,0,8,F4,01,84,03,00,00,00,00
130722000,54,false,Rx,0,8,01,01,FE,FF,FE,FF,00,00
130722000,55,false,Rx,0,8,10,27,00,00,00,00,00,00
130722000,56,false,Rx,0,8,10,27,00,00,00,00,00,00
130733000,57,false,Rx,0,8,00,00,FE,FF,FE,FF,00,00
130771000,625,false,Rx,0,8,25,00,11,43,FD,BB,E4,01
130782000,60D,false,Rx,0,8,0D,10,DF,23,02,20,70,00
130871000,625,false,Rx,0,8,25,00,11,43,FD,BB,E4,01
130882000,60D,false,Rx,0,8,0D,10,DF,23,02,20,70,00
130906000,2C4,false,Rx,0,8,05,00,00,00,E1,02,00,00
130906000,2C5,false,Rx,0,8,00,00,00,00,00,00,00,00
130906000,2C6,false,Rx,0,8,F4,01,84,03,00,00,00,00
130922000,54,false,Rx,0,8,01,01,FE,FF,FE,FF,00,00
130922000,55,false,Rx,0,8,10,27,00,00,00,00,00,00
130922000,56,false,Rx,0,8,10,27,00,00,00,00,00,00
130933000,57,false,Rx,0,8,00,00,FE,FF,FE,FF,00,00
130971000,625,false,Rx,0,8,25,00,11,43,FD,BB,E4,01
130982000,60D,false,Rx,0,8,0D,10,DF,23,02,20,70,00
131071000,625,false,Rx,0,8,25,00,11,43,FD,BB,E4,01
131082000,60D,false,Rx,0,8,0D,10,DF,23,02,20,70,00
131106000,2C4,false,Rx,0,8,05,00,00,00,E1,02,00,00
131106000,2C5,false,Rx,0,8,00,00,00,00,00,00,00,00
131106000,2C6,false,Rx,0,8,F4,01,84,03,00,00,00,00
131122000,54,false,Rx,0,8,01,01,FE,FF,FE,FF,00,00
131122000,55,false,Rx,0,8,10,27,00,00,00,00,00,00
131122000,56,false,Rx,0,8,10,27,00,00,00,00,00,00
131133000,57,false,Rx,0,8,00,00,FE,FF,FE,FF,00,00
131171000,625,false,Rx,0,8,25,00,11,43,FD,BB,E4,01
131183000,60D,false,Rx,0,8,0D,10,DF,23,02,20,70,00
131271000,625,false,Rx,0,8,25,00,11,43,FD,BB,E4,01
131282000,60D,false,Rx,0,8,0D,10,DF,23,02,20,70,00
131306000,2C4,false,Rx,0,8,05,00,00,00,E1,02,00,00
131306000,2C5,false,Rx,0,8,00,00,00,00,00,00,00,00
131306000,2C6,false,Rx,0,8,F4,01,84,03,00,00,00,00
131322000,54,false,Rx,0,8,01,01,FE,FF,FE,FF,00,00
131322000,55,false,Rx,0,8,10,27,00,00,00,00,00,00
131322000,56,false,Rx,0,8,10,27,00,00,00,00,00,00
131333000,57,false,Rx,0,8,00,00,FE,FF,FE,FF,00,00
131371000,625,false,Rx,0,8,25,00,11,43,FD,BB,E4,01
131382000,60D,false,Rx,0,8,0D,10,DF,23,02,20,70,00
131471000,625,false,Rx,0,8,25,00,11,43,FD,BB,E4,01
131482000,60D,false,Rx,0,8,0D,10,DF,23,02,20,70,00
131506000,2C4,false,Rx,0,8,05,00,00,00,E1,02,00,00
131506000,2C5,false,Rx,0,8,00,00,00,00,00,00,00,00
131506000,2C6,false,Rx,0,8,F4,01,84,03,00,00,00,00
131522000,54,false,Rx,0,8,01,01,FE,FF,FE,FF,00,00
131522000,55,false,Rx,0,8,10,27,00,00,00,00,00,00
131522000,56,false,Rx,0,8,10,27,00,00,00,00,00,00
131533000,57,false,Rx,0,8,00,00,FE,FF,FE,FF,00,00
131571000,625,false,Rx,0,8,25,00,11,43,FD,BB,E4,01
131582000,60D,false,Rx,0,8,0D,10,DF,23,02,20,70,00
131671000,625,false,Rx,0,8,25,00,11,43,FD,BB,E4,01
131682000,60D,false,Rx,0,8,0D,10,DF,23,02,20,70,00
131706000,2C4,false,Rx,0,8,05,00,00,00,E1,02,00,00
131706000,2C5,false,Rx,0,8,00,00,00,00,00,00,00,00
131706000,2C6,false,Rx,0,8,F4,01,84,03,00,00,00,00
131722000,54,false,Rx,0,8,01,01,FE,FF,FE,FF,00,00
131722000,55,false,Rx,0,8,10,27,00,00,00,00,00,00
131722000,56,false,Rx,0,8,10,27,00,00,00,00,00,00
131733000,57,false,Rx,0,8,00,00,FE,FF,FE,FF,00,00
131771000,625,false,Rx,0,8,25,00,11,43,FD,BB,E4,01
131783000,60D,false,Rx,0,8,0D,10,DF,23,02,20,70,00
131871000,625,false,Rx,0,8,25,00,11,43,FD,BB,E4,01
131882000,60D,false,Rx,0,8,0D,10,DF,23,02,20,70,00
131906000,2C4,false,Rx,0,8,05,00,00,00,E1,02,00,00
131906000,2C5,false,Rx,0,8,00,00,00,00,00,00,00,00
131906000,2C6,false,Rx,0,8,F4,01,84,03,00,00,00,00
131922000,54,false,Rx,0,8,01,01,FE,FF,FE,FF,00,00
131922000,55,false,Rx,0,8,10,27,00,00,00,00,00,00
131922000,56,false,Rx,0,8,10,27,00,00,00,00,00,00
131933000,57,false,Rx,0,8,00,00,FE,FF,FE,FF,00,00
131971000,625,false,Rx,0,8,25,00,11,43,FD,BB,E4,01
131983000,60D,false,Rx,0,8,0D,10,DF,23,02,20,70,00
132071000,625,false,Rx,0,8,25,00,11,43,FD,BB,E4,01
132082000,60D,false,Rx,0,8,0D,10,DF,23,02,20,70,00
132106000,2C4,false,Rx,0,8,05,00,00,00,E1,02,00,00
132106000,2C5,false,Rx,0,8,00,00,00,00,00,00,00,00
132106000,2C6,false,Rx,0,8,F4,01,84,03,00,00,00,00
132122000,54,false,Rx,0,8,01,01,FE,FF,FE,FF,00,00
132122000,55,false,Rx,0,8,10,27,00,00,00,00,00,00
132122000,56,false,Rx,0,8,10,27,00,00,00,00,00,00
132133000,57,false,Rx,0,8,00,00,FE,FF,FE,FF,00,00
132171000,625,false,Rx,0,8,25,00,11,43,FD,BB,E4,01
132183000,60D,false,Rx,0,8,0D,10,DF,23,02,20,70,00
132271000,625,false,Rx,0,8,25,00,11,43,FD,BB,E4,01
132282000,60D,false,Rx,0,8,0D,10,DF,23,02,20,70,00
132306000,2C4,false,Rx,0,8,05,00,00,00,DF,02,00,00
132306000,2C5,false,Rx,0,8,00,00,00,00,00,00,00,00
132306000,2C6,false,Rx,0,8,F4,01,84,03,00,00,00,00
132322000,54,false,Rx,0,8,01,01,FE,FF,FE,FF,00,00
132322000,55,false,Rx,0,8,10,27,00,00,00,00,00,00
132322000,56,false,Rx,0,8,10,27,00,00,00,00,00,00
132333000,57,false,Rx,0,8,00,00,FE,FF,FE,FF,00,00
132371000,625,false,Rx,0,8,25,00,11,43,FD,BB,E4,01
132382000,60D,false,Rx,0,8,0D,10,DF,23,02,20,70,00
132471000,625,false,Rx,0,8,25,00,11,43,FD,BB,E4,01
132482000,60D,false,Rx,0,8,0D,10,DF,23,02,20,70,00
132506000,2C4,false,Rx,0,8,05,00,00,00,E1,02,00,00
132506000,2C5,false,Rx,0,8,00,00,00,00,00,00,00,00
132506000,2C6,false,Rx,0,8,F4,01,84,03,00,00,00,00
132522000,54,false,Rx,0,8,01,01,FE,FF,FE,FF,00,00
132522000,55,false,Rx,0,8,10,27,00,00,00,00,00,00
132522000,56,false,Rx,0,8,10,27,00,00,00,00,00,00
132533000,57,false,Rx,0,8,00,00,FE,FF,FE,FF,00,00
132571000,625,false,Rx,0,8,25,00,11,43,FD,BB,E4,01
132582000,60D,false,Rx,0,8,0D,10,DF,23,02,20,70,00
132671000,625,false,Rx,0,8,25,00,11,43,FD,BB,E4,01
132682000,60D,false,Rx,0,8,0D,10,DF,23,02,20,70,00
132706000,2C4,false,Rx,0,8,05,00,00,00,E1,02,00,00
132706000,2C5,false,Rx,0,8,00,00,00,00,00,00,00,00
132706000,2C6,false,Rx,0,8,F4,01,84,03,00,00,00,00
132722000,54,false,Rx,0,8,01,01,FE,FF,FE,FF,00,00
132722000,55,false,Rx,0,8,10,27,00,00,00,00,00,00
132722000,56,false,Rx,0,8,10,27,00,00,00,00,00,00
132733000,57,false,Rx,0,8,00,00,FE,FF,FE,FF,00,00
132771000,625,false,Rx,0,8,25,00,11,43,FD,BB,E4,01
132783000,60D,false,Rx,0,8,0D,10,DF,23,02,20,70,00
132871000,625,false,Rx,0,8,25,00,11,43,FD,BB,E4,01
132882000,60D,false,Rx,0,8,0D,10,DF,23,02,20,70,00
132905000,2C4,false,Rx,0,8,05,00,00,00,E1,02,00,00
132906000,2C5,false,Rx,0,8,00,00,00,00,00,00,00,00
132906000,2C6,false,Rx,0,8,F4,01,84,03,00,00,00,00
132922000,54,false,Rx,0,8,01,01,FE,FF,FE,FF,00,00
132922000,55,false,Rx,0,8,10,27,00,00,00,00,00,00
132922000,56,false,Rx,0,8,10,27,00,00,00,00,00,00
132933000,57,false,Rx,0,8,00,00,FE,FF,FE,FF,00,00
132971000,625,false,Rx,0,8,25,00,11,43,FD,BB,E4,01
132982000,60D,false,Rx,0,8,0D,10,DF,23,02,20,70,00
133071000,625,false,Rx,0,8,25,00,11,43,FD,BB,E4,01
133082000,60D,false,Rx,0,8,0D,10,DF,23,02,20,70,00
133105000,2C4,false,Rx,0,8,05,00,00,00,E1,02,00,00
133106000,2C5,false,Rx,0,8,00,00,00,00,00,00,00,00
133106000,2C6,false,Rx,0,8,F4,01,84,03,00,00,00,00
133122000,54,false,Rx,0,8,01,01,FE,FF,FE,FF,00,00
133122000,55,false,Rx,0,8,10,27,00,00,00,00,00,00
133122000,56,false,Rx,0,8,10,27,00,00,00,00,00,00
133133000,57,false,Rx,0,8,00,00,FE,FF,FE,FF,00,00
133171000,625,false,Rx,0,8,25,00,11,43,FD,BB,E4,01
133182000,60D,false,Rx,0,8,0D,10,DF,23,02,20,70,00
133271000,625,false,Rx,0,8,25,00,11,43,FD,BB,E4,01
133282000,60D,false,Rx,0,8,0D,10,DF,23,02,20,70,00
133305000,2C4,false,Rx,0,8,05,00,00,00,E1,02,00,00
133306000,2C5,false,Rx,0,8,00,00,00,00,00,00,00,00
133306000,2C6,false,Rx,0,8,F4,01,84,03,00,00,00,00
133322000,54,false,Rx,0,8,01,01,FE,FF,FE,FF,00,00
133322000,55,false,Rx,0,8,10,27,00,00,00,00,00,00
133322000,56,false,Rx,0,8,10,27,00,00,00,00,00,00
133333000,57,false,Rx,0,8,00,00,FE,FF,FE,FF,00,00
133371000,625,false,Rx,0,8,25,00,11,43,FD,BB,E4,01
133383000,60D,false,Rx,0,8,0D,10,DF,23,02,20,70,00
133471000,625,false,Rx,0,8,25,00,11,43,FD,BB,E4,01
133482000,60D,false,Rx,0,8,0D,10,DF,23,02,20,70,00
133505000,2C4,false,Rx,0,8,05,00,00,00,E1,02,00,00
133506000,2C5,false,Rx,0,8,00,00,00,00,00,00,00,00
133506000,2C6,false,Rx,0,8,F4,01,84,03,00,00,00,00
133522000,54,false,Rx,0,8,01,01,FE,FF,FE,FF,00,00
133522000,55,false,Rx,0,8,10,27,00,00,00,00,00,00
133522000,56,false,Rx,0,8,10,27,00,00,00,00,00,00
133533000,57,false,Rx,0,8,00,00,FE,FF,FE,FF,00,00
133571000,625,false,Rx,0,8,25,00,11,43,FD,BB,E4,01
133582000,60D,false,Rx,0,8,0D,10,DF,23,02,20,70,00
133671000,625,false,Rx,0,8,25,00,11,43,FD,BB,E4,01
133682000,60D,false,Rx,0,8,0D,10,DF,23,02,20,70,00
133705000,2C4,false,Rx,0,8,05,00,00,00,E1,02,00,00
133706000,2C5,false,Rx,0,8,00,00,00,00,00,00,00,00
133706000,2C6,false,Rx,0,8,F4,01,84,03,00,00,00,00
133722000,54,false,Rx,0,8,01,01,FE,FF,FE,FF,00,00
133722000,55,false,Rx,0,8,10,27,00,00,00,00,00,00
133722000,56,false,Rx,0,8,10,27,00,00,00,00,00,00
133733000,57,false,Rx,0,8,00,00,FE,FF,FE,FF,00,00
133771000,625,false,Rx,0,8,25,00,11,43,FD,BB,E4,01
133782000,60D,false,Rx,0,8,0D,10,DF,23,02,20,70,00
133871000,625,false,Rx,0,8,25,00,11,43,FD,BB,E4,01
133882000,60D,false,Rx,0,8,0D,10,DF,23,02,20,70,00
133905000,2C4,false,Rx,0,8,05,00,00,00,E1,02,00,00
133906000,2C5,false,Rx,0,8,00,00,00,00,00,00,00,00
133906000,2C6,false,Rx,0,8,F4,01,84,03,00,00,00,00
133922000,54,false,Rx,0,8,01,01,FE,FF,FE,FF,00,00
133922000,55,false,Rx,0,8,10,27,00,00,00,00,00,00
133922000,56,false,Rx,0,8,10,27,00,00,00,00,00,00
133933000,57,false,Rx,0,8,00,00,FE,FF,FE,FF,00,00
133971000,625,false,Rx,0,8,25,00,11,43,FD,BB,E4,01
133983000,60D,false,Rx,0,8,0D,10,DF,23,02,20,70,00
134071000,625,false,Rx,0,8,25,00,11,43,FD,BB,E4,01
134082000,60D,false,Rx,0,8,0D,10,DF,23,02,20,70,00
134105000,2C4,false,Rx,0,8,05,00,00,00,DF,02,00,00
134106000,2C5,false,Rx,0,8,00,00,00,00,00,00,00,00
134106000,2C6,false,Rx,0,8,F4,01,84,03,00,00,00,00
134122000,54,false,Rx,0,8,01,01,FE,FF,FE,FF,00,00
134122000,55,false,Rx,0,8,10,27,00,00,00,00,00,00
134122000,56,false,Rx,0,8,10,27,00,00,00,00,00,00
134133000,57,false,Rx,0,8,00,00,FE,FF,FE,FF,00,00
134171000,625,false,Rx,0,8,25,00,11,43,FD,BB,E4,01
134182000,60D,false,Rx,0,8,0D,10,DF,23,02,20,70,00
134271000,625,false,Rx,0,8,25,00,11,43,FD,BB,E4,01
134282000,60D,false,Rx,0,8,0D,10,DF,23,02,20,70,00
134305000,2C4,false,Rx,0,8,05,00,00,00,E1,02,00,00
134306000,2C5,false,Rx,0,8,00,00,00,00,00,00,00,00
134306000,2C6,false,Rx,0,8,F4,01,84,03,00,00,00,00
134322000,54,false,Rx,0,8,01,01,FE,FF,FE,FF,00,00
134322000,55,false,Rx,0,8,10,27,00,00,00,00,00,00
134322000,56,false,Rx,0,8,10,27,00,00,00,00,00,00
134333000,57,false,Rx,0,8,00,00,FE,FF,FE,FF,00,00
134371000,625,false,Rx,0,8,25,00,11,43,FD,BB,E4,01
134382000,60D,false,Rx,0,8,0D,10,DF,23,02,20,70,00
134471000,625,false,Rx,0,8,25,00,11,43,FD,BB,E4,01
134482000,60D,false,Rx,0,8,0D,10,DF,23,02,20,70,00
134505000,2C4,false,Rx,0,8,05,00,00,00,E1,02,00,00
134506000,2C5,false,Rx,0,8,00,00,00,00,00,00,00,00
134506000,2C6,false,Rx,0,8,F4,01,84,03,00,00,00,00
134522000,54,false,Rx,0,8,01,01,FE,FF,FE,FF,00,00
134522000,55,false,Rx,0,8,10,27,00,00,00,00,00,00
134522000,56,false,Rx,0,8,10,27,00,00,00,00,00,00
134533000,57,false,Rx,0,8,00,00,FE,FF,FE,FF,00,00
134571000,625,false,Rx,0,8,25,00,11,43,FD,BB,E4,01
134583000,60D,false,Rx,0,8,0D,10,DF,23,02,20,70,00
134671000,625,false,Rx,0,8,25,00,11,43,FD,BB,E4,01
134682000,60D,false,Rx,0,8,0D,10,DF,23,02,20,70,00
134705000,2C4,false,Rx,0,8,05,00,00,00,E1,02,00,00
134706000,2C5,false,Rx,0,8,00,00,00,00,00,00,00,00
134706000,2C6,false,Rx,0,8,F4,01,84,03,00,00,00,00
134722000,54,false,Rx,0,8,01,01,FE,FF,FE,FF,00,00
134722000,55,false,Rx,0,8,10,27,00,00,00,00,00,00
134722000,56,false,Rx,0,8,10,27,00,00,00,00,00,00
134733000,57,false,Rx,0,8,00,00,FE,FF,FE,FF,00,00
134771000,625,false,Rx,0,8,25,00,11,43,FD,BB,E4,01
134782000,60D,false,Rx,0,8,0D,10,DF,23,02,20,70,00
134871000,625,false,Rx,0,8,25,00,11,43,FD,BB,E4,01
134882000,60D,false,Rx,0,8,0D,10,DF,23,02,20,70,00
134905000,2C4,false,Rx,0,8,05,00,00,00,DF,02,00,00
134906000,2C5,false,Rx,0,8,00,00,00,00,00,00,00,00
134906000,2C6,false,Rx,0,8,F4,01,84,03,00,00,00,00
134922000,54,false,Rx,0,8,01,01,FE,FF,FE,FF,00,00
134922000,55,false,Rx,0,8,10,27,00,00,00,00,00,00
134922000,56,false,Rx,0,8,10,27,00,00,00,00,00,00
134933000,57,false,Rx,0,8,00,00,FE,FF,FE,FF,00,00
134971000,625,false,Rx,0,8,25,00,11,43,FD,BB,E4,01
134982000,60D,false,Rx,0,8,0D,10,DF,23,02,20,70,00
135071000,625,false,Rx,0,8,25,00,11,43,FD,BB,E4,01
135082000,60D,false,Rx,0,8,0D,10,DF,23,02,20,70,00
135105000,2C4,false,Rx,0,8,05,00,00,00,E1,02,00,00
135106000,2C5,false,Rx,0,8,00,00,00,00,00,00,00,00
135106000,2C6,false,Rx,0,8,F4,01,84,03,00,00,00,00
135122000,54,false,Rx,0,8,01,01,FE,FF,FE,FF,00,00
135122000,55,false,Rx,0,8,10,27,00,00,00,00,00,00
135122000,56,false,Rx,0,8,10,27,00,00,00,00,00,00
135133000,57,false,Rx,0,8,00,00,FE,FF,FE,FF,00,00
135171000,625,false,Rx,0,8,25,00,11,43,FD,BB,E4,01
135183000,60D,false,Rx,0,8,0D,10,DF,23,02,20,70,00
135271000,625,false,Rx,0,8,25,00,11,43,FD,BB,E4,01
135282000,60D,false,Rx,0,8,0D,10,DF,23,02,20,70,00
135305000,2C4,false,Rx,0,8,05,00,00,00,E1,02,00,00
135306000,2C5,false,Rx,0,8,00,00,00,00,00,00,00,00
135306000,2C6,false,Rx,0,8,F4,01,84,03,00,00,00,00
135322000,54,false,Rx,0,8,01,01,FE,FF,FE,FF,00,00
135322000,55,false,Rx,0,8,10,27,00,00,00,00,00,00
135322000,56,false,Rx,0,8,10,27,00,00,00,00,00,00
135333000,57,false,Rx,0,8,00,00,FE,FF,FE,FF,00,00
135371000,625,false,Rx,0,8,25,00,11,43,FD,BB,E4,01
135382000,60D,false,Rx,0,8,0D,10,DF,23,02,20,70,00
135471000,625,false,Rx,0,8,25,00,11,43,FD,BB,E4,01
135482000,60D,false,Rx,0,8,0D,10,DF,23,02,20,70,00
135505000,2C4,false,Rx,0,8,05,00,00,00,E1,02,00,00
135506000,2C5,false,Rx,0,8,00,00,00,00,00,00,00,00
135506000,2C6,false,Rx,0,8,F4,01,84,03,00,00,00,00
135522000,54,false,Rx,0,8,01,01,FE,FF,FE,FF,00,00
135522000,55,false,Rx,0,8,10,27,00,00,00,00,00,00
135522000,56,false,Rx,0,8,10,27,00,00,00,00,00,00
135532000,57,false,Rx,0,8,00,00,FE,FF,FE,FF,00,00
135571000,625,false,Rx,0,8,25,00,11,43,FD,BB,E4,01
135582000,60D,false,Rx,0,8,0D,10,DF,23,02,20,70,00
135671000,625,false,Rx,0,8,25,00,11,43,FD,BB,E4,01
135682000,60D,false,Rx,0,8,0D,10,DF,23,02,20,70,00
135705000,2C4,false,Rx,0,8,05,00,00,00,DF,02,00,00
135706000,2C5,false,Rx,0,8,00,00,00,00,00,00,00,00
135706000,2C6,false,Rx,0,8,F4,01,84,03,00,00,00,00
135722000,54,false,Rx,0,8,01,01,FE,FF,FE,FF,00,00
135722000,55,false,Rx,0,8,10,27,00,00,00,00,00,00
135722000,56,false,Rx,0,8,10,27,00,00,00,00,00,00
135733000,57,false,Rx,0,8,00,00,FE,FF,FE,FF,00,00
135771000,625,false,Rx,0,8,25,00,11,43,FD,BB,E4,01
135783000,60D,false,Rx,0,8,0D,10,DF,23,02,20,70,00
135871000,625,false,Rx,0,8,25,00,11,43,FD,BB,E4,01
135882000,60D,false,Rx,0,8,0D,10,DF,23,02,20,70,00
135905000,2C4,false,Rx,0,8,05,00,00,00,E1,02,00,00
135906000,2C5,false,Rx,0,8,00,00,00,00,00,00,00,00
135906000,2C6,false,Rx,0,8,F4,01,84,03,00,00,00,00
135922000,54,false,Rx,0,8,01,01,FE,FF,FE,FF,00,00
135922000,55,false,Rx,0,8,10,27,00,00,00,00,00,00
135922000,56,false,Rx,0,8,10,27,00,00,00,00,00,00
135933000,57,false,Rx,0,8,00,00,FE,FF,FE,FF,00,00
135971000,625,false,Rx,0,8,25,00,11,43,FD,BB,E4,01
135982000,60D,false,Rx,0,8,0D,10,DF,23,02,20,70,00
136071000,625,false,Rx,0,8,25,00,11,43,FD,BB,E4,01
136082000,60D,false,Rx,0,8,0D,10,DF,23,02,20,70,00
136105000,2C4,false,Rx,0,8,05,00,00,00,E1,02,00,00
136106000,2C5,false,Rx,0,8,00,00,00,00,00,00,00,00
136106000,2C6,false,Rx,0,8,F4,01,84,03,00,00,00,00
136122000,54,false,Rx,0,8,01,01,FE,FF,FE,FF,00,00
136122000,55,false,Rx,0,8,10,27,00,00,00,00,00,00
136122000,56,false,Rx,0,8,10,27,00,00,00,00,00,00
136133000,57,false,Rx,0,8,00,00,FE,FF,FE,FF,00,00
136171000,625,false,Rx,0,8,25,00,11,43,FD,BB,E4,01
136182000,60D,false,Rx,0,8,0D,10,DF,23,02,20,70,00
136271000,625,false,Rx,0,8,25,00,11,43,FD,BB,E4,01
136282000,60D,false,Rx,0,8,0D,10,DF,23,02,20,70,00
136305000,2C4,false,Rx,0,8,05,00,00,00,E1,02,00,00
136306000,2C5,false,Rx,0,8,00,00,00,00,00,00,00,00
136306000,2C6,false,Rx,0,8,F4,01,84,03,00,00,00,00
136322000,54,false,Rx,0,8,01,01,FE,FF,FE,FF,00,00
136322000,55,false,Rx,0,8,10,27,00,00,00,00,00,00
136322000,56,false,Rx,0,8,10,27,00,00,00,00,00,00
136333000,57,false,Rx,0,8,00,00,FE,FF,FE,FF,00,00
136371000,625,false,Rx,0,8,25,00,11,43,FD,BB,E4,01
136383000,60D,false,Rx,0,8,0D,10,DF,23,02,20,70,00
136471000,625,false,Rx,0,8,25,00,11,43,FD,BB,E4,01
136482000,60D,false,Rx,0,8,0D,10,DF,23,02,20,70,00
136505000,2C4,false,Rx,0,8,05,00,00,00,DF,02,00,00
136506000,2C5,false,Rx,0,8,00,00,00,00,00,00,00,00
136506000,2C6,false,Rx,0,8,F4,01,84,03,00,00,00,00
136522000,54,false,Rx,0,8,01,01,FE,FF,FE,FF,00,00
136522000,55,false,Rx,0,8,10,27,00,00,00,00,00,00
136522000,56,false,Rx,0,8,10,27,00,00,00,00,00,00
136533000,57,false,Rx,0,8,00,00,FE,FF,FE,FF,00,00
136571000,625,false,Rx,0,8,25,00,11,43,FD,BB,E4,01
136582000,60D,false,Rx,0,8,0D,10,DF,23,02,20,70,00
136671000,625,false,Rx,0,8,25,00,11,43,FD,BB,E4,01
136682000,60D,false,Rx,0,8,0D,10,DF,23,02,20,70,00
136705000,2C4,false,Rx,0,8,05,00,00,00,DF,02,00,00
136706000,2C5,false,Rx,0,8,00,00,00,00,00,00,00,00
136706000,2C6,false,Rx,0,8,F4,01,84,03,00,00,00,00
136722000,54,false,Rx,0,8,01,01,FE,FF,FE,FF,00,00
136722000,55,false,Rx,0,8,10,27,00,00,00,00,00,00
136722000,56,false,Rx,0,8,10,27,00,00,00,00,00,00
136733000,57,false,Rx,0,8,00,00,FE,FF,FE,FF,00,00
136771000,625,false,Rx,0,8,25,00,11,43,FD,BB,E4,01
136782000,60D,false,Rx,0,8,0D,10,DF,23,02,20,70,00
136871000,625,false,Rx,0,8,25,00,11,43,FD,BB,E4,01
136882000,60D,false,Rx,0,8,0D,10,DF,23,02,20,70,00
136905000,2C4,false,Rx,0,8,05,00,00,00,E1,02,00,00
136906000,2C5,false,Rx,0,8,00,00,00,00,00,00,00,00
136906000,2C6,false,Rx,0,8,F4,01,84,03,00,00,00,00
136922000,54,false,Rx,0,8,01,01,FE,FF,FE,FF,00,00
136922000,55,false,Rx,0,8,10,27,00,00,00,00,00,00
136922000,56,false,Rx,0,8,10,27,00,00,00,00,00,00
136933000,57,false,Rx,0,8,00,00,FE,FF,FE,FF,00,00
136971000,625,false,Rx,0,8,25,00,11,43,FD,BB,E4,01
136982000,60D,false,Rx,0,8,0D,10,DF,23,02,20,70,00
137071000,625,false,Rx,0,8,25,00,11,43,FD,BB,E4,01
137082000,60D,false,Rx,0,8,0D,10,DF,23,02,20,70,00
137105000,2C4,false,Rx,0,8,05,00,00,00,E1,02,00,00
137106000,2C5,false,Rx,0,8,00,00,00,00,00,00,00,00
137106000,2C6,false,Rx,0,8,F4,01,84,03,00,00,00,00
137122000,54,false,Rx,0,8,01,01,FE,FF,FE,FF,00,00
137122000,55,false,Rx,0,8,10,27,00,00,00,00,00,00
137122000,56,false,Rx,0,8,10,27,00,00,00,00,00,00
137133000,57,false,Rx,0,8,00,00,FE,FF,FE,FF,00,00
137171000,625,false,Rx,0,8,25,00,11,43,FD,BB,E4,01
137183000,60D,false,Rx,0,8,0D,10,DF,23,02,20,70,00
137271000,625,false,Rx,0,8,25,00,11,43,FD,BB,E4,01
137282000,60D,false,Rx,0,8,0D,10,DF,23,02,20,70,00
137305000,2C4,false,Rx,0,8,05,00,00,00,E1,02,00,00
137306000,2C5,false,Rx,0,8,00,00,00,00,00,00,00,00
137306000,2C6,false,Rx,0,8,F4,01,84,03,00,00,00,00
137322000,54,false,Rx,0,8,01,01,FE,FF,FE,FF,00,00
137322000,55,false,Rx,0,8,10,27,00,00,00,00,00,00
137322000,56,false,Rx,0,8,10,27,00,00,00,00,00,00
137333000,57,false,Rx,0,8,00,00,FE,FF,FE,FF,00,00
137371000,625,false,Rx,0,8,25,00,11,43,FD,BB,E4,01
137382000,60D,false,Rx,0,8,0D,10,DF,23,02,20,70,00
137471000,625,false,Rx,0,8,25,00,11,43,FD,BB,E4,01
137482000,60D,false,Rx,0,8,0D,10,DF,23,02,20,70,00
137505000,2C4,false,Rx,0,8,05,00,00,00,DF,02,00,00
137505000,2C5,false,Rx,0,8,00,00,00,00,00,00,00,00
137506000,2C6,false,Rx,0,8,F4,01,84,03,00,00,00,00
137522000,54,false,Rx,0,8,01,01,FE,FF,FE,FF,00,00
137522000,55,false,Rx,0,8,10,27,00,00,00,00,00,00
137522000,56,false,Rx,0,8,10,27,00,00,00,00,00,00
137533000,57,false,Rx,0,8,00,00,FE,FF,FE,FF,00,00
137571000,625,false,Rx,0,8,25,00,11,43,FD,BB,E4,01
137582000,60D,false,Rx,0,8,0D,10,DF,23,02,20,70,00
137671000,625,false,Rx,0,8,25,00,11,43,FD,BB,E4,01
137682000,60D,false,Rx,0,8,0D,10,DF,23,02,20,70,00
137705000,2C4,false,Rx,0,8,05,00,00,00,DF,02,00,00
137705000,2C5,false,Rx,0,8,00,00,00,00,00,00,00,00
137706000,2C6,false,Rx,0,8,F4,01,84,03,00,00,00,00
137722000,54,false,Rx,0,8,01,01,FE,FF,FE,FF,00,00
137722000,55,false,Rx,0,8,10,27,00,00,00,00,00,00
137722000,56,false,Rx,0,8,10,27,00,00,00,00,00,00
137733000,57,false,Rx,0,8,00,00,FE,FF,FE,FF,00,00
137771000,625,false,Rx,0,8,25,00,11,43,FD,BB,E4,01
137783000,60D,false,Rx,0,8,0D,10,DF,23,02,20,70,00
137871000,625,false,Rx,0,8,25,00,11,43,FD,BB,E4,01
137882000,60D,false,Rx,0,8,0D,10,DF,23,02,20,70,00
137905000,2C4,false,Rx,0,8,05,00,00,00,E1,02,00,00
137905000,2C5,false,Rx,0,8,00,00,00,00,00,00,00,00
137906000,2C6,false,Rx,0,8,F4,01,84,03,00,00,00,00
137922000,54,false,Rx,0,8,01,01,FE,FF,FE,FF,00,00
137922000,55,false,Rx,0,8,10,27,00,00,00,00,00,00
137922000,56,false,Rx,0,8,10,27,00,00,00,00,00,00
137933000,57,false,Rx,0,8,00,00,FE,FF,FE,FF,00,00
137971000,625,false,Rx,0,8,25,00,11,43,FD,BB,E4,01
137982000,60D,false,Rx,0,8,0D,10,DF,23,02,20,70,00
138071000,625,false,Rx,0,8,25,00,11,43,FD,BB,E4,01
138082000,60D,false,Rx,0,8,0D,10,DF,23,02,20,70,00
138105000,2C4,false,Rx,0,8,05,00,00,00,E1,02,00,00
138105000,2C5,false,Rx,0,8,00,00,00,00,00,00,00,00
138106000,2C6,false,Rx,0,8,F4,01,84,03,00,00,00,00
138122000,54,false,Rx,0,8,01,01,FE,FF,FE,FF,00,00
138122000,55,false,Rx,0,8,10,27,00,00,00,00,00,00
138122000,56,false,Rx,0,8,10,27,00,00,00,00,00,00
138133000,57,false,Rx,0,8,00,00,FE,FF,FE,FF,00,00
138171000,625,false,Rx,0,8,25,00,11,43,FD,BB,E4,01
138182000,60D,false,Rx,0,8,0D,10,DF,23,02,20,70,00
138271000,625,false,Rx,0,8,25,00,11,43,FD,BB,E4,01
138282000,60D,false,Rx,0,8,0D,10,DF,23,02,20,70,00
138305000,2C4,false,Rx,0,8,05,00,00,00,DF,02,00,00
138305000,2C5,false,Rx,0,8,00,00,00,00,00,00,00,00
138306000,2C6,false,Rx,0,8,F4,01,84,03,00,00,00,00
138322000,54,false,Rx,0,8,01,01,FE,FF,FE,FF,00,00
138322000,55,false,Rx,0,8,10,27,00,00,00,00,00,00
138322000,56,false,Rx,0,8,10,27,00,00,00,00,00,00
138333000,57,false,Rx,0,8,00,00,FE,FF,FE,FF,00,00
138371000,625,false,Rx,0,8,25,00,11,43,FD,BB,E4,01
138383000,60D,false,Rx,0,8,0D,10,DF,23,02,20,70,00
138471000,625,false,Rx,0,8,25,00,11,43,FD,BB,E4,01
138482000,60D,false,Rx,0,8,0D,10,DF,23,02,20,70,00
138505000,2C4,false,Rx,0,8,05,00,00,00,E1,02,00,00
138505000,2C5,false,Rx,0,8,00,00,00,00,00,00,00,00
138506000,2C6,false,Rx,0,8,F4,01,84,03,00,00,00,00
138522000,54,false,Rx,0,8,01,01,FE,FF,FE,FF,00,00
138522000,55,false,Rx,0,8,10,27,00,00,00,00,00,00
138522000,56,false,Rx,0,8,10,27,00,00,00,00,00,00
138533000,57,false,Rx,0,8,00,00,FE,FF,FE,FF,00,00
138571000,625,false,Rx,0,8,25,00,11,43,FD,BB,E4,01
138582000,60D,false,Rx,0,8,0D,10,DF,23,02,20,70,00
138671000,625,false,Rx,0,8,25,00,11,43,FD,BB,E4,01
138682000,60D,false,Rx,0,8,0D,10,DF,23,02,20,70,00
138705000,2C4,false,Rx,0,8,05,00,00,00,E1,02,00,00
138705000,2C5,false,Rx,0,8,00,00,00,00,00,00,00,00
138706000,2C6,false,Rx,0,8,F4,01,84,03,00,00,00,00
138722000,54,false,Rx,0,8,01,01,FE,FF,FE,FF,00,00
138722000,55,false,Rx,0,8,10,27,00,00,00,00,00,00
138722000,56,false,Rx,0,8,10,27,00,00,00,00,00,00
138733000,57,false,Rx,0,8,00,00,FE,FF,FE,FF,00,00
138771000,625,false,Rx,0,8,25,00,11,43,FD,BB,E4,01
138782000,60D,false,Rx,0,8,0D,10,DF,23,02,20,70,00
138871000,625,false,Rx,0,8,25,00,11,43,FD,BB,E4,01
138882000,60D,false,Rx,0,8,0D,10,DF,23,02,20,70,00
138905000,2C4,false,Rx,0,8,05,00,00,00,E1,02,00,00
138905000,2C5,false,Rx,0,8,00,00,00,00,00,00,00,00
138906000,2C6,false,Rx,0,8,F4,01,84,03,00,00,00,00
138922000,54,false,Rx,0,8,01,01,FE,FF,FE,FF,00,00
138922000,55,false,Rx,0,8,10,27,00,00,00,00,00,00
138922000,56,false,Rx,0,8,10,27,00,00,00,00,00,00
138933000,57,false,Rx,0,8,00,00,FE,FF,FE,FF,00,00
138971000,625,false,Rx,0,8,25,00,11,43,FD,BB,E4,01
138983000,60D,false,Rx,0,8,0D,10,DF,23,02,20,70,00
139071000,625,false,Rx,0,8,25,00,11,43,FD,BB,E4,01
139082000,60D,false,Rx,0,8,0D,10,DF,23,02,20,70,00
139105000,2C4,false,Rx,0,8,05,00,00,00,DF,02,00,00
139105000,2C5,false,Rx,0,8,00,00,00,00,00,00,00,00
139106000,2C6,false,Rx,0,8,F4,01,84,03,00,00,00,00
139122000,54,false,Rx,0,8,01,01,FE,FF,FE,FF,00,00
139122000,55,false,Rx,0,8,10,27,00,00,00,00,00,00
139122000,56,false,Rx,0,8,10,27,00,00,00,00,00,00
139133000,57,false,Rx,0,8,00,00,FE,FF,FE,FF,00,00
139171000,625,false,Rx,0,8,25,00,11,43,FD,BB,E4,01
139182000,60D,false,Rx,0,8,0D,10,DF,23,02,20,70,00
139271000,625,false,Rx,0,8,25,00,11,43,FD,BB,E4,01
139282000,60D,false,Rx,0,8,0D,10,DF,23,02,20,70,00
139305000,2C4,false,Rx,0,8,05,00,00,00,E1,02,00,00
139305000,2C5,false,Rx,0,8,00,00,00,00,00,00,00,00
139306000,2C6,false,Rx,0,8,F4,01,84,03,00,00,00,00
139321000,54,false,Rx,0,8,01,01,FE,FF,FE,FF,00,00
139322000,55,false,Rx,0,8,10,27,00,00,00,00,00,00
139322000,56,false,Rx,0,8,10,27,00,00,00,00,00,00
139333000,57,false,Rx,0,8,00,00,FE,FF,FE,FF,00,00
139371000,625,false,Rx,0,8,25,00,11,43,FD,BB,E4,01
139382000,60D,false,Rx,0,8,0D,10,DF,23,02,20,70,00
139471000,625,false,Rx,0,8,25,00,11,43,FD,BB,E4,01
139482000,60D,false,Rx,0,8,0D,10,DF,23,02,20,70,00
139505000,2C4,false,Rx,0,8,05,00,00,00,E1,02,00,00
139505000,2C5,false,Rx,0,8,00,00,00,00,00,00,00,00
139506000,2C6,false,Rx,0,8,F4,01,84,03,00,00,00,00
139522000,54,false,Rx,0,8,01,01,FE,FF,FE,FF,00,00
139522000,55,false,Rx,0,8,10,27,00,00,00,00,00,00
139522000,56,false,Rx,0,8,10,27,00,00,00,00,00,00
139533000,57,false,Rx,0,8,00,00,FE,FF,FE,FF,00,00
139571000,625,false,Rx,0,8,25,00,11,43,FD,BB,E4,01
139583000,60D,false,Rx,0,8,0D,10,DF,23,02,20,70,00
139671000,625,false,Rx,0,8,25,00,11,43,FD,BB,E4,01
139682000,60D,false,Rx,0,8,0D,10,DF,23,02,20,70,00
139705000,2C4,false,Rx,0,8,05,00,00,00,E1,02,00,00
139705000,2C5,false,Rx,0,8,00,00,00,00,00,00,00,00
139706000,2C6,false,Rx,0,8,F4,01,84,03,00,00,00,00
139722000,54,false,Rx,0,8,01,01,FE,FF,FE,FF,00,00
139722000,55,false,Rx,0,8,10,27,00,00,00,00,00,00
139723000,56,false,Rx,0,8,10,27,00,00,00,00,00,00
139733000,57,false,Rx,0,8,00,00,FE,FF,FE,FF,00,00
139771000,625,false,Rx,0,8,25,00,11,43,FD,BB,E4,01
139782000,60D,false,Rx,0,8,0D,10,DF,23,02,20,70,00
139871000,625,false,Rx,0,8,25,00,11,43,FD,BB,E4,01
139882000,60D,false,Rx,0,8,0D,10,DF,23,02,20,70,00
139905000,2C4,false,Rx,0,8,05,00,00,00,E1,02,00,00
139905000,2C5,false,Rx,0,8,00,00,00,00,00,00,00,00
139906000,2C6,false,Rx,0,8,F4,01,84,03,00,00,00,00
139921000,54,false,Rx,0,8,01,01,FE,FF,FE,FF,00,00
139922000,55,false,Rx,0,8,10,27,00,00,00,00,00,00
139922000,56,false,Rx,0,8,10,27,00,00,00,00,00,00
139932000,57,false,Rx,0,8,00,00,FE,FF,FE,FF,00,00
139971000,625,false,Rx,0,8,25,00,11,43,FD,BB,E4,01
139982000,60D,false,Rx,0,8,0D,10,DF,23,02,20,70,00
140071000,625,false,Rx,0,8,25,00,11,43,FD,BB,E4,01
140082000,60D,false,Rx,0,8,0D,10,DF,23,02,20,70,00
140105000,2C4,false,Rx,0,8,05,00,00,00,DF,02,00,00
140105000,2C5,false,Rx,0,8,00,00,00,00,00,00,00,00
140106000,2C6,false,Rx,0,8,F4,01,84,03,00,00,00,00
140122000,54,false,Rx,0,8,01,01,FE,FF,FE,FF,00,00
140122000,55,false,Rx,0,8,10,27,00,00,00,00,00,00
140122000,56,false,Rx,0,8,10,27,00,00,00,00,00,00
140133000,57,false,Rx,0,8,00,00,FE,FF,FE,FF,00,00
140171000,625,false,Rx,0,8,25,00,11,43,FD,BB,E4,01
140183000,60D,false,Rx,0,8,0D,10,DF,23,02,20,70,00
140271000,625,false,Rx,0,8,25,00,11,43,FD,BB,E4,01
140282000,60D,false,Rx,0,8,0D,10,DF,23,02,20,70,00
140305000,2C4,false,Rx,0,8,05,00,00,00,E1,02,00,00
140305000,2C5,false,Rx,0,8,00,00,00,00,00,00,00,00
140306000,2C6,false,Rx,0,8,F4,01,84,03,00,00,00,00
140322000,54,false,Rx,0,8,01,01,FE,FF,FE,FF,00,00
140322000,55,false,Rx,0,8,10,27,00,00,00,00,00,00
140322000,56,false,Rx,0,8,10,27,00,00,00,00,00,00
140333000,57,false,Rx,0,8,00,00,FE,FF,FE,FF,00,00
140371000,625,false,Rx,0,8,25,00,11,43,FD,BB,E4,01
140382000,60D,false,Rx,0,8,0D,10,DF,23,02,20,70,00
140471000,625,false,Rx,0,8,25,00,11,43,FD,BB,E4,01
140482000,60D,false,Rx,0,8,0D,10,DF,23,02,20,70,00
140505000,2C4,false,Rx,0,8,05,00,00,00,E1,02,00,00
140505000,2C5,false,Rx,0,8,00,00,00,00,00,00,00,00
140506000,2C6,false,Rx,0,8,F4,01,84,03,00,00,00,00
140521000,54,false,Rx,0,8,01,01,FE,FF,FE,FF,00,00
140522000,55,false,Rx,0,8,10,27,00,00,00,00,00,00
140522000,56,false,Rx,0,8,10,27,00,00,00,00,00,00
140532000,57,false,Rx,0,8,00,00,FE,FF,FE,FF,00,00
140571000,625,false,Rx,0,8,25,00,11,43,FD,BB,E4,01
140582000,60D,false,Rx,0,8,0D,10,DF,23,02,20,70,00
140671000,625,false,Rx,0,8,25,00,11,43,FD,BB,E4,01
140682000,60D,false,Rx,0,8,0D,10,DF,23,02,20,70,00
140705000,2C4,false,Rx,0,8,05,00,00,00,E1,02,00,00
140705000,2C5,false,Rx,0,8,00,00,00,00,00,00,00,00
140706000,2C6,false,Rx,0,8,F4,01,84,03,00,00,00,00
140722000,54,false,Rx,0,8,01,01,FE,FF,FE,FF,00,00
140722000,55,false,Rx,0,8,10,27,00,00,00,00,00,00
140722000,56,false,Rx,0,8,10,27,00,00,00,00,00,00
140733000,57,false,Rx,0,8,00,00,FE,FF,FE,FF,00,00
140771000,625,false,Rx,0,8,25,00,11,43,FD,BB,E4,01
140783000,60D,false,Rx,0,8,0D,10,DF,23,02,20,70,00
140871000,625,false,Rx,0,8,25,00,11,43,FD,BB,E4,01
140882000,60D,false,Rx,0,8,0D,10,DF,23,02,20,70,00
140905000,2C4,false,Rx,0,8,05,00,00,00,DF,02,00,00
140905000,2C5,false,Rx,0,8,00,00,00,00,00,00,00,00
140906000,2C6,false,Rx,0,8,F4,01,84,03,00,00,00,00
140921000,54,false,Rx,0,8,01,01,FE,FF,FE,FF,00,00
140922000,55,false,Rx,0,8,10,27,00,00,00,00,00,00
140922000,56,false,Rx,0,8,10,27,00,00,00,00,00,00
140932000,57,false,Rx,0,8,00,00,FE,FF,FE,FF,00,00
140971000,625,false,Rx,0,8,25,00,11,43,FD,BB,E4,01
140982000,60D,false,Rx,0,8,0D,10,DF,23,02,20,70,00
141071000,625,false,Rx,0,8,25,00,11,43,FD,BB,E4,01
141082000,60D,false,Rx,0,8,0D,10,DF,23,02,20,70,00
141105000,2C4,false,Rx,0,8,05,00,00,00,E1,02,00,00
141105000,2C5,false,Rx,0,8,00,00,00,00,00,00,00,00
141106000,2C6,false,Rx,0,8,F4,01,84,03,00,00,00,00
141121000,54,false,Rx,0,8,01,01,FE,FF,FE,FF,00,00
141122000,55,false,Rx,0,8,10,27,00,00,00,00,00,00
141122000,56,false,Rx,0,8,10,27,00,00,00,00,00,00
141132000,57,false,Rx,0,8,00,00,FE,FF,FE,FF,00,00
141171000,625,false,Rx,0,8,25,00,11,43,FD,BB,E4,01
141182000,60D,false,Rx,0,8,0D,10,DF,23,02,20,70,00
141271000,625,false,Rx,0,8,25,00,11,43,FD,BB,E4,01
141282000,60D,false,Rx,0,8,0D,10,DF,23,02,20,70,00
141305000,2C4,false,Rx,0,8,05,00,00,00,E1,02,00,00
141305000,2C5,false,Rx,0,8,00,00,00,00,00,00,00,00
141306000,2C6,false,Rx,0,8,F4,01,84,03,00,00,00,00
141321000,54,false,Rx,0,8,01,01,FE,FF,FE,FF,00,00
141322000,55,false,Rx,0,8,10,27,00,00,00,00,00,00
141322000,56,false,Rx,0,8,10,27,00,00,00,00,00,00
141332000,57,false,Rx,0,8,00,00,FE,FF,FE,FF,00,00
141371000,625,false,Rx,0,8,25,00,11,43,FD,BB,E4,01
141382000,60D,false,Rx,0,8,0D,10,DF,23,02,20,70,00
141471000,625,false,Rx,0,8,25,00,11,43,FD,BB,E4,01
141482000,60D,false,Rx,0,8,0D,10,DF,23,02,20,70,00
141505000,2C4,false,Rx,0,8,05,00,00,00,E1,02,00,00
141505000,2C5,false,Rx,0,8,00,00,00,00,00,00,00,00
141506000,2C6,false,Rx,0,8,F4,01,84,03,00,00,00,00
141521000,54,false,Rx,0,8,01,01,FE,FF,FE,FF,00,00
141522000,55,false,Rx,0,8,10,27,00,00,00,00,00,00
141522000,56,false,Rx,0,8,10,27,00,00,00,00,00,00
141532000,57,false,Rx,0,8,00,00,FE,FF,FE,FF,00,00
141571000,625,false,Rx,0,8,25,00,11,43,FD,BB,E4,01
141582000,60D,false,Rx,0,8,0D,10,DF,23,02,20,70,00
141671000,625,false,Rx,0,8,25,00,11,43,FD,BB,E4,01
141682000,60D,false,Rx,0,8,0D,10,DF,23,02,20,70,00
141705000,2C4,false,Rx,0,8,05,00,00,00,DF,02,00,00
141705000,2C5,false,Rx,0,8,00,00,00,00,00,00,00,00
141706000,2C6,false,Rx,0,8,F4,01,84,03,00,00,00,00
141721000,54,false,Rx,0,8,01,01,FE,FF,FE,FF,00,00
141722000,55,false,Rx,0,8,10,27,00,00,00,00,00,00
141722000,56,false,Rx,0,8,10,27,00,00,00,00,00,00
141732000,57,false,Rx,0,8,00,00,FE,FF,FE,FF,00,00
141771000,625,false,Rx,0,8,25,00,11,43,FD,BB,E4,01
141782000,60D,false,Rx,0,8,0D,10,DF,23,02,20,70,00
141871000,625,false,Rx,0,8,25,00,11,43,FD,BB,E4,01
141882000,60D,false,Rx,0,8,0D,10,DF,23,02,20,70,00
141905000,2C4,false,Rx,0,8,05,00,00,00,E1,02,00,00
141905000,2C5,false,Rx,0,8,00,00,00,00,00,00,00,00
141906000,2C6,false,Rx,0,8,F4,01,84,03,00,00,00,00
141922000,54,false,Rx,0,8,01,01,FE,FF,FE,FF,00,00
141922000,55,false,Rx,0,8,10,27,00,00,00,00,00,00
141922000,56,false,Rx,0,8,10,27,00,00,00,00,00,00
141933000,57,false,Rx,0,8,00,00,FE,FF,FE,FF,00,00
141971000,625,false,Rx,0,8,25,00,11,43,FD,BB,E4,01
141982000,60D,false,Rx,0,8,0D,10,DF,23,02,20,70,00
142071000,625,false,Rx,0,8,25,00,11,43,FD,BB,E4,01
142082000,60D,false,Rx,0,8,0D,10,DF,23,02,20,70,00
142105000,2C4,false,Rx,0,8,05,00,00,00,E1,02,00,00
142105000,2C5,false,Rx,0,8,00,00,00,00,00,00,00,00
142106000,2C6,false,Rx,0,8,F4,01,84,03,00,00,00,00
142121000,54,false,Rx,0,8,01,01,FE,FF,FE,FF,00,00
142122000,55,false,Rx,0,8,10,27,00,00,00,00,00,00
142122000,56,false,Rx,0,8,10,27,00,00,00,00,00,00
142132000,57,false,Rx,0,8,00,00,FE,FF,FE,FF,00,00
142171000,625,false,Rx,0,8,25,00,11,43,FD,BB,E4,01
142183000,60D,false,Rx,0,8,0D,10,DF,23,02,20,70,00
142271000,625,false,Rx,0,8,25,00,11,43,FD,BB,E4,01
142282000,60D,false,Rx,0,8,0D,10,DF,23,02,20,70,00
142305000,2C4,false,Rx,0,8,05,00,00,00,E1,02,00,00
142305000,2C5,false,Rx,0,8,00,00,00,00,00,00,00,00
142305000,2C6,false,Rx,0,8,F4,01,84,03,00,00,00,00
142322000,54,false,Rx,0,8,01,01,FE,FF,FE,FF,00,00
142322000,55,false,Rx,0,8,10,27,00,00,00,00,00,00
142322000,56,false,Rx,0,8,10,27,00,00,00,00,00,00
142333000,57,false,Rx,0,8,00,00,FE,FF,FE,FF,00,00
142371000,625,false,Rx,0,8,25,00,11,43,FD,BB,E4,01
142382000,60D,false,Rx,0,8,0D,10,DF,23,02,20,70,00
142471000,625,false,Rx,0,8,25,00,11,43,FD,BB,E4,01
142482000,60D,false,Rx,0,8,0D,10,DF,23,02,20,70,00
142505000,2C4,false,Rx,0,8,05,00,00,00,DF,02,00,00
142505000,2C5,false,Rx,0,8,00,00,00,00,00,00,00,00
142505000,2C6,false,Rx,0,8,F4,01,84,03,00,00,00,00
142521000,54,false,Rx,0,8,01,01,FE,FF,FE,FF,00,00
142522000,55,false,Rx,0,8,10,27,00,00,00,00,00,00
142522000,56,false,Rx,0,8,10,27,00,00,00,00,00,00
142532000,57,false,Rx,0,8,00,00,FE,FF,FE,FF,00,00
142571000,625,false,Rx,0,8,25,00,11,43,FD,BB,E4,01
142582000,60D,false,Rx,0,8,0D,10,DF,23,02,20,70,00
142671000,625,false,Rx,0,8,25,00,11,43,FD,BB,E4,01
142682000,60D,false,Rx,0,8,0D,10,DF,23,02,20,70,00
142705000,2C4,false,Rx,0,8,05,00,00,00,DF,02,00,00
142705000,2C5,false,Rx,0,8,00,00,00,00,00,00,00,00
142705000,2C6,false,Rx,0,8,F4,01,84,03,00,00,00,00
142721000,54,false,Rx,0,8,01,01,FE,FF,FE,FF,00,00
142722000,55,false,Rx,0,8,10,27,00,00,00,00,00,00
142722000,56,false,Rx,0,8,10,27,00,00,00,00,00,00
142732000,57,false,Rx,0,8,00,00,FE,FF,FE,FF,00,00
142771000,625,false,Rx,0,8,25,00,11,43,FD,BB,E4,01
142782000,60D,false,Rx,0,8,0D,10,DF,23,02,20,70,00
142871000,625,false,Rx,0,8,25,00,11,43,FD,BB,E4,01
142882000,60D,false,Rx,0,8,0D,10,DF,23,02,20,70,00
142905000,2C4,false,Rx,0,8,05,00,00,00,E1,02,00,00
142905000,2C5,false,Rx,0,8,00,00,00,00,00,00,00,00
142905000,2C6,false,Rx,0,8,F4,01,84,03,00,00,00,00
142921000,54,false,Rx,0,8,01,01,FE,FF,FE,FF,00,00
142922000,55,false,Rx,0,8,10,27,00,00,00,00,00,00
142922000,56,false,Rx,0,8,10,27,00,00,00,00,00,00
142932000,57,false,Rx,0,8,00,00,FE,FF,FE,FF,00,00
142971000,625,false,Rx,0,8,25,00,11,43,FD,BB,E4,01
142982000,60D,false,Rx,0,8,0D,10,DF,23,02,20,70,00
143071000,625,false,Rx,0,8,25,00,11,43,FD,BB,E4,01
143082000,60D,false,Rx,0,8,0D,10,DF,23,02,20,70,00
143105000,2C4,false,Rx,0,8,05,00,00,00,E1,02,00,00
143105000,2C5,false,Rx,0,8,00,00,00,00,00,00,00,00
143105000,2C6,false,Rx,0,8,F4,01,84,03,00,00,00,00
143121000,54,false,Rx,0,8,01,01,FE,FF,FE,FF,00,00
143122000,55,false,Rx,0,8,10,27,00,00,00,00,00,00
143122000,56,false,Rx,0,8,10,27,00,00,00,00,00,00
143132000,57,false,Rx,0,8,00,00,FE,FF,FE,FF,00,00
143171000,625,false,Rx,0,8,25,00,11,43,FD,BB,E4,01
143182000,60D,false,Rx,0,8,0D,10,DF,23,02,20,70,00
143271000,625,false,Rx,0,8,25,00,11,43,FD,BB,E4,01
143282000,60D,false,Rx,0,8,0D,10,DF,23,02,20,70,00
143305000,2C4,false,Rx,0,8,05,00,00,00,E1,02,00,00
143305000,2C5,false,Rx,0,8,00,00,00,00,00,00,00,00
143305000,2C6,false,Rx,0,8,F4,01,84,03,00,00,00,00
143321000,54,false,Rx,0,8,01,01,FE,FF,FE,FF,00,00
143322000,55,false,Rx,0,8,10,27,00,00,00,00,00,00
143322000,56,false,Rx,0,8,10,27,00,00,00,00,00,00
143332000,57,false,Rx,0,8,00,00,FE,FF,FE,FF,00,00
143371000,625,false,Rx,0,8,25,00,11,43,FD,BB,E4,01
143382000,60D,false,Rx,0,8,0D,10,DF,23,02,20,70,00
143471000,625,false,Rx,0,8,25,00,11,43,FD,BB,E4,01
143482000,60D,false,Rx,0,8,0D,10,DF,23,02,20,70,00
143505000,2C4,false,Rx,0,8,05,00,00,00,DF,02,00,00
143505000,2C5,false,Rx,0,8,00,00,00,00,00,00,00,00
143505000,2C6,false,Rx,0,8,F4,01,84,03,00,00,00,00
143521000,54,false,Rx,0,8,01,01,FE,FF,FE,FF,00,00
143522000,55,false,Rx,0,8,10,27,00,00,00,00,00,00
143522000,56,false,Rx,0,8,10,27,00,00,00,00,00,00
143532000,57,false,Rx,0,8,00,00,FE,FF,FE,FF,00,00
143571000,625,false,Rx,0,8,25,00,11,43,FD,BB,E4,01
143582000,60D,false,Rx,0,8,0D,10,DF,23,02,20,70,00
143671000,625,false,Rx,0,8,25,00,11,43,FD,BB,E4,01
143682000,60D,false,Rx,0,8,0D,10,DF,23,02,20,70,00
143705000,2C4,false,Rx,0,8,05,00,00,00,E1,02,00,00
143705000,2C5,false,Rx,0,8,00,00,00,00,00,00,00,00
143705000,2C6,false,Rx,0,8,F4,01,84,03,00,00,00,00
143721000,54,false,Rx,0,8,01,01,FE,FF,FE,FF,00,00
143722000,55,false,Rx,0,8,10,27,00,00,00,00,00,00
143722000,56,false,Rx,0,8,10,27,00,00,00,00,00,00
143732000,57,false,Rx,0,8,00,00,FE,FF,FE,FF,00,00
143771000,625,false,Rx,0,8,25,00,11,43,FD,BB,E4,01
143782000,60D,false,Rx,0,8,0D,10,DF,23,02,20,70,00
143871000,625,false,Rx,0,8,25,00,11,43,FD,BB,E4,01
143882000,60D,false,Rx,0,8,0D,10,DF,23,02,20,70,00
143905000,2C4,false,Rx,0,8,05,00,00,00,E1,02,00,00
143905000,2C5,false,Rx,0,8,00,00,00,00,00,00,00,00
143905000,2C6,false,Rx,0,8,F4,01,84,03,00,00,00,00
143921000,54,false,Rx,0,8,01,01,FE,FF,FE,FF,00,00
143922000,55,false,Rx,0,8,10,27,00,00,00,00,00,00
143922000,56,false,Rx,0,8,10,27,00,00,00,00,00,00
143932000,57,false,Rx,0,8,00,00,FE,FF,FE,FF,00,00
143971000,625,false,Rx,0,8,25,00,11,43,FD,BB,E4,01
143982000,60D,false,Rx,0,8,0D,10,DF,23,02,20,70,00
144071000,625,false,Rx,0,8,25,00,11,43,FD,BB,E4,01
144082000,60D,false,Rx,0,8,0D,10,DF,23,02,20,70,00
144105000,2C4,false,Rx,0,8,05,00,00,00,E1,02,00,00
144105000,2C5,false,Rx,0,8,00,00,00,00,00,00,00,00
144105000,2C6,false,Rx,0,8,F4,01,84,03,00,00,00,00
144121000,54,false,Rx,0,8,01,01,FE,FF,FE,FF,00,00
144122000,55,false,Rx,0,8,10,27,00,00,00,00,00,00
144122000,56,false,Rx,0,8,10,27,00,00,00,00,00,00
144132000,57,false,Rx,0,8,00,00,FE,FF,FE,FF,00,00
144171000,625,false,Rx,0,8,25,00,11,43,FD,BB,E4,01
144182000,60D,false,Rx,0,8,0D,10,DF,23,02,20,70,00
144271000,625,false,Rx,0,8,25,00,11,43,FD,BB,E4,01
144282000,60D,false,Rx,0,8,0D,10,DF,23,02,20,70,00
144305000,2C4,false,Rx,0,8,05,00,00,00,DF,02,00,00
144305000,2C5,false,Rx,0,8,00,00,00,00,00,00,00,00
144305000,2C6,false,Rx,0,8,F4,01,84,03,00,00,00,00
144321000,54,false,Rx,0,8,01,01,FE,FF,FE,FF,00,00
144322000,55,false,Rx,0,8,10,27,00,00,00,00,00,00
144322000,56,false,Rx,0,8,10,27,00,00,00,00,00,00
144332000,57,false,Rx,0,8,00,00,FE,FF,FE,FF,00,00
144371000,625,false,Rx,0,8,25,00,11,43,FD,BB,E4,01
144382000,60D,false,Rx,0,8,0D,10,DF,23,02,20,70,00
144471000,625,false,Rx,0,8,25,00,11,43,FD,BB,E4,01
144482000,60D,false,Rx,0,8,0D,10,DF,23,02,20,70,00
144505000,2C4,false,Rx,0,8,05,00,00,00,E1,02,00,00
144505000,2C5,false,Rx,0,8,00,00,00,00,00,00,00,00
144505000,2C6,false,Rx,0,8,F4,01,84,03,00,00,00,00
144521000,54,false,Rx,0,8,01,01,FE,FF,FE,FF,00,00
144522000,55,false,Rx,0,8,10,27,00,00,00,00,00,00
144522000,56,false,Rx,0,8,10,27,00,00,00,00,00,00
144532000,57,false,Rx,0,8,00,00,FE,FF,FE,FF,00,00
144571000,625,false,Rx,0,8,25,00,11,43,FD,BB,E4,01
144582000,60D,false,Rx,0,8,0D,10,DF,23,02,20,70,00
144671000,625,false,Rx,0,8,25,00,11,43,FD,BB,E4,01
144682000,60D,false,Rx,0,8,0D,10,DF,23,02,20,70,00
144705000,2C4,false,Rx,0,8,05,00,00,00,E1,02,00,00
144705000,2C5,false,Rx,0,8,00,00,00,00,00,00,00,00
144705000,2C6,false,Rx,0,8,F4,01,84,03,00,00,00,00
144721000,54,false,Rx,0,8,01,01,FE,FF,FE,FF,00,00
144722000,55,false,Rx,0,8,10,27,00,00,00,00,00,00
144722000,56,false,Rx,0,8,10,27,00,00,00,00,00,00
144732000,57,false,Rx,0,8,00,00,FE,FF,FE,FF,00,00
144771000,625,false,Rx,0,8,25,00,11,43,FD,BB,E4,01
144782000,60D,false,Rx,0,8,0D,10,DF,23,02,20,70,00
144871000,625,false,Rx,0,8,25,00,11,43,FD,BB,E4,01
144882000,60D,false,Rx,0,8,0D,10,DF,23,02,20,70,00
144905000,2C4,false,Rx,0,8,05,00,00,00,E1,02,00,00
144905000,2C5,false,Rx,0,8,00,00,00,00,00,00,00,00
144905000,2C6,false,Rx,0,8,F4,01,84,03,00,00,00,00
144921000,54,false,Rx,0,8,01,01,FE,FF,FE,FF,00,00
144922000,55,false,Rx,0,8,10,27,00,00,00,00,00,00
144922000,56,false,Rx,0,8,10,27,00,00,00,00,00,00
144932000,57,false,Rx,0,8,00,00,FE,FF,FE,FF,00,00
144971000,625,false,Rx,0,8,25,00,11,43,FD,BB,E4,01
144982000,60D,false,Rx,0,8,0D,10,DF,23,02,20,70,00
145071000,625,false,Rx,0,8,25,00,11,43,FD,BB,E4,01
145082000,60D,false,Rx,0,8,0D,10,DF,23,02,20,70,00
145105000,2C4,false,Rx,0,8,05,00,00,00,DF,02,00,00
145105000,2C5,false,Rx,0,8,00,00,00,00,00,00,00,00
145105000,2C6,false,Rx,0,8,F4,01,84,03,00,00,00,00
145121000,54,false,Rx,0,8,01,01,FE,FF,FE,FF,00,00
145122000,55,false,Rx,0,8,10,27,00,00,00,00,00,00
145122000,56,false,Rx,0,8,10,27,00,00,00,00,00,00
145132000,57,false,Rx,0,8,00,00,FE,FF,FE,FF,00,00
145171000,625,false,Rx,0,8,25,00,11,43,FD,BB,E4,01
145182000,60D,false,Rx,0,8,0D,10,DF,23,02,20,70,00
145271000,625,false,Rx,0,8,25,00,11,43,FD,BB,E4,01
145282000,60D,false,Rx,0,8,0D,10,DF,23,02,20,70,00
145305000,2C4,false,Rx,0,8,05,00,00,00,DF,02,00,00
145305000,2C5,false,Rx,0,8,00,00,00,00,00,00,00,00
145305000,2C6,false,Rx,0,8,F4,01,84,03,00,00,00,00
145321000,54,false,Rx,0,8,01,01,FE,FF,FE,FF,00,00
145322000,55,false,Rx,0,8,10,27,00,00,00,00,00,00
145322000,56,false,Rx,0,8,10,27,00,00,00,00,00,00
145332000,57,false,Rx,0,8,00,00,FE,FF,FE,FF,00,00
145371000,625,false,Rx,0,8,25,00,11,43,FD,BB,E4,01
145382000,60D,false,Rx,0,8,0D,10,DF,23,02,20,70,00
145471000,625,false,Rx,0,8,25,00,11,43,FD,BB,E4,01
145482000,60D,false,Rx,0,8,0D,10,DF,23,02,20,70,00
145505000,2C4,false,Rx,0,8,05,00,00,00,E1,02,00,00
145505000,2C5,false,Rx,0,8,00,00,00,00,00,00,00,00
145505000,2C6,false,Rx,0,8,F4,01,84,03,00,00,00,00
145521000,54,false,Rx,0,8,01,01,FE,FF,FE,FF,00,00
145522000,55,false,Rx,0,8,10,27,00,00,00,00,00,00
145522000,56,false,Rx,0,8,10,27,00,00,00,00,00,00
145532000,57,false,Rx,0,8,00,00,FE,FF,FE,FF,00,00
145571000,625,false,Rx,0,8,25,00,11,43,FD,BB,E4,01
145582000,60D,false,Rx,0,8,0D,10,DF,23,02,20,70,00
145671000,625,false,Rx,0,8,25,00,11,43,FD,BB,E4,01
145682000,60D,false,Rx,0,8,0D,10,DF,23,02,20,70,00
145705000,2C4,false,Rx,0,8,05,00,00,00,E1,02,00,00
145705000,2C5,false,Rx,0,8,00,00,00,00,00,00,00,00
145705000,2C6,false,Rx,0,8,F4,01,84,03,00,00,00,00
145721000,54,false,Rx,0,8,01,01,FE,FF,FE,FF,00,00
145722000,55,false,Rx,0,8,10,27,00,00,00,00,00,00
145722000,56,false,Rx,0,8,10,27,00,00,00,00,00,00
145732000,57,false,Rx,0,8,00,00,FE,FF,FE,FF,00,00
145771000,625,false,Rx,0,8,25,00,11,43,FD,BB,E4,01
145782000,60D,false,Rx,0,8,0D,10,DF,23,02,20,70,00
145871000,625,false,Rx,0,8,25,00,11,43,FD,BB,E4,01
145882000,60D,false,Rx,0,8,0D,10,DF,23,02,20,70,00
145905000,2C4,false,Rx,0,8,05,00,00,00,DF,02,00,00
145905000,2C5,false,Rx,0,8,00,00,00,00,00,00,00,00
145905000,2C6,false,Rx,0,8,F4,01,84,03,00,00,00,00
145921000,54,false,Rx,0,8,01,01,FE,FF,FE,FF,00,00
145922000,55,false,Rx,0,8,10,27,00,00,00,00,00,00
145922000,56,false,Rx,0,8,10,27,00,00,00,00,00,00
145932000,57,false,Rx,0,8,00,00,FE,FF,FE,FF,00,00
145971000,625,false,Rx,0,8,25,00,11,43,FD,BB,E4,01
145982000,60D,false,Rx,0,8,0D,10,DF,23,02,20,70,00
146071000,625,false,Rx,0,8,25,00,11,43,FD,BB,E4,01
146082000,60D,false,Rx,0,8,0D,10,DF,23,02,20,70,00
146105000,2C4,false,Rx,0,8,05,00,00,00,DF,02,00,00
146105000,2C5,false,Rx,0,8,00,00,00,00,00,00,00,00
146105000,2C6,false,Rx,0,8,F4,01,84,03,00,00,00,00
146121000,54,false,Rx,0,8,01,01,FE,FF,FE,FF,00,00
146122000,55,false,Rx,0,8,10,27,00,00,00,00,00,00
146122000,56,false,Rx,0,8,10,27,00,00,00,00,00,00
146132000,57,false,Rx,0,8,00,00,FE,FF,FE,FF,00,00
146171000,625,false,Rx,0,8,25,00,11,43,FD,BB,E4,01
146182000,60D,false,Rx,0,8,0D,10,DF,23,02,20,70,00
146271000,625,false,Rx,0,8,25,00,11,43,FD,BB,E4,01
146282000,60D,false,Rx,0,8,0D,10,DF,23,02,20,70,00
146305000,2C4,false,Rx,0,8,05,00,00,00,DF,02,00,00
146305000,2C5,false,Rx,0,8,00,00,00,00,00,00,00,00
146305000,2C6,false,Rx,0,8,F4,01,84,03,00,00,00,00
146321000,54,false,Rx,0,8,01,01,FE,FF,FE,FF,00,00
146322000,55,false,Rx,0,8,10,27,00,00,00,00,00,00
146322000,56,false,Rx,0,8,10,27,00,00,00,00,00,00
146332000,57,false,Rx,0,8,00,00,FE,FF,FE,FF,00,00
146371000,625,false,Rx,0,8,25,00,11,43,FD,BB,E4,01
146382000,60D,false,Rx,0,8,0D,10,DF,23,02,20,70,00
146471000,625,false,Rx,0,8,25,00,11,43,FD,BB,E4,01
146482000,60D,false,Rx,0,8,0D,10,DF,23,02,20,70,00
146505000,2C4,false,Rx,0,8,05,00,00,00,E1,02,00,00
146505000,2C5,false,Rx,0,8,00,00,00,00,00,00,00,00
146505000,2C6,false,Rx,0,8,F4,01,84,03,00,00,00,00
146521000,54,false,Rx,0,8,01,01,FE,FF,FE,FF,00,00
146522000,55,false,Rx,0,8,10,27,00,00,00,00,00,00
146522000,56,false,Rx,0,8,10,27,00,00,00,00,00,00
146532000,57,false,Rx,0,8,00,00,FE,FF,FE,FF,00,00
146571000,625,false,Rx,0,8,25,00,11,43,FD,BB,E4,01
146582000,60D,false,Rx,0,8,0D,10,DF,23,02,20,70,00
146671000,625,false,Rx,0,8,25,00,11,43,FD,BB,E4,01
146682000,60D,false,Rx,0,8,0D,10,DF,23,02,20,70,00
146705000,2C4,false,Rx,0,8,05,00,00,00,E1,02,00,00
146705000,2C5,false,Rx,0,8,00,00,00,00,00,00,00,00
146705000,2C6,false,Rx,0,8,F4,01,84,03,00,00,00,00
146721000,54,false,Rx,0,8,01,01,FE,FF,FE,FF,00,00
146722000,55,false,Rx,0,8,10,27,00,00,00,00,00,00
146722000,56,false,Rx,0,8,10,27,00,00,00,00,00,00
146732000,57,false,Rx,0,8,00,00,FE,FF,FE,FF,00,00
146771000,625,false,Rx,0,8,25,00,11,43,FD,BB,E4,01
146782000,60D,false,Rx,0,8,0D,10,DF,23,02,20,70,00
146871000,625,false,Rx,0,8,25,00,11,43,FD,BB,E4,01
146882000,60D,false,Rx,0,8,0D,10,DF,23,02,20,70,00
146905000,2C4,false,Rx,0,8,05,00,00,00,DF,02,00,00
146905000,2C5,false,Rx,0,8,00,00,00,00,00,00,00,00
146905000,2C6,false,Rx,0,8,F4,01,84,03,00,00,00,00
146922000,54,false,Rx,0,8,01,01,FE,FF,FE,FF,00,00
146922000,55,false,Rx,0,8,10,27,00,00,00,00,00,00
146922000,56,false,Rx,0,8,10,27,00,00,00,00,00,00
146933000,57,false,Rx,0,8,00,00,FE,FF,FE,FF,00,00
146971000,625,false,Rx,0,8,25,00,11,43,FD,BB,E4,01
146982000,60D,false,Rx,0,8,0D,10,DF,23,02,20,70,00
147071000,625,false,Rx,0,8,25,00,11,43,FD,BB,E4,01
147082000,60D,false,Rx,0,8,0D,10,DF,23,02,20,70,00
147105000,2C4,false,Rx,0,8,05,00,00,00,E1,02,00,00
147105000,2C5,false,Rx,0,8,00,00,00,00,00,00,00,00
147105000,2C6,false,Rx,0,8,F4,01,84,03,00,00,00,00
147121000,54,false,Rx,0,8,01,01,FE,FF,FE,FF,00,00
147122000,55,false,Rx,0,8,10,27,00,00,00,00,00,00
147122000,56,false,Rx,0,8,10,27,00,00,00,00,00,00
147132000,57,false,Rx,0,8,00,00,FE,FF,FE,FF,00,00
147171000,625,false,Rx,0,8,25,00,11,43,FD,BB,E4,01
147182000,60D,false,Rx,0,8,0D,10,DF,23,02,20,70,00
147271000,625,false,Rx,0,8,25,00,11,43,FD,BB,E4,01
147282000,60D,false,Rx,0,8,0D,10,DF,23,02,20,70,00
147305000,2C4,false,Rx,0,8,05,00,00,00,E1,02,00,00
147305000,2C5,false,Rx,0,8,00,00,00,00,00,00,00,00
147305000,2C6,false,Rx,0,8,F4,01,84,03,00,00,00,00
147321000,54,false,Rx,0,8,01,01,FE,FF,FE,FF,00,00
147322000,55,false,Rx,0,8,10,27,00,00,00,00,00,00
147322000,56,false,Rx,0,8,10,27,00,00,00,00,00,00
147332000,57,false,Rx,0,8,00,00,FE,FF,FE,FF,00,00
147371000,625,false,Rx,0,8,25,00,11,43,FD,BB,E4,01
147382000,60D,false,Rx,0,8,0D,10,DF,23,02,20,70,00
147471000,625,false,Rx,0,8,25,00,11,43,FD,BB,E4,01
147482000,60D,false,Rx,0,8,0D,10,DF,23,02,20,70,00
147505000,2C4,false,Rx,0,8,05,00,00,00,E1,02,00,00
147505000,2C5,false,Rx,0,8,00,00,00,00,00,00,00,00
147505000,2C6,false,Rx,0,8,F4,01,84,03,00,00,00,00
147521000,54,false,Rx,0,8,01,01,FE,FF,FE,FF,00,00
147522000,55,false,Rx,0,8,10,27,00,00,00,00,00,00
147522000,56,false,Rx,0,8,10,27,00,00,00,00,00,00
147532000,57,false,Rx,0,8,00,00,FE,FF,FE,FF,00,00
147571000,625,false,Rx,0,8,25,00,11,43,FD,BB,E4,01
147582000,60D,false,Rx,0,8,0D,10,DF,23,02,20,70,00
147671000,625,false,Rx,0,8,25,00,11,43,FD,BB,E4,01
147682000,60D,false,Rx,0,8,0D,10,DF,23,02,20,70,00
147705000,2C4,false,Rx,0,8,05,00,00,00,DF,02,00,00
147705000,2C5,false,Rx,0,8,00,00,00,00,00,00,00,00
147705000,2C6,false,Rx,0,8,F4,01,84,03,00,00,00,00
147721000,54,false,Rx,0,8,01,01,FE,FF,FE,FF,00,00
147722000,55,false,Rx,0,8,10,27,00,00,00,00,00,00
147722000,56,false,Rx,0,8,10,27,00,00,00,00,00,00
147732000,57,false,Rx,0,8,00,00,FE,FF,FE,FF,00,00
147771000,625,false,Rx,0,8,25,00,11,43,FD,BB,E4,01
147782000,60D,false,Rx,0,8,0D,10,DF,23,02,20,70,00
147871000,625,false,Rx,0,8,25,00,11,43,FD,BB,E4,01
147882000,60D,false,Rx,0,8,0D,10,DF,23,02,20,70,00
147905000,2C4,false,Rx,0,8,05,00,00,00,E1,02,00,00
147905000,2C5,false,Rx,0,8,00,00,00,00,00,00,00,00
147905000,2C6,false,Rx,0,8,F4,01,84,03,00,00,00,00
147921000,54,false,Rx,0,8,01,01,FE,FF,FE,FF,00,00
147922000,55,false,Rx,0,8,10,27,00,00,00,00,00,00
147922000,56,false,Rx,0,8,10,27,00,00,00,00,00,00
147932000,57,false,Rx,0,8,00,00,FE,FF,FE,FF,00,00
147971000,625,false,Rx,0,8,25,00,11,43,FD,BB,E4,01
147982000,60D,false,Rx,0,8,0D,10,DF,23,02,20,70,00
148071000,625,false,Rx,0,8,25,00,11,43,FD,BB,E4,01
148082000,60D,false,Rx,0,8,0D,10,DF,23,02,20,70,00
148105000,2C4,false,Rx,0,8,05,00,00,00,E1,02,00,00
148105000,2C5,false,Rx,0,8,00,00,00,00,00,00,00,00
148105000,2C6,false,Rx,0,8,F4,01,84,03,00,00,00,00
148121000,54,false,Rx,0,8,01,01,FE,FF,FE,FF,00,00
148122000,55,false,Rx,0,8,10,27,00,00,00,00,00,00
148122000,56,false,Rx,0,8,10,27,00,00,00,00,00,00
148132000,57,false,Rx,0,8,00,00,FE,FF,FE,FF,00,00
148171000,625,false,Rx,0,8,25,00,11,43,FD,BB,E4,01
148182000,60D,false,Rx,0,8,0D,10,DF,23,02,20,70,00
148271000,625,false,Rx,0,8,25,00,11,43,FD,BB,E4,01
148282000,60D,false,Rx,0,8,0D,10,DF,23,02,20,70,00
148305000,2C4,false,Rx,0,8,05,00,00,00,E1,02,00,00
148305000,2C5,false,Rx,0,8,00,00,00,00,00,00,00,00
148305000,2C6,false,Rx,0,8,F4,01,84,03,00,00,00,00
148321000,54,false,Rx,0,8,01,01,FE,FF,FE,FF,00,00
148322000,55,false,Rx,0,8,10,27,00,00,00,00,00,00
148322000,56,false,Rx,0,8,10,27,00,00,00,00,00,00
148332000,57,false,Rx,0,8,00,00,FE,FF,FE,FF,00,00
148371000,625,false,Rx,0,8,25,00,11,43,FD,BB,E4,01
148382000,60D,false,Rx,0,8,0D,10,DF,23,02,20,70,00
148471000,625,false,Rx,0,8,25,00,11,43,FD,BB,E4,01
148482000,60D,false,Rx,0,8,0D,10,DF,23,02,20,70,00
148505000,2C4,false,Rx,0,8,05,00,00,00,DF,02,00,00
148505000,2C5,false,Rx,0,8,00,00,00,00,00,00,00,00
148505000,2C6,false,Rx,0,8,F4,01,84,03,00,00,00,00
148521000,54,false,Rx,0,8,01,01,FE,FF,FE,FF,00,00
148522000,55,false,Rx,0,8,10,27,00,00,00,00,00,00
148522000,56,false,Rx,0,8,10,27,00,00,00,00,00,00
148532000,57,false,Rx,0,8,00,00,FE,FF,FE,FF,00,00
148571000,625,false,Rx,0,8,25,00,11,43,FD,BB,E4,01
148582000,60D,false,Rx,0,8,0D,10,DF,23,02,20,70,00
148671000,625,false,Rx,0,8,25,00,11,43,FD,BB,E4,01
148682000,60D,false,Rx,0,8,0D,10,DF,23,02,20,70,00
148705000,2C4,false,Rx,0,8,05,00,00,00,DF,02,00,00
148705000,2C5,false,Rx,0,8,00,00,00,00,00,00,00,00
148705000,2C6,false,Rx,0,8,F4,01,84,03,00,00,00,00
148721000,54,false,Rx,0,8,01,01,FE,FF,FE,FF,00,00
148722000,55,false,Rx,0,8,10,27,00,00,00,00,00,00
148722000,56,false,Rx,0,8,10,27,00,00,00,00,00,00
148732000,57,false,Rx,0,8,00,00,FE,FF,FE,FF,00,00
148771000,625,false,Rx,0,8,25,00,11,43,FD,BB,E4,01
148782000,60D,false,Rx,0,8,0D,10,DF,23,02,20,70,00
148871000,625,false,Rx,0,8,25,00,11,43,FD,BB,E4,01
148882000,60D,false,Rx,0,8,0D,10,DF,23,02,20,70,00
148905000,2C4,false,Rx,0,8,05,00,00,00,E1,02,00,00
148905000,2C5,false,Rx,0,8,00,00,00,00,00,00,00,00
148905000,2C6,false,Rx,0,8,F4,01,84,03,00,00,00,00
148921000,54,false,Rx,0,8,01,01,FE,FF,FE,FF,00,00
148922000,55,false,Rx,0,8,10,27,00,00,00,00,00,00
148922000,56,false,Rx,0,8,10,27,00,00,00,00,00,00
148932000,57,false,Rx,0,8,00,00,FE,FF,FE,FF,00,00
148971000,625,false,Rx,0,8,25,00,11,43,FD,BB,E4,01
148982000,60D,false,Rx,0,8,0D,10,DF,23,02,20,70,00
149071000,625,false,Rx,0,8,25,00,11,43,FD,BB,E4,01
149082000,60D,false,Rx,0,8,0D,10,DF,23,02,20,70,00
149105000,2C4,false,Rx,0,8,05,00,00,00,E1,02,00,00
149105000,2C5,false,Rx,0,8,00,00,00,00,00,00,00,00
149105000,2C6,false,Rx,0,8,F4,01,84,03,00,00,00,00
149121000,54,false,Rx,0,8,01,01,FE,FF,FE,FF,00,00
149122000,55,false,Rx,0,8,10,27,00,00,00,00,00,00
149122000,56,false,Rx,0,8,10,27,00,00,00,00,00,00
149132000,57,false,Rx,0,8,00,00,FE,FF,FE,FF,00,00
149171000,625,false,Rx,0,8,25,00,11,43,FD,BB,E4,01
149182000,60D,false,Rx,0,8,0D,10,DF,23,02,20,70,00
149270000,625,false,Rx,0,8,25,00,11,43,FD,BB,E4,01
149282000,60D,false,Rx,0,8,0D,10,DF,23,02,20,70,00
149305000,2C4,false,Rx,0,8,05,00,00,00,DF,02,00,00
149305000,2C5,false,Rx,0,8,00,00,00,00,00,00,00,00
149305000,2C6,false,Rx,0,8,F4,01,84,03,00,00,00,00
149321000,54,false,Rx,0,8,01,01,FE,FF,FE,FF,00,00
149322000,55,false,Rx,0,8,10,27,00,00,00,00,00,00
149322000,56,false,Rx,0,8,10,27,00,00,00,00,00,00
149332000,57,false,Rx,0,8,00,00,FE,FF,FE,FF,00,00
149371000,625,false,Rx,0,8,25,00,11,43,FD,BB,E4,01
149382000,60D,false,Rx,0,8,0D,10,DF,23,02,20,70,00
149470000,625,false,Rx,0,8,25,00,11,43,FD,BB,E4,01
149482000,60D,false,Rx,0,8,0D,10,DF,23,02,20,70,00
149505000,2C4,false,Rx,0,8,05,00,00,00,DF,02,00,00
149505000,2C5,false,Rx,0,8,00,00,00,00,00,00,00,00
149505000,2C6,false,Rx,0,8,F4,01,84,03,00,00,00,00
149521000,54,false,Rx,0,8,01,01,FE,FF,FE,FF,00,00
149522000,55,false,Rx,0,8,10,27,00,00,00,00,00,00
149522000,56,false,Rx,0,8,10,27,00,00,00,00,00,00
149532000,57,false,Rx,0,8,00,00,FE,FF,FE,FF,00,00
149570000,625,false,Rx,0,8,25,00,11,43,FD,BB,E4,01
149582000,60D,false,Rx,0,8,0D,10,DF,23,02,20,70,00
149670000,625,false,Rx,0,8,25,00,11,43,FD,BB,E4,01
149682000,60D,false,Rx,0,8,0D,10,DF,23,02,20,70,00
149705000,2C4,false,Rx,0,8,05,00,00,00,E1,02,00,00
149705000,2C5,false,Rx,0,8,00,00,00,00,00,00,00,00
149705000,2C6,false,Rx,0,8,F4,01,84,03,00,00,00,00
149721000,54,false,Rx,0,8,01,01,FE,FF,FE,FF,00,00
149722000,55,false,Rx,0,8,10,27,00,00,00,00,00,00
149722000,56,false,Rx,0,8,10,27,00,00,00,00,00,00
149732000,57,false,Rx,0,8,00,00,FE,FF,FE,FF,00,00
149770000,625,false,Rx,0,8,25,00,11,43,FD,BB,E4,01
149782000,60D,false,Rx,0,8,0D,10,DF,23,02,20,70,00
149870000,625,false,Rx,0,8,25,00,11,43,FD,BB,E4,01
149882000,60D,false,Rx,0,8,0D,10,DF,23,02,20,70,00
149905000,2C4,false,Rx,0,8,05,00,00,00,E1,02,00,00
149905000,2C5,false,Rx,0,8,00,00,00,00,00,00,00,00
149905000,2C6,false,Rx,0,8,F4,01,84,03,00,00,00,00
149921000,54,false,Rx,0,8,01,01,FE,FF,FE,FF,00,00
149922000,55,false,Rx,0,8,10,27,00,00,00,00,00,00
149922000,56,false,Rx,0,8,10,27,00,00,00,00,00,00
149932000,57,false,Rx,0,8,00,00,FE,FF,FE,FF,00,00
149970000,625,false,Rx,0,8,25,00,11,43,FD,BB,E4,01
149982000,60D,false,Rx,0,8,0D,10,DF,23,02,20,70,00
150070000,625,false,Rx,0,8,25,00,11,43,FD,BB,E4,01
150082000,60D,false,Rx,0,8,0D,10,DF,23,02,20,70,00
150105000,2C4,false,Rx,0,8,05,00,00,00,E1,02,00,00
150105000,2C5,false,Rx,0,8,00,00,00,00,00,00,00,00
150105000,2C6,false,Rx,0,8,F4,01,84,03,00,00,00,00
150121000,54,false,Rx,0,8,01,01,FE,FF,FE,FF,00,00
150122000,55,false,Rx,0,8,10,27,00,00,00,00,00,00
150122000,56,false,Rx,0,8,10,27,00,00,00,00,00,00
150132000,57,false,Rx,0,8,00,00,FE,FF,FE,FF,00,00
150170000,625,false,Rx,0,8,25,00,11,43,FD,BB,E4,01
150182000,60D,false,Rx,0,8,0D,10,DF,23,02,20,70,00
150270000,625,false,Rx,0,8,25,00,11,43,FD,BB,E4,01
150282000,60D,false,Rx,0,8,0D,10,DF,23,02,20,70,00
150305000,2C4,false,Rx,0,8,05,00,00,00,DF,02,00,00
150305000,2C5,false,Rx,0,8,00,00,00,00,00,00,00,00
150305000,2C6,false,Rx,0,8,F4,01,84,03,00,00,00,00
150321000,54,false,Rx,0,8,01,01,FE,FF,FE,FF,00,00
150322000,55,false,Rx,0,8,10,27,00,00,00,00,00,00
150322000,56,false,Rx,0,8,10,27,00,00,00,00,00,00
150332000,57,false,Rx,0,8,00,00,FE,FF,FE,FF,00,00
150370000,625,false,Rx,0,8,25,00,11,43,FD,BB,E4,01
150382000,60D,false,Rx,0,8,0D,10,DF,23,02,20,70,00
150470000,625,false,Rx,0,8,25,00,11,43,FD,BB,E4,01
150482000,60D,false,Rx,0,8,0D,10,DF,23,02,20,70,00
150505000,2C4,false,Rx,0,8,05,00,00,00,DF,02,00,00
150505000,2C5,false,Rx,0,8,00,00,00,00,00,00,00,00
150505000,2C6,false,Rx,0,8,F4,01,84,03,00,00,00,00
150521000,54,false,Rx,0,8,01,01,FE,FF,FE,FF,00,00
150522000,55,false,Rx,0,8,10,27,00,00,00,00,00,00
150522000,56,false,Rx,0,8,10,27,00,00,00,00,00,00
150532000,57,false,Rx,0,8,00,00,FE,FF,FE,FF,00,00
150570000,625,false,Rx,0,8,25,00,11,43,FD,BB,E4,01
150582000,60D,false,Rx,0,8,0D,10,DF,23,02,20,70,00
150670000,625,false,Rx,0,8,25,00,11,43,FD,BB,E4,01
150682000,60D,false,Rx,0,8,0D,10,DF,23,02,20,70,00
150705000,2C4,false,Rx,0,8,05,00,00,00,E1,02,00,00
150705000,2C5,false,Rx,0,8,00,00,00,00,00,00,00,00
150705000,2C6,false,Rx,0,8,F4,01,84,03,00,00,00,00
150721000,54,false,Rx,0,8,01,01,FE,FF,FE,FF,00,00
150722000,55,false,Rx,0,8,10,27,00,00,00,00,00,00
150722000,56,false,Rx,0,8,10,27,00,00,00,00,00,00
150732000,57,false,Rx,0,8,00,00,FE,FF,FE,FF,00,00
150770000,625,false,Rx,0,8,25,00,11,43,FD,BB,E4,01
150782000,60D,false,Rx,0,8,0D,10,DF,23,02,20,70,00
150870000,625,false,Rx,0,8,25,00,11,43,FD,BB,E4,01
150882000,60D,false,Rx,0,8,0D,10,DF,23,02,20,70,00
150905000,2C4,false,Rx,0,8,05,00,00,00,E1,02,00,00
150905000,2C5,false,Rx,0,8,00,00,00,00,00,00,00,00
150905000,2C6,false,Rx,0,8,F4,01,84,03,00,00,00,00
150921000,54,false,Rx,0,8,01,01,FE,FF,FE,FF,00,00
150922000,55,false,Rx,0,8,10,27,00,00,00,00,00,00
150922000,56,false,Rx,0,8,10,27,00,00,00,00,00,00
150932000,57,false,Rx,0,8,00,00,FE,FF,FE,FF,00,00
150970000,625,false,Rx,0,8,25,00,11,43,FD,BB,E4,01
150982000,60D,false,Rx,0,8,0D,10,DF,23,02,20,70,00
151070000,625,false,Rx,0,8,25,00,11,43,FD,BB,E4,01
151082000,60D,false,Rx,0,8,0D,10,DF,23,02,20,70,00
151105000,2C4,false,Rx,0,8,05,00,00,00,DF,02,00,00
151105000,2C5,false,Rx,0,8,00,00,00,00,00,00,00,00
151105000,2C6,false,Rx,0,8,F4,01,84,03,00,00,00,00
151121000,54,false,Rx,0,8,01,01,FE,FF,FE,FF,00,00
151122000,55,false,Rx,0,8,10,27,00,00,00,00,00,00
151122000,56,false,Rx,0,8,10,27,00,00,00,00,00,00
151132000,57,false,Rx,0,8,00,00,FE,FF,FE,FF,00,00
151170000,625,false,Rx,0,8,25,00,11,43,FD,BB,E4,01
151182000,60D,false,Rx,0,8,0D,10,DF,23,02,20,70,00
151270000,625,false,Rx,0,8,25,00,11,43,FD,BB,E4,01
151282000,60D,false,Rx,0,8,0D,10,DF,23,02,20,70,00
151305000,2C4,false,Rx,0,8,05,00,00,00,DF,02,00,00
151305000,2C5,false,Rx,0,8,00,00,00,00,00,00,00,00
151305000,2C6,false,Rx,0,8,F4,01,84,03,00,00,00,00
151321000,54,false,Rx,0,8,01,01,FE,FF,FE,FF,00,00
151322000,55,false,Rx,0,8,10,27,00,00,00,00,00,00
151322000,56,false,Rx,0,8,10,27,00,00,00,00,00,00
151332000,57,false,Rx,0,8,00,00,FE,FF,FE,FF,00,00
151370000,625,false,Rx,0,8,25,00,11,43,FD,BB,E4,01
151382000,60D,false,Rx,0,8,0D,10,DF,23,02,20,70,00
151470000,625,false,Rx,0,8,25,00,11,43,FD,BB,E4,01
151482000,60D,false,Rx,0,8,0D,10,DF,23,02,20,70,00
151505000,2C4,false,Rx,0,8,05,00,00,00,E1,02,00,00
151505000,2C5,false,Rx,0,8,00,00,00,00,00,00,00,00
151505000,2C6,false,Rx,0,8,F4,01,84,03,00,00,00,00
151521000,54,false,Rx,0,8,01,01,FE,FF,FE,FF,00,00
151522000,55,false,Rx,0,8,10,27,00,00,00,00,00,00
151522000,56,false,Rx,0,8,10,27,00,00,00,00,00,00
151532000,57,false,Rx,0,8,00,00,FE,FF,FE,FF,00,00
151570000,625,false,Rx,0,8,25,00,11,43,FD,BB,E4,01
151582000,60D,false,Rx,0,8,0D,10,DF,23,02,20,70,00
151670000,625,false,Rx,0,8,25,00,11,43,FD,BB,E4,01
151682000,60D,false,Rx,0,8,0D,10,DF,23,02,20,70,00
151705000,2C4,false,Rx,0,8,05,00,00,00,E1,02,00,00
151705000,2C5,false,Rx,0,8,00,00,00,00,00,00,00,00
151705000,2C6,false,Rx,0,8,F4,01,84,03,00,00,00,00
151721000,54,false,Rx,0,8,01,01,FE,FF,FE,FF,00,00
151722000,55,false,Rx,0,8,10,27,00,00,00,00,00,00
151722000,56,false,Rx,0,8,10,27,00,00,00,00,00,00
151732000,57,false,Rx,0,8,00,00,FE,FF,FE,FF,00,00
151770000,625,false,Rx,0,8,25,00,11,43,FD,BB,E4,01
151782000,60D,false,Rx,0,8,0D,10,DF,23,02,20,70,00
151870000,625,false,Rx,0,8,25,00,11,43,FD,BB,E4,01
151882000,60D,false,Rx,0,8,0D,10,DF,23,02,20,70,00
151904000,2C4,false,Rx,0,8,05,00,00,00,DF,02,00,00
151905000,2C5,false,Rx,0,8,00,00,00,00,00,00,00,00
151905000,2C6,false,Rx,0,8,F4,01,84,03,00,00,00,00
151921000,54,false,Rx,0,8,01,01,FE,FF,FE,FF,00,00
151922000,55,false,Rx,0,8,10,27,00,00,00,00,00,00
151922000,56,false,Rx,0,8,10,27,00,00,00,00,00,00
151932000,57,false,Rx,0,8,00,00,FE,FF,FE,FF,00,00
151970000,625,false,Rx,0,8,25,00,11,43,FD,BB,E4,01
151982000,60D,false,Rx,0,8,0D,10,DF,23,02,20,70,00
152070000,625,false,Rx,0,8,25,00,11,43,FD,BB,E4,01
152082000,60D,false,Rx,0,8,0D,10,DF,23,02,20,70,00
152104000,2C4,false,Rx,0,8,05,00,00,00,E1,02,00,00
152105000,2C5,false,Rx,0,8,00,00,00,00,00,00,00,00
152105000,2C6,false,Rx,0,8,F4,01,84,03,00,00,00,00
152121000,54,false,Rx,0,8,01,01,FE,FF,FE,FF,00,00
152122000,55,false,Rx,0,8,10,27,00,00,00,00,00,00
152122000,56,false,Rx,0,8,10,27,00,00,00,00,00,00
152132000,57,false,Rx,0,8,00,00,FE,FF,FE,FF,00,00
152170000,625,false,Rx,0,8,25,00,11,43,FD,BB,E4,01
152182000,60D,false,Rx,0,8,0D,10,DF,23,02,20,70,00
152270000,625,false,Rx,0,8,25,00,11,43,FD,BB,E4,01
152282000,60D,false,Rx,0,8,0D,10,DF,23,02,20,70,00
152304000,2C4,false,Rx,0,8,05,00,00,00,E1,02,00,00
152305000,2C5,false,Rx,0,8,00,00,00,00,00,00,00,00
152305000,2C6,false,Rx,0,8,F4,01,84,03,00,00,00,00
152321000,54,false,Rx,0,8,01,01,FE,FF,FE,FF,00,00
152322000,55,false,Rx,0,8,10,27,00,00,00,00,00,00
152322000,56,false,Rx,0,8,10,27,00,00,00,00,00,00
152332000,57,false,Rx,0,8,00,00,FE,FF,FE,FF,00,00
152370000,625,false,Rx,0,8,25,00,11,43,FD,BB,E4,01
152382000,60D,false,Rx,0,8,0D,10,DF,23,02,20,70,00
152470000,625,false,Rx,0,8,25,00,11,43,FD,BB,E4,01
152482000,60D,false,Rx,0,8,0D,10,DF,23,02,20,70,00
152504000,2C4,false,Rx,0,8,05,00,00,00,E1,02,00,00
152505000,2C5,false,Rx,0,8,00,00,00,00,00,00,00,00
152505000,2C6,false,Rx,0,8,F4,01,84,03,00,00,00,00
152521000,54,false,Rx,0,8,01,01,FE,FF,FE,FF,00,00
152522000,55,false,Rx,0,8,10,27,00,00,00,00,00,00
152522000,56,false,Rx,0,8,10,27,00,00,00,00,00,00
152532000,57,false,Rx,0,8,00,00,FE,FF,FE,FF,00,00
152570000,625,false,Rx,0,8,25,00,11,43,FD,BB,E4,01
152582000,60D,false,Rx,0,8,0D,10,DF,23,02,20,70,00
152670000,625,false,Rx,0,8,25,00,11,43,FD,BB,E4,01
152682000,60D,false,Rx,0,8,0D,10,DF,23,02,20,70,00
152704000,2C4,false,Rx,0,8,05,00,00,00,DF,02,00,00
152705000,2C5,false,Rx,0,8,00,00,00,00,00,00,00,00
152705000,2C6,false,Rx,0,8,F4,01,84,03,00,00,00,00
152721000,54,false,Rx,0,8,01,01,FE,FF,FE,FF,00,00
152722000,55,false,Rx,0,8,10,27,00,00,00,00,00,00
152722000,56,false,Rx,0,8,10,27,00,00,00,00,00,00
152732000,57,false,Rx,0,8,00,00,FE,FF,FE,FF,00,00
152770000,625,false,Rx,0,8,25,00,11,43,FD,BB,E4,01
152782000,60D,false,Rx,0,8,0D,10,DF,23,02,20,70,00
152870000,625,false,Rx,0,8,25,00,11,43,FD,BB,E4,01
152882000,60D,false,Rx,0,8,0D,10,DF,23,02,20,70,00
152904000,2C4,false,Rx,0,8,05,00,00,00,DF,02,00,00
152905000,2C5,false,Rx,0,8,00,00,00,00,00,00,00,00
152905000,2C6,false,Rx,0,8,F4,01,84,03,00,00,00,00
152921000,54,false,Rx,0,8,01,01,FE,FF,FE,FF,00,00
152922000,55,false,Rx,0,8,10,27,00,00,00,00,00,00
152922000,56,false,Rx,0,8,10,27,00,00,00,00,00,00
152932000,57,false,Rx,0,8,00,00,FE,FF,FE,FF,00,00
152970000,625,false,Rx,0,8,25,00,11,43,FD,BB,E4,01
152982000,60D,false,Rx,0,8,0D,10,DF,23,02,20,70,00
153070000,625,false,Rx,0,8,25,00,11,43,FD,BB,E4,01
153082000,60D,false,Rx,0,8,0D,10,DF,23,02,20,70,00
153104000,2C4,false,Rx,0,8,05,00,00,00,DF,02,00,00
153105000,2C5,false,Rx,0,8,00,00,00,00,00,00,00,00
153105000,2C6,false,Rx,0,8,F4,01,84,03,00,00,00,00
153121000,54,false,Rx,0,8,01,01,FE,FF,FE,FF,00,00
153122000,55,false,Rx,0,8,10,27,00,00,00,00,00,00
153122000,56,false,Rx,0,8,10,27,00,00,00,00,00,00
153132000,57,false,Rx,0,8,00,00,FE,FF,FE,FF,00,00
153170000,625,false,Rx,0,8,25,00,11,43,FD,BB,E4,01
153182000,60D,false,Rx,0,8,0D,10,DF,23,02,20,70,00
153270000,625,false,Rx,0,8,25,00,11,43,FD,BB,E4,01
153282000,60D,false,Rx,0,8,0D,10,DF,23,02,20,70,00
153304000,2C4,false,Rx,0,8,05,00,00,00,E1,02,00,00
153305000,2C5,false,Rx,0,8,00,00,00,00,00,00,00,00
153305000,2C6,false,Rx,0,8,F4,01,84,03,00,00,00,00
153321000,54,false,Rx,0,8,01,01,FE,FF,FE,FF,00,00
153322000,55,false,Rx,0,8,10,27,00,00,00,00,00,00
153322000,56,false,Rx,0,8,10,27,00,00,00,00,00,00
153332000,57,false,Rx,0,8,00,00,FE,FF,FE,FF,00,00
153370000,625,false,Rx,0,8,25,00,11,43,FD,BB,E4,01
153382000,60D,false,Rx,0,8,0D,10,DF,23,02,20,70,00
153470000,625,false,Rx,0,8,25,00,11,43,FD,BB,E4,01
153482000,60D,false,Rx,0,8,0D,10,DF,23,02,20,70,00
153504000,2C4,false,Rx,0,8,05,00,00,00,DF,02,00,00
153505000,2C5,false,Rx,0,8,00,00,00,00,00,00,00,00
153505000,2C6,false,Rx,0,8,F4,01,84,03,00,00,00,00
153521000,54,false,Rx,0,8,01,01,FE,FF,FE,FF,00,00
153522000,55,false,Rx,0,8,10,27,00,00,00,00,00,00
153522000,56,false,Rx,0,8,10,27,00,00,00,00,00,00
153532000,57,false,Rx,0,8,00,00,FE,FF,FE,FF,00,00
153570000,625,false,Rx,0,8,25,00,11,43,FD,BB,E4,01
153582000,60D,false,Rx,0,8,0D,10,DF,23,02,20,70,00
153670000,625,false,Rx,0,8,25,00,11,43,FD,BB,E4,01
153682000,60D,false,Rx,0,8,0D,10,DF,23,02,20,70,00
153704000,2C4,false,Rx,0,8,05,00,00,00,DF,02,00,00
153705000,2C5,false,Rx,0,8,00,00,00,00,00,00,00,00
153705000,2C6,false,Rx,0,8,F4,01,84,03,00,00,00,00
153721000,54,false,Rx,0,8,01,01,FE,FF,FE,FF,00,00
153722000,55,false,Rx,0,8,10,27,00,00,00,00,00,00
153722000,56,false,Rx,0,8,10,27,00,00,00,00,00,00
153732000,57,false,Rx,0,8,00,00,FE,FF,FE,FF,00,00
153770000,625,false,Rx,0,8,25,00,11,43,FD,BB,E4,01
153782000,60D,false,Rx,0,8,0D,10,DF,23,02,20,70,00
153870000,625,false,Rx,0,8,25,00,11,43,FD,BB,E4,01
153882000,60D,false,Rx,0,8,0D,10,DF,23,02,20,70,00
153904000,2C4,false,Rx,0,8,05,00,00,00,E1,02,00,00
153905000,2C5,false,Rx,0,8,00,00,00,00,00,00,00,00
153905000,2C6,false,Rx,0,8,F4,01,84,03,00,00,00,00
153921000,54,false,Rx,0,8,01,01,FE,FF,FE,FF,00,00
153922000,55,false,Rx,0,8,10,27,00,00,00,00,00,00
153922000,56,false,Rx,0,8,10,27,00,00,00,00,00,00
153932000,57,false,Rx,0,8,00,00,FE,FF,FE,FF,00,00
153970000,625,false,Rx,0,8,25,00,11,43,FD,BB,E4,01
153982000,60D,false,Rx,0,8,0D,10,DF,23,02,20,70,00
154070000,625,false,Rx,0,8,25,00,11,43,FD,BB,E4,01
154082000,60D,false,Rx,0,8,0D,10,DF,23,02,20,70,00
154104000,2C4,false,Rx,0,8,05,00,00,00,E1,02,00,00
154105000,2C5,false,Rx,0,8,00,00,00,00,00,00,00,00
154105000,2C6,false,Rx,0,8,F4,01,84,03,00,00,00,00
154121000,54,false,Rx,0,8,01,01,FE,FF,FE,FF,00,00
154122000,55,false,Rx,0,8,10,27,00,00,00,00,00,00
154122000,56,false,Rx,0,8,10,27,00,00,00,00,00,00
154132000,57,false,Rx,0,8,00,00,FE,FF,FE,FF,00,00
154170000,625,false,Rx,0,8,25,00,11,43,FD,BB,E4,01
154182000,60D,false,Rx,0,8,0D,10,DF,23,02,20,70,00
154270000,625,false,Rx,0,8,25,00,11,43,FD,BB,E4,01
154282000,60D,false,Rx,0,8,0D,10,DF,23,02,20,70,00
154304000,2C4,false,Rx,0,8,05,00,00,00,E1,02,00,00
154305000,2C5,false,Rx,0,8,00,00,00,00,00,00,00,00
154305000,2C6,false,Rx,0,8,F4,01,84,03,00,00,00,00
154321000,54,false,Rx,0,8,01,01,FE,FF,FE,FF,00,00
154322000,55,false,Rx,0,8,10,27,00,00,00,00,00,00
154322000,56,false,Rx,0,8,10,27,00,00,00,00,00,00
154332000,57,false,Rx,0,8,00,00,FE,FF,FE,FF,00,00
154370000,625,false,Rx,0,8,25,00,11,43,FD,BB,E4,01
154382000,60D,false,Rx,0,8,0D,10,DF,23,02,20,70,00
154470000,625,false,Rx,0,8,25,00,11,43,FD,BB,E4,01
154482000,60D,false,Rx,0,8,0D,10,DF,23,02,20,70,00
154504000,2C4,false,Rx,0,8,05,00,00,00,DF,02,00,00
154505000,2C5,false,Rx,0,8,00,00,00,00,00,00,00,00
154505000,2C6,false,Rx,0,8,F4,01,84,03,00,00,00,00
154521000,54,false,Rx,0,8,01,01,FE,FF,FE,FF,00,00
154522000,55,false,Rx,0,8,10,27,00,00,00,00,00,00
154522000,56,false,Rx,0,8,10,27,00,00,00,00,00,00
154532000,57,false,Rx,0,8,00,00,FE,FF,FE,FF,00,00
154570000,625,false,Rx,0,8,25,00,11,43,FD,BB,E4,01
154582000,60D,false,Rx,0,8,0D,10,DF,23,02,20,70,00
154670000,625,false,Rx,0,8,25,00,11,43,FD,BB,E4,01
154682000,60D,false,Rx,0,8,0D,10,DF,23,02,20,70,00
154704000,2C4,false,Rx,0,8,05,00,00,00,E1,02,00,00
154705000,2C5,false,Rx,0,8,00,00,00,00,00,00,00,00
154705000,2C6,false,Rx,0,8,F4,01,84,03,00,00,00,00
154721000,54,false,Rx,0,8,01,01,FE,FF,FE,FF,00,00
154722000,55,false,Rx,0,8,10,27,00,00,00,00,00,00
154722000,56,false,Rx,0,8,10,27,00,00,00,00,00,00
154732000,57,false,Rx,0,8,00,00,FE,FF,FE,FF,00,00
154770000,625,false,Rx,0,8,25,00,11,43,FD,BB,E4,01
154782000,60D,false,Rx,0,8,0D,10,DF,23,02,20,70,00
154870000,625,false,Rx,0,8,25,00,11,43,FD,BB,E4,01
154882000,60D,false,Rx,0,8,0D,10,DF,23,02,20,70,00
154904000,2C4,false,Rx,0,8,05,00,00,00,E1,02,00,00
154905000,2C5,false,Rx,0,8,00,00,00,00,00,00,00,00
154905000,2C6,false,Rx,0,8,F4,01,84,03,00,00,00,00
154921000,54,false,Rx,0,8,01,01,FE,FF,FE,FF,00,00
154922000,55,false,Rx,0,8,10,27,00,00,00,00,00,00
154922000,56,false,Rx,0,8,10,27,00,00,00,00,00,00
154932000,57,false,Rx,0,8,00,00,FE,FF,FE,FF,00,00
154970000,625,false,Rx,0,8,25,00,11,43,FD,BB,E4,01
154982000,60D,false,Rx,0,8,0D,10,DF,23,02,20,70,00
155070000,625,false,Rx,0,8,25,00,11,43,FD,BB,E4,01
155082000,60D,false,Rx,0,8,0D,10,DF,23,02,20,70,00
155104000,2C4,false,Rx,0,8,05,00,00,00,E1,02,00,00
155105000,2C5,false,Rx,0,8,00,00,00,00,00,00,00,00
155105000,2C6,false,Rx,0,8,F4,01,84,03,00,00,00,00
155121000,54,false,Rx,0,8,01,01,FE,FF,FE,FF,00,00
155122000,55,false,Rx,0,8,10,27,00,00,00,00,00,00
155122000,56,false,Rx,0,8,10,27,00,00,00,00,00,00
155132000,57,false,Rx,0,8,00,00,FE,FF,FE,FF,00,00
155170000,625,false,Rx,0,8,25,00,11,43,FD,BB,E4,01
155182000,60D,false,Rx,0,8,0D,10,DF,23,02,20,70,00
155270000,625,false,Rx,0,8,25,00,11,43,FD,BB,E4,01
155282000,60D,false,Rx,0,8,0D,10,DF,23,02,20,70,00
155304000,2C4,false,Rx,0,8,05,00,00,00,DF,02,00,00
155305000,2C5,false,Rx,0,8,00,00,00,00,00,00,00,00
155305000,2C6,false,Rx,0,8,F4,01,84,03,00,00,00,00
155321000,54,false,Rx,0,8,01,01,FE,FF,FE,FF,00,00
155322000,55,false,Rx,0,8,10,27,00,00,00,00,00,00
155322000,56,false,Rx,0,8,10,27,00,00,00,00,00,00
155332000,57,false,Rx,0,8,00,00,FE,FF,FE,FF,00,00
155370000,625,false,Rx,0,8,25,00,11,43,FD,BB,E4,01
155382000,60D,false,Rx,0,8,0D,10,DF,23,02,20,70,00
155470000,625,false,Rx,0,8,25,00,11,43,FD,BB,E4,01
155482000,60D,false,Rx,0,8,0D,10,DF,23,02,20,70,00
155504000,2C4,false,Rx,0,8,05,00,00,00,DF,02,00,00
155505000,2C5,false,Rx,0,8,00,00,00,00,00,00,00,00
155505000,2C6,false,Rx,0,8,F4,01,84,03,00,00,00,00
155521000,54,false,Rx,0,8,01,01,FE,FF,FE,FF,00,00
155522000,55,false,Rx,0,8,10,27,00,00,00,00,00,00
155522000,56,false,Rx,0,8,10,27,00,00,00,00,00,00
155532000,57,false,Rx,0,8,00,00,FE,FF,FE,FF,00,00
155570000,625,false,Rx,0,8,25,00,11,43,FD,BB,E4,01
155582000,60D,false,Rx,0,8,0D,10,DF,23,02,20,70,00
155670000,625,false,Rx,0,8,25,00,11,43,FD,BB,E4,01
155682000,60D,false,Rx,0,8,0D,10,DF,23,02,20,70,00
155704000,2C4,false,Rx,0,8,05,00,00,00,E1,02,00,00
155705000,2C5,false,Rx,0,8,00,00,00,00,00,00,00,00
155705000,2C6,false,Rx,0,8,F4,01,84,03,00,00,00,00
155721000,54,false,Rx,0,8,01,01,FE,FF,FE,FF,00,00
155722000,55,false,Rx,0,8,10,27,00,00,00,00,00,00
155722000,56,false,Rx,0,8,10,27,00,00,00,00,00,00
155732000,57,false,Rx,0,8,00,00,FE,FF,FE,FF,00,00
155770000,625,false,Rx,0,8,25,00,11,43,FD,BB,E4,01
155782000,60D,false,Rx,0,8,0D,10,DF,23,02,20,70,00
155870000,625,false,Rx,0,8,25,00,11,43,FD,BB,E4,01
155882000,60D,false,Rx,0,8,0D,10,DF,23,02,20,70,00
155904000,2C4,false,Rx,0,8,05,00,00,00,E1,02,00,00
155905000,2C5,false,Rx,0,8,00,00,00,00,00,00,00,00
155905000,2C6,false,Rx,0,8,F4,01,84,03,00,00,00,00
155921000,54,false,Rx,0,8,01,01,FE,FF,FE,FF,00,00
155922000,55,false,Rx,0,8,10,27,00,00,00,00,00,00
155922000,56,false,Rx,0,8,10,27,00,00,00,00,00,00
155932000,57,false,Rx,0,8,00,00,FE,FF,FE,FF,00,00
155970000,625,false,Rx,0,8,25,00,11,43,FD,BB,E4,01
155982000,60D,false,Rx,0,8,0D,10,DF,23,02,20,70,00
156070000,625,false,Rx,0,8,25,00,11,43,FD,BB,E4,01
156082000,60D,false,Rx,0,8,0D,10,DF,23,02,20,70,00
156104000,2C4,false,Rx,0,8,05,00,00,00,DF,02,00,00
156105000,2C5,false,Rx,0,8,00,00,00,00,00,00,00,00
156105000,2C6,false,Rx,0,8,F4,01,84,03,00,00,00,00
156121000,54,false,Rx,0,8,01,01,FE,FF,FE,FF,00,00
156122000,55,false,Rx,0,8,10,27,00,00,00,00,00,00
156122000,56,false,Rx,0,8,10,27,00,00,00,00,00,00
156132000,57,false,Rx,0,8,00,00,FE,FF,FE,FF,00,00
156170000,625,false,Rx,0,8,25,00,11,43,FD,BB,E4,01
156182000,60D,false,Rx,0,8,0D,10,DF,23,02,20,70,00
156270000,625,false,Rx,0,8,25,00,11,43,FD,BB,E4,01
156282000,60D,false,Rx,0,8,0D,10,DF,23,02,20,70,00
156304000,2C4,false,Rx,0,8,05,00,00,00,DF,02,00,00
156305000,2C5,false,Rx,0,8,00,00,00,00,00,00,00,00
156305000,2C6,false,Rx,0,8,F4,01,84,03,00,00,00,00
156321000,54,false,Rx,0,8,01,01,FE,FF,FE,FF,00,00
156322000,55,false,Rx,0,8,10,27,00,00,00,00,00,00
156322000,56,false,Rx,0,8,10,27,00,00,00,00,00,00
156332000,57,false,Rx,0,8,00,00,FE,FF,FE,FF,00,00
156370000,625,false,Rx,0,8,25,00,11,43,FD,BB,E4,01
156382000,60D,false,Rx,0,8,0D,10,DF,23,02,20,70,00
156470000,625,false,Rx,0,8,25,00,11,43,FD,BB,E4,01
156482000,60D,false,Rx,0,8,0D,10,DF,23,02,20,70,00
156504000,2C4,false,Rx,0,8,05,00,00,00,E1,02,00,00
156505000,2C5,false,Rx,0,8,00,00,00,00,00,00,00,00
156505000,2C6,false,Rx,0,8,F4,01,84,03,00,00,00,00
156521000,54,false,Rx,0,8,01,01,FE,FF,FE,FF,00,00
156522000,55,false,Rx,0,8,10,27,00,00,00,00,00,00
156522000,56,false,Rx,0,8,10,27,00,00,00,00,00,00
156532000,57,false,Rx,0,8,00,00,FE,FF,FE,FF,00,00
156570000,625,false,Rx,0,8,25,00,11,43,FD,BB,E4,01
156582000,60D,false,Rx,0,8,0D,10,DF,23,02,20,70,00
156670000,625,false,Rx,0,8,25,00,11,43,FD,BB,E4,01
156682000,60D,false,Rx,0,8,0D,10,DF,23,02,20,70,00
156704000,2C4,false,Rx,0,8,05,00,00,00,E1,02,00,00
156704000,2C5,false,Rx,0,8,00,00,00,00,00,00,00,00
156705000,2C6,false,Rx,0,8,F4,01,84,03,00,00,00,00
156721000,54,false,Rx,0,8,01,01,FE,FF,FE,FF,00,00
156722000,55,false,Rx,0,8,10,27,00,00,00,00,00,00
156722000,56,false,Rx,0,8,10,27,00,00,00,00,00,00
156732000,57,false,Rx,0,8,00,00,FE,FF,FE,FF,00,00
156770000,625,false,Rx,0,8,25,00,11,43,FD,BB,E4,01
156782000,60D,false,Rx,0,8,0D,10,DF,23,02,20,70,00
156870000,625,false,Rx,0,8,25,00,11,43,FD,BB,E4,01
156882000,60D,false,Rx,0,8,0D,10,DF,23,02,20,70,00
156904000,2C4,false,Rx,0,8,05,00,00,00,E1,02,00,00
156904000,2C5,false,Rx,0,8,00,00,00,00,00,00,00,00
156905000,2C6,false,Rx,0,8,F4,01,84,03,00,00,00,00
156921000,54,false,Rx,0,8,01,01,FE,FF,FE,FF,00,00
156922000,55,false,Rx,0,8,10,27,00,00,00,00,00,00
156922000,56,false,Rx,0,8,10,27,00,00,00,00,00,00
156932000,57,false,Rx,0,8,00,00,FE,FF,FE,FF,00,00
156970000,625,false,Rx,0,8,25,00,11,43,FD,BB,E4,01
156982000,60D,false,Rx,0,8,0D,10,DF,23,02,20,70,00
157070000,625,false,Rx,0,8,25,00,11,43,FD,BB,E4,01
157082000,60D,false,Rx,0,8,0D,10,DF,23,02,20,70,00
157104000,2C4,false,Rx,0,8,05,00,00,00,DF,02,00,00
157104000,2C5,false,Rx,0,8,00,00,00,00,00,00,00,00
157105000,2C6,false,Rx,0,8,F4,01,84,03,00,00,00,00
157121000,54,false,Rx,0,8,01,01,FE,FF,FE,FF,00,00
157122000,55,false,Rx,0,8,10,27,00,00,00,00,00,00
157122000,56,false,Rx,0,8,10,27,00,00,00,00,00,00
157132000,57,false,Rx,0,8,00,00,FE,FF,FE,FF,00,00
157170000,625,false,Rx,0,8,25,00,11,43,FD,BB,E4,01
157182000,60D,false,Rx,0,8,0D,10,DF,23,02,20,70,00
157270000,625,false,Rx,0,8,25,00,11,43,FD,BB,E4,01
157282000,60D,false,Rx,0,8,0D,10,DF,23,02,20,70,00
157304000,2C4,false,Rx,0,8,05,00,00,00,E1,02,00,00
157304000,2C5,false,Rx,0,8,00,00,00,00,00,00,00,00
157305000,2C6,false,Rx,0,8,F4,01,84,03,00,00,00,00
157321000,54,false,Rx,0,8,01,01,FE,FF,FE,FF,00,00
157322000,55,false,Rx,0,8,10,27,00,00,00,00,00,00
157322000,56,false,Rx,0,8,10,27,00,00,00,00,00,00
157332000,57,false,Rx,0,8,00,00,FE,FF,FE,FF,00,00
157370000,625,false,Rx,0,8,25,00,11,43,FD,BB,E4,01
157382000,60D,false,Rx,0,8,0D,10,DF,23,02,20,70,00
157470000,625,false,Rx,0,8,25,00,11,43,FD,BB,E4,01
157482000,60D,false,Rx,0,8,0D,10,DF,23,02,20,70,00
157504000,2C4,false,Rx,0,8,05,00,00,00,E1,02,00,00
157504000,2C5,false,Rx,0,8,00,00,00,00,00,00,00,00
157505000,2C6,false,Rx,0,8,F4,01,84,03,00,00,00,00
157521000,54,false,Rx,0,8,01,01,FE,FF,FE,FF,00,00
157522000,55,false,Rx,0,8,10,27,00,00,00,00,00,00
157522000,56,false,Rx,0,8,10,27,00,00,00,00,00,00
157532000,57,false,Rx,0,8,00,00,FE,FF,FE,FF,00,00
157570000,625,false,Rx,0,8,25,00,11,43,FD,BB,E4,01
157582000,60D,false,Rx,0,8,0D,10,DF,23,02,20,70,00
157670000,625,false,Rx,0,8,25,00,11,43,FD,BB,E4,01
157682000,60D,false,Rx,0,8,0D,10,DF,23,02,20,70,00
157704000,2C4,false,Rx,0,8,05,00,00,00,E1,02,00,00
157704000,2C5,false,Rx,0,8,00,00,00,00,00,00,00,00
157705000,2C6,false,Rx,0,8,F4,01,84,03,00,00,00,00
157721000,54,false,Rx,0,8,01,01,FE,FF,FE,FF,00,00
157722000,55,false,Rx,0,8,10,27,00,00,00,00,00,00
157722000,56,false,Rx,0,8,10,27,00,00,00,00,00,00
157732000,57,false,Rx,0,8,00,00,FE,FF,FE,FF,00,00
157770000,625,false,Rx,0,8,25,00,11,43,FD,BB,E4,01
157782000,60D,false,Rx,0,8,0D,10,DF,23,02,20,70,00
157870000,625,false,Rx,0,8,25,00,11,43,FD,BB,E4,01
157882000,60D,false,Rx,0,8,0D,10,DF,23,02,20,70,00
157904000,2C4,false,Rx,0,8,05,00,00,00,DF,02,00,00
157904000,2C5,false,Rx,0,8,00,00,00,00,00,00,00,00
157905000,2C6,false,Rx,0,8,F4,01,84,03,00,00,00,00
157921000,54,false,Rx,0,8,01,01,FE,FF,FE,FF,00,00
157922000,55,false,Rx,0,8,10,27,00,00,00,00,00,00
157922000,56,false,Rx,0,8,10,27,00,00,00,00,00,00
157932000,57,false,Rx,0,8,00,00,FE,FF,FE,FF,00,00
157970000,625,false,Rx,0,8,25,00,11,43,FD,BB,E4,01
157982000,60D,false,Rx,0,8,0D,10,DF,23,02,20,70,00
158070000,625,false,Rx,0,8,25,00,11,43,FD,BB,E4,01
158082000,60D,false,Rx,0,8,0D,10,DF,23,02,20,70,00
158104000,2C4,false,Rx,0,8,05,00,00,00,DF,02,00,00
158104000,2C5,false,Rx,0,8,00,00,00,00,00,00,00,00
158105000,2C6,false,Rx,0,8,F4,01,84,03,00,00,00,00
158121000,54,false,Rx,0,8,01,01,FE,FF,FE,FF,00,00
158122000,55,false,Rx,0,8,10,27,00,00,00,00,00,00
158122000,56,false,Rx,0,8,10,27,00,00,00,00,00,00
158132000,57,false,Rx,0,8,00,00,FE,FF,FE,FF,00,00
158170000,625,false,Rx,0,8,25,00,11,43,FD,BB,E4,01
158182000,60D,false,Rx,0,8,0D,10,DF,23,02,20,70,00
158270000,625,false,Rx,0,8,25,00,11,43,FD,BB,E4,01
158282000,60D,false,Rx,0,8,0D,10,DF,23,02,20,70,00
158304000,2C4,false,Rx,0,8,05,00,00,00,E1,02,00,00
158304000,2C5,false,Rx,0,8,00,00,00,00,00,00,00,00
158305000,2C6,false,Rx,0,8,F4,01,84,03,00,00,00,00
158321000,54,false,Rx,0,8,01,01,FE,FF,FE,FF,00,00
158321000,55,false,Rx,0,8,10,27,00,00,00,00,00,00
158322000,56,false,Rx,0,8,10,27,00,00,00,00,00,00
158332000,57,false,Rx,0,8,00,00,FE,FF,FE,FF,00,00
158370000,625,false,Rx,0,8,25,00,11,43,FD,BB,E4,01
158382000,60D,false,Rx,0,8,0D,10,DF,23,02,20,70,00
158470000,625,false,Rx,0,8,25,00,11,43,FD,BB,E4,01
158482000,60D,false,Rx,0,8,0D,10,DF,23,02,20,70,00
158504000,2C4,false,Rx,0,8,05,00,00,00,E1,02,00,00
158504000,2C5,false,Rx,0,8,00,00,00,00,00,00,00,00
158505000,2C6,false,Rx,0,8,F4,01,84,03,00,00,00,00
158521000,54,false,Rx,0,8,01,01,FE,FF,FE,FF,00,00
158522000,55,false,Rx,0,8,10,27,00,00,00,00,00,00
158522000,56,false,Rx,0,8,10,27,00,00,00,00,00,00
158532000,57,false,Rx,0,8,00,00,FE,FF,FE,FF,00,00
158570000,625,false,Rx,0,8,25,00,11,43,FD,BB,E4,01
158582000,60D,false,Rx,0,8,0D,10,DF,23,02,20,70,00
158670000,625,false,Rx,0,8,25,00,11,43,FD,BB,E4,01
158682000,60D,false,Rx,0,8,0D,10,DF,23,02,20,70,00
158704000,2C4,false,Rx,0,8,05,00,00,00,DF,02,00,00
158704000,2C5,false,Rx,0,8,00,00,00,00,00,00,00,00
158705000,2C6,false,Rx,0,8,F4,01,84,03,00,00,00,00
158721000,54,false,Rx,0,8,01,01,FE,FF,FE,FF,00,00
158721000,55,false,Rx,0,8,10,27,00,00,00,00,00,00
158722000,56,false,Rx,0,8,10,27,00,00,00,00,00,00
158732000,57,false,Rx,0,8,00,00,FE,FF,FE,FF,00,00
158770000,625,false,Rx,0,8,25,00,11,43,FD,BB,E4,01
158782000,60D,false,Rx,0,8,0D,10,DF,23,02,20,70,00
158870000,625,false,Rx,0,8,25,00,11,43,FD,BB,E4,01
158882000,60D,false,Rx,0,8,0D,10,DF,23,02,20,70,00
158904000,2C4,false,Rx,0,8,05,00,00,00,DF,02,00,00
158904000,2C5,false,Rx,0,8,00,00,00,00,00,00,00,00
158905000,2C6,false,Rx,0,8,F4,01,84,03,00,00,00,00
158921000,54,false,Rx,0,8,01,01,FE,FF,FE,FF,00,00
158921000,55,false,Rx,0,8,10,27,00,00,00,00,00,00
158922000,56,false,Rx,0,8,10,27,00,00,00,00,00,00
158932000,57,false,Rx,0,8,00,00,FE,FF,FE,FF,00,00
158970000,625,false,Rx,0,8,25,00,11,43,FD,BB,E4,01
158982000,60D,false,Rx,0,8,0D,10,DF,23,02,20,70,00
159070000,625,false,Rx,0,8,25,00,11,43,FD,BB,E4,01
159082000,60D,false,Rx,0,8,0D,10,DF,23,02,20,70,00
159104000,2C4,false,Rx,0,8,05,00,00,00,E1,02,00,00
159104000,2C5,false,Rx,0,8,00,00,00,00,00,00,00,00
159105000,2C6,false,Rx,0,8,F4,01,84,03,00,00,00,00
159121000,54,false,Rx,0,8,01,01,FE,FF,FE,FF,00,00
159121000,55,false,Rx,0,8,10,27,00,00,00,00,00,00
159122000,56,false,Rx,0,8,10,27,00,00,00,00,00,00
159132000,57,false,Rx,0,8,00,00,FE,FF,FE,FF,00,00
159170000,625,false,Rx,0,8,25,00,11,43,FD,BB,E4,01
159182000,60D,false,Rx,0,8,0D,10,DF,23,02,20,70,00
159270000,625,false,Rx,0,8,25,00,11,43,FD,BB,E4,01
159282000,60D,false,Rx,0,8,0D,10,DF,23,02,20,70,00
159304000,2C4,false,Rx,0,8,05,00,00,00,E1,02,00,00
159304000,2C5,false,Rx,0,8,00,00,00,00,00,00,00,00
159305000,2C6,false,Rx,0,8,F4,01,84,03,00,00,00,00
159321000,54,false,Rx,0,8,01,01,FE,FF,FE,FF,00,00
159321000,55,false,Rx,0,8,10,27,00,00,00,00,00,00
159322000,56,false,Rx,0,8,10,27,00,00,00,00,00,00
159332000,57,false,Rx,0,8,00,00,FE,FF,FE,FF,00,00
159370000,625,false,Rx,0,8,25,00,11,43,FD,BB,E4,01
159382000,60D,false,Rx,0,8,0D,10,DF,23,02,20,70,00
159470000,625,false,Rx,0,8,25,00,11,43,FD,BB,E4,01
159482000,60D,false,Rx,0,8,0D,10,DF,23,02,20,70,00
159504000,2C4,false,Rx,0,8,05,00,00,00,DF,02,00,00
159504000,2C5,false,Rx,0,8,00,00,00,00,00,00,00,00
159505000,2C6,false,Rx,0,8,F4,01,84,03,00,00,00,00
159521000,54,false,Rx,0,8,01,01,FE,FF,FE,FF,00,00
159521000,55,false,Rx,0,8,10,27,00,00,00,00,00,00
159522000,56,false,Rx,0,8,10,27,00,00,00,00,00,00
159532000,57,false,Rx,0,8,00,00,FE,FF,FE,FF,00,00
159570000,625,false,Rx,0,8,25,00,11,43,FD,BB,E4,01
159582000,60D,false,Rx,0,8,0D,10,DF,23,02,20,70,00
159670000,625,false,Rx,0,8,25,00,11,43,FD,BB,E4,01
159682000,60D,false,Rx,0,8,0D,10,DF,23,02,20,70,00
159704000,2C4,false,Rx,0,8,05,00,00,00,DF,02,00,00
159704000,2C5,false,Rx,0,8,00,00,00,00,00,00,00,00
159705000,2C6,false,Rx,0,8,F4,01,84,03,00,00,00,00
159721000,54,false,Rx,0,8,01,01,FE,FF,FE,FF,00,00
159721000,55,false,Rx,0,8,10,27,00,00,00,00,00,00
159722000,56,false,Rx,0,8,10,27,00,00,00,00,00,00
159732000,57,false,Rx,0,8,00,00,FE,FF,FE,FF,00,00
159770000,625,false,Rx,0,8,25,00,11,43,FD,BB,E4,01
159782000,60D,false,Rx,0,8,0D,10,DF,23,02,20,70,00
159870000,625,false,Rx,0,8,25,00,11,43,FD,BB,E4,01
159882000,60D,false,Rx,0,8,0D,10,DF,23,02,20,70,00
159904000,2C4,false,Rx,0,8,05,00,00,00,E1,02,00,00
159904000,2C5,false,Rx,0,8,00,00,00,00,00,00,00,00
159905000,2C6,false,Rx,0,8,F4,01,84,03,00,00,00,00
159921000,54,false,Rx,0,8,01,01,FE,FF,FE,FF,00,00
159921000,55,false,Rx,0,8,10,27,00,00,00,00,00,00
159922000,56,false,Rx,0,8,10,27,00,00,00,00,00,00
159932000,57,false,Rx,0,8,00,00,FE,FF,FE,FF,00,00
159970000,625,false,Rx,0,8,25,00,11,43,FD,BB,E4,01
159982000,60D,false,Rx,0,8,0D,10,DF,23,02,20,70,00
160070000,625,false,Rx,0,8,25,00,11,43,FD,BB,E4,01
160082000,60D,false,Rx,0,8,0D,10,DF,23,02,20,70,00
160104000,2C4,false,Rx,0,8,05,00,00,00,E1,02,00,00
160104000,2C5,false,Rx,0,8,00,00,00,00,00,00,00,00
160105000,2C6,false,Rx,0,8,F4,01,84,03,00,00,00,00
160121000,54,false,Rx,0,8,01,01,FE,FF,FE,FF,00,00
160121000,55,false,Rx,0,8,10,27,00,00,00,00,00,00
160122000,56,false,Rx,0,8,10,27,00,00,00,00,00,00
160132000,57,false,Rx,0,8,00,00,FE,FF,FE,FF,00,00
160170000,625,false,Rx,0,8,25,00,11,43,FD,BB,E4,01
160182000,60D,false,Rx,0,8,0D,10,DF,23,02,20,70,00
160270000,625,false,Rx,0,8,25,00,11,43,FD,BB,E4,01
160282000,60D,false,Rx,0,8,0D,10,DF,23,02,20,70,00
160304000,2C4,false,Rx,0,8,05,00,00,00,E1,02,00,00
160304000,2C5,false,Rx,0,8,00,00,00,00,00,00,00,00
160305000,2C6,false,Rx,0,8,F4,01,84,03,00,00,00,00
160321000,54,false,Rx,0,8,01,01,FE,FF,FE,FF,00,00
160321000,55,false,Rx,0,8,10,27,00,00,00,00,00,00
160322000,56,false,Rx,0,8,10,27,00,00,00,00,00,00
160332000,57,false,Rx,0,8,00,00,FE,FF,FE,FF,00,00
160370000,625,false,Rx,0,8,25,00,11,43,FD,BB,E4,01
160382000,60D,false,Rx,0,8,0D,10,DF,23,02,20,70,00
160470000,625,false,Rx,0,8,25,00,11,43,FD,BB,E4,01
160482000,60D,false,Rx,0,8,0D,10,DF,23,02,20,70,00
160504000,2C4,false,Rx,0,8,05,00,00,00,DF,02,00,00
160504000,2C5,false,Rx,0,8,00,00,00,00,00,00,00,00
160505000,2C6,false,Rx,0,8,F4,01,84,03,00,00,00,00
160521000,54,false,Rx,0,8,01,01,FE,FF,FE,FF,00,00
160521000,55,false,Rx,0,8,10,27,00,00,00,00,00,00
160522000,56,false,Rx,0,8,10,27,00,00,00,00,00,00
160532000,57,false,Rx,0,8,00,00,FE,FF,FE,FF,00,00
160570000,625,false,Rx,0,8,25,00,11,43,FD,BB,E4,01
160582000,60D,false,Rx,0,8,0D,10,DF,23,02,20,70,00
160670000,625,false,Rx,0,8,25,00,11,43,FD,BB,E4,01
160682000,60D,false,Rx,0,8,0D,10,DF,23,02,20,70,00
160704000,2C4,false,Rx,0,8,05,00,00,00,DF,02,00,00
160704000,2C5,false,Rx,0,8,00,00,00,00,00,00,00,00
160705000,2C6,false,Rx,0,8,F4,01,84,03,00,00,00,00
160721000,54,false,Rx,0,8,01,01,FE,FF,FE,FF,00,00
160721000,55,false,Rx,0,8,10,27,00,00,00,00,00,00
160722000,56,false,Rx,0,8,10,27,00,00,00,00,00,00
160732000,57,false,Rx,0,8,00,00,FE,FF,FE,FF,00,00
160770000,625,false,Rx,0,8,25,00,11,43,FD,BB,E4,01
160782000,60D,false,Rx,0,8,0D,10,DF,23,02,20,70,00
160870000,625,false,Rx,0,8,25,00,11,43,FD,BB,E4,01
160882000,60D,false,Rx,0,8,0D,10,DF,23,02,20,70,00
160904000,2C4,false,Rx,0,8,05,00,00,00,E1,02,00,00
160904000,2C5,false,Rx,0,8,00,00,00,00,00,00,00,00
160905000,2C6,false,Rx,0,8,F4,01,84,03,00,00,00,00
160921000,54,false,Rx,0,8,01,01,FE,FF,FE,FF,00,00
160921000,55,false,Rx,0,8,10,27,00,00,00,00,00,00
160922000,56,false,Rx,0,8,10,27,00,00,00,00,00,00
160932000,57,false,Rx,0,8,00,00,FE,FF,FE,FF,00,00
160970000,625,false,Rx,0,8,25,00,11,43,FD,BB,E4,01
160982000,60D,false,Rx,0,8,0D,10,DF,23,02,20,70,00
161070000,625,false,Rx,0,8,25,00,11,43,FD,BB,E4,01
161082000,60D,false,Rx,0,8,0D,10,DF,23,02,20,70,00
161104000,2C4,false,Rx,0,8,05,00,00,00,DF,02,00,00
161104000,2C5,false,Rx,0,8,00,00,00,00,00,00,00,00
161105000,2C6,false,Rx,0,8,F4,01,84,03,00,00,00,00
161121000,54,false,Rx,0,8,01,01,FE,FF,FE,FF,00,00
161121000,55,false,Rx,0,8,10,27,00,00,00,00,00,00
161122000,56,false,Rx,0,8,10,27,00,00,00,00,00,00
161132000,57,false,Rx,0,8,00,00,FE,FF,FE,FF,00,00
161170000,625,false,Rx,0,8,25,00,11,43,FD,BB,E4,01
161182000,60D,false,Rx,0,8,0D,10,DF,23,02,20,70,00
161270000,625,false,Rx,0,8,25,00,11,43,FD,BB,E4,01
161282000,60D,false,Rx,0,8,0D,10,DF,23,02,20,70,00
161304000,2C4,false,Rx,0,8,05,00,00,00,DF,02,00,00
161304000,2C5,false,Rx,0,8,00,00,00,00,00,00,00,00
161305000,2C6,false,Rx,0,8,F4,01,84,03,00,00,00,00
161321000,54,false,Rx,0,8,01,01,FE,FF,FE,FF,00,00
161321000,55,false,Rx,0,8,10,27,00,00,00,00,00,00
161322000,56,false,Rx,0,8,10,27,00,00,00,00,00,00
161332000,57,false,Rx,0,8,00,00,FE,FF,FE,FF,00,00
161370000,625,false,Rx,0,8,25,00,11,43,FD,BB,E4,01
161382000,60D,false,Rx,0,8,0D,10,DF,23,02,20,70,00
161470000,625,false,Rx,0,8,25,00,11,43,FD,BB,E4,01
161482000,60D,false,Rx,0,8,0D,10,DF,23,02,20,70,00
161504000,2C4,false,Rx,0,8,05,00,00,00,E1,02,00,00
161504000,2C5,false,Rx,0,8,00,00,00,00,00,00,00,00
161504000,2C6,false,Rx,0,8,F4,01,84,03,00,00,00,00
161521000,54,false,Rx,0,8,01,01,FE,FF,FE,FF,00,00
161521000,55,false,Rx,0,8,10,27,00,00,00,00,00,00
161522000,56,false,Rx,0,8,10,27,00,00,00,00,00,00
161532000,57,false,Rx,0,8,00,00,FE,FF,FE,FF,00,00
161570000,625,false,Rx,0,8,25,00,11,43,FD,BB,E4,01
161582000,60D,false,Rx,0,8,0D,10,DF,23,02,20,70,00
161670000,625,false,Rx,0,8,25,00,11,43,FD,BB,E4,01
161682000,60D,false,Rx,0,8,0D,10,DF,23,02,20,70,00
161704000,2C4,false,Rx,0,8,05,00,00,00,E1,02,00,00
161704000,2C5,false,Rx,0,8,00,00,00,00,00,00,00,00
161704000,2C6,false,Rx,0,8,F4,01,84,03,00,00,00,00
161721000,54,false,Rx,0,8,01,01,FE,FF,FE,FF,00,00
161721000,55,false,Rx,0,8,10,27,00,00,00,00,00,00
161722000,56,false,Rx,0,8,10,27,00,00,00,00,00,00
161732000,57,false,Rx,0,8,00,00,FE,FF,FE,FF,00,00
161770000,625,false,Rx,0,8,25,00,11,43,FD,BB,E4,01
161782000,60D,false,Rx,0,8,0D,10,DF,23,02,20,70,00
161870000,625,false,Rx,0,8,25,00,11,43,FD,BB,E4,01
161882000,60D,false,Rx,0,8,0D,10,DF,23,02,20,70,00
161904000,2C4,false,Rx,0,8,05,00,00,00,E1,02,00,00
161904000,2C5,false,Rx,0,8,00,00,00,00,00,00,00,00
161904000,2C6,false,Rx,0,8,F4,01,84,03,00,00,00,00
161921000,54,false,Rx,0,8,01,01,FE,FF,FE,FF,00,00
161922000,55,false,Rx,0,8,10,27,00,00,00,00,00,00
161922000,56,false,Rx,0,8,10,27,00,00,00,00,00,00
161932000,57,false,Rx,0,8,00,00,FE,FF,FE,FF,00,00
161970000,625,false,Rx,0,8,25,00,11,43,FD,BB,E4,01
161982000,60D,false,Rx,0,8,0D,10,DF,23,02,20,70,00
162070000,625,false,Rx,0,8,25,00,11,43,FD,BB,E4,01
162082000,60D,false,Rx,0,8,0D,10,DF,23,02,20,70,00
162104000,2C4,false,Rx,0,8,05,00,00,00,DF,02,00,00
162104000,2C5,false,Rx,0,8,00,00,00,00,00,00,00,00
162104000,2C6,false,Rx,0,8,F4,01,84,03,00,00,00,00
162121000,54,false,Rx,0,8,01,01,FE,FF,FE,FF,00,00
162121000,55,false,Rx,0,8,10,27,00,00,00,00,00,00
162122000,56,false,Rx,0,8,10,27,00,00,00,00,00,00
162132000,57,false,Rx,0,8,00,00,FE,FF,FE,FF,00,00
162170000,625,false,Rx,0,8,25,00,11,43,FD,BB,E4,01
162182000,60D,false,Rx,0,8,0D,10,DF,23,02,20,70,00
162270000,625,false,Rx,0,8,25,00,11,43,FD,BB,E4,01
162282000,60D,false,Rx,0,8,0D,10,DF,23,02,20,70,00
162304000,2C4,false,Rx,0,8,05,00,00,00,DF,02,00,00
162304000,2C5,false,Rx,0,8,00,00,00,00,00,00,00,00
162304000,2C6,false,Rx,0,8,F4,01,84,03,00,00,00,00
162321000,54,false,Rx,0,8,01,01,FE,FF,FE,FF,00,00
162321000,55,false,Rx,0,8,10,27,00,00,00,00,00,00
162322000,56,false,Rx,0,8,10,27,00,00,00,00,00,00
162332000,57,false,Rx,0,8,00,00,FE,FF,FE,FF,00,00
162370000,625,false,Rx,0,8,25,00,11,43,FD,BB,E4,01
162382000,60D,false,Rx,0,8,0D,10,DF,23,02,20,70,00
162470000,625,false,Rx,0,8,25,00,11,43,FD,BB,E4,01
162482000,60D,false,Rx,0,8,0D,10,DF,23,02,20,70,00
162504000,2C4,false,Rx,0,8,05,00,00,00,E1,02,00,00
162504000,2C5,false,Rx,0,8,00,00,00,00,00,00,00,00
162504000,2C6,false,Rx,0,8,F4,01,84,03,00,00,00,00
162521000,54,false,Rx,0,8,01,01,FE,FF,FE,FF,00,00
162521000,55,false,Rx,0,8,10,27,00,00,00,00,00,00
162522000,56,false,Rx,0,8,10,27,00,00,00,00,00,00
162532000,57,false,Rx,0,8,00,00,FE,FF,FE,FF,00,00
162570000,625,false,Rx,0,8,25,00,11,43,FD,BB,E4,01
162582000,60D,false,Rx,0,8,0D,10,DF,23,02,20,70,00
162670000,625,false,Rx,0,8,25,00,11,43,FD,BB,E4,01
162682000,60D,false,Rx,0,8,0D,10,DF,23,02,20,70,00
162704000,2C4,false,Rx,0,8,05,00,00,00,E1,02,00,00
162704000,2C5,false,Rx,0,8,00,00,00,00,00,00,00,00
162704000,2C6,false,Rx,0,8,F4,01,84,03,00,00,00,00
162721000,54,false,Rx,0,8,01,01,FE,FF,FE,FF,00,00
162721000,55,false,Rx,0,8,10,27,00,00,00,00,00,00
162722000,56,false,Rx,0,8,10,27,00,00,00,00,00,00
162732000,57,false,Rx,0,8,00,00,FE,FF,FE,FF,00,00
162770000,625,false,Rx,0,8,25,00,11,43,FD,BB,E4,01
162782000,60D,false,Rx,0,8,0D,10,DF,23,02,20,70,00
162870000,625,false,Rx,0,8,25,00,11,43,FD,BB,E4,01
162882000,60D,false,Rx,0,8,0D,10,DF,23,02,20,70,00
162904000,2C4,false,Rx,0,8,05,00,00,00,DF,02,00,00
162904000,2C5,false,Rx,0,8,00,00,00,00,00,00,00,00
162904000,2C6,false,Rx,0,8,F4,01,84,03,00,00,00,00
162921000,54,false,Rx,0,8,01,01,FE,FF,FE,FF,00,00
162921000,55,false,Rx,0,8,10,27,00,00,00,00,00,00
162922000,56,false,Rx,0,8,10,27,00,00,00,00,00,00
162932000,57,false,Rx,0,8,00,00,FE,FF,FE,FF,00,00
162970000,625,false,Rx,0,8,25,00,11,43,FD,BB,E4,01
162982000,60D,false,Rx,0,8,0D,10,DF,23,02,20,70,00
163070000,625,false,Rx,0,8,25,00,11,43,FD,BB,E4,01
163082000,60D,false,Rx,0,8,0D,10,DF,23,02,20,70,00
163104000,2C4,false,Rx,0,8,05,00,00,00,DF,02,00,00
163104000,2C5,false,Rx,0,8,00,00,00,00,00,00,00,00
163104000,2C6,false,Rx,0,8,F4,01,84,03,00,00,00,00
163121000,54,false,Rx,0,8,01,01,FE,FF,FE,FF,00,00
163121000,55,false,Rx,0,8,10,27,00,00,00,00,00,00
163122000,56,false,Rx,0,8,10,27,00,00,00,00,00,00
163132000,57,false,Rx,0,8,00,00,FE,FF,FE,FF,00,00
163170000,625,false,Rx,0,8,25,00,11,43,FD,BB,E4,01
163182000,60D,false,Rx,0,8,0D,10,DF,23,02,20,70,00
163270000,625,false,Rx,0,8,25,00,11,43,FD,BB,E4,01
163282000,60D,false,Rx,0,8,0D,10,DF,23,02,20,70,00
163304000,2C4,false,Rx,0,8,05,00,00,00,E1,02,00,00
163304000,2C5,false,Rx,0,8,00,00,00,00,00,00,00,00
163304000,2C6,false,Rx,0,8,F4,01,84,03,00,00,00,00
163321000,54,false,Rx,0,8,01,01,FE,FF,FE,FF,00,00
163321000,55,false,Rx,0,8,10,27,00,00,00,00,00,00
163322000,56,false,Rx,0,8,10,27,00,00,00,00,00,00
163332000,57,false,Rx,0,8,00,00,FE,FF,FE,FF,00,00
163370000,625,false,Rx,0,8,25,00,11,43,FD,BB,E4,01
163382000,60D,false,Rx,0,8,0D,10,DF,23,02,20,70,00
163470000,625,false,Rx,0,8,25,00,11,43,FD,BB,E4,01
163482000,60D,false,Rx,0,8,0D,10,DF,23,02,20,70,00
163504000,2C4,false,Rx,0,8,05,00,00,00,E1,02,00,00
163504000,2C5,false,Rx,0,8,00,00,00,00,00,00,00,00
163504000,2C6,false,Rx,0,8,F4,01,84,03,00,00,00,00
163521000,54,false,Rx,0,8,01,01,FE,FF,FE,FF,00,00
163521000,55,false,Rx,0,8,10,27,00,00,00,00,00,00
163522000,56,false,Rx,0,8,10,27,00,00,00,00,00,00
163532000,57,false,Rx,0,8,00,00,FE,FF,FE,FF,00,00
163570000,625,false,Rx,0,8,25,00,11,43,FD,BB,E4,01
163582000,60D,false,Rx,0,8,0D,10,DF,23,02,20,70,00
163670000,625,false,Rx,0,8,25,00,11,43,FD,BB,E4,01
163682000,60D,false,Rx,0,8,0D,10,DF,23,02,20,70,00
163704000,2C4,false,Rx,0,8,05,00,00,00,E1,02,00,00
163704000,2C5,false,Rx,0,8,00,00,00,00,00,00,00,00
163704000,2C6,false,Rx,0,8,F4,01,84,03,00,00,00,00
163721000,54,false,Rx,0,8,01,01,FE,FF,FE,FF,00,00
163721000,55,false,Rx,0,8,10,27,00,00,00,00,00,00
163722000,56,false,Rx,0,8,10,27,00,00,00,00,00,00
163732000,57,false,Rx,0,8,00,00,FE,FF,FE,FF,00,00
163770000,625,false,Rx,0,8,25,00,11,43,FD,BB,E4,01
163782000,60D,false,Rx,0,8,0D,10,DF,23,02,20,70,00
163870000,625,false,Rx,0,8,25,00,11,43,FD,BB,E4,01
163882000,60D,false,Rx,0,8,0D,10,DF,23,02,20,70,00
163904000,2C4,false,Rx,0,8,05,00,00,00,DF,02,00,00
163904000,2C5,false,Rx,0,8,00,00,00,00,00,00,00,00
163904000,2C6,false,Rx,0,8,F4,01,84,03,00,00,00,00
163921000,54,false,Rx,0,8,01,01,FE,FF,FE,FF,00,00
163921000,55,false,Rx,0,8,10,27,00,00,00,00,00,00
163922000,56,false,Rx,0,8,10,27,00,00,00,00,00,00
163932000,57,false,Rx,0,8,00,00,FE,FF,FE,FF,00,00
163970000,625,false,Rx,0,8,25,00,11,43,FD,BB,E4,01
163982000,60D,false,Rx,0,8,0D,10,DF,23,02,20,70,00
164070000,625,false,Rx,0,8,25,00,11,43,FD,BB,E4,01
164082000,60D,false,Rx,0,8,0D,10,DF,23,02,20,70,00
164104000,2C4,false,Rx,0,8,05,00,00,00,DF,02,00,00
164104000,2C5,false,Rx,0,8,00,00,00,00,00,00,00,00
164104000,2C6,false,Rx,0,8,F4,01,84,03,00,00,00,00
164121000,54,false,Rx,0,8,01,01,FE,FF,FE,FF,00,00
164121000,55,false,Rx,0,8,10,27,00,00,00,00,00,00
164122000,56,false,Rx,0,8,10,27,00,00,00,00,00,00
164132000,57,false,Rx,0,8,00,00,FE,FF,FE,FF,00,00
164170000,625,false,Rx,0,8,25,00,11,43,FD,BB,E4,01
164182000,60D,false,Rx,0,8,0D,10,DF,23,02,20,70,00
164270000,625,false,Rx,0,8,25,00,11,43,FD,BB,E4,01
164282000,60D,false,Rx,0,8,0D,10,DF,23,02,20,70,00
164304000,2C4,false,Rx,0,8,05,00,00,00,E1,02,00,00
164304000,2C5,false,Rx,0,8,00,00,00,00,00,00,00,00
164304000,2C6,false,Rx,0,8,F4,01,84,03,00,00,00,00
164321000,54,false,Rx,0,8,01,01,FE,FF,FE,FF,00,00
164321000,55,false,Rx,0,8,10,27,00,00,00,00,00,00
164322000,56,false,Rx,0,8,10,27,00,00,00,00,00,00
164332000,57,false,Rx,0,8,00,00,FE,FF,FE,FF,00,00
164370000,625,false,Rx,0,8,25,00,11,43,FD,BB,E4,01
164382000,60D,false,Rx,0,8,0D,10,DF,23,02,20,70,00
164470000,625,false,Rx,0,8,25,00,11,43,FD,BB,E4,01
164482000,60D,false,Rx,0,8,0D,10,DF,23,02,20,70,00
164504000,2C4,false,Rx,0,8,05,00,00,00,E1,02,00,00
164504000,2C5,false,Rx,0,8,00,00,00,00,00,00,00,00
164504000,2C6,false,Rx,0,8,F4,01,84,03,00,00,00,00
164521000,54,false,Rx,0,8,01,01,FE,FF,FE,FF,00,00
164521000,55,false,Rx,0,8,10,27,00,00,00,00,00,00
164522000,56,false,Rx,0,8,10,27,00,00,00,00,00,00
164532000,57,false,Rx,0,8,00,00,FE,FF,FE,FF,00,00
164570000,625,false,Rx,0,8,25,00,11,43,FD,BB,E4,01
164582000,60D,false,Rx,0,8,0D,10,DF,23,02,20,70,00
164670000,625,false,Rx,0,8,25,00,11,43,FD,BB,E4,01
164682000,60D,false,Rx,0,8,0D,10,DF,23,02,20,70,00
164704000,2C4,false,Rx,0,8,05,00,00,00,DF,02,00,00
164704000,2C5,false,Rx,0,8,00,00,00,00,00,00,00,00
164704000,2C6,false,Rx,0,8,F4,01,84,03,00,00,00,00
164721000,54,false,Rx,0,8,01,01,FE,FF,FE,FF,00,00
164721000,55,false,Rx,0,8,10,27,00,00,00,00,00,00
164722000,56,false,Rx,0,8,10,27,00,00,00,00,00,00
164732000,57,false,Rx,0,8,00,00,FE,FF,FE,FF,00,00
164770000,625,false,Rx,0,8,25,00,11,43,FD,BB,E4,01
164782000,60D,false,Rx,0,8,0D,10,DF,23,02,20,70,00
164870000,625,false,Rx,0,8,25,00,11,43,FD,BB,E4,01
164882000,60D,false,Rx,0,8,0D,10,DF,23,02,20,70,00
164904000,2C4,false,Rx,0,8,05,00,00,00,E1,02,00,00
164904000,2C5,false,Rx,0,8,00,00,00,00,00,00,00,00
164904000,2C6,false,Rx,0,8,F4,01,84,03,00,00,00,00
164921000,54,false,Rx,0,8,01,01,FE,FF,FE,FF,00,00
164921000,55,false,Rx,0,8,10,27,00,00,00,00,00,00
164922000,56,false,Rx,0,8,10,27,00,00,00,00,00,00
164932000,57,false,Rx,0,8,00,00,FE,FF,FE,FF,00,00
164970000,625,false,Rx,0,8,25,00,11,43,FD,BB,E4,01
164982000,60D,false,Rx,0,8,0D,10,DF,23,02,20,70,00
165070000,625,false,Rx,0,8,25,00,11,43,FD,BB,E4,01
165082000,60D,false,Rx,0,8,0D,10,DF,23,02,20,70,00
165104000,2C4,false,Rx,0,8,05,00,00,00,E1,02,00,00
165104000,2C5,false,Rx,0,8,00,00,00,00,00,00,00,00
165104000,2C6,false,Rx,0,8,F4,01,84,03,00,00,00,00
165121000,54,false,Rx,0,8,01,01,FE,FF,FE,FF,00,00
165121000,55,false,Rx,0,8,10,27,00,00,00,00,00,00
165122000,56,false,Rx,0,8,10,27,00,00,00,00,00,00
165132000,57,false,Rx,0,8,00,00,FE,FF,FE,FF,00,00
165170000,625,false,Rx,0,8,25,00,11,43,FD,BB,E4,01
165182000,60D,false,Rx,0,8,0D,10,DF,23,02,20,70,00
165270000,625,false,Rx,0,8,25,00,11,43,FD,BB,E4,01
165282000,60D,false,Rx,0,8,0D,10,DF,23,02,20,70,00
165304000,2C4,false,Rx,0,8,05,00,00,00,E1,02,00,00
165304000,2C5,false,Rx,0,8,00,00,00,00,00,00,00,00
165304000,2C6,false,Rx,0,8,F4,01,84,03,00,00,00,00
165321000,54,false,Rx,0,8,01,01,FE,FF,FE,FF,00,00
165321000,55,false,Rx,0,8,10,27,00,00,00,00,00,00
165322000,56,false,Rx,0,8,10,27,00,00,00,00,00,00
165332000,57,false,Rx,0,8,00,00,FE,FF,FE,FF,00,00
165370000,625,false,Rx,0,8,25,00,11,43,FD,BB,E4,01
165382000,60D,false,Rx,0,8,0D,10,DF,23,02,20,70,00
165470000,625,false,Rx,0,8,25,00,11,43,FD,BB,E4,01
165482000,60D,false,Rx,0,8,0D,10,DF,23,02,20,70,00
165504000,2C4,false,Rx,0,8,05,00,00,00,DF,02,00,00
165504000,2C5,false,Rx,0,8,00,00,00,00,00,00,00,00
165504000,2C6,false,Rx,0,8,F4,01,84,03,00,00,00,00
165521000,54,false,Rx,0,8,01,01,FE,FF,FE,FF,00,00
165521000,55,false,Rx,0,8,10,27,00,00,00,00,00,00
165522000,56,false,Rx,0,8,10,27,00,00,00,00,00,00
165532000,57,false,Rx,0,8,00,00,FE,FF,FE,FF,00,00
165570000,625,false,Rx,0,8,25,00,11,43,FD,BB,E4,01
165582000,60D,false,Rx,0,8,0D,10,DF,23,02,20,70,00
165670000,625,false,Rx,0,8,25,00,11,43,FD,BB,E4,01
165682000,60D,false,Rx,0,8,0D,10,DF,23,02,20,70,00
165704000,2C4,false,Rx,0,8,05,00,00,00,DF,02,00,00
165704000,2C5,false,Rx,0,8,00,00,00,00,00,00,00,00
165704000,2C6,false,Rx,0,8,F4,01,84,03,00,00,00,00
165721000,54,false,Rx,0,8,01,01,FE,FF,FE,FF,00,00
165721000,55,false,Rx,0,8,10,27,00,00,00,00,00,00
165722000,56,false,Rx,0,8,10,27,00,00,00,00,00,00
165732000,57,false,Rx,0,8,00,00,FE,FF,FE,FF,00,00
165770000,625,false,Rx,0,8,25,00,11,43,FD,BB,E4,01
165782000,60D,false,Rx,0,8,0D,10,DF,23,02,20,70,00
165870000,625,false,Rx,0,8,25,00,11,43,FD,BB,E4,01
165882000,60D,false,Rx,0,8,0D,10,DF,23,02,20,70,00
165904000,2C4,false,Rx,0,8,05,00,00,00,E1,02,00,00
165904000,2C5,false,Rx,0,8,00,00,00,00,00,00,00,00
165904000,2C6,false,Rx,0,8,F4,01,84,03,00,00,00,00
165921000,54,false,Rx,0,8,01,01,FE,FF,FE,FF,00,00
165921000,55,false,Rx,0,8,10,27,00,00,00,00,00,00
165922000,56,false,Rx,0,8,10,27,00,00,00,00,00,00
165932000,57,false,Rx,0,8,00,00,FE,FF,FE,FF,00,00
165970000,625,false,Rx,0,8,25,00,11,43,FD,BB,E4,01
165982000,60D,false,Rx,0,8,0D,10,DF,23,02,20,70,00
166070000,625,false,Rx,0,8,25,00,11,43,FD,BB,E4,01
166082000,60D,false,Rx,0,8,0D,10,DF,23,02,20,70,00
166104000,2C4,false,Rx,0,8,05,00,00,00,E1,02,00,00
166104000,2C5,false,Rx,0,8,00,00,00,00,00,00,00,00
166104000,2C6,false,Rx,0,8,F4,01,84,03,00,00,00,00
166121000,54,false,Rx,0,8,01,01,FE,FF,FE,FF,00,00
166121000,55,false,Rx,0,8,10,27,00,00,00,00,00,00
166122000,56,false,Rx,0,8,10,27,00,00,00,00,00,00
166132000,57,false,Rx,0,8,00,00,FE,FF,FE,FF,00,00
166170000,625,false,Rx,0,8,25,00,11,43,FD,BB,E4,01
166182000,60D,false,Rx,0,8,0D,10,DF,23,02,20,70,00
166270000,625,false,Rx,0,8,25,00,11,43,FD,BB,E4,01
166282000,60D,false,Rx,0,8,0D,10,DF,23,02,20,70,00
166304000,2C4,false,Rx,0,8,05,00,00,00,DF,02,00,00
166304000,2C5,false,Rx,0,8,00,00,00,00,00,00,00,00
166304000,2C6,false,Rx,0,8,F4,01,84,03,00,00,00,00
166321000,54,false,Rx,0,8,01,01,FE,FF,FE,FF,00,00
166321000,55,false,Rx,0,8,10,27,00,00,00,00,00,00
166322000,56,false,Rx,0,8,10,27,00,00,00,00,00,00
166332000,57,false,Rx,0,8,00,00,FE,FF,FE,FF,00,00
166370000,625,false,Rx,0,8,25,00,11,43,FD,BB,E4,01
166382000,60D,false,Rx,0,8,0D,10,DF,23,02,20,70,00
166470000,625,false,Rx,0,8,25,00,11,43,FD,BB,E4,01
166482000,60D,false,Rx,0,8,0D,10,DF,23,02,20,70,00
166504000,2C4,false,Rx,0,8,05,00,00,00,E1,02,00,00
166504000,2C5,false,Rx,0,8,00,00,00,00,00,00,00,00
166504000,2C6,false,Rx,0,8,F4,01,84,03,00,00,00,00
166521000,54,false,Rx,0,8,01,01,FE,FF,FE,FF,00,00
166521000,55,false,Rx,0,8,10,27,00,00,00,00,00,00
166522000,56,false,Rx,0,8,10,27,00,00,00,00,00,00
166532000,57,false,Rx,0,8,00,00,FE,FF,FE,FF,00,00
166570000,625,false,Rx,0,8,25,00,11,43,FD,BB,E4,01
166582000,60D,false,Rx,0,8,0D,10,DF,23,02,20,70,00
166670000,625,false,Rx,0,8,25,00,11,43,FD,BB,E4,01
166682000,60D,false,Rx,0,8,0D,10,DF,23,02,20,70,00
166704000,2C4,false,Rx,0,8,05,00,00,00,E1,02,00,00
166704000,2C5,false,Rx,0,8,00,00,00,00,00,00,00,00
166704000,2C6,false,Rx,0,8,F4,01,84,03,00,00,00,00
166721000,54,false,Rx,0,8,01,01,FE,FF,FE,FF,00,00
166721000,55,false,Rx,0,8,10,27,00,00,00,00,00,00
166722000,56,false,Rx,0,8,10,27,00,00,00,00,00,00
166732000,57,false,Rx,0,8,00,00,FE,FF,FE,FF,00,00
166770000,625,false,Rx,0,8,25,00,11,43,FD,BB,E4,01
166782000,60D,false,Rx,0,8,0D,10,DF,23,02,20,70,00
166870000,625,false,Rx,0,8,25,00,11,43,FD,BB,E4,01
166882000,60D,false,Rx,0,8,0D,10,DF,23,02,20,70,00
166904000,2C4,false,Rx,0,8,05,00,00,00,E1,02,00,00
166904000,2C5,false,Rx,0,8,00,00,00,00,00,00,00,00
166904000,2C6,false,Rx,0,8,F4,01,84,03,00,00,00,00
166921000,54,false,Rx,0,8,01,01,FE,FF,FE,FF,00,00
166922000,55,false,Rx,0,8,10,27,00,00,00,00,00,00
166922000,56,false,Rx,0,8,10,27,00,00,00,00,00,00
166932000,57,false,Rx,0,8,00,00,FE,FF,FE,FF,00,00
166970000,625,false,Rx,0,8,25,00,11,43,FD,BB,E4,01
166982000,60D,false,Rx,0,8,0D,10,DF,23,02,20,70,00
167070000,625,false,Rx,0,8,25,00,11,43,FD,BB,E4,01
167082000,60D,false,Rx,0,8,0D,10,DF,23,02,20,70,00
167104000,2C4,false,Rx,0,8,05,00,00,00,E1,02,00,00
167104000,2C5,false,Rx,0,8,00,00,00,00,00,00,00,00
167104000,2C6,false,Rx,0,8,F4,01,84,03,00,00,00,00
167121000,54,false,Rx,0,8,01,01,FE,FF,FE,FF,00,00
167121000,55,false,Rx,0,8,10,27,00,00,00,00,00,00
167122000,56,false,Rx,0,8,10,27,00,00,00,00,00,00
167132000,57,false,Rx,0,8,00,00,FE,FF,FE,FF,00,00
167170000,625,false,Rx,0,8,25,00,11,43,FD,BB,E4,01
167182000,60D,false,Rx,0,8,0D,10,DF,23,02,20,70,00
167270000,625,false,Rx,0,8,25,00,11,43,FD,BB,E4,01
167282000,60D,false,Rx,0,8,0D,10,DF,23,02,20,70,00
167304000,2C4,false,Rx,0,8,05,00,00,00,DF,02,00,00
167304000,2C5,false,Rx,0,8,00,00,00,00,00,00,00,00
167304000,2C6,false,Rx,0,8,F4,01,84,03,00,00,00,00
167321000,54,false,Rx,0,8,01,01,FE,FF,FE,FF,00,00
167321000,55,false,Rx,0,8,10,27,00,00,00,00,00,00
167322000,56,false,Rx,0,8,10,27,00,00,00,00,00,00
167332000,57,false,Rx,0,8,00,00,FE,FF,FE,FF,00,00
167370000,625,false,Rx,0,8,25,00,11,43,FD,BB,E4,01
167382000,60D,false,Rx,0,8,0D,10,DF,23,02,20,70,00
167470000,625,false,Rx,0,8,25,00,11,43,FD,BB,E4,01
167482000,60D,false,Rx,0,8,0D,10,DF,23,02,20,70,00
167504000,2C4,false,Rx,0,8,05,00,00,00,E1,02,00,00
167504000,2C5,false,Rx,0,8,00,00,00,00,00,00,00,00
167504000,2C6,false,Rx,0,8,F4,01,84,03,00,00,00,00
167521000,54,false,Rx,0,8,01,01,FE,FF,FE,FF,00,00
167521000,55,false,Rx,0,8,10,27,00,00,00,00,00,00
167522000,56,false,Rx,0,8,10,27,00,00,00,00,00,00
167532000,57,false,Rx,0,8,00,00,FE,FF,FE,FF,00,00
167570000,625,false,Rx,0,8,25,00,11,43,FD,BB,E4,01
167582000,60D,false,Rx,0,8,0D,10,DF,23,02,20,70,00
167670000,625,false,Rx,0,8,25,00,11,43,FD,BB,E4,01
167682000,60D,false,Rx,0,8,0D,10,DF,23,02,20,70,00
167704000,2C4,false,Rx,0,8,05,00,00,00,E1,02,00,00
167704000,2C5,false,Rx,0,8,00,00,00,00,00,00,00,00
167704000,2C6,false,Rx,0,8,F4,01,84,03,00,00,00,00
167721000,54,false,Rx,0,8,01,01,FE,FF,FE,FF,00,00
167721000,55,false,Rx,0,8,10,27,00,00,00,00,00,00
167722000,56,false,Rx,0,8,10,27,00,00,00,00,00,00
167732000,57,false,Rx,0,8,00,00,FE,FF,FE,FF,00,00
167770000,625,false,Rx,0,8,25,00,11,43,FD,BB,E4,01
167782000,60D,false,Rx,0,8,0D,10,DF,23,02,20,70,00
167870000,625,false,Rx,0,8,25,00,11,43,FD,BB,E4,01
167882000,60D,false,Rx,0,8,0D,10,DF,23,02,20,70,00
167904000,2C4,false,Rx,0,8,05,00,00,00,E1,02,00,00
167904000,2C5,false,Rx,0,8,00,00,00,00,00,00,00,00
167904000,2C6,false,Rx,0,8,F4,01,84,03,00,00,00,00
167921000,54,false,Rx,0,8,01,01,FE,FF,FE,FF,00,00
167921000,55,false,Rx,0,8,10,27,00,00,00,00,00,00
167922000,56,false,Rx,0,8,10,27,00,00,00,00,00,00
167932000,57,false,Rx,0,8,00,00,FE,FF,FE,FF,00,00
167970000,625,false,Rx,0,8,25,00,11,43,FD,BB,E4,01
167982000,60D,false,Rx,0,8,0D,10,DF,23,02,20,70,00
168070000,625,false,Rx,0,8,25,00,11,43,FD,BB,E4,01
168082000,60D,false,Rx,0,8,0D,10,DF,23,02,20,70,00
168104000,2C4,false,Rx,0,8,05,00,00,00,DF,02,00,00
168104000,2C5,false,Rx,0,8,00,00,00,00,00,00,00,00
168104000,2C6,false,Rx,0,8,F4,01,84,03,00,00,00,00
168121000,54,false,Rx,0,8,01,01,FE,FF,FE,FF,00,00
168121000,55,false,Rx,0,8,10,27,00,00,00,00,00,00
168122000,56,false,Rx,0,8,10,27,00,00,00,00,00,00
168132000,57,false,Rx,0,8,00,00,FE,FF,FE,FF,00,00
168170000,625,false,Rx,0,8,25,00,11,43,FD,BB,E4,01
168182000,60D,false,Rx,0,8,0D,10,DF,23,02,20,70,00
168269000,625,false,Rx,0,8,25,00,11,43,FD,BB,E4,01
168282000,60D,false,Rx,0,8,0D,10,DF,23,02,20,70,00
168304000,2C4,false,Rx,0,8,05,00,00,00,E1,02,00,00
168304000,2C5,false,Rx,0,8,00,00,00,00,00,00,00,00
168304000,2C6,false,Rx,0,8,F4,01,84,03,00,00,00,00
168321000,54,false,Rx,0,8,01,01,FE,FF,FE,FF,00,00
168321000,55,false,Rx,0,8,10,27,00,00,00,00,00,00
168322000,56,false,Rx,0,8,10,27,00,00,00,00,00,00
168332000,57,false,Rx,0,8,00,00,FE,FF,FE,FF,00,00
168369000,625,false,Rx,0,8,25,00,11,43,FD,BB,E4,01
168382000,60D,false,Rx,0,8,0D,10,DF,23,02,20,70,00
168470000,625,false,Rx,0,8,25,00,11,43,FD,BB,E4,01
168482000,60D,false,Rx,0,8,0D,10,DF,23,02,20,70,00
168504000,2C4,false,Rx,0,8,05,00,00,00,E1,02,00,00
168504000,2C5,false,Rx,0,8,00,00,00,00,00,00,00,00
168504000,2C6,false,Rx,0,8,F4,01,84,03,00,00,00,00
168521000,54,false,Rx,0,8,01,01,FE,FF,FE,FF,00,00
168521000,55,false,Rx,0,8,10,27,00,00,00,00,00,00
168522000,56,false,Rx,0,8,10,27,00,00,00,00,00,00
168532000,57,false,Rx,0,8,00,00,FE,FF,FE,FF,00,00
168569000,625,false,Rx,0,8,25,00,11,43,FD,BB,E4,01
168582000,60D,false,Rx,0,8,0D,10,DF,23,02,20,70,00
168669000,625,false,Rx,0,8,25,00,11,43,FD,BB,E4,01
168682000,60D,false,Rx,0,8,0D,10,DF,23,02,20,70,00
168704000,2C4,false,Rx,0,8,05,00,00,00,E1,02,00,00
168704000,2C5,false,Rx,0,8,00,00,00,00,00,00,00,00
168704000,2C6,false,Rx,0,8,F4,01,84,03,00,00,00,00
168721000,54,false,Rx,0,8,01,01,FE,FF,FE,FF,00,00
168721000,55,false,Rx,0,8,10,27,00,00,00,00,00,00
168722000,56,false,Rx,0,8,10,27,00,00,00,00,00,00
168732000,57,false,Rx,0,8,00,00,FE,FF,FE,FF,00,00
168769000,625,false,Rx,0,8,25,00,11,43,FD,BB,E4,01
168782000,60D,false,Rx,0,8,0D,10,DF,23,02,20,70,00
168869000,625,false,Rx,0,8,25,00,11,43,FD,BB,E4,01
168882000,60D,false,Rx,0,8,0D,10,DF,23,02,20,70,00
168904000,2C4,false,Rx,0,8,05,00,00,00,DF,02,00,00
168904000,2C5,false,Rx,0,8,00,00,00,00,00,00,00,00
168904000,2C6,false,Rx,0,8,F4,01,84,03,00,00,00,00
168921000,54,false,Rx,0,8,01,01,FE,FF,FE,FF,00,00
168921000,55,false,Rx,0,8,10,27,00,00,00,00,00,00
168922000,56,false,Rx,0,8,10,27,00,00,00,00,00,00
168932000,57,false,Rx,0,8,00,00,FE,FF,FE,FF,00,00
168969000,625,false,Rx,0,8,25,00,11,43,FD,BB,E4,01
168982000,60D,false,Rx,0,8,0D,10,DF,23,02,20,70,00
169069000,625,false,Rx,0,8,25,00,11,43,FD,BB,E4,01
169082000,60D,false,Rx,0,8,0D,10,DF,23,02,20,70,00
169104000,2C4,false,Rx,0,8,05,00,00,00,E1,02,00,00
169104000,2C5,false,Rx,0,8,00,00,00,00,00,00,00,00
169104000,2C6,false,Rx,0,8,F4,01,84,03,00,00,00,00
169121000,54,false,Rx,0,8,01,01,FE,FF,FE,FF,00,00
169121000,55,false,Rx,0,8,10,27,00,00,00,00,00,00
169122000,56,false,Rx,0,8,10,27,00,00,00,00,00,00
169132000,57,false,Rx,0,8,00,00,FE,FF,FE,FF,00,00
169169000,625,false,Rx,0,8,25,00,11,43,FD,BB,E4,01
169182000,60D,false,Rx,0,8,0D,10,DF,23,02,20,70,00
169269000,625,false,Rx,0,8,25,00,11,43,FD,BB,E4,01
169282000,60D,false,Rx,0,8,0D,10,DF,23,02,20,70,00
169304000,2C4,false,Rx,0,8,05,00,00,00,E1,02,00,00
169304000,2C5,false,Rx,0,8,00,00,00,00,00,00,00,00
169304000,2C6,false,Rx,0,8,F4,01,84,03,00,00,00,00
169321000,54,false,Rx,0,8,01,01,FE,FF,FE,FF,00,00
169321000,55,false,Rx,0,8,10,27,00,00,00,00,00,00
169322000,56,false,Rx,0,8,10,27,00,00,00,00,00,00
169332000,57,false,Rx,0,8,00,00,FE,FF,FE,FF,00,00
169369000,625,false,Rx,0,8,25,00,11,43,FD,BB,E4,01
169382000,60D,false,Rx,0,8,0D,10,DF,23,02,20,70,00
169469000,625,false,Rx,0,8,25,00,11,43,FD,BB,E4,01
169482000,60D,false,Rx,0,8,0D,10,DF,23,02,20,70,00
169504000,2C4,false,Rx,0,8,05,00,00,00,E1,02,00,00
169504000,2C5,false,Rx,0,8,00,00,00,00,00,00,00,00
169504000,2C6,false,Rx,0,8,F4,01,84,03,00,00,00,00
169521000,54,false,Rx,0,8,01,01,FE,FF,FE,FF,00,00
169521000,55,false,Rx,0,8,10,27,00,00,00,00,00,00
169522000,56,false,Rx,0,8,10,27,00,00,00,00,00,00
169532000,57,false,Rx,0,8,00,00,FE,FF,FE,FF,00,00
169569000,625,false,Rx,0,8,25,00,11,43,FD,BB,E4,01
169582000,60D,false,Rx,0,8,0D,10,DF,23,02,20,70,00
169669000,625,false,Rx,0,8,25,00,11,43,FD,BB,E4,01
169682000,60D,false,Rx,0,8,0D,10,DF,23,02,20,70,00
169704000,2C4,false,Rx,0,8,05,00,00,00,DF,02,00,00
169704000,2C5,false,Rx,0,8,00,00,00,00,00,00,00,00
169704000,2C6,false,Rx,0,8,F4,01,84,03,00,00,00,00
169721000,54,false,Rx,0,8,01,01,FE,FF,FE,FF,00,00
169721000,55,false,Rx,0,8,10,27,00,00,00,00,00,00
169722000,56,false,Rx,0,8,10,27,00,00,00,00,00,00
169732000,57,false,Rx,0,8,00,00,FE,FF,FE,FF,00,00
169769000,625,false,Rx,0,8,25,00,11,43,FD,BB,E4,01
169782000,60D,false,Rx,0,8,0D,10,DF,23,02,20,70,00
169869000,625,false,Rx,0,8,25,00,11,43,FD,BB,E4,01
169882000,60D,false,Rx,0,8,0D,10,DF,23,02,20,70,00
169904000,2C4,false,Rx,0,8,05,00,00,00,E1,02,00,00
169904000,2C5,false,Rx,0,8,00,00,00,00,00,00,00,00
169904000,2C6,false,Rx,0,8,F4,01,84,03,00,00,00,00
169921000,54,false,Rx,0,8,01,01,FE,FF,FE,FF,00,00
169921000,55,false,Rx,0,8,10,27,00,00,00,00,00,00
169922000,56,false,Rx,0,8,10,27,00,00,00,00,00,00
169932000,57,false,Rx,0,8,00,00,FE,FF,FE,FF,00,00
169969000,625,false,Rx,0,8,25,00,11,43,FD,BB,E4,01
169982000,60D,false,Rx,0,8,0D,10,DF,23,02,20,70,00
170069000,625,false,Rx,0,8,25,00,11,43,FD,BB,E4,01
170082000,60D,false,Rx,0,8,0D,10,DF,23,02,20,70,00
170104000,2C4,false,Rx,0,8,05,00,00,00,E1,02,00,00
170104000,2C5,false,Rx,0,8,00,00,00,00,00,00,00,00
170104000,2C6,false,Rx,0,8,F4,01,84,03,00,00,00,00
170121000,54,false,Rx,0,8,01,01,FE,FF,FE,FF,00,00
170121000,55,false,Rx,0,8,10,27,00,00,00,00,00,00
170122000,56,false,Rx,0,8,10,27,00,00,00,00,00,00
170132000,57,false,Rx,0,8,00,00,FE,FF,FE,FF,00,00
170169000,625,false,Rx,0,8,25,00,11,43,FD,BB,E4,01
170182000,60D,false,Rx,0,8,0D,10,DF,23,02,20,70,00
170269000,625,false,Rx,0,8,25,00,11,43,FD,BB,E4,01
170282000,60D,false,Rx,0,8,0D,10,DF,23,02,20,70,00
170304000,2C4,false,Rx,0,8,05,00,00,00,E1,02,00,00
170304000,2C5,false,Rx,0,8,00,00,00,00,00,00,00,00
170304000,2C6,false,Rx,0,8,F4,01,84,03,00,00,00,00
170321000,54,false,Rx,0,8,01,01,FE,FF,FE,FF,00,00
170321000,55,false,Rx,0,8,10,27,00,00,00,00,00,00
170322000,56,false,Rx,0,8,10,27,00,00,00,00,00,00
170332000,57,false,Rx,0,8,00,00,FE,FF,FE,FF,00,00
170369000,625,false,Rx,0,8,25,00,11,43,FD,BB,E4,01
170382000,60D,false,Rx,0,8,0D,10,DF,23,02,20,70,00
170469000,625,false,Rx,0,8,25,00,11,43,FD,BB,E4,01
170482000,60D,false,Rx,0,8,0D,10,DF,23,02,20,70,00
170504000,2C4,false,Rx,0,8,05,00,00,00,DF,02,00,00
170504000,2C5,false,Rx,0,8,00,00,00,00,00,00,00,00
170504000,2C6,false,Rx,0,8,F4,01,84,03,00,00,00,00
170521000,54,false,Rx,0,8,01,01,FE,FF,FE,FF,00,00
170521000,55,false,Rx,0,8,10,27,00,00,00,00,00,00
170522000,56,false,Rx,0,8,10,27,00,00,00,00,00,00
170532000,57,false,Rx,0,8,00,00,FE,FF,FE,FF,00,00
170569000,625,false,Rx,0,8,25,00,11,43,FD,BB,E4,01
170582000,60D,false,Rx,0,8,0D,10,DF,23,02,20,70,00
170669000,625,false,Rx,0,8,25,00,11,43,FD,BB,E4,01
170682000,60D,false,Rx,0,8,0D,10,DF,23,02,20,70,00
170703000,2C4,false,Rx,0,8,05,00,00,00,E1,02,00,00
170704000,2C5,false,Rx,0,8,00,00,00,00,00,00,00,00
170704000,2C6,false,Rx,0,8,F4,01,84,03,00,00,00,00
170721000,54,false,Rx,0,8,01,01,FE,FF,FE,FF,00,00
170721000,55,false,Rx,0,8,10,27,00,00,00,00,00,00
170722000,56,false,Rx,0,8,10,27,00,00,00,00,00,00
170732000,57,false,Rx,0,8,00,00,FE,FF,FE,FF,00,00
170769000,625,false,Rx,0,8,25,00,11,43,FD,BB,E4,01
170782000,60D,false,Rx,0,8,0D,10,DF,23,02,20,70,00
170869000,625,false,Rx,0,8,25,00,11,43,FD,BB,E4,01
170882000,60D,false,Rx,0,8,0D,10,DF,23,02,20,70,00
170903000,2C4,false,Rx,0,8,05,00,00,00,E1,02,00,00
170904000,2C5,false,Rx,0,8,00,00,00,00,00,00,00,00
170904000,2C6,false,Rx,0,8,F4,01,84,03,00,00,00,00
170921000,54,false,Rx,0,8,01,01,FE,FF,FE,FF,00,00
170921000,55,false,Rx,0,8,10,27,00,00,00,00,00,00
170922000,56,false,Rx,0,8,10,27,00,00,00,00,00,00
170932000,57,false,Rx,0,8,00,00,FE,FF,FE,FF,00,00
170969000,625,false,Rx,0,8,25,00,11,43,FD,BB,E4,01
170982000,60D,false,Rx,0,8,0D,10,DF,23,02,20,70,00
171069000,625,false,Rx,0,8,25,00,11,43,FD,BB,E4,01
171082000,60D,false,Rx,0,8,0D,10,DF,23,02,20,70,00
171103000,2C4,false,Rx,0,8,05,00,00,00,E1,02,00,00
171104000,2C5,false,Rx,0,8,00,00,00,00,00,00,00,00
171104000,2C6,false,Rx,0,8,F4,01,84,03,00,00,00,00
171121000,54,false,Rx,0,8,01,01,FE,FF,FE,FF,00,00
171121000,55,false,Rx,0,8,10,27,00,00,00,00,00,00
171122000,56,false,Rx,0,8,10,27,00,00,00,00,00,00
171132000,57,false,Rx,0,8,00,00,FE,FF,FE,FF,00,00
171169000,625,false,Rx,0,8,25,00,11,43,FD,BB,E4,01
171182000,60D,false,Rx,0,8,0D,10,DF,23,02,20,70,00
171269000,625,false,Rx,0,8,25,00,11,43,FD,BB,E4,01
171282000,60D,false,Rx,0,8,0D,10,DF,23,02,20,70,00
171303000,2C4,false,Rx,0,8,05,00,00,00,E1,02,00,00
171304000,2C5,false,Rx,0,8,00,00,00,00,00,00,00,00
171304000,2C6,false,Rx,0,8,F4,01,84,03,00,00,00,00
171321000,54,false,Rx,0,8,01,01,FE,FF,FE,FF,00,00
171321000,55,false,Rx,0,8,10,27,00,00,00,00,00,00
171322000,56,false,Rx,0,8,10,27,00,00,00,00,00,00
171332000,57,false,Rx,0,8,00,00,FE,FF,FE,FF,00,00
171369000,625,false,Rx,0,8,25,00,11,43,FD,BB,E4,01
171382000,60D,false,Rx,0,8,0D,10,DF,23,02,20,70,00
171469000,625,false,Rx,0,8,25,00,11,43,FD,BB,E4,01
171482000,60D,false,Rx,0,8,0D,10,DF,23,02,20,70,00
171503000,2C4,false,Rx,0,8,05,00,00,00,E1,02,00,00
171504000,2C5,false,Rx,0,8,00,00,00,00,00,00,00,00
171504000,2C6,false,Rx,0,8,F4,01,84,03,00,00,00,00
171521000,54,false,Rx,0,8,01,01,FE,FF,FE,FF,00,00
171521000,55,false,Rx,0,8,10,27,00,00,00,00,00,00
171522000,56,false,Rx,0,8,10,27,00,00,00,00,00,00
171532000,57,false,Rx,0,8,00,00,FE,FF,FE,FF,00,00
171569000,625,false,Rx,0,8,25,00,11,43,FD,BB,E4,01
171582000,60D,false,Rx,0,8,0D,10,DF,23,02,20,70,00
171669000,625,false,Rx,0,8,25,00,11,43,FD,BB,E4,01
171682000,60D,false,Rx,0,8,0D,10,DF,23,02,20,70,00
171703000,2C4,false,Rx,0,8,05,00,00,00,E1,02,00,00
171704000,2C5,false,Rx,0,8,00,00,00,00,00,00,00,00
171704000,2C6,false,Rx,0,8,F4,01,84,03,00,00,00,00
171721000,54,false,Rx,0,8,01,01,FE,FF,FE,FF,00,00
171721000,55,false,Rx,0,8,10,27,00,00,00,00,00,00
171722000,56,false,Rx,0,8,10,27,00,00,00,00,00,00
171732000,57,false,Rx,0,8,00,00,FE,FF,FE,FF,00,00
171769000,625,false,Rx,0,8,25,00,11,43,FD,BB,E4,01
171782000,60D,false,Rx,0,8,0D,10,DF,23,02,20,70,00
171869000,625,false,Rx,0,8,25,00,11,43,FD,BB,E4,01
171882000,60D,false,Rx,0,8,0D,10,DF,23,02,20,70,00
171903000,2C4,false,Rx,0,8,05,00,00,00,E1,02,00,00
171904000,2C5,false,Rx,0,8,00,00,00,00,00,00,00,00
171904000,2C6,false,Rx,0,8,F4,01,84,03,00,00,00,00
171921000,54,false,Rx,0,8,01,01,FE,FF,FE,FF,00,00
171921000,55,false,Rx,0,8,10,27,00,00,00,00,00,00
171922000,56,false,Rx,0,8,10,27,00,00,00,00,00,00
171932000,57,false,Rx,0,8,00,00,FE,FF,FE,FF,00,00
171969000,625,false,Rx,0,8,25,00,11,43,FD,BB,E4,01
171982000,60D,false,Rx,0,8,0D,10,DF,23,02,20,70,00
172069000,625,false,Rx,0,8,25,00,11,43,FD,BB,E4,01
172082000,60D,false,Rx,0,8,0D,10,DF,23,02,20,70,00
172103000,2C4,false,Rx,0,8,05,00,00,00,E1,02,00,00
172104000,2C5,false,Rx,0,8,00,00,00,00,00,00,00,00
172104000,2C6,false,Rx,0,8,F4,01,84,03,00,00,00,00
172121000,54,false,Rx,0,8,01,01,FE,FF,FE,FF,00,00
172121000,55,false,Rx,0,8,10,27,00,00,00,00,00,00
172122000,56,false,Rx,0,8,10,27,00,00,00,00,00,00
172132000,57,false,Rx,0,8,00,00,FE,FF,FE,FF,00,00
172169000,625,false,Rx,0,8,25,00,11,43,FD,BB,E4,01
172182000,60D,false,Rx,0,8,0D,10,DF,23,02,20,70,00
172269000,625,false,Rx,0,8,25,00,11,43,FD,BB,E4,01
172282000,60D,false,Rx,0,8,0D,10,DF,23,02,20,70,00
172303000,2C4,false,Rx,0,8,05,00,00,00,E1,02,00,00
172304000,2C5,false,Rx,0,8,00,00,00,00,00,00,00,00
172304000,2C6,false,Rx,0,8,F4,01,84,03,00,00,00,00
172321000,54,false,Rx,0,8,01,01,FE,FF,FE,FF,00,00
172321000,55,false,Rx,0,8,10,27,00,00,00,00,00,00
172322000,56,false,Rx,0,8,10,27,00,00,00,00,00,00
172332000,57,false,Rx,0,8,00,00,FE,FF,FE,FF,00,00
172369000,625,false,Rx,0,8,25,00,11,43,FD,BB,E4,01
172382000,60D,false,Rx,0,8,0D,10,DF,23,02,20,70,00
172469000,625,false,Rx,0,8,25,00,11,43,FD,BB,E4,01
172482000,60D,false,Rx,0,8,0D,10,DF,23,02,20,70,00
172503000,2C4,false,Rx,0,8,05,00,00,00,E1,02,00,00
172504000,2C5,false,Rx,0,8,00,00,00,00,00,00,00,00
172504000,2C6,false,Rx,0,8,F4,01,84,03,00,00,00,00
172521000,54,false,Rx,0,8,01,01,FE,FF,FE,FF,00,00
172521000,55,false,Rx,0,8,10,27,00,00,00,00,00,00
172522000,56,false,Rx,0,8,10,27,00,00,00,00,00,00
172532000,57,false,Rx,0,8,00,00,FE,FF,FE,FF,00,00
172569000,625,false,Rx,0,8,25,00,11,43,FD,BB,E4,01
172582000,60D,false,Rx,0,8,0D,10,DF,23,02,20,70,00
172669000,625,false,Rx,0,8,25,00,11,43,FD,BB,E4,01
172681000,60D,false,Rx,0,8,0D,10,DF,23,02,20,70,00
172703000,2C4,false,Rx,0,8,05,00,00,00,E1,02,00,00
172704000,2C5,false,Rx,0,8,00,00,00,00,00,00,00,00
172704000,2C6,false,Rx,0,8,F4,01,84,03,00,00,00,00
172721000,54,false,Rx,0,8,01,01,FE,FF,FE,FF,00,00
172721000,55,false,Rx,0,8,10,27,00,00,00,00,00,00
172722000,56,false,Rx,0,8,10,27,00,00,00,00,00,00
172732000,57,false,Rx,0,8,00,00,FE,FF,FE,FF,00,00
172769000,625,false,Rx,0,8,25,00,11,43,FD,BB,E4,01
172782000,60D,false,Rx,0,8,0D,10,DF,23,02,20,70,00
172869000,625,false,Rx,0,8,25,00,11,43,FD,BB,E4,01
172882000,60D,false,Rx,0,8,0D,10,DF,23,02,20,70,00
172903000,2C4,false,Rx,0,8,05,00,00,00,E1,02,00,00
172904000,2C5,false,Rx,0,8,00,00,00,00,00,00,00,00
172904000,2C6,false,Rx,0,8,F4,01,84,03,00,00,00,00
172921000,54,false,Rx,0,8,01,01,FE,FF,FE,FF,00,00
172921000,55,false,Rx,0,8,10,27,00,00,00,00,00,00
172922000,56,false,Rx,0,8,10,27,00,00,00,00,00,00
172932000,57,false,Rx,0,8,00,00,FE,FF,FE,FF,00,00
172969000,625,false,Rx,0,8,25,00,11,43,FD,BB,E4,01
172982000,60D,false,Rx,0,8,0D,10,DF,23,02,20,70,00
173069000,625,false,Rx,0,8,25,00,11,43,FD,BB,E4,01
173082000,60D,false,Rx,0,8,0D,10,DF,23,02,20,70,00
173103000,2C4,false,Rx,0,8,05,00,00,00,E1,02,00,00
173104000,2C5,false,Rx,0,8,00,00,00,00,00,00,00,00
173104000,2C6,false,Rx,0,8,F4,01,84,03,00,00,00,00
173121000,54,false,Rx,0,8,01,01,FE,FF,FE,FF,00,00
173121000,55,false,Rx,0,8,10,27,00,00,00,00,00,00
173122000,56,false,Rx,0,8,10,27,00,00,00,00,00,00
173132000,57,false,Rx,0,8,00,00,FE,FF,FE,FF,00,00
173169000,625,false,Rx,0,8,25,00,11,43,FD,BB,E4,01
173182000,60D,false,Rx,0,8,0D,10,DF,23,02,20,70,00
173269000,625,false,Rx,0,8,25,00,11,43,FD,BB,E4,01
173282000,60D,false,Rx,0,8,0D,10,DF,23,02,20,70,00
173303000,2C4,false,Rx,0,8,05,00,00,00,E1,02,00,00
173304000,2C5,false,Rx,0,8,00,00,00,00,00,00,00,00
173304000,2C6,false,Rx,0,8,F4,01,84,03,00,00,00,00
173321000,54,false,Rx,0,8,01,01,FE,FF,FE,FF,00,00
173321000,55,false,Rx,0,8,10,27,00,00,00,00,00,00
173322000,56,false,Rx,0,8,10,27,00,00,00,00,00,00
173332000,57,false,Rx,0,8,00,00,FE,FF,FE,FF,00,00
173369000,625,false,Rx,0,8,25,00,11,43,FD,BB,E4,01
173381000,60D,false,Rx,0,8,0D,10,DF,23,02,20,70,00
173469000,625,false,Rx,0,8,25,00,11,43,FD,BB,E4,01
173481000,60D,false,Rx,0,8,0D,10,DF,23,02,20,70,00
173503000,2C4,false,Rx,0,8,05,00,00,00,E1,02,00,00
173504000,2C5,false,Rx,0,8,00,00,00,00,00,00,00,00
173504000,2C6,false,Rx,0,8,F4,01,84,03,00,00,00,00
173521000,54,false,Rx,0,8,01,01,FE,FF,FE,FF,00,00
173521000,55,false,Rx,0,8,10,27,00,00,00,00,00,00
173522000,56,false,Rx,0,8,10,27,00,00,00,00,00,00
173532000,57,false,Rx,0,8,00,00,FE,FF,FE,FF,00,00
173569000,625,false,Rx,0,8,25,00,11,43,FD,BB,E4,01
173581000,60D,false,Rx,0,8,0D,10,DF,23,02,20,70,00
173669000,625,false,Rx,0,8,25,00,11,43,FD,BB,E4,01
173682000,60D,false,Rx,0,8,0D,10,DF,23,02,20,70,00
173703000,2C4,false,Rx,0,8,05,00,00,00,E1,02,00,00
173704000,2C5,false,Rx,0,8,00,00,00,00,00,00,00,00
173704000,2C6,false,Rx,0,8,F4,01,84,03,00,00,00,00
173721000,54,false,Rx,0,8,01,01,FE,FF,FE,FF,00,00
173721000,55,false,Rx,0,8,10,27,00,00,00,00,00,00
173722000,56,false,Rx,0,8,10,27,00,00,00,00,00,00
173732000,57,false,Rx,0,8,00,00,FE,FF,FE,FF,00,00
173769000,625,false,Rx,0,8,25,00,11,43,FD,BB,E4,01
173781000,60D,false,Rx,0,8,0D,10,DF,23,02,20,70,00
173869000,625,false,Rx,0,8,25,00,11,43,FD,BB,E4,01
173881000,60D,false,Rx,0,8,0D,10,DF,23,02,20,70,00
173903000,2C4,false,Rx,0,8,05,00,00,00,E1,02,00,00
173904000,2C5,false,Rx,0,8,00,00,00,00,00,00,00,00
173904000,2C6,false,Rx,0,8,F4,01,84,03,00,00,00,00
173921000,54,false,Rx,0,8,01,01,FE,FF,FE,FF,00,00
173921000,55,false,Rx,0,8,10,27,00,00,00,00,00,00
173922000,56,false,Rx,0,8,10,27,00,00,00,00,00,00
173932000,57,false,Rx,0,8,00,00,FE,FF,FE,FF,00,00
173969000,625,false,Rx,0,8,25,00,11,43,FD,BB,E4,01
173981000,60D,false,Rx,0,8,0D,10,DF,23,02,20,70,00
174069000,625,false,Rx,0,8,25,00,11,43,FD,BB,E4,01
174082000,60D,false,Rx,0,8,0D,10,DF,23,02,20,70,00
174103000,2C4,false,Rx,0,8,05,00,00,00,E1,02,00,00
174104000,2C5,false,Rx,0,8,00,00,00,00,00,00,00,00
174104000,2C6,false,Rx,0,8,F4,01,84,03,00,00,00,00
174121000,54,false,Rx,0,8,01,01,FE,FF,FE,FF,00,00
174121000,55,false,Rx,0,8,10,27,00,00,00,00,00,00
174122000,56,false,Rx,0,8,10,27,00,00,00,00,00,00
174132000,57,false,Rx,0,8,00,00,FE,FF,FE,FF,00,00
174169000,625,false,Rx,0,8,25,00,11,43,FD,BB,E4,01
174181000,60D,false,Rx,0,8,0D,10,DF,23,02,20,70,00
174269000,625,false,Rx,0,8,25,00,11,43,FD,BB,E4,01
174281000,60D,false,Rx,0,8,0D,10,DF,23,02,20,70,00
174303000,2C4,false,Rx,0,8,05,00,00,00,E1,02,00,00
174304000,2C5,false,Rx,0,8,00,00,00,00,00,00,00,00
174304000,2C6,false,Rx,0,8,F4,01,84,03,00,00,00,00
174321000,54,false,Rx,0,8,01,01,FE,FF,FE,FF,00,00
174321000,55,false,Rx,0,8,10,27,00,00,00,00,00,00
174322000,56,false,Rx,0,8,10,27,00,00,00,00,00,00
174332000,57,false,Rx,0,8,00,00,FE,FF,FE,FF,00,00
174369000,625,false,Rx,0,8,25,00,11,43,FD,BB,E4,01
174381000,60D,false,Rx,0,8,0D,10,DF,23,02,20,70,00
174469000,625,false,Rx,0,8,25,00,11,43,FD,BB,E4,01
174482000,60D,false,Rx,0,8,0D,10,DF,23,02,20,70,00
174503000,2C4,false,Rx,0,8,05,00,00,00,E4,02,00,00
174504000,2C5,false,Rx,0,8,00,00,00,00,00,00,00,00
174504000,2C6,false,Rx,0,8,F4,01,84,03,00,00,00,00
174521000,54,false,Rx,0,8,01,01,FE,FF,FE,FF,00,00
174521000,55,false,Rx,0,8,10,27,00,00,00,00,00,00
174522000,56,false,Rx,0,8,10,27,00,00,00,00,00,00
174532000,57,false,Rx,0,8,00,00,FE,FF,FE,FF,00,00
174569000,625,false,Rx,0,8,25,00,11,43,FD,BB,E4,01
174581000,60D,false,Rx,0,8,0D,10,DF,23,02,20,70,00
174669000,625,false,Rx,0,8,25,00,11,43,FD,BB,E4,01
174681000,60D,false,Rx,0,8,0D,10,DF,23,02,20,70,00
174703000,2C4,false,Rx,0,8,05,00,00,00,E1,02,00,00
174704000,2C5,false,Rx,0,8,00,00,00,00,00,00,00,00
174704000,2C6,false,Rx,0,8,F4,01,84,03,00,00,00,00
174721000,54,false,Rx,0,8,01,01,FE,FF,FE,FF,00,00
174721000,55,false,Rx,0,8,10,27,00,00,00,00,00,00
174722000,56,false,Rx,0,8,10,27,00,00,00,00,00,00
174732000,57,false,Rx,0,8,00,00,FE,FF,FE,FF,00,00
174769000,625,false,Rx,0,8,25,00,11,43,FD,BB,E4,01
174781000,60D,false,Rx,0,8,0D,10,DF,23,02,20,70,00
174869000,625,false,Rx,0,8,25,00,11,43,FD,BB,E4,01
174882000,60D,false,Rx,0,8,0D,10,DF,23,02,20,70,00
174903000,2C4,false,Rx,0,8,05,00,00,00,E1,02,00,00
174904000,2C5,false,Rx,0,8,00,00,00,00,00,00,00,00
174904000,2C6,false,Rx,0,8,F4,01,84,03,00,00,00,00
174921000,54,false,Rx,0,8,01,01,FE,FF,FE,FF,00,00
174921000,55,false,Rx,0,8,10,27,00,00,00,00,00,00
174922000,56,false,Rx,0,8,10,27,00,00,00,00,00,00
174932000,57,false,Rx,0,8,00,00,FE,FF,FE,FF,00,00
174969000,625,false,Rx,0,8,25,00,11,43,FD,BB,E4,01
174981000,60D,false,Rx,0,8,0D,10,DF,23,02,20,70,00
175069000,625,false,Rx,0,8,25,00,11,43,FD,BB,E4,01
175081000,60D,false,Rx,0,8,0D,10,DF,23,02,20,70,00
175103000,2C4,false,Rx,0,8,05,00,00,00,E1,02,00,00
175104000,2C5,false,Rx,0,8,00,00,00,00,00,00,00,00
175104000,2C6,false,Rx,0,8,F4,01,84,03,00,00,00,00
175121000,54,false,Rx,0,8,01,01,FE,FF,FE,FF,00,00
175121000,55,false,Rx,0,8,10,27,00,00,00,00,00,00
175121000,56,false,Rx,0,8,10,27,00,00,00,00,00,00
175132000,57,false,Rx,0,8,00,00,FE,FF,FE,FF,00,00
175169000,625,false,Rx,0,8,25,00,11,43,FD,BB,E4,01
175181000,60D,false,Rx,0,8,0D,10,DF,23,02,20,70,00
175269000,625,false,Rx,0,8,25,00,11,43,FD,BB,E4,01
175282000,60D,false,Rx,0,8,0D,10,DF,23,02,20,70,00
175303000,2C4,false,Rx,0,8,05,00,00,00,E4,02,00,00
175304000,2C5,false,Rx,0,8,00,00,00,00,00,00,00,00
175304000,2C6,false,Rx,0,8,F4,01,84,03,00,00,00,00
175321000,54,false,Rx,0,8,01,01,FE,FF,FE,FF,00,00
175321000,55,false,Rx,0,8,10,27,00,00,00,00,00,00
175322000,56,false,Rx,0,8,10,27,00,00,00,00,00,00
175332000,57,false,Rx,0,8,00,00,FE,FF,FE,FF,00,00
175369000,625,false,Rx,0,8,25,00,11,43,FD,BB,E4,01
175381000,60D,false,Rx,0,8,0D,10,DF,23,02,20,70,00
175469000,625,false,Rx,0,8,25,00,11,43,FD,BB,E4,01
175481000,60D,false,Rx,0,8,0D,10,DF,23,02,20,70,00
175503000,2C4,false,Rx,0,8,05,00,00,00,E1,02,00,00
175503000,2C5,false,Rx,0,8,00,00,00,00,00,00,00,00
175504000,2C6,false,Rx,0,8,F4,01,84,03,00,00,00,00
175521000,54,false,Rx,0,8,01,01,FE,FF,FE,FF,00,00
175521000,55,false,Rx,0,8,10,27,00,00,00,00,00,00
175521000,56,false,Rx,0,8,10,27,00,00,00,00,00,00
175532000,57,false,Rx,0,8,00,00,FE,FF,FE,FF,00,00
175569000,625,false,Rx,0,8,25,00,11,43,FD,BB,E4,01
175581000,60D,false,Rx,0,8,0D,10,DF,23,02,20,70,00
175669000,625,false,Rx,0,8,25,00,11,43,FD,BB,E4,01
175682000,60D,false,Rx,0,8,0D,10,DF,23,02,20,70,00
175703000,2C4,false,Rx,0,8,05,00,00,00,E1,02,00,00
175704000,2C5,false,Rx,0,8,00,00,00,00,00,00,00,00
175704000,2C6,false,Rx,0,8,F4,01,84,03,00,00,00,00
175721000,54,false,Rx,0,8,01,01,FE,FF,FE,FF,00,00
175721000,55,false,Rx,0,8,10,27,00,00,00,00,00,00
175722000,56,false,Rx,0,8,10,27,00,00,00,00,00,00
175732000,57,false,Rx,0,8,00,00,FE,FF,FE,FF,00,00
175769000,625,false,Rx,0,8,25,00,11,43,FD,BB,E4,01
175781000,60D,false,Rx,0,8,0D,10,DF,23,02,20,70,00
175869000,625,false,Rx,0,8,25,00,11,43,FD,BB,E4,01
175881000,60D,false,Rx,0,8,0D,10,DF,23,02,20,70,00
175903000,2C4,false,Rx,0,8,05,00,00,00,E1,02,00,00
175903000,2C5,false,Rx,0,8,00,00,00,00,00,00,00,00
175904000,2C6,false,Rx,0,8,F4,01,84,03,00,00,00,00
175921000,54,false,Rx,0,8,01,01,FE,FF,FE,FF,00,00
175921000,55,false,Rx,0,8,10,27,00,00,00,00,00,00
175921000,56,false,Rx,0,8,10,27,00,00,00,00,00,00
175932000,57,false,Rx,0,8,00,00,FE,FF,FE,FF,00,00
175969000,625,false,Rx,0,8,25,00,11,43,FD,BB,E4,01
175981000,60D,false,Rx,0,8,0D,10,DF,23,02,20,70,00
176069000,625,false,Rx,0,8,25,00,11,43,FD,BB,E4,01
176082000,60D,false,Rx,0,8,0D,10,DF,23,02,20,70,00
176103000,2C4,false,Rx,0,8,05,00,00,00,E4,02,00,00
176103000,2C5,false,Rx,0,8,00,00,00,00,00,00,00,00
176104000,2C6,false,Rx,0,8,F4,01,84,03,00,00,00,00
176121000,54,false,Rx,0,8,01,01,FE,FF,FE,FF,00,00
176121000,55,false,Rx,0,8,10,27,00,00,00,00,00,00
176122000,56,false,Rx,0,8,10,27,00,00,00,00,00,00
176132000,57,false,Rx,0,8,00,00,FE,FF,FE,FF,00,00
176169000,625,false,Rx,0,8,25,00,11,43,FD,BB,E4,01
176181000,60D,false,Rx,0,8,0D,10,DF,23,02,20,70,00
176269000,625,false,Rx,0,8,25,00,11,43,FD,BB,E4,01
176281000,60D,false,Rx,0,8,0D,10,DF,23,02,20,70,00
176303000,2C4,false,Rx,0,8,05,00,00,00,E4,02,00,00
176303000,2C5,false,Rx,0,8,00,00,00,00,00,00,00,00
176304000,2C6,false,Rx,0,8,F4,01,84,03,00,00,00,00
176321000,54,false,Rx,0,8,01,01,FE,FF,FE,FF,00,00
176321000,55,false,Rx,0,8,10,27,00,00,00,00,00,00
176321000,56,false,Rx,0,8,10,27,00,00,00,00,00,00
176332000,57,false,Rx,0,8,00,00,FE,FF,FE,FF,00,00
176369000,625,false,Rx,0,8,25,00,11,43,FD,BB,E4,01
176381000,60D,false,Rx,0,8,0D,10,DF,23,02,20,70,00
176469000,625,false,Rx,0,8,25,00,11,43,FD,BB,E4,01
176482000,60D,false,Rx,0,8,0D,10,DF,23,02,20,70,00
176503000,2C4,false,Rx,0,8,05,00,00,00,E1,02,00,00
176503000,2C5,false,Rx,0,8,00,00,00,00,00,00,00,00
176504000,2C6,false,Rx,0,8,F4,01,84,03,00,00,00,00
176521000,54,false,Rx,0,8,01,01,FE,FF,FE,FF,00,00
176521000,55,false,Rx,0,8,10,27,00,00,00,00,00,00
176521000,56,false,Rx,0,8,10,27,00,00,00,00,00,00
176532000,57,false,Rx,0,8,00,00,FE,FF,FE,FF,00,00
176569000,625,false,Rx,0,8,25,00,11,43,FD,BB,E4,01
176581000,60D,false,Rx,0,8,0D,10,DF,23,02,20,70,00
176669000,625,false,Rx,0,8,25,00,11,43,FD,BB,E4,01
176681000,60D,false,Rx,0,8,0D,10,DF,23,02,20,70,00
176703000,2C4,false,Rx,0,8,05,00,00,00,E1,02,00,00
176703000,2C5,false,Rx,0,8,00,00,00,00,00,00,00,00
176704000,2C6,false,Rx,0,8,F4,01,84,03,00,00,00,00
176721000,54,false,Rx,0,8,01,01,FE,FF,FE,FF,00,00
176721000,55,false,Rx,0,8,10,27,00,00,00,00,00,00
176721000,56,false,Rx,0,8,10,27,00,00,00,00,00,00
176732000,57,false,Rx,0,8,00,00,FE,FF,FE,FF,00,00
176769000,625,false,Rx,0,8,25,00,11,43,FD,BB,E4,01
176781000,60D,false,Rx,0,8,0D,10,DF,23,02,20,70,00
176869000,625,false,Rx,0,8,25,00,11,43,FD,BB,E4,01
176882000,60D,false,Rx,0,8,0D,10,DF,23,02,20,70,00
176903000,2C4,false,Rx,0,8,05,00,00,00,E1,02,00,00
176903000,2C5,false,Rx,0,8,00,00,00,00,00,00,00,00
176904000,2C6,false,Rx,0,8,F4,01,84,03,00,00,00,00
176921000,54,false,Rx,0,8,01,01,FE,FF,FE,FF,00,00
176921000,55,false,Rx,0,8,10,27,00,00,00,00,00,00
176922000,56,false,Rx,0,8,10,27,00,00,00,00,00,00
176932000,57,false,Rx,0,8,00,00,FE,FF,FE,FF,00,00
176969000,625,false,Rx,0,8,25,00,11,43,FD,BB,E4,01
176982000,60D,false,Rx,0,8,0D,10,DF,23,02,20,70,00
177069000,625,false,Rx,0,8,25,00,11,43,FD,BB,E4,01
177081000,60D,false,Rx,0,8,0D,10,DF,23,02,20,70,00
177103000,2C4,false,Rx,0,8,05,00,00,00,E4,02,00,00
177103000,2C5,false,Rx,0,8,00,00,00,00,00,00,00,00
177104000,2C6,false,Rx,0,8,F4,01,84,03,00,00,00,00
177121000,54,false,Rx,0,8,01,01,FE,FF,FE,FF,00,00
177121000,55,false,Rx,0,8,10,27,00,00,00,00,00,00
177121000,56,false,Rx,0,8,10,27,00,00,00,00,00,00
177132000,57,false,Rx,0,8,00,00,FE,FF,FE,FF,00,00
177169000,625,false,Rx,0,8,25,00,11,43,FD,BB,E4,01
177182000,60D,false,Rx,0,8,0D,10,DF,23,02,20,70,00
177269000,625,false,Rx,0,8,25,00,11,43,FD,BB,E4,01
177281000,60D,false,Rx,0,8,0D,10,DF,23,02,20,70,00
177303000,2C4,false,Rx,0,8,05,00,00,00,E4,02,00,00
177303000,2C5,false,Rx,0,8,00,00,00,00,00,00,00,00
177304000,2C6,false,Rx,0,8,F4,01,84,03,00,00,00,00
177321000,54,false,Rx,0,8,01,01,FE,FF,FE,FF,00,00
177321000,55,false,Rx,0,8,10,27,00,00,00,00,00,00
177321000,56,false,Rx,0,8,10,27,00,00,00,00,00,00
177332000,57,false,Rx,0,8,00,00,FE,FF,FE,FF,00,00
177369000,625,false,Rx,0,8,25,00,11,43,FD,BB,E4,01
177381000,60D,false,Rx,0,8,0D,10,DF,23,02,20,70,00
177469000,625,false,Rx,0,8,25,00,11,43,FD,BB,E4,01
177481000,60D,false,Rx,0,8,0D,10,DF,23,02,20,70,00
177503000,2C4,false,Rx,0,8,05,00,00,00,E1,02,00,00
177503000,2C5,false,Rx,0,8,00,00,00,00,00,00,00,00
177504000,2C6,false,Rx,0,8,F4,01,84,03,00,00,00,00
177521000,54,false,Rx,0,8,01,01,FE,FF,FE,FF,00,00
177521000,55,false,Rx,0,8,10,27,00,00,00,00,00,00
177521000,56,false,Rx,0,8,10,27,00,00,00,00,00,00
177532000,57,false,Rx,0,8,00,00,FE,FF,FE,FF,00,00
177569000,625,false,Rx,0,8,25,00,11,43,FD,BB,E4,01
177581000,60D,false,Rx,0,8,0D,10,DF,23,02,20,70,00
177669000,625,false,Rx,0,8,25,00,11,43,FD,BB,E4,01
177681000,60D,false,Rx,0,8,0D,10,DF,23,02,20,70,00
177703000,2C4,false,Rx,0,8,05,00,00,00,E1,02,00,00
177703000,2C5,false,Rx,0,8,00,00,00,00,00,00,00,00
177704000,2C6,false,Rx,0,8,F4,01,84,03,00,00,00,00
177721000,54,false,Rx,0,8,01,01,FE,FF,FE,FF,00,00
177721000,55,false,Rx,0,8,10,27,00,00,00,00,00,00
177721000,56,false,Rx,0,8,10,27,00,00,00,00,00,00
177732000,57,false,Rx,0,8,00,00,FE,FF,FE,FF,00,00
177769000,625,false,Rx,0,8,25,00,11,43,FD,BB,E4,01
177782000,60D,false,Rx,0,8,0D,10,DF,23,02,20,70,00
177869000,625,false,Rx,0,8,25,00,11,43,FD,BB,E4,01
177881000,60D,false,Rx,0,8,0D,10,DF,23,02,20,70,00
177903000,2C4,false,Rx,0,8,05,00,00,00,E4,02,00,00
177903000,2C5,false,Rx,0,8,00,00,00,00,00,00,00,00
177904000,2C6,false,Rx,0,8,F4,01,84,03,00,00,00,00
177921000,54,false,Rx,0,8,01,01,FE,FF,FE,FF,00,00
177921000,55,false,Rx,0,8,10,27,00,00,00,00,00,00
177921000,56,false,Rx,0,8,10,27,00,00,00,00,00,00
177932000,57,false,Rx,0,8,00,00,FE,FF,FE,FF,00,00
177969000,625,false,Rx,0,8,25,00,11,43,FD,BB,E4,01
177981000,60D,false,Rx,0,8,0D,10,DF,23,02,20,70,00
178069000,625,false,Rx,0,8,25,00,11,43,FD,BB,E4,01
178081000,60D,false,Rx,0,8,0D,10,DF,23,02,20,70,00
178103000,2C4,false,Rx,0,8,05,00,00,00,E4,02,00,00
178103000,2C5,false,Rx,0,8,00,00,00,00,00,00,00,00
178104000,2C6,false,Rx,0,8,F4,01,84,03,00,00,00,00
178121000,54,false,Rx,0,8,01,01,FE,FF,FE,FF,00,00
178121000,55,false,Rx,0,8,10,27,00,00,00,00,00,00
178121000,56,false,Rx,0,8,10,27,00,00,00,00,00,00
178132000,57,false,Rx,0,8,00,00,FE,FF,FE,FF,00,00
178169000,625,false,Rx,0,8,25,00,11,43,FD,BB,E4,01
178181000,60D,false,Rx,0,8,0D,10,DF,23,02,20,70,00
178269000,625,false,Rx,0,8,25,00,11,43,FD,BB,E4,01
178281000,60D,false,Rx,0,8,0D,10,DF,23,02,20,70,00
178303000,2C4,false,Rx,0,8,05,00,00,00,E1,02,00,00
178303000,2C5,false,Rx,0,8,00,00,00,00,00,00,00,00
178304000,2C6,false,Rx,0,8,F4,01,84,03,00,00,00,00
178321000,54,false,Rx,0,8,01,01,FE,FF,FE,FF,00,00
178321000,55,false,Rx,0,8,10,27,00,00,00,00,00,00
178321000,56,false,Rx,0,8,10,27,00,00,00,00,00,00
178332000,57,false,Rx,0,8,00,00,FE,FF,FE,FF,00,00
178369000,625,false,Rx,0,8,25,00,11,43,FD,BB,E4,01
178382000,60D,false,Rx,0,8,0D,10,DF,23,02,20,70,00
178469000,625,false,Rx,0,8,25,00,11,43,FD,BB,E4,01
178481000,60D,false,Rx,0,8,0D,10,DF,23,02,20,70,00
178503000,2C4,false,Rx,0,8,05,00,00,00,E4,02,00,00
178503000,2C5,false,Rx,0,8,00,00,00,00,00,00,00,00
178504000,2C6,false,Rx,0,8,F4,01,84,03,00,00,00,00
178521000,54,false,Rx,0,8,01,01,FE,FF,FE,FF,00,00
178521000,55,false,Rx,0,8,10,27,00,00,00,00,00,00
178521000,56,false,Rx,0,8,10,27,00,00,00,00,00,00
178532000,57,false,Rx,0,8,00,00,FE,FF,FE,FF,00,00
178569000,625,false,Rx,0,8,25,00,11,43,FD,BB,E4,01
178581000,60D,false,Rx,0,8,0D,10,DF,23,02,20,70,00
178669000,625,false,Rx,0,8,25,00,11,43,FD,BB,E4,01
178681000,60D,false,Rx,0,8,0D,10,DF,23,02,20,70,00
178703000,2C4,false,Rx,0,8,05,00,00,00,E4,02,00,00
178703000,2C5,false,Rx,0,8,00,00,00,00,00,00,00,00
178704000,2C6,false,Rx,0,8,F4,01,84,03,00,00,00,00
178721000,54,false,Rx,0,8,01,01,FE,FF,FE,FF,00,00
178721000,55,false,Rx,0,8,10,27,00,00,00,00,00,00
178721000,56,false,Rx,0,8,10,27,00,00,00,00,00,00
178732000,57,false,Rx,0,8,00,00,FE,FF,FE,FF,00,00
178769000,625,false,Rx,0,8,25,00,11,43,FD,BB,E4,01
178781000,60D,false,Rx,0,8,0D,10,DF,23,02,20,70,00
178869000,625,false,Rx,0,8,25,00,11,43,FD,BB,E4,01
178881000,60D,false,Rx,0,8,0D,10,DF,23,02,20,70,00
178903000,2C4,false,Rx,0,8,05,00,00,00,E4,02,00,00
178903000,2C5,false,Rx,0,8,00,00,00,00,00,00,00,00
178904000,2C6,false,Rx,0,8,F4,01,84,03,00,00,00,00
178921000,54,false,Rx,0,8,01,01,FE,FF,FE,FF,00,00
178921000,55,false,Rx,0,8,10,27,00,00,00,00,00,00
178921000,56,false,Rx,0,8,10,27,00,00,00,00,00,00
178932000,57,false,Rx,0,8,00,00,FE,FF,FE,FF,00,00
178969000,625,false,Rx,0,8,25,00,11,43,FD,BB,E4,01
178982000,60D,false,Rx,0,8,0D,10,DF,23,02,20,70,00
179069000,625,false,Rx,0,8,25,00,11,43,FD,BB,E4,01
179081000,60D,false,Rx,0,8,0D,10,DF,23,02,20,70,00
179103000,2C4,false,Rx,0,8,05,00,00,00,E1,02,00,00
179103000,2C5,false,Rx,0,8,00,00,00,00,00,00,00,00
179104000,2C6,false,Rx,0,8,F4,01,84,03,00,00,00,00
179121000,54,false,Rx,0,8,01,01,FE,FF,FE,FF,00,00
179121000,55,false,Rx,0,8,10,27,00,00,00,00,00,00
179121000,56,false,Rx,0,8,10,27,00,00,00,00,00,00
179132000,57,false,Rx,0,8,00,00,FE,FF,FE,FF,00,00
179169000,625,false,Rx,0,8,25,00,11,43,FD,BB,E4,01
179181000,60D,false,Rx,0,8,0D,10,DF,23,02,20,70,00
179269000,625,false,Rx,0,8,25,00,11,43,FD,BB,E4,01
179281000,60D,false,Rx,0,8,0D,10,DF,23,02,20,70,00
179303000,2C4,false,Rx,0,8,05,00,00,00,E1,02,00,00
179303000,2C5,false,Rx,0,8,00,00,00,00,00,00,00,00
179304000,2C6,false,Rx,0,8,F4,01,84,03,00,00,00,00
179321000,54,false,Rx,0,8,01,01,FE,FF,FE,FF,00,00
179321000,55,false,Rx,0,8,10,27,00,00,00,00,00,00
179321000,56,false,Rx,0,8,10,27,00,00,00,00,00,00
179332000,57,false,Rx,0,8,00,00,FE,FF,FE,FF,00,00
179369000,625,false,Rx,0,8,25,00,11,43,FD,BB,E4,01
179381000,60D,false,Rx,0,8,0D,10,DF,23,02,20,70,00
179469000,625,false,Rx,0,8,25,00,11,43,FD,BB,E4,01
179481000,60D,false,Rx,0,8,0D,10,DF,23,02,20,70,00
179503000,2C4,false,Rx,0,8,05,00,00,00,E4,02,00,00
179503000,2C5,false,Rx,0,8,00,00,00,00,00,00,00,00
179504000,2C6,false,Rx,0,8,F4,01,84,03,00,00,00,00
179521000,54,false,Rx,0,8,01,01,FE,FF,FE,FF,00,00
179521000,55,false,Rx,0,8,10,27,00,00,00,00,00,00
179521000,56,false,Rx,0,8,10,27,00,00,00,00,00,00
179532000,57,false,Rx,0,8,00,00,FE,FF,FE,FF,00,00
179569000,625,false,Rx,0,8,25,00,11,43,FD,BB,E4,01
179582000,60D,false,Rx,0,8,0D,10,DF,23,02,20,70,00
179669000,625,false,Rx,0,8,25,00,11,43,FD,BB,E4,01
179681000,60D,false,Rx,0,8,0D,10,DF,23,02,20,70,00
179703000,2C4,false,Rx,0,8,05,00,00,00,E4,02,00,00
179703000,2C5,false,Rx,0,8,00,00,00,00,00,00,00,00
179704000,2C6,false,Rx,0,8,F4,01,84,03,00,00,00,00
179721000,54,false,Rx,0,8,01,01,FE,FF,FE,FF,00,00
179721000,55,false,Rx,0,8,10,27,00,00,00,00,00,00
179721000,56,false,Rx,0,8,10,27,00,00,00,00,00,00
179732000,57,false,Rx,0,8,00,00,FE,FF,FE,FF,00,00
179769000,625,false,Rx,0,8,25,00,11,43,FD,BB,E4,01
179781000,60D,false,Rx,0,8,0D,10,DF,23,02,20,70,00
179869000,625,false,Rx,0,8,25,00,11,43,FD,BB,E4,01
179881000,60D,false,Rx,0,8,0D,10,DF,23,02,20,70,00
179903000,2C4,false,Rx,0,8,05,00,00,00,E1,02,00,00
179903000,2C5,false,Rx,0,8,00,00,00,00,00,00,00,00
179904000,2C6,false,Rx,0,8,F4,01,84,03,00,00,00,00
179921000,54,false,Rx,0,8,01,01,FE,FF,FE,FF,00,00
179921000,55,false,Rx,0,8,10,27,00,00,00,00,00,00
179921000,56,false,Rx,0,8,10,27,00,00,00,00,00,00
179932000,57,false,Rx,0,8,00,00,FE,FF,FE,FF,00,00
179969000,625,false,Rx,0,8,25,00,11,43,FD,BB,E4,01
179981000,60D,false,Rx,0,8,0D,10,DF,23,02,20,70,00
180069000,625,false,Rx,0,8,25,00,11,43,FD,BB,E4,01
180081000,60D,false,Rx,0,8,0D,10,DF,23,02,20,70,00
180103000,2C4,false,Rx,0,8,05,00,00,00,E4,02,00,00
180103000,2C5,false,Rx,0,8,00,00,00,00,00,00,00,00
180103000,2C6,false,Rx,0,8,F4,01,84,03,00,00,00,00
180121000,54,false,Rx,0,8,01,01,FE,FF,FE,FF,00,00
180121000,55,false,Rx,0,8,10,27,00,00,00,00,00,00
180121000,56,false,Rx,0,8,10,27,00,00,00,00,00,00
180132000,57,false,Rx,0,8,00,00,FE,FF,FE,FF,00,00
180169000,625,false,Rx,0,8,25,00,11,43,FD,BB,E4,01
180182000,60D,false,Rx,0,8,0D,10,DF,23,02,20,70,00
180269000,625,false,Rx,0,8,25,00,11,43,FD,BB,E4,01
180281000,60D,false,Rx,0,8,0D,10,DF,23,02,20,70,00
180303000,2C4,false,Rx,0,8,05,00,00,00,E4,02,00,00
180303000,2C5,false,Rx,0,8,00,00,00,00,00,00,00,00
180303000,2C6,false,Rx,0,8,F4,01,84,03,00,00,00,00
180321000,54,false,Rx,0,8,01,01,FE,FF,FE,FF,00,00
180321000,55,false,Rx,0,8,10,27,00,00,00,00,00,00
180321000,56,false,Rx,0,8,10,27,00,00,00,00,00,00
180332000,57,false,Rx,0,8,00,00,FE,FF,FE,FF,00,00
180369000,625,false,Rx,0,8,25,00,11,43,FD,BB,E4,01
180381000,60D,false,Rx,0,8,0D,10,DF,23,02,20,70,00
180469000,625,false,Rx,0,8,25,00,11,43,FD,BB,E4,01
180481000,60D,false,Rx,0,8,0D,10,DF,23,02,20,70,00
180503000,2C4,false,Rx,0,8,05,00,00,00,E4,02,00,00
180503000,2C5,false,Rx,0,8,00,00,00,00,00,00,00,00
180503000,2C6,false,Rx,0,8,F4,01,84,03,00,00,00,00
180521000,54,false,Rx,0,8,01,01,FE,FF,FE,FF,00,00
180521000,55,false,Rx,0,8,10,27,00,00,00,00,00,00
180521000,56,false,Rx,0,8,10,27,00,00,00,00,00,00
180532000,57,false,Rx,0,8,00,00,FE,FF,FE,FF,00,00
180569000,625,false,Rx,0,8,25,00,11,43,FD,BB,E4,01
180581000,60D,false,Rx,0,8,0D,10,DF,23,02,20,70,00
180669000,625,false,Rx,0,8,25,00,11,43,FD,BB,E4,01
180681000,60D,false,Rx,0,8,0D,10,DF,23,02,20,70,00
180703000,2C4,false,Rx,0,8,05,00,00,00,E1,02,00,00
180703000,2C5,false,Rx,0,8,00,00,00,00,00,00,00,00
180703000,2C6,false,Rx,0,8,F4,01,84,03,00,00,00,00
180721000,54,false,Rx,0,8,01,01,FE,FF,FE,FF,00,00
180721000,55,false,Rx,0,8,10,27,00,00,00,00,00,00
180721000,56,false,Rx,0,8,10,27,00,00,00,00,00,00
180732000,57,false,Rx,0,8,00,00,FE,FF,FE,FF,00,00
180769000,625,false,Rx,0,8,25,00,11,43,FD,BB,E4,01
180782000,60D,false,Rx,0,8,0D,10,DF,23,02,20,70,00
180869000,625,false,Rx,0,8,25,00,11,43,FD,BB,E4,01
180881000,60D,false,Rx,0,8,0D,10,DF,23,02,20,70,00
180903000,2C4,false,Rx,0,8,05,00,00,00,E4,02,00,00
180903000,2C5,false,Rx,0,8,00,00,00,00,00,00,00,00
180903000,2C6,false,Rx,0,8,F4,01,84,03,00,00,00,00
180921000,54,false,Rx,0,8,01,01,FE,FF,FE,FF,00,00
180921000,55,false,Rx,0,8,10,27,00,00,00,00,00,00
180921000,56,false,Rx,0,8,10,27,00,00,00,00,00,00
180932000,57,false,Rx,0,8,00,00,FE,FF,FE,FF,00,00
180969000,625,false,Rx,0,8,25,00,11,43,FD,BB,E4,01
180981000,60D,false,Rx,0,8,0D,10,DF,23,02,20,70,00
181069000,625,false,Rx,0,8,25,00,11,43,FD,BB,E4,01
181081000,60D,false,Rx,0,8,0D,10,DF,23,02,20,70,00
181103000,2C4,false,Rx,0,8,05,00,00,00,E4,02,00,00
181103000,2C5,false,Rx,0,8,00,00,00,00,00,00,00,00
181103000,2C6,false,Rx,0,8,F4,01,84,03,00,00,00,00
181121000,54,false,Rx,0,8,01,01,FE,FF,FE,FF,00,00
181121000,55,false,Rx,0,8,10,27,00,00,00,00,00,00
181121000,56,false,Rx,0,8,10,27,00,00,00,00,00,00
181132000,57,false,Rx,0,8,00,00,FE,FF,FE,FF,00,00
181169000,625,false,Rx,0,8,25,00,11,43,FD,BB,E4,01
181181000,60D,false,Rx,0,8,0D,10,DF,23,02,20,70,00
181269000,625,false,Rx,0,8,25,00,11,43,FD,BB,E4,01
181281000,60D,false,Rx,0,8,0D,10,DF,23,02,20,70,00
181303000,2C4,false,Rx,0,8,05,00,00,00,E4,02,00,00
181303000,2C5,false,Rx,0,8,00,00,00,00,00,00,00,00
181303000,2C6,false,Rx,0,8,F4,01,84,03,00,00,00,00
181321000,54,false,Rx,0,8,01,01,FE,FF,FE,FF,00,00
181321000,55,false,Rx,0,8,10,27,00,00,00,00,00,00
181321000,56,false,Rx,0,8,10,27,00,00,00,00,00,00
181332000,57,false,Rx,0,8,00,00,FE,FF,FE,FF,00,00
181369000,625,false,Rx,0,8,25,00,11,43,FD,BB,E4,01
181382000,60D,false,Rx,0,8,0D,10,DF,23,02,20,70,00
181469000,625,false,Rx,0,8,25,00,11,43,FD,BB,E4,01
181481000,60D,false,Rx,0,8,0D,10,DF,23,02,20,70,00
181503000,2C4,false,Rx,0,8,05,00,00,00,E4,02,00,00
181503000,2C5,false,Rx,0,8,00,00,00,00,00,00,00,00
181503000,2C6,false,Rx,0,8,F4,01,84,03,00,00,00,00
181521000,54,false,Rx,0,8,01,01,FE,FF,FE,FF,00,00
181521000,55,false,Rx,0,8,10,27,00,00,00,00,00,00
181521000,56,false,Rx,0,8,10,27,00,00,00,00,00,00
181532000,57,false,Rx,0,8,00,00,FE,FF,FE,FF,00,00
181569000,625,false,Rx,0,8,25,00,11,43,FD,BB,E4,01
181581000,60D,false,Rx,0,8,0D,10,DF,23,02,20,70,00
181669000,625,false,Rx,0,8,25,00,11,43,FD,BB,E4,01
181681000,60D,false,Rx,0,8,0D,10,DF,23,02,20,70,00
181703000,2C4,false,Rx,0,8,05,00,00,00,E4,02,00,00
181703000,2C5,false,Rx,0,8,00,00,00,00,00,00,00,00
181703000,2C6,false,Rx,0,8,F4,01,84,03,00,00,00,00
181721000,54,false,Rx,0,8,01,01,FE,FF,FE,FF,00,00
181721000,55,false,Rx,0,8,10,27,00,00,00,00,00,00
181721000,56,false,Rx,0,8,10,27,00,00,00,00,00,00
181732000,57,false,Rx,0,8,00,00,FE,FF,FE,FF,00,00
181769000,625,false,Rx,0,8,25,00,11,43,FD,BB,E4,01
181781000,60D,false,Rx,0,8,0D,10,DF,23,02,20,70,00
181869000,625,false,Rx,0,8,25,00,11,43,FD,BB,E4,01
181881000,60D,false,Rx,0,8,0D,10,DF,23,02,20,70,00
181903000,2C4,false,Rx,0,8,05,00,00,00,E4,02,00,00
181903000,2C5,false,Rx,0,8,00,00,00,00,00,00,00,00
181903000,2C6,false,Rx,0,8,F4,01,84,03,00,00,00,00
181921000,54,false,Rx,0,8,01,01,FE,FF,FE,FF,00,00
181921000,55,false,Rx,0,8,10,27,00,00,00,00,00,00
181922000,56,false,Rx,0,8,10,27,00,00,00,00,00,00
181932000,57,false,Rx,0,8,00,00,FE,FF,FE,FF,00,00
181969000,625,false,Rx,0,8,25,00,11,43,FD,BB,E4,01
181982000,60D,false,Rx,0,8,0D,10,DF,23,02,20,70,00
182069000,625,false,Rx,0,8,25,00,11,43,FD,BB,E4,01
182081000,60D,false,Rx,0,8,0D,10,DF,23,02,20,70,00
182103000,2C4,false,Rx,0,8,05,00,00,00,E4,02,00,00
182103000,2C5,false,Rx,0,8,00,00,00,00,00,00,00,00
182103000,2C6,false,Rx,0,8,F4,01,84,03,00,00,00,00
182121000,54,false,Rx,0,8,01,01,FE,FF,FE,FF,00,00
182121000,55,false,Rx,0,8,10,27,00,00,00,00,00,00
182121000,56,false,Rx,0,8,10,27,00,00,00,00,00,00
182132000,57,false,Rx,0,8,00,00,FE,FF,FE,FF,00,00
182169000,625,false,Rx,0,8,25,00,11,43,FD,BB,E4,01
182182000,60D,false,Rx,0,8,0D,10,DF,23,02,20,70,00
182269000,625,false,Rx,0,8,25,00,11,43,FD,BB,E4,01
182281000,60D,false,Rx,0,8,0D,10,DF,23,02,20,70,00
182303000,2C4,false,Rx,0,8,05,00,00,00,E4,02,00,00
182303000,2C5,false,Rx,0,8,00,00,00,00,00,00,00,00
182303000,2C6,false,Rx,0,8,F4,01,84,03,00,00,00,00
182321000,54,false,Rx,0,8,01,01,FE,FF,FE,FF,00,00
182321000,55,false,Rx,0,8,10,27,00,00,00,00,00,00
182321000,56,false,Rx,0,8,10,27,00,00,00,00,00,00
182332000,57,false,Rx,0,8,00,00,FE,FF,FE,FF,00,00
182369000,625,false,Rx,0,8,25,00,11,43,FD,BB,E4,01
182381000,60D,false,Rx,0,8,0D,10,DF,23,02,20,70,00
182469000,625,false,Rx,0,8,25,00,11,43,FD,BB,E4,01
182481000,60D,false,Rx,0,8,0D,10,DF,23,02,20,70,00
182503000,2C4,false,Rx,0,8,05,00,00,00,E4,02,00,00
182503000,2C5,false,Rx,0,8,00,00,00,00,00,00,00,00
182503000,2C6,false,Rx,0,8,F4,01,84,03,00,00,00,00
182521000,54,false,Rx,0,8,01,01,FE,FF,FE,FF,00,00
182521000,55,false,Rx,0,8,10,27,00,00,00,00,00,00
182521000,56,false,Rx,0,8,10,27,00,00,00,00,00,00
182532000,57,false,Rx,0,8,00,00,FE,FF,FE,FF,00,00
182569000,625,false,Rx,0,8,25,00,11,43,FD,BB,E4,01
182581000,60D,false,Rx,0,8,0D,10,DF,23,02,20,70,00
182669000,625,false,Rx,0,8,25,00,11,43,FD,BB,E4,01
182681000,60D,false,Rx,0,8,0D,10,DF,23,02,20,70,00
182703000,2C4,false,Rx,0,8,05,00,00,00,E4,02,00,00
182703000,2C5,false,Rx,0,8,00,00,00,00,00,00,00,00
182703000,2C6,false,Rx,0,8,F4,01,84,03,00,00,00,00
182721000,54,false,Rx,0,8,01,01,FE,FF,FE,FF,00,00
182721000,55,false,Rx,0,8,10,27,00,00,00,00,00,00
182721000,56,false,Rx,0,8,10,27,00,00,00,00,00,00
182732000,57,false,Rx,0,8,00,00,FE,FF,FE,FF,00,00
182769000,625,false,Rx,0,8,25,00,11,43,FD,BB,E4,01
182782000,60D,false,Rx,0,8,0D,10,DF,23,02,20,70,00
182869000,625,false,Rx,0,8,25,00,11,43,FD,BB,E4,01
182881000,60D,false,Rx,0,8,0D,10,DF,23,02,20,70,00
182903000,2C4,false,Rx,0,8,05,00,00,00,E4,02,00,00
182903000,2C5,false,Rx,0,8,00,00,00,00,00,00,00,00
182903000,2C6,false,Rx,0,8,F4,01,84,03,00,00,00,00
182921000,54,false,Rx,0,8,01,01,FE,FF,FE,FF,00,00
182921000,55,false,Rx,0,8,10,27,00,00,00,00,00,00
182921000,56,false,Rx,0,8,10,27,00,00,00,00,00,00
182932000,57,false,Rx,0,8,00,00,FE,FF,FE,FF,00,00
182969000,625,false,Rx,0,8,25,00,11,43,FD,BB,E4,01
182981000,60D,false,Rx,0,8,0D,10,DF,23,02,20,70,00
183069000,625,false,Rx,0,8,25,00,11,43,FD,BB,E4,01
183081000,60D,false,Rx,0,8,0D,10,DF,23,02,20,70,00
183103000,2C4,false,Rx,0,8,05,00,00,00,E4,02,00,00
183103000,2C5,false,Rx,0,8,00,00,00,00,00,00,00,00
183103000,2C6,false,Rx,0,8,F4,01,84,03,00,00,00,00
183121000,54,false,Rx,0,8,01,01,FE,FF,FE,FF,00,00
183121000,55,false,Rx,0,8,10,27,00,00,00,00,00,00
183121000,56,false,Rx,0,8,10,27,00,00,00,00,00,00
183132000,57,false,Rx,0,8,00,00,FE,FF,FE,FF,00,00
183169000,625,false,Rx,0,8,25,00,11,43,FD,BB,E4,01
183181000,60D,false,Rx,0,8,0D,10,DF,23,02,20,70,00
183269000,625,false,Rx,0,8,25,00,11,43,FD,BB,E4,01
183281000,60D,false,Rx,0,8,0D,10,DF,23,02,20,70,00
183303000,2C4,false,Rx,0,8,05,00,00,00,E4,02,00,00
183303000,2C5,false,Rx,0,8,00,00,00,00,00,00,00,00
183303000,2C6,false,Rx,0,8,F4,01,84,03,00,00,00,00
183321000,54,false,Rx,0,8,01,01,FE,FF,FE,FF,00,00
183321000,55,false,Rx,0,8,10,27,00,00,00,00,00,00
183321000,56,false,Rx,0,8,10,27,00,00,00,00,00,00
183332000,57,false,Rx,0,8,00,00,FE,FF,FE,FF,00,00
183369000,625,false,Rx,0,8,25,00,11,43,FD,BB,E4,01
183382000,60D,false,Rx,0,8,0D,10,DF,23,02,20,70,00
183469000,625,false,Rx,0,8,25,00,11,43,FD,BB,E4,01
183481000,60D,false,Rx,0,8,0D,10,DF,23,02,20,70,00
183503000,2C4,false,Rx,0,8,05,00,00,00,E4,02,00,00
183503000,2C5,false,Rx,0,8,00,00,00,00,00,00,00,00
183503000,2C6,false,Rx,0,8,F4,01,84,03,00,00,00,00
183521000,54,false,Rx,0,8,01,01,FE,FF,FE,FF,00,00
183521000,55,false,Rx,0,8,10,27,00,00,00,00,00,00
183521000,56,false,Rx,0,8,10,27,00,00,00,00,00,00
183532000,57,false,Rx,0,8,00,00,FE,FF,FE,FF,00,00
183569000,625,false,Rx,0,8,25,00,11,43,FD,BB,E4,01
183581000,60D,false,Rx,0,8,0D,10,DF,23,02,20,70,00
183669000,625,false,Rx,0,8,25,00,11,43,FD,BB,E4,01
183681000,60D,false,Rx,0,8,0D,10,DF,23,02,20,70,00
183703000,2C4,false,Rx,0,8,05,00,00,00,E4,02,00,00
183703000,2C5,false,Rx,0,8,00,00,00,00,00,00,00,00
183703000,2C6,false,Rx,0,8,F4,01,84,03,00,00,00,00
183721000,54,false,Rx,0,8,01,01,FE,FF,FE,FF,00,00
183721000,55,false,Rx,0,8,10,27,00,00,00,00,00,00
183721000,56,false,Rx,0,8,10,27,00,00,00,00,00,00
183732000,57,false,Rx,0,8,00,00,FE,FF,FE,FF,00,00
183769000,625,false,Rx,0,8,25,00,11,43,FD,BB,E4,01
183781000,60D,false,Rx,0,8,0D,10,DF,23,02,20,70,00
183869000,625,false,Rx,0,8,25,00,11,43,FD,BB,E4,01
183881000,60D,false,Rx,0,8,0D,10,DF,23,02,20,70,00
183903000,2C4,false,Rx,0,8,05,00,00,00,E4,02,00,00
183903000,2C5,false,Rx,0,8,00,00,00,00,00,00,00,00
183903000,2C6,false,Rx,0,8,F4,01,84,03,00,00,00,00
183921000,54,false,Rx,0,8,01,01,FE,FF,FE,FF,00,00
183921000,55,false,Rx,0,8,10,27,00,00,00,00,00,00
183921000,56,false,Rx,0,8,10,27,00,00,00,00,00,00
183932000,57,false,Rx,0,8,00,00,FE,FF,FE,FF,00,00
183969000,625,false,Rx,0,8,25,00,11,43,FD,BB,E4,01
183982000,60D,false,Rx,0,8,0D,10,DF,23,02,20,70,00
184069000,625,false,Rx,0,8,25,00,11,43,FD,BB,E4,01
184081000,60D,false,Rx,0,8,0D,10,DF,23,02,20,70,00
184103000,2C4,false,Rx,0,8,05,00,00,00,E4,02,00,00
184103000,2C5,false,Rx,0,8,00,00,00,00,00,00,00,00
184103000,2C6,false,Rx,0,8,F4,01,84,03,00,00,00,00
184121000,54,false,Rx,0,8,01,01,FE,FF,FE,FF,00,00
184121000,55,false,Rx,0,8,10,27,00,00,00,00,00,00
184121000,56,false,Rx,0,8,10,27,00,00,00,00,00,00
184132000,57,false,Rx,0,8,00,00,FE,FF,FE,FF,00,00
184169000,625,false,Rx,0,8,25,00,11,43,FD,BB,E4,01
184181000,60D,false,Rx,0,8,0D,10,DF,23,02,20,70,00
184269000,625,false,Rx,0,8,25,00,11,43,FD,BB,E4,01
184281000,60D,false,Rx,0,8,0D,10,DF,23,02,20,70,00
184303000,2C4,false,Rx,0,8,05,00,00,00,E4,02,00,00
184303000,2C5,false,Rx,0,8,00,00,00,00,00,00,00,00
184303000,2C6,false,Rx,0,8,F4,01,84,03,00,00,00,00
184321000,54,false,Rx,0,8,01,01,FE,FF,FE,FF,00,00
184321000,55,false,Rx,0,8,10,27,00,00,00,00,00,00
184321000,56,false,Rx,0,8,10,27,00,00,00,00,00,00
184332000,57,false,Rx,0,8,00,00,FE,FF,FE,FF,00,00
184369000,625,false,Rx,0,8,25,00,11,43,FD,BB,E4,01
184381000,60D,false,Rx,0,8,0D,10,DF,23,02,20,70,00
184469000,625,false,Rx,0,8,25,00,11,43,FD,BB,E4,01
184481000,60D,false,Rx,0,8,0D,10,DF,23,02,20,70,00
184503000,2C4,false,Rx,0,8,05,00,00,00,E4,02,00,00
184503000,2C5,false,Rx,0,8,00,00,00,00,00,00,00,00
184503000,2C6,false,Rx,0,8,F4,01,84,03,00,00,00,00
184521000,54,false,Rx,0,8,01,01,FE,FF,FE,FF,00,00
184521000,55,false,Rx,0,8,10,27,00,00,00,00,00,00
184521000,56,false,Rx,0,8,10,27,00,00,00,00,00,00
184532000,57,false,Rx,0,8,00,00,FE,FF,FE,FF,00,00
184569000,625,false,Rx,0,8,25,00,11,43,FD,BB,E4,01
184582000,60D,false,Rx,0,8,0D,10,DF,23,02,20,70,00
184669000,625,false,Rx,0,8,25,00,11,43,FD,BB,E4,01
184681000,60D,false,Rx,0,8,0D,10,DF,23,02,20,70,00
184703000,2C4,false,Rx,0,8,05,00,00,00,E4,02,00,00
184703000,2C5,false,Rx,0,8,00,00,00,00,00,00,00,00
184703000,2C6,false,Rx,0,8,F4,01,84,03,00,00,00,00
184721000,54,false,Rx,0,8,01,01,FE,FF,FE,FF,00,00
184721000,55,false,Rx,0,8,10,27,00,00,00,00,00,00
184721000,56,false,Rx,0,8,10,27,00,00,00,00,00,00
184732000,57,false,Rx,0,8,00,00,FE,FF,FE,FF,00,00
184769000,625,false,Rx,0,8,25,00,11,43,FD,BB,E4,01
184781000,60D,false,Rx,0,8,0D,10,DF,23,02,20,70,00
184869000,625,false,Rx,0,8,25,00,11,43,FD,BB,E4,01
184881000,60D,false,Rx,0,8,0D,10,DF,23,02,20,70,00
184903000,2C4,false,Rx,0,8,05,00,00,00,E4,02,00,00
184903000,2C5,false,Rx,0,8,00,00,00,00,00,00,00,00
184903000,2C6,false,Rx,0,8,F4,01,84,03,00,00,00,00
184921000,54,false,Rx,0,8,01,01,FE,FF,FE,FF,00,00
184921000,55,false,Rx,0,8,10,27,00,00,00,00,00,00
184921000,56,false,Rx,0,8,10,27,00,00,00,00,00,00
184932000,57,false,Rx,0,8,00,00,FE,FF,FE,FF,00,00
184969000,625,false,Rx,0,8,25,00,11,43,FD,BB,E4,01
184981000,60D,false,Rx,0,8,0D,10,DF,23,02,20,70,00
185069000,625,false,Rx,0,8,25,00,11,43,FD,BB,E4,01
185081000,60D,false,Rx,0,8,0D,10,DF,23,02,20,70,00
185103000,2C4,false,Rx,0,8,05,00,00,00,E4,02,00,00
185103000,2C5,false,Rx,0,8,00,00,00,00,00,00,00,00
185103000,2C6,false,Rx,0,8,F4,01,84,03,00,00,00,00
185121000,54,false,Rx,0,8,01,01,FE,FF,FE,FF,00,00
185121000,55,false,Rx,0,8,10,27,00,00,00,00,00,00
185121000,56,false,Rx,0,8,10,27,00,00,00,00,00,00
185132000,57,false,Rx,0,8,00,00,FE,FF,FE,FF,00,00
185169000,625,false,Rx,0,8,25,00,11,43,FD,BB,E4,01
185182000,60D,false,Rx,0,8,0D,10,DF,23,02,20,70,00
185269000,625,false,Rx,0,8,25,00,11,43,FD,BB,E4,01
185281000,60D,false,Rx,0,8,0D,10,DF,23,02,20,70,00
185303000,2C4,false,Rx,0,8,05,00,00,00,E4,02,00,00
185303000,2C5,false,Rx,0,8,00,00,00,00,00,00,00,00
185303000,2C6,false,Rx,0,8,F4,01,84,03,00,00,00,00
185321000,54,false,Rx,0,8,01,01,FE,FF,FE,FF,00,00
185321000,55,false,Rx,0,8,10,27,00,00,00,00,00,00
185321000,56,false,Rx,0,8,10,27,00,00,00,00,00,00
185332000,57,false,Rx,0,8,00,00,FE,FF,FE,FF,00,00
185369000,625,false,Rx,0,8,25,00,11,43,FD,BB,E4,01
185381000,60D,false,Rx,0,8,0D,10,DF,23,02,20,70,00
185469000,625,false,Rx,0,8,25,00,11,43,FD,BB,E4,01
185481000,60D,false,Rx,0,8,0D,10,DF,23,02,20,70,00
185503000,2C4,false,Rx,0,8,05,00,00,00,E4,02,00,00
185503000,2C5,false,Rx,0,8,00,00,00,00,00,00,00,00
185503000,2C6,false,Rx,0,8,F4,01,84,03,00,00,00,00
185521000,54,false,Rx,0,8,01,01,FE,FF,FE,FF,00,00
185521000,55,false,Rx,0,8,10,27,00,00,00,00,00,00
185521000,56,false,Rx,0,8,10,27,00,00,00,00,00,00
185532000,57,false,Rx,0,8,00,00,FE,FF,FE,FF,00,00
185569000,625,false,Rx,0,8,25,00,11,43,FD,BB,E4,01
185581000,60D,false,Rx,0,8,0D,10,DF,23,02,20,70,00
185669000,625,false,Rx,0,8,25,00,11,43,FD,BB,E4,01
185681000,60D,false,Rx,0,8,0D,10,DF,23,02,20,70,00
185703000,2C4,false,Rx,0,8,05,00,00,00,E4,02,00,00
185703000,2C5,false,Rx,0,8,00,00,00,00,00,00,00,00
185703000,2C6,false,Rx,0,8,F4,01,84,03,00,00,00,00
185721000,54,false,Rx,0,8,01,01,FE,FF,FE,FF,00,00
185721000,55,false,Rx,0,8,10,27,00,00,00,00,00,00
185721000,56,false,Rx,0,8,10,27,00,00,00,00,00,00
185732000,57,false,Rx,0,8,00,00,FE,FF,FE,FF,00,00
185769000,625,false,Rx,0,8,25,00,11,43,FD,BB,E4,01
185782000,60D,false,Rx,0,8,0D,10,DF,23,02,20,70,00
185869000,625,false,Rx,0,8,25,00,11,43,FD,BB,E4,01
185881000,60D,false,Rx,0,8,0D,10,DF,23,02,20,70,00
185903000,2C4,false,Rx,0,8,05,00,00,00,E4,02,00,00
185903000,2C5,false,Rx,0,8,00,00,00,00,00,00,00,00
185903000,2C6,false,Rx,0,8,F4,01,84,03,00,00,00,00
185921000,54,false,Rx,0,8,01,01,FE,FF,FE,FF,00,00
185921000,55,false,Rx,0,8,10,27,00,00,00,00,00,00
185921000,56,false,Rx,0,8,10,27,00,00,00,00,00,00
185932000,57,false,Rx,0,8,00,00,FE,FF,FE,FF,00,00
185969000,625,false,Rx,0,8,25,00,11,43,FD,BB,E4,01
185981000,60D,false,Rx,0,8,0D,10,DF,23,02,20,70,00
186069000,625,false,Rx,0,8,25,00,11,43,FD,BB,E4,01
186081000,60D,false,Rx,0,8,0D,10,DF,23,02,20,70,00
186103000,2C4,false,Rx,0,8,05,00,00,00,E4,02,00,00
186103000,2C5,false,Rx,0,8,00,00,00,00,00,00,00,00
186103000,2C6,false,Rx,0,8,F4,01,84,03,00,00,00,00
186121000,54,false,Rx,0,8,01,01,FE,FF,FE,FF,00,00
186121000,55,false,Rx,0,8,10,27,00,00,00,00,00,00
186121000,56,false,Rx,0,8,10,27,00,00,00,00,00,00
186132000,57,false,Rx,0,8,00,00,FE,FF,FE,FF,00,00
186169000,625,false,Rx,0,8,25,00,11,43,FD,BB,E4,01
186181000,60D,false,Rx,0,8,0D,10,DF,23,02,20,70,00
186269000,625,false,Rx,0,8,25,00,11,43,FD,BB,E4,01
186281000,60D,false,Rx,0,8,0D,10,DF,23,02,20,70,00
186303000,2C4,false,Rx,0,8,05,00,00,00,E4,02,00,00
186303000,2C5,false,Rx,0,8,00,00,00,00,00,00,00,00
186303000,2C6,false,Rx,0,8,F4,01,84,03,00,00,00,00
186321000,54,false,Rx,0,8,01,01,FE,FF,FE,FF,00,00
186321000,55,false,Rx,0,8,10,27,00,00,00,00,00,00
186321000,56,false,Rx,0,8,10,27,00,00,00,00,00,00
186332000,57,false,Rx,0,8,00,00,FE,FF,FE,FF,00,00
186369000,625,false,Rx,0,8,25,00,11,43,FD,BB,E4,01
186382000,60D,false,Rx,0,8,0D,10,DF,23,02,20,70,00
186469000,625,false,Rx,0,8,25,00,11,43,FD,BB,E4,01
186481000,60D,false,Rx,0,8,0D,10,DF,23,02,20,70,00
186503000,2C4,false,Rx,0,8,05,00,00,00,E4,02,00,00
186503000,2C5,false,Rx,0,8,00,00,00,00,00,00,00,00
186503000,2C6,false,Rx,0,8,F4,01,84,03,00,00,00,00
186521000,54,false,Rx,0,8,01,01,FE,FF,FE,FF,00,00
186521000,55,false,Rx,0,8,10,27,00,00,00,00,00,00
186521000,56,false,Rx,0,8,10,27,00,00,00,00,00,00
186532000,57,false,Rx,0,8,00,00,FE,FF,FE,FF,00,00
186569000,625,false,Rx,0,8,25,00,11,43,FD,BB,E4,01
186581000,60D,false,Rx,0,8,0D,10,DF,23,02,20,70,00
186669000,625,false,Rx,0,8,25,00,11,43,FD,BB,E4,01
186681000,60D,false,Rx,0,8,0D,10,DF,23,02,20,70,00
186703000,2C4,false,Rx,0,8,05,00,00,00,E4,02,00,00
186703000,2C5,false,Rx,0,8,00,00,00,00,00,00,00,00
186703000,2C6,false,Rx,0,8,F4,01,84,03,00,00,00,00
186721000,54,false,Rx,0,8,01,01,FE,FF,FE,FF,00,00
186721000,55,false,Rx,0,8,10,27,00,00,00,00,00,00
186721000,56,false,Rx,0,8,10,27,00,00,00,00,00,00
186732000,57,false,Rx,0,8,00,00,FE,FF,FE,FF,00,00
186769000,625,false,Rx,0,8,25,00,11,43,FD,BB,E4,01
186781000,60D,false,Rx,0,8,0D,10,DF,23,02,20,70,00
186869000,625,false,Rx,0,8,25,00,11,43,FD,BB,E4,01
186881000,60D,false,Rx,0,8,0D,10,DF,23,02,20,70,00
186903000,2C4,false,Rx,0,8,05,00,00,00,E4,02,00,00
186903000,2C5,false,Rx,0,8,00,00,00,00,00,00,00,00
186903000,2C6,false,Rx,0,8,F4,01,84,03,00,00,00,00
186921000,54,false,Rx,0,8,01,01,FE,FF,FE,FF,00,00
186921000,55,false,Rx,0,8,10,27,00,00,00,00,00,00
186921000,56,false,Rx,0,8,10,27,00,00,00,00,00,00
186932000,57,false,Rx,0,8,00,00,FE,FF,FE,FF,00,00
186969000,625,false,Rx,0,8,25,00,11,43,FD,BB,E4,01
186982000,60D,false,Rx,0,8,0D,10,DF,23,02,20,70,00
187069000,625,false,Rx,0,8,25,00,11,43,FD,BB,E4,01
187081000,60D,false,Rx,0,8,0D,10,DF,23,02,20,70,00
187103000,2C4,false,Rx,0,8,05,00,00,00,E4,02,00,00
187103000,2C5,false,Rx,0,8,00,00,00,00,00,00,00,00
187103000,2C6,false,Rx,0,8,F4,01,84,03,00,00,00,00
187121000,54,false,Rx,0,8,01,01,FE,FF,FE,FF,00,00
187121000,55,false,Rx,0,8,10,27,00,00,00,00,00,00
187121000,56,false,Rx,0,8,10,27,00,00,00,00,00,00
187132000,57,false,Rx,0,8,00,00,FE,FF,FE,FF,00,00
187168000,625,false,Rx,0,8,25,00,11,43,FD,BB,E4,01
187182000,60D,false,Rx,0,8,0D,10,DF,23,02,20,70,00
187269000,625,false,Rx,0,8,25,00,11,43,FD,BB,E4,01
187282000,60D,false,Rx,0,8,0D,10,DF,23,02,20,70,00
187303000,2C4,false,Rx,0,8,05,00,00,00,E4,02,00,00
187303000,2C5,false,Rx,0,8,00,00,00,00,00,00,00,00
187303000,2C6,false,Rx,0,8,F4,01,84,03,00,00,00,00
187321000,54,false,Rx,0,8,01,01,FE,FF,FE,FF,00,00
187321000,55,false,Rx,0,8,10,27,00,00,00,00,00,00
187321000,56,false,Rx,0,8,10,27,00,00,00,00,00,00
187332000,57,false,Rx,0,8,00,00,FE,FF,FE,FF,00,00
187368000,625,false,Rx,0,8,25,00,11,43,FD,BB,E4,01
187382000,60D,false,Rx,0,8,0D,10,DF,23,02,20,70,00
187468000,625,false,Rx,0,8,25,00,11,43,FD,BB,E4,01
187482000,60D,false,Rx,0,8,0D,10,DF,23,02,20,70,00
187503000,2C4,false,Rx,0,8,05,00,00,00,E4,02,00,00
187503000,2C5,false,Rx,0,8,00,00,00,00,00,00,00,00
187503000,2C6,false,Rx,0,8,F4,01,84,03,00,00,00,00
187521000,54,false,Rx,0,8,01,01,FE,FF,FE,FF,00,00
187521000,55,false,Rx,0,8,10,27,00,00,00,00,00,00
187521000,56,false,Rx,0,8,10,27,00,00,00,00,00,00
187532000,57,false,Rx,0,8,00,00,FE,FF,FE,FF,00,00
187568000,625,false,Rx,0,8,25,00,11,43,FD,BB,E4,01
187582000,60D,false,Rx,0,8,0D,10,DF,23,02,20,70,00
187668000,625,false,Rx,0,8,25,00,11,43,FD,BB,E4,01
187682000,60D,false,Rx,0,8,0D,10,DF,23,02,20,70,00
187703000,2C4,false,Rx,0,8,05,00,00,00,E4,02,00,00
187703000,2C5,false,Rx,0,8,00,00,00,00,00,00,00,00
187703000,2C6,false,Rx,0,8,F4,01,84,03,00,00,00,00
187721000,54,false,Rx,0,8,01,01,FE,FF,FE,FF,00,00
187721000,55,false,Rx,0,8,10,27,00,00,00,00,00,00
187721000,56,false,Rx,0,8,10,27,00,00,00,00,00,00
187732000,57,false,Rx,0,8,00,00,FE,FF,FE,FF,00,00
187768000,625,false,Rx,0,8,25,00,11,43,FD,BB,E4,01
187782000,60D,false,Rx,0,8,0D,10,DF,23,02,20,70,00
187868000,625,false,Rx,0,8,25,00,11,43,FD,BB,E4,01
187881000,60D,false,Rx,0,8,0D,10,DF,23,02,20,70,00
187903000,2C4,false,Rx,0,8,05,00,00,00,E4,02,00,00
187903000,2C5,false,Rx,0,8,00,00,00,00,00,00,00,00
187903000,2C6,false,Rx,0,8,F4,01,84,03,00,00,00,00
187921000,54,false,Rx,0,8,01,01,FE,FF,FE,FF,00,00
187921000,55,false,Rx,0,8,10,27,00,00,00,00,00,00
187921000,56,false,Rx,0,8,10,27,00,00,00,00,00,00
187932000,57,false,Rx,0,8,00,00,FE,FF,FE,FF,00,00
187968000,625,false,Rx,0,8,25,00,11,43,FD,BB,E4,01
187981000,60D,false,Rx,0,8,0D,10,DF,23,02,20,70,00
188068000,625,false,Rx,0,8,25,00,11,43,FD,BB,E4,01
188081000,60D,false,Rx,0,8,0D,10,DF,23,02,20,70,00
188103000,2C4,false,Rx,0,8,05,00,00,00,E4,02,00,00
188103000,2C5,false,Rx,0,8,00,00,00,00,00,00,00,00
188103000,2C6,false,Rx,0,8,F4,01,84,03,00,00,00,00
188121000,54,false,Rx,0,8,01,01,FE,FF,FE,FF,00,00
188121000,55,false,Rx,0,8,10,27,00,00,00,00,00,00
188121000,56,false,Rx,0,8,10,27,00,00,00,00,00,00
188132000,57,false,Rx,0,8,00,00,FE,FF,FE,FF,00,00
188168000,625,false,Rx,0,8,25,00,11,43,FD,BB,E4,01
188181000,60D,false,Rx,0,8,0D,10,DF,23,02,20,70,00
188268000,625,false,Rx,0,8,25,00,11,43,FD,BB,E4,01
188281000,60D,false,Rx,0,8,0D,10,DF,23,02,20,70,00
188303000,2C4,false,Rx,0,8,05,00,00,00,E4,02,00,00
188303000,2C5,false,Rx,0,8,00,00,00,00,00,00,00,00
188303000,2C6,false,Rx,0,8,F4,01,84,03,00,00,00,00
188321000,54,false,Rx,0,8,01,01,FE,FF,FE,FF,00,00
188321000,55,false,Rx,0,8,10,27,00,00,00,00,00,00
188321000,56,false,Rx,0,8,10,27,00,00,00,00,00,00
188332000,57,false,Rx,0,8,00,00,FE,FF,FE,FF,00,00
188368000,625,false,Rx,0,8,25,00,11,43,FD,BB,E4,01
188381000,60D,false,Rx,0,8,0D,10,DF,23,02,20,70,00
188468000,625,false,Rx,0,8,25,00,11,43,FD,BB,E4,01
188481000,60D,false,Rx,0,8,0D,10,DF,23,02,20,70,00
188503000,2C4,false,Rx,0,8,05,00,00,00,E4,02,00,00
188503000,2C5,false,Rx,0,8,00,00,00,00,00,00,00,00
188503000,2C6,false,Rx,0,8,F4,01,84,03,00,00,00,00
188521000,54,false,Rx,0,8,01,01,FE,FF,FE,FF,00,00
188521000,55,false,Rx,0,8,10,27,00,00,00,00,00,00
188521000,56,false,Rx,0,8,10,27,00,00,00,00,00,00
188532000,57,false,Rx,0,8,00,00,FE,FF,FE,FF,00,00
188568000,625,false,Rx,0,8,25,00,11,43,FD,BB,E4,01
188581000,60D,false,Rx,0,8,0D,10,DF,23,02,20,70,00
188668000,625,false,Rx,0,8,25,00,11,43,FD,BB,E4,01
188681000,60D,false,Rx,0,8,0D,10,DF,23,02,20,70,00
188703000,2C4,false,Rx,0,8,05,00,00,00,E4,02,00,00
188703000,2C5,false,Rx,0,8,00,00,00,00,00,00,00,00
188703000,2C6,false,Rx,0,8,F4,01,84,03,00,00,00,00
188721000,54,false,Rx,0,8,01,01,FE,FF,FE,FF,00,00
188721000,55,false,Rx,0,8,10,27,00,00,00,00,00,00
188721000,56,false,Rx,0,8,10,27,00,00,00,00,00,00
188732000,57,false,Rx,0,8,00,00,FE,FF,FE,FF,00,00
188768000,625,false,Rx,0,8,25,00,11,43,FD,BB,E4,01
188781000,60D,false,Rx,0,8,0D,10,DF,23,02,20,70,00
188868000,625,false,Rx,0,8,25,00,11,43,FD,BB,E4,01
188881000,60D,false,Rx,0,8,0D,10,DF,23,02,20,70,00
188903000,2C4,false,Rx,0,8,05,00,00,00,E4,02,00,00
188903000,2C5,false,Rx,0,8,00,00,00,00,00,00,00,00
188903000,2C6,false,Rx,0,8,F4,01,84,03,00,00,00,00
188921000,54,false,Rx,0,8,01,01,FE,FF,FE,FF,00,00
188921000,55,false,Rx,0,8,10,27,00,00,00,00,00,00
188921000,56,false,Rx,0,8,10,27,00,00,00,00,00,00
188932000,57,false,Rx,0,8,00,00,FE,FF,FE,FF,00,00
188968000,625,false,Rx,0,8,25,00,11,43,FD,BB,E4,01
188981000,60D,false,Rx,0,8,0D,10,DF,23,02,20,70,00
189068000,625,false,Rx,0,8,25,00,11,43,FD,BB,E4,01
189081000,60D,false,Rx,0,8,0D,10,DF,23,02,20,70,00
189103000,2C4,false,Rx,0,8,05,00,00,00,E4,02,00,00
189103000,2C5,false,Rx,0,8,00,00,00,00,00,00,00,00
189103000,2C6,false,Rx,0,8,F4,01,84,03,00,00,00,00
189121000,54,false,Rx,0,8,01,01,FE,FF,FE,FF,00,00
189121000,55,false,Rx,0,8,10,27,00,00,00,00,00,00
189121000,56,false,Rx,0,8,10,27,00,00,00,00,00,00
189132000,57,false,Rx,0,8,00,00,FE,FF,FE,FF,00,00
189168000,625,false,Rx,0,8,25,00,11,43,FD,BB,E4,01
189181000,60D,false,Rx,0,8,0D,10,DF,23,02,20,70,00
189268000,625,false,Rx,0,8,25,00,11,43,FD,BB,E4,01
189281000,60D,false,Rx,0,8,0D,10,DF,23,02,20,70,00
189303000,2C4,false,Rx,0,8,05,00,00,00,E4,02,00,00
189303000,2C5,false,Rx,0,8,00,00,00,00,00,00,00,00
189303000,2C6,false,Rx,0,8,F4,01,84,03,00,00,00,00
189321000,54,false,Rx,0,8,01,01,FE,FF,FE,FF,00,00
189321000,55,false,Rx,0,8,10,27,00,00,00,00,00,00
189321000,56,false,Rx,0,8,10,27,00,00,00,00,00,00
189332000,57,false,Rx,0,8,00,00,FE,FF,FE,FF,00,00
189368000,625,false,Rx,0,8,25,00,11,43,FD,BB,E4,01
189381000,60D,false,Rx,0,8,0D,10,DF,23,02,20,70,00
189468000,625,false,Rx,0,8,25,00,11,43,FD,BB,E4,01
189481000,60D,false,Rx,0,8,0D,10,DF,23,02,20,70,00
189503000,2C4,false,Rx,0,8,05,00,00,00,E4,02,00,00
189503000,2C5,false,Rx,0,8,00,00,00,00,00,00,00,00
189503000,2C6,false,Rx,0,8,F4,01,84,03,00,00,00,00
189521000,54,false,Rx,0,8,01,01,FE,FF,FE,FF,00,00
189521000,55,false,Rx,0,8,10,27,00,00,00,00,00,00
189521000,56,false,Rx,0,8,10,27,00,00,00,00,00,00
189532000,57,false,Rx,0,8,00,00,FE,FF,FE,FF,00,00
189568000,625,false,Rx,0,8,25,00,11,43,FD,BB,E4,01
189581000,60D,false,Rx,0,8,0D,10,DF,23,02,20,70,00
189668000,625,false,Rx,0,8,25,00,11,43,FD,BB,E4,01
189681000,60D,false,Rx,0,8,0D,10,DF,23,02,20,70,00
189703000,2C4,false,Rx,0,8,05,00,00,00,E4,02,00,00
189703000,2C5,false,Rx,0,8,00,00,00,00,00,00,00,00
189703000,2C6,false,Rx,0,8,F4,01,84,03,00,00,00,00
189721000,54,false,Rx,0,8,01,01,FE,FF,FE,FF,00,00
189721000,55,false,Rx,0,8,10,27,00,00,00,00,00,00
189721000,56,false,Rx,0,8,10,27,00,00,00,00,00,00
189732000,57,false,Rx,0,8,00,00,FE,FF,FE,FF,00,00
189768000,625,false,Rx,0,8,25,00,11,43,FD,BB,E4,01
189781000,60D,false,Rx,0,8,0D,10,DF,23,02,20,70,00
189868000,625,false,Rx,0,8,25,00,11,43,FD,BB,E4,01
189881000,60D,false,Rx,0,8,0D,10,DF,23,02,20,70,00
189903000,2C4,false,Rx,0,8,05,00,00,00,E4,02,00,00
189903000,2C5,false,Rx,0,8,00,00,00,00,00,00,00,00
189903000,2C6,false,Rx,0,8,F4,01,84,03,00,00,00,00
189921000,54,false,Rx,0,8,01,01,FE,FF,FE,FF,00,00
189921000,55,false,Rx,0,8,10,27,00,00,00,00,00,00
189921000,56,false,Rx,0,8,10,27,00,00,00,00,00,00
189932000,57,false,Rx,0,8,00,00,FE,FF,FE,FF,00,00
189968000,625,false,Rx,0,8,25,00,11,43,FD,BB,E4,01
189981000,60D,false,Rx,0,8,0D,10,DF,23,02,20,70,00
190068000,625,false,Rx,0,8,25,00,11,43,FD,BB,E4,01
190081000,60D,false,Rx,0,8,0D,10,DF,23,02,20,70,00
190102000,2C4,false,Rx,0,8,05,00,00,00,E4,02,00,00
190103000,2C5,false,Rx,0,8,00,00,00,00,00,00,00,00
190103000,2C6,false,Rx,0,8,F4,01,84,03,00,00,00,00
190121000,54,false,Rx,0,8,01,01,FE,FF,FE,FF,00,00
190121000,55,false,Rx,0,8,10,27,00,00,00,00,00,00
190121000,56,false,Rx,0,8,10,27,00,00,00,00,00,00
190132000,57,false,Rx,0,8,00,00,FE,FF,FE,FF,00,00
190168000,625,false,Rx,0,8,25,00,11,43,FD,BB,E4,01
190181000,60D,false,Rx,0,8,0D,10,DF,23,02,20,70,00
190268000,625,false,Rx,0,8,25,00,11,43,FD,BB,E4,01
190281000,60D,false,Rx,0,8,0D,10,DF,23,02,20,70,00
190302000,2C4,false,Rx,0,8,05,00,00,00,E4,02,00,00
190303000,2C5,false,Rx,0,8,00,00,00,00,00,00,00,00
190303000,2C6,false,Rx,0,8,F4,01,84,03,00,00,00,00
190321000,54,false,Rx,0,8,01,01,FE,FF,FE,FF,00,00
190321000,55,false,Rx,0,8,10,27,00,00,00,00,00,00
190321000,56,false,Rx,0,8,10,27,00,00,00,00,00,00
190332000,57,false,Rx,0,8,00,00,FE,FF,FE,FF,00,00
190368000,625,false,Rx,0,8,25,00,11,43,FD,BB,E4,01
190381000,60D,false,Rx,0,8,0D,10,DF,23,02,20,70,00
190468000,625,false,Rx,0,8,25,00,11,43,FD,BB,E4,01
190481000,60D,false,Rx,0,8,0D,10,DF,23,02,20,70,00
190502000,2C4,false,Rx,0,8,05,00,00,00,E4,02,00,00
190503000,2C5,false,Rx,0,8,00,00,00,00,00,00,00,00
190503000,2C6,false,Rx,0,8,F4,01,84,03,00,00,00,00
190521000,54,false,Rx,0,8,01,01,FE,FF,FE,FF,00,00
190521000,55,false,Rx,0,8,10,27,00,00,00,00,00,00
190521000,56,false,Rx,0,8,10,27,00,00,00,00,00,00
190532000,57,false,Rx,0,8,00,00,FE,FF,FE,FF,00,00
190568000,625,false,Rx,0,8,25,00,11,43,FD,BB,E4,01
190581000,60D,false,Rx,0,8,0D,10,DF,23,02,20,70,00
190668000,625,false,Rx,0,8,25,00,11,43,FD,BB,E4,01
190681000,60D,false,Rx,0,8,0D,10,DF,23,02,20,70,00
190702000,2C4,false,Rx,0,8,05,00,00,00,E4,02,00,00
190703000,2C5,false,Rx,0,8,00,00,00,00,00,00,00,00
190703000,2C6,false,Rx,0,8,F4,01,84,03,00,00,00,00
190721000,54,false,Rx,0,8,01,01,FE,FF,FE,FF,00,00
190721000,55,false,Rx,0,8,10,27,00,00,00,00,00,00
190721000,56,false,Rx,0,8,10,27,00,00,00,00,00,00
190732000,57,false,Rx,0,8,00,00,FE,FF,FE,FF,00,00
190768000,625,false,Rx,0,8,25,00,11,43,FD,BB,E4,01
190781000,60D,false,Rx,0,8,0D,10,DF,23,02,20,70,00
190868000,625,false,Rx,0,8,25,00,11,43,FD,BB,E4,01
190881000,60D,false,Rx,0,8,0D,10,DF,23,02,20,70,00
190902000,2C4,false,Rx,0,8,05,00,00,00,E4,02,00,00
190903000,2C5,false,Rx,0,8,00,00,00,00,00,00,00,00
190903000,2C6,false,Rx,0,8,F4,01,84,03,00,00,00,00
190921000,54,false,Rx,0,8,01,01,FE,FF,FE,FF,00,00
190921000,55,false,Rx,0,8,10,27,00,00,00,00,00,00
190921000,56,false,Rx,0,8,10,27,00,00,00,00,00,00
190932000,57,false,Rx,0,8,00,00,FE,FF,FE,FF,00,00
190968000,625,false,Rx,0,8,25,00,11,43,FD,BB,E4,01
190981000,60D,false,Rx,0,8,0D,10,DF,23,02,20,70,00
191068000,625,false,Rx,0,8,25,00,11,43,FD,BB,E4,01
191081000,60D,false,Rx,0,8,0D,10,DF,23,02,20,70,00
191102000,2C4,false,Rx,0,8,05,00,00,00,E4,02,00,00
191103000,2C5,false,Rx,0,8,00,00,00,00,00,00,00,00
191103000,2C6,false,Rx,0,8,F4,01,84,03,00,00,00,00
191121000,54,false,Rx,0,8,01,01,FE,FF,FE,FF,00,00
191121000,55,false,Rx,0,8,10,27,00,00,00,00,00,00
191121000,56,false,Rx,0,8,10,27,00,00,00,00,00,00
191132000,57,false,Rx,0,8,00,00,FE,FF,FE,FF,00,00
191168000,625,false,Rx,0,8,25,00,11,43,FD,BB,E4,01
191181000,60D,false,Rx,0,8,0D,10,DF,23,02,20,70,00
191268000,625,false,Rx,0,8,25,00,11,43,FD,BB,E4,01
191281000,60D,false,Rx,0,8,0D,10,DF,23,02,20,70,00
191302000,2C4,false,Rx,0,8,05,00,00,00,E4,02,00,00
191303000,2C5,false,Rx,0,8,00,00,00,00,00,00,00,00
191303000,2C6,false,Rx,0,8,F4,01,84,03,00,00,00,00
191321000,54,false,Rx,0,8,01,01,FE,FF,FE,FF,00,00
191321000,55,false,Rx,0,8,10,27,00,00,00,00,00,00
191321000,56,false,Rx,0,8,10,27,00,00,00,00,00,00
191332000,57,false,Rx,0,8,00,00,FE,FF,FE,FF,00,00
191368000,625,false,Rx,0,8,25,00,11,43,FD,BB,E4,01
191381000,60D,false,Rx,0,8,0D,10,DF,23,02,20,70,00
191468000,625,false,Rx,0,8,25,00,11,43,FD,BB,E4,01
191481000,60D,false,Rx,0,8,0D,10,DF,23,02,20,70,00
191502000,2C4,false,Rx,0,8,05,00,00,00,E4,02,00,00
191503000,2C5,false,Rx,0,8,00,00,00,00,00,00,00,00
191503000,2C6,false,Rx,0,8,F4,01,84,03,00,00,00,00
191521000,54,false,Rx,0,8,01,01,FE,FF,FE,FF,00,00
191521000,55,false,Rx,0,8,10,27,00,00,00,00,00,00
191521000,56,false,Rx,0,8,10,27,00,00,00,00,00,00
191532000,57,false,Rx,0,8,00,00,FE,FF,FE,FF,00,00
191568000,625,false,Rx,0,8,25,00,11,43,FD,BB,E4,01
191581000,60D,false,Rx,0,8,0D,10,DF,23,02,20,70,00
191668000,625,false,Rx,0,8,25,00,11,43,FD,BB,E4,01
191681000,60D,false,Rx,0,8,0D,10,DF,23,02,20,70,00
191702000,2C4,false,Rx,0,8,05,00,00,00,E4,02,00,00
191703000,2C5,false,Rx,0,8,00,00,00,00,00,00,00,00
191703000,2C6,false,Rx,0,8,F4,01,84,03,00,00,00,00
191721000,54,false,Rx,0,8,01,01,FE,FF,FE,FF,00,00
191721000,55,false,Rx,0,8,10,27,00,00,00,00,00,00
191721000,56,false,Rx,0,8,10,27,00,00,00,00,00,00
191732000,57,false,Rx,0,8,00,00,FE,FF,FE,FF,00,00
191768000,625,false,Rx,0,8,25,00,11,43,FD,BB,E4,01
191781000,60D,false,Rx,0,8,0D,10,DF,23,02,20,70,00
191868000,625,false,Rx,0,8,25,00,11,43,FD,BB,E4,01
191881000,60D,false,Rx,0,8,0D,10,DF,23,02,20,70,00
191902000,2C4,false,Rx,0,8,05,00,00,00,E4,02,00,00
191903000,2C5,false,Rx,0,8,00,00,00,00,00,00,00,00
191903000,2C6,false,Rx,0,8,F4,01,84,03,00,00,00,00
191921000,54,false,Rx,0,8,01,01,FE,FF,FE,FF,00,00
191921000,55,false,Rx,0,8,10,27,00,00,00,00,00,00
191921000,56,false,Rx,0,8,10,27,00,00,00,00,00,00
191932000,57,false,Rx,0,8,00,00,FE,FF,FE,FF,00,00
191968000,625,false,Rx,0,8,25,00,11,43,FD,BB,E4,01
191982000,60D,false,Rx,0,8,0D,10,DF,23,02,20,70,00
192068000,625,false,Rx,0,8,25,00,11,43,FD,BB,E4,01
192081000,60D,false,Rx,0,8,0D,10,DF,23,02,20,70,00
192102000,2C4,false,Rx,0,8,05,00,00,00,E4,02,00,00
192103000,2C5,false,Rx,0,8,00,00,00,00,00,00,00,00
192103000,2C6,false,Rx,0,8,F4,01,84,03,00,00,00,00
192121000,54,false,Rx,0,8,01,01,FE,FF,FE,FF,00,00
192121000,55,false,Rx,0,8,10,27,00,00,00,00,00,00
192121000,56,false,Rx,0,8,10,27,00,00,00,00,00,00
192132000,57,false,Rx,0,8,00,00,FE,FF,FE,FF,00,00
192168000,625,false,Rx,0,8,25,00,11,43,FD,BB,E4,01
192182000,60D,false,Rx,0,8,0D,10,DF,23,02,20,70,00
192268000,625,false,Rx,0,8,25,00,11,43,FD,BB,E4,01
192282000,60D,false,Rx,0,8,0D,10,DF,23,02,20,70,00
192302000,2C4,false,Rx,0,8,05,00,00,00,E4,02,00,00
192303000,2C5,false,Rx,0,8,00,00,00,00,00,00,00,00
192303000,2C6,false,Rx,0,8,F4,01,84,03,00,00,00,00
192321000,54,false,Rx,0,8,01,01,FE,FF,FE,FF,00,00
192321000,55,false,Rx,0,8,10,27,00,00,00,00,00,00
192321000,56,false,Rx,0,8,10,27,00,00,00,00,00,00
192332000,57,false,Rx,0,8,00,00,FE,FF,FE,FF,00,00
192368000,625,false,Rx,0,8,25,00,11,43,FD,BB,E4,01
192382000,60D,false,Rx,0,8,0D,10,DF,23,02,20,70,00
192468000,625,false,Rx,0,8,25,00,11,43,FD,BB,E4,01
192482000,60D,false,Rx,0,8,0D,10,DF,23,02,20,70,00
192502000,2C4,false,Rx,0,8,05,00,00,00,E4,02,00,00
192503000,2C5,false,Rx,0,8,00,00,00,00,00,00,00,00
192503000,2C6,false,Rx,0,8,F4,01,84,03,00,00,00,00
192521000,54,false,Rx,0,8,01,01,FE,FF,FE,FF,00,00
192521000,55,false,Rx,0,8,10,27,00,00,00,00,00,00
192521000,56,false,Rx,0,8,10,27,00,00,00,00,00,00
192532000,57,false,Rx,0,8,00,00,FE,FF,FE,FF,00,00
192568000,625,false,Rx,0,8,25,00,11,43,FD,BB,E4,01
192582000,60D,false,Rx,0,8,0D,10,DF,23,02,20,70,00
192668000,625,false,Rx,0,8,25,00,11,43,FD,BB,E4,01
192682000,60D,false,Rx,0,8,0D,10,DF,23,02,20,70,00
192702000,2C4,false,Rx,0,8,05,00,00,00,E4,02,00,00
192703000,2C5,false,Rx,0,8,00,00,00,00,00,00,00,00
192703000,2C6,false,Rx,0,8,F4,01,84,03,00,00,00,00
192721000,54,false,Rx,0,8,01,01,FE,FF,FE,FF,00,00
192721000,55,false,Rx,0,8,10,27,00,00,00,00,00,00
192721000,56,false,Rx,0,8,10,27,00,00,00,00,00,00
192732000,57,false,Rx,0,8,00,00,FE,FF,FE,FF,00,00
192768000,625,false,Rx,0,8,25,00,11,43,FD,BB,E4,01
192782000,60D,false,Rx,0,8,0D,10,DF,23,02,20,70,00
192868000,625,false,Rx,0,8,25,00,11,43,FD,BB,E4,01
192881000,60D,false,Rx,0,8,0D,10,DF,23,02,20,70,00
192902000,2C4,false,Rx,0,8,05,00,00,00,E4,02,00,00
192903000,2C5,false,Rx,0,8,00,00,00,00,00,00,00,00
192903000,2C6,false,Rx,0,8,F4,01,84,03,00,00,00,00
192921000,54,false,Rx,0,8,01,01,FE,FF,FE,FF,00,00
192921000,55,false,Rx,0,8,10,27,00,00,00,00,00,00
192921000,56,false,Rx,0,8,10,27,00,00,00,00,00,00
192932000,57,false,Rx,0,8,00,00,FE,FF,FE,FF,00,00
192968000,625,false,Rx,0,8,25,00,11,43,FD,BB,E4,01
192981000,60D,false,Rx,0,8,0D,10,DF,23,02,20,70,00
193068000,625,false,Rx,0,8,25,00,11,43,FD,BB,E4,01
193081000,60D,false,Rx,0,8,0D,10,DF,23,02,20,70,00
193102000,2C4,false,Rx,0,8,05,00,00,00,E4,02,00,00
193103000,2C5,false,Rx,0,8,00,00,00,00,00,00,00,00
193103000,2C6,false,Rx,0,8,F4,01,84,03,00,00,00,00
193121000,54,false,Rx,0,8,01,01,FE,FF,FE,FF,00,00
193121000,55,false,Rx,0,8,10,27,00,00,00,00,00,00
193121000,56,false,Rx,0,8,10,27,00,00,00,00,00,00
193132000,57,false,Rx,0,8,00,00,FE,FF,FE,FF,00,00
193168000,625,false,Rx,0,8,25,00,11,43,FD,BB,E4,01
193181000,60D,false,Rx,0,8,0D,10,DF,23,02,20,70,00
193268000,625,false,Rx,0,8,25,00,11,43,FD,BB,E4,01
193281000,60D,false,Rx,0,8,0D,10,DF,23,02,20,70,00
193302000,2C4,false,Rx,0,8,05,00,00,00,E4,02,00,00
193303000,2C5,false,Rx,0,8,00,00,00,00,00,00,00,00
193303000,2C6,false,Rx,0,8,F4,01,84,03,00,00,00,00
193321000,54,false,Rx,0,8,01,01,FE,FF,FE,FF,00,00
193321000,55,false,Rx,0,8,10,27,00,00,00,00,00,00
193321000,56,false,Rx,0,8,10,27,00,00,00,00,00,00
193332000,57,false,Rx,0,8,00,00,FE,FF,FE,FF,00,00
193368000,625,false,Rx,0,8,25,00,11,43,FD,BB,E4,01
193382000,60D,false,Rx,0,8,0D,10,DF,23,02,20,70,00
193468000,625,false,Rx,0,8,25,00,11,43,FD,BB,E4,01
193482000,60D,false,Rx,0,8,0D,10,DF,23,02,20,70,00
193502000,2C4,false,Rx,0,8,05,00,00,00,E4,02,00,00
193503000,2C5,false,Rx,0,8,00,00,00,00,00,00,00,00
193503000,2C6,false,Rx,0,8,F4,01,84,03,00,00,00,00
193521000,54,false,Rx,0,8,01,01,FE,FF,FE,FF,00,00
193521000,55,false,Rx,0,8,10,27,00,00,00,00,00,00
193521000,56,false,Rx,0,8,10,27,00,00,00,00,00,00
193532000,57,false,Rx,0,8,00,00,FE,FF,FE,FF,00,00
193568000,625,false,Rx,0,8,25,00,11,43,FD,BB,E4,01
193582000,60D,false,Rx,0,8,0D,10,DF,23,02,20,70,00
193668000,625,false,Rx,0,8,25,00,11,43,FD,BB,E4,01
193682000,60D,false,Rx,0,8,0D,10,DF,23,02,20,70,00
193702000,2C4,false,Rx,0,8,05,00,00,00,E4,02,00,00
193703000,2C5,false,Rx,0,8,00,00,00,00,00,00,00,00
193703000,2C6,false,Rx,0,8,F4,01,84,03,00,00,00,00
193721000,54,false,Rx,0,8,01,01,FE,FF,FE,FF,00,00
193721000,55,false,Rx,0,8,10,27,00,00,00,00,00,00
193721000,56,false,Rx,0,8,10,27,00,00,00,00,00,00
193732000,57,false,Rx,0,8,00,00,FE,FF,FE,FF,00,00
193768000,625,false,Rx,0,8,25,00,11,43,FD,BB,E4,01
193782000,60D,false,Rx,0,8,0D,10,DF,23,02,20,70,00
193868000,625,false,Rx,0,8,25,00,11,43,FD,BB,E4,01
193882000,60D,false,Rx,0,8,0D,10,DF,23,02,20,70,00
193902000,2C4,false,Rx,0,8,05,00,00,00,E4,02,00,00
193903000,2C5,false,Rx,0,8,00,00,00,00,00,00,00,00
193903000,2C6,false,Rx,0,8,F4,01,84,03,00,00,00,00
193921000,54,false,Rx,0,8,01,01,FE,FF,FE,FF,00,00
193921000,55,false,Rx,0,8,10,27,00,00,00,00,00,00
193921000,56,false,Rx,0,8,10,27,00,00,00,00,00,00
193932000,57,false,Rx,0,8,00,00,FE,FF,FE,FF,00,00
193968000,625,false,Rx,0,8,25,00,11,43,FD,BB,E4,01
193982000,60D,false,Rx,0,8,0D,10,DF,23,02,20,70,00
194068000,625,false,Rx,0,8,25,00,11,43,FD,BB,E4,01
194081000,60D,false,Rx,0,8,0D,10,DF,23,02,20,70,00
194102000,2C4,false,Rx,0,8,05,00,00,00,E4,02,00,00
194103000,2C5,false,Rx,0,8,00,00,00,00,00,00,00,00
194103000,2C6,false,Rx,0,8,F4,01,84,03,00,00,00,00
194121000,54,false,Rx,0,8,01,01,FE,FF,FE,FF,00,00
194121000,55,false,Rx,0,8,10,27,00,00,00,00,00,00
194121000,56,false,Rx,0,8,10,27,00,00,00,00,00,00
194132000,57,false,Rx,0,8,00,00,FE,FF,FE,FF,00,00
194168000,625,false,Rx,0,8,25,00,11,43,FD,BB,E4,01
194181000,60D,false,Rx,0,8,0D,10,DF,23,02,20,70,00
194268000,625,false,Rx,0,8,25,00,11,43,FD,BB,E4,01
194281000,60D,false,Rx,0,8,0D,10,DF,23,02,20,70,00
194302000,2C4,false,Rx,0,8,05,00,00,00,E4,02,00,00
194303000,2C5,false,Rx,0,8,00,00,00,00,00,00,00,00
194303000,2C6,false,Rx,0,8,F4,01,84,03,00,00,00,00
194321000,54,false,Rx,0,8,01,01,FE,FF,FE,FF,00,00
194321000,55,false,Rx,0,8,10,27,00,00,00,00,00,00
194321000,56,false,Rx,0,8,10,27,00,00,00,00,00,00
194332000,57,false,Rx,0,8,00,00,FE,FF,FE,FF,00,00
194368000,625,false,Rx,0,8,25,00,11,43,FD,BB,E4,01
194381000,60D,false,Rx,0,8,0D,10,DF,23,02,20,70,00
194468000,625,false,Rx,0,8,25,00,11,43,FD,BB,E4,01
194481000,60D,false,Rx,0,8,0D,10,DF,23,02,20,70,00
194502000,2C4,false,Rx,0,8,05,00,00,00,E4,02,00,00
194503000,2C5,false,Rx,0,8,00,00,00,00,00,00,00,00
194503000,2C6,false,Rx,0,8,F4,01,84,03,00,00,00,00
194521000,54,false,Rx,0,8,01,01,FE,FF,FE,FF,00,00
194521000,55,false,Rx,0,8,10,27,00,00,00,00,00,00
194521000,56,false,Rx,0,8,10,27,00,00,00,00,00,00
194532000,57,false,Rx,0,8,00,00,FE,FF,FE,FF,00,00
194568000,625,false,Rx,0,8,25,00,11,43,FD,BB,E4,01
194582000,60D,false,Rx,0,8,0D,10,DF,23,02,20,70,00
194668000,625,false,Rx,0,8,25,00,11,43,FD,BB,E4,01
194681000,60D,false,Rx,0,8,0D,10,DF,23,02,20,70,00
194702000,2C4,false,Rx,0,8,05,00,00,00,E4,02,00,00
194703000,2C5,false,Rx,0,8,00,00,00,00,00,00,00,00
194703000,2C6,false,Rx,0,8,F4,01,84,03,00,00,00,00
194721000,54,false,Rx,0,8,01,01,FE,FF,FE,FF,00,00
194721000,55,false,Rx,0,8,10,27,00,00,00,00,00,00
194721000,56,false,Rx,0,8,10,27,00,00,00,00,00,00
194732000,57,false,Rx,0,8,00,00,FE,FF,FE,FF,00,00
194768000,625,false,Rx,0,8,25,00,11,43,FD,BB,E4,01
194781000,60D,false,Rx,0,8,0D,10,DF,23,02,20,70,00
194868000,625,false,Rx,0,8,25,00,11,43,FD,BB,E4,01
194881000,60D,false,Rx,0,8,0D,10,DF,23,02,20,70,00
194902000,2C4,false,Rx,0,8,05,00,00,00,E4,02,00,00
194902000,2C5,false,Rx,0,8,00,00,00,00,00,00,00,00
194903000,2C6,false,Rx,0,8,F4,01,84,03,00,00,00,00
194921000,54,false,Rx,0,8,01,01,FE,FF,FE,FF,00,00
194921000,55,false,Rx,0,8,10,27,00,00,00,00,00,00
194921000,56,false,Rx,0,8,10,27,00,00,00,00,00,00
194932000,57,false,Rx,0,8,00,00,FE,FF,FE,FF,00,00
194968000,625,false,Rx,0,8,25,00,11,43,FD,BB,E4,01
194981000,60D,false,Rx,0,8,0D,10,DF,23,02,20,70,00
195068000,625,false,Rx,0,8,25,00,11,43,FD,BB,E4,01
195081000,60D,false,Rx,0,8,0D,10,DF,23,02,20,70,00
195102000,2C4,false,Rx,0,8,05,00,00,00,E4,02,00,00
195102000,2C5,false,Rx,0,8,00,00,00,00,00,00,00,00
195103000,2C6,false,Rx,0,8,F4,01,84,03,00,00,00,00
195121000,54,false,Rx,0,8,01,01,FE,FF,FE,FF,00,00
195121000,55,false,Rx,0,8,10,27,00,00,00,00,00,00
195121000,56,false,Rx,0,8,10,27,00,00,00,00,00,00
195132000,57,false,Rx,0,8,00,00,FE,FF,FE,FF,00,00
195168000,625,false,Rx,0,8,25,00,11,43,FD,BB,E4,01
195182000,60D,false,Rx,0,8,0D,10,DF,23,02,20,70,00
195268000,625,false,Rx,0,8,25,00,11,43,FD,BB,E4,01
195281000,60D,false,Rx,0,8,0D,10,DF,23,02,20,70,00
195302000,2C4,false,Rx,0,8,05,00,00,00,E4,02,00,00
195302000,2C5,false,Rx,0,8,00,00,00,00,00,00,00,00
195303000,2C6,false,Rx,0,8,F4,01,84,03,00,00,00,00
195321000,54,false,Rx,0,8,01,01,FE,FF,FE,FF,00,00
195321000,55,false,Rx,0,8,10,27,00,00,00,00,00,00
195321000,56,false,Rx,0,8,10,27,00,00,00,00,00,00
195332000,57,false,Rx,0,8,00,00,FE,FF,FE,FF,00,00
195368000,625,false,Rx,0,8,25,00,11,43,FD,BB,E4,01
195381000,60D,false,Rx,0,8,0D,10,DF,23,02,20,70,00
195468000,625,false,Rx,0,8,25,00,11,43,FD,BB,E4,01
195481000,60D,false,Rx,0,8,0D,10,DF,23,02,20,70,00
195502000,2C4,false,Rx,0,8,05,00,00,00,E4,02,00,00
195502000,2C5,false,Rx,0,8,00,00,00,00,00,00,00,00
195503000,2C6,false,Rx,0,8,F4,01,84,03,00,00,00,00
195521000,54,false,Rx,0,8,01,01,FE,FF,FE,FF,00,00
195521000,55,false,Rx,0,8,10,27,00,00,00,00,00,00
195521000,56,false,Rx,0,8,10,27,00,00,00,00,00,00
195532000,57,false,Rx,0,8,00,00,FE,FF,FE,FF,00,00
195568000,625,false,Rx,0,8,25,00,11,43,FD,BB,E4,01
195581000,60D,false,Rx,0,8,0D,10,DF,23,02,20,70,00
195668000,625,false,Rx,0,8,25,00,11,43,FD,BB,E4,01
195681000,60D,false,Rx,0,8,0D,10,DF,23,02,20,70,00
195702000,2C4,false,Rx,0,8,05,00,00,00,E4,02,00,00
195702000,2C5,false,Rx,0,8,00,00,00,00,00,00,00,00
195703000,2C6,false,Rx,0,8,F4,01,84,03,00,00,00,00
195721000,54,false,Rx,0,8,01,01,FE,FF,FE,FF,00,00
195721000,55,false,Rx,0,8,10,27,00,00,00,00,00,00
195721000,56,false,Rx,0,8,10,27,00,00,00,00,00,00
195732000,57,false,Rx,0,8,00,00,FE,FF,FE,FF,00,00
195768000,625,false,Rx,0,8,25,00,11,43,FD,BB,E4,01
195782000,60D,false,Rx,0,8,0D,10,DF,23,02,20,70,00
195868000,625,false,Rx,0,8,25,00,11,43,FD,BB,E4,01
195881000,60D,false,Rx,0,8,0D,10,DF,23,02,20,70,00
195902000,2C4,false,Rx,0,8,05,00,00,00,E4,02,00,00
195902000,2C5,false,Rx,0,8,00,00,00,00,00,00,00,00
195903000,2C6,false,Rx,0,8,F4,01,84,03,00,00,00,00
195921000,54,false,Rx,0,8,01,01,FE,FF,FE,FF,00,00
195921000,55,false,Rx,0,8,10,27,00,00,00,00,00,00
195921000,56,false,Rx,0,8,10,27,00,00,00,00,00,00
195932000,57,false,Rx,0,8,00,00,FE,FF,FE,FF,00,00
195968000,625,false,Rx,0,8,25,00,11,43,FD,BB,E4,01
195981000,60D,false,Rx,0,8,0D,10,DF,23,02,20,70,00
196068000,625,false,Rx,0,8,25,00,11,43,FD,BB,E4,01
196081000,60D,false,Rx,0,8,0D,10,DF,23,02,20,70,00
196102000,2C4,false,Rx,0,8,05,00,00,00,E4,02,00,00
196102000,2C5,false,Rx,0,8,00,00,00,00,00,00,00,00
196103000,2C6,false,Rx,0,8,F4,01,84,03,00,00,00,00
196121000,54,false,Rx,0,8,01,01,FE,FF,FE,FF,00,00
196121000,55,false,Rx,0,8,10,27,00,00,00,00,00,00
196121000,56,false,Rx,0,8,10,27,00,00,00,00,00,00
196132000,57,false,Rx,0,8,00,00,FE,FF,FE,FF,00,00
196168000,625,false,Rx,0,8,25,00,11,43,FD,BB,E4,01
196181000,60D,false,Rx,0,8,0D,10,DF,23,02,20,70,00
196268000,625,false,Rx,0,8,25,00,11,43,FD,BB,E4,01
196281000,60D,false,Rx,0,8,0D,10,DF,23,02,20,70,00
196302000,2C4,false,Rx,0,8,05,00,00,00,E4,02,00,00
196302000,2C5,false,Rx,0,8,00,00,00,00,00,00,00,00
196303000,2C6,false,Rx,0,8,F4,01,84,03,00,00,00,00
196321000,54,false,Rx,0,8,01,01,FE,FF,FE,FF,00,00
196321000,55,false,Rx,0,8,10,27,00,00,00,00,00,00
196321000,56,false,Rx,0,8,10,27,00,00,00,00,00,00
196332000,57,false,Rx,0,8,00,00,FE,FF,FE,FF,00,00
196368000,625,false,Rx,0,8,25,00,11,43,FD,BB,E4,01
196382000,60D,false,Rx,0,8,0D,10,DF,23,02,20,70,00
196468000,625,false,Rx,0,8,25,00,11,43,FD,BB,E4,01
196481000,60D,false,Rx,0,8,0D,10,DF,23,02,20,70,00
196502000,2C4,false,Rx,0,8,05,00,00,00,E4,02,00,00
196502000,2C5,false,Rx,0,8,00,00,00,00,00,00,00,00
196503000,2C6,false,Rx,0,8,F4,01,84,03,00,00,00,00
196521000,54,false,Rx,0,8,01,01,FE,FF,FE,FF,00,00
196521000,55,false,Rx,0,8,10,27,00,00,00,00,00,00
196521000,56,false,Rx,0,8,10,27,00,00,00,00,00,00
196532000,57,false,Rx,0,8,00,00,FE,FF,FE,FF,00,00
196568000,625,false,Rx,0,8,25,00,11,43,FD,BB,E4,01
196581000,60D,false,Rx,0,8,0D,10,DF,23,02,20,70,00
196668000,625,false,Rx,0,8,25,00,11,43,FD,BB,E4,01
196681000,60D,false,Rx,0,8,0D,10,DF,23,02,20,70,00
196702000,2C4,false,Rx,0,8,05,00,00,00,E4,02,00,00
196702000,2C5,false,Rx,0,8,00,00,00,00,00,00,00,00
196703000,2C6,false,Rx,0,8,F4,01,84,03,00,00,00,00
196721000,54,false,Rx,0,8,01,01,FE,FF,FE,FF,00,00
196721000,55,false,Rx,0,8,10,27,00,00,00,00,00,00
196721000,56,false,Rx,0,8,10,27,00,00,00,00,00,00
196732000,57,false,Rx,0,8,00,00,FE,FF,FE,FF,00,00
196768000,625,false,Rx,0,8,25,00,11,43,FD,BB,E4,01
196781000,60D,false,Rx,0,8,0D,10,DF,23,02,20,70,00
196868000,625,false,Rx,0,8,25,00,11,43,FD,BB,E4,01
196881000,60D,false,Rx,0,8,0D,10,DF,23,02,20,70,00
196902000,2C4,false,Rx,0,8,05,00,00,00,E4,02,00,00
196902000,2C5,false,Rx,0,8,00,00,00,00,00,00,00,00
196903000,2C6,false,Rx,0,8,F4,01,84,03,00,00,00,00
196921000,54,false,Rx,0,8,01,01,FE,FF,FE,FF,00,00
196921000,55,false,Rx,0,8,10,27,00,00,00,00,00,00
196921000,56,false,Rx,0,8,10,27,00,00,00,00,00,00
196932000,57,false,Rx,0,8,00,00,FE,FF,FE,FF,00,00
196968000,625,false,Rx,0,8,25,00,11,43,FD,BB,E4,01
196982000,60D,false,Rx,0,8,0D,10,DF,23,02,20,70,00
197068000,625,false,Rx,0,8,25,00,11,43,FD,BB,E4,01
197081000,60D,false,Rx,0,8,0D,10,DF,23,02,20,70,00
197102000,2C4,false,Rx,0,8,05,00,00,00,E4,02,00,00
197102000,2C5,false,Rx,0,8,00,00,00,00,00,00,00,00
197103000,2C6,false,Rx,0,8,F4,01,84,03,00,00,00,00
197121000,54,false,Rx,0,8,01,01,FE,FF,FE,FF,00,00
197121000,55,false,Rx,0,8,10,27,00,00,00,00,00,00
197121000,56,false,Rx,0,8,10,27,00,00,00,00,00,00
197132000,57,false,Rx,0,8,00,00,FE,FF,FE,FF,00,00
197168000,625,false,Rx,0,8,25,00,11,43,FD,BB,E4,01
197182000,60D,false,Rx,0,8,0D,10,DF,23,02,20,70,00
197268000,625,false,Rx,0,8,25,00,11,43,FD,BB,E4,01
197281000,60D,false,Rx,0,8,0D,10,DF,23,02,20,70,00
197302000,2C4,false,Rx,0,8,05,00,00,00,E4,02,00,00
197302000,2C5,false,Rx,0,8,00,00,00,00,00,00,00,00
197303000,2C6,false,Rx,0,8,F4,01,84,03,00,00,00,00
197321000,54,false,Rx,0,8,01,01,FE,FF,FE,FF,00,00
197321000,55,false,Rx,0,8,10,27,00,00,00,00,00,00
197321000,56,false,Rx,0,8,10,27,00,00,00,00,00,00
197332000,57,false,Rx,0,8,00,00,FE,FF,FE,FF,00,00
197368000,625,false,Rx,0,8,25,00,11,43,FD,BB,E4,01
197381000,60D,false,Rx,0,8,0D,10,DF,23,02,20,70,00
197468000,625,false,Rx,0,8,25,00,11,43,FD,BB,E4,01
197481000,60D,false,Rx,0,8,0D,10,DF,23,02,20,70,00
197502000,2C4,false,Rx,0,8,05,00,00,00,E4,02,00,00
197502000,2C5,false,Rx,0,8,00,00,00,00,00,00,00,00
197503000,2C6,false,Rx,0,8,F4,01,84,03,00,00,00,00
197521000,54,false,Rx,0,8,01,01,FE,FF,FE,FF,00,00
197521000,55,false,Rx,0,8,10,27,00,00,00,00,00,00
197521000,56,false,Rx,0,8,10,27,00,00,00,00,00,00
197532000,57,false,Rx,0,8,00,00,FE,FF,FE,FF,00,00
197568000,625,false,Rx,0,8,25,00,11,43,FD,BB,E4,01
197581000,60D,false,Rx,0,8,0D,10,DF,23,02,20,70,00
197668000,625,false,Rx,0,8,25,00,11,43,FD,BB,E4,01
197681000,60D,false,Rx,0,8,0D,10,DF,23,02,20,70,00
197702000,2C4,false,Rx,0,8,05,00,00,00,E4,02,00,00
197702000,2C5,false,Rx,0,8,00,00,00,00,00,00,00,00
197703000,2C6,false,Rx,0,8,F4,01,84,03,00,00,00,00
197721000,54,false,Rx,0,8,01,01,FE,FF,FE,FF,00,00
197721000,55,false,Rx,0,8,10,27,00,00,00,00,00,00
197721000,56,false,Rx,0,8,10,27,00,00,00,00,00,00
197732000,57,false,Rx,0,8,00,00,FE,FF,FE,FF,00,00
197768000,625,false,Rx,0,8,25,00,11,43,FD,BB,E4,01
197782000,60D,false,Rx,0,8,0D,10,DF,23,02,20,70,00
197868000,625,false,Rx,0,8,25,00,11,43,FD,BB,E4,01
197881000,60D,false,Rx,0,8,0D,10,DF,23,02,20,70,00
197902000,2C4,false,Rx,0,8,05,00,00,00,E4,02,00,00
197902000,2C5,false,Rx,0,8,00,00,00,00,00,00,00,00
197903000,2C6,false,Rx,0,8,F4,01,84,03,00,00,00,00
197921000,54,false,Rx,0,8,01,01,FE,FF,FE,FF,00,00
197921000,55,false,Rx,0,8,10,27,00,00,00,00,00,00
197921000,56,false,Rx,0,8,10,27,00,00,00,00,00,00
197932000,57,false,Rx,0,8,00,00,FE,FF,FE,FF,00,00
197968000,625,false,Rx,0,8,25,00,11,43,FD,BB,E4,01
197981000,60D,false,Rx,0,8,0D,10,DF,23,02,20,70,00
198068000,625,false,Rx,0,8,25,00,11,43,FD,BB,E4,01
198081000,60D,false,Rx,0,8,0D,10,DF,23,02,20,70,00
198102000,2C4,false,Rx,0,8,05,00,00,00,E4,02,00,00
198102000,2C5,false,Rx,0,8,00,00,00,00,00,00,00,00
198103000,2C6,false,Rx,0,8,F4,01,84,03,00,00,00,00
198121000,54,false,Rx,0,8,01,01,FE,FF,FE,FF,00,00
198121000,55,false,Rx,0,8,10,27,00,00,00,00,00,00
198121000,56,false,Rx,0,8,10,27,00,00,00,00,00,00
198132000,57,false,Rx,0,8,00,00,FE,FF,FE,FF,00,00
198168000,625,false,Rx,0,8,25,00,11,43,FD,BB,E4,01
198181000,60D,false,Rx,0,8,0D,10,DF,23,02,20,70,00
198268000,625,false,Rx,0,8,25,00,11,43,FD,BB,E4,01
198281000,60D,false,Rx,0,8,0D,10,DF,23,02,20,70,00
198302000,2C4,false,Rx,0,8,05,00,00,00,E4,02,00,00
198302000,2C5,false,Rx,0,8,00,00,00,00,00,00,00,00
198303000,2C6,false,Rx,0,8,F4,01,84,03,00,00,00,00
198321000,54,false,Rx,0,8,01,01,FE,FF,FE,FF,00,00
198321000,55,false,Rx,0,8,10,27,00,00,00,00,00,00
198321000,56,false,Rx,0,8,10,27,00,00,00,00,00,00
198332000,57,false,Rx,0,8,00,00,FE,FF,FE,FF,00,00
198368000,625,false,Rx,0,8,25,00,11,43,FD,BB,E4,01
198382000,60D,false,Rx,0,8,0D,10,DF,23,02,20,70,00
198468000,625,false,Rx,0,8,25,00,11,43,FD,BB,E4,01
198481000,60D,false,Rx,0,8,0D,10,DF,23,02,20,70,00
198502000,2C4,false,Rx,0,8,05,00,00,00,E4,02,00,00
198502000,2C5,false,Rx,0,8,00,00,00,00,00,00,00,00
198503000,2C6,false,Rx,0,8,F4,01,84,03,00,00,00,00
198521000,54,false,Rx,0,8,01,01,FE,FF,FE,FF,00,00
198521000,55,false,Rx,0,8,10,27,00,00,00,00,00,00
198521000,56,false,Rx,0,8,10,27,00,00,00,00,00,00
198532000,57,false,Rx,0,8,00,00,FE,FF,FE,FF,00,00
198568000,625,false,Rx,0,8,25,00,11,43,FD,BB,E4,01
198581000,60D,false,Rx,0,8,0D,10,DF,23,02,20,70,00
198668000,625,false,Rx,0,8,25,00,11,43,FD,BB,E4,01
198681000,60D,false,Rx,0,8,0D,10,DF,23,02,20,70,00
198702000,2C4,false,Rx,0,8,05,00,00,00,E4,02,00,00
198702000,2C5,false,Rx,0,8,00,00,00,00,00,00,00,00
198703000,2C6,false,Rx,0,8,F4,01,84,03,00,00,00,00
198721000,54,false,Rx,0,8,01,01,FE,FF,FE,FF,00,00
198721000,55,false,Rx,0,8,10,27,00,00,00,00,00,00
198721000,56,false,Rx,0,8,10,27,00,00,00,00,00,00
198732000,57,false,Rx,0,8,00,00,FE,FF,FE,FF,00,00
198768000,625,false,Rx,0,8,25,00,11,43,FD,BB,E4,01
198781000,60D,false,Rx,0,8,0D,10,DF,23,02,20,70,00
198868000,625,false,Rx,0,8,25,00,11,43,FD,BB,E4,01
198881000,60D,false,Rx,0,8,0D,10,DF,23,02,20,70,00
198902000,2C4,false,Rx,0,8,05,00,00,00,E4,02,00,00
198902000,2C5,false,Rx,0,8,00,00,00,00,00,00,00,00
198903000,2C6,false,Rx,0,8,F4,01,84,03,00,00,00,00
198921000,54,false,Rx,0,8,01,01,FE,FF,FE,FF,00,00
198921000,55,false,Rx,0,8,10,27,00,00,00,00,00,00
198921000,56,false,Rx,0,8,10,27,00,00,00,00,00,00
198932000,57,false,Rx,0,8,00,00,FE,FF,FE,FF,00,00
198968000,625,false,Rx,0,8,25,00,11,43,FD,BB,E4,01
198982000,60D,false,Rx,0,8,0D,10,DF,23,02,20,70,00
199068000,625,false,Rx,0,8,25,00,11,43,FD,BB,E4,01
199081000,60D,false,Rx,0,8,0D,10,DF,23,02,20,70,00
199102000,2C4,false,Rx,0,8,05,00,00,00,E4,02,00,00
199102000,2C5,false,Rx,0,8,00,00,00,00,00,00,00,00
199103000,2C6,false,Rx,0,8,F4,01,84,03,00,00,00,00
199121000,54,false,Rx,0,8,01,01,FE,FF,FE,FF,00,00
199121000,55,false,Rx,0,8,10,27,00,00,00,00,00,00
199121000,56,false,Rx,0,8,10,27,00,00,00,00,00,00
199132000,57,false,Rx,0,8,00,00,FE,FF,FE,FF,00,00
199168000,625,false,Rx,0,8,25,00,11,43,FD,BB,E4,01
199181000,60D,false,Rx,0,8,0D,10,DF,23,02,20,70,00
199268000,625,false,Rx,0,8,25,00,11,43,FD,BB,E4,01
199281000,60D,false,Rx,0,8,0D,10,DF,23,02,20,70,00
199302000,2C4,false,Rx,0,8,05,00,00,00,E4,02,00,00
199302000,2C5,false,Rx,0,8,00,00,00,00,00,00,00,00
199302000,2C6,false,Rx,0,8,F4,01,84,03,00,00,00,00
199321000,54,false,Rx,0,8,01,01,FE,FF,FE,FF,00,00
199321000,55,false,Rx,0,8,10,27,00,00,00,00,00,00
199321000,56,false,Rx,0,8,10,27,00,00,00,00,00,00
199332000,57,false,Rx,0,8,00,00,FE,FF,FE,FF,00,00
199368000,625,false,Rx,0,8,25,00,11,43,FD,BB,E4,01
199381000,60D,false,Rx,0,8,0D,10,DF,23,02,20,70,00
199468000,625,false,Rx,0,8,25,00,11,43,FD,BB,E4,01
199481000,60D,false,Rx,0,8,0D,10,DF,23,02,20,70,00
199502000,2C4,false,Rx,0,8,05,00,00,00,E4,02,00,00
199502000,2C5,false,Rx,0,8,00,00,00,00,00,00,00,00
199502000,2C6,false,Rx,0,8,F4,01,84,03,00,00,00,00
199521000,54,false,Rx,0,8,01,01,FE,FF,FE,FF,00,00
199521000,55,false,Rx,0,8,10,27,00,00,00,00,00,00
199521000,56,false,Rx,0,8,10,27,00,00,00,00,00,00
199532000,57,false,Rx,0,8,00,00,FE,FF,FE,FF,00,00
199568000,625,false,Rx,0,8,25,00,11,43,FD,BB,E4,01
199582000,60D,false,Rx,0,8,0D,10,DF,23,02,20,70,00
199668000,625,false,Rx,0,8,25,00,11,43,FD,BB,E4,01
199681000,60D,false,Rx,0,8,0D,10,DF,23,02,20,70,00
199702000,2C4,false,Rx,0,8,05,00,00,00,E4,02,00,00
199702000,2C5,false,Rx,0,8,00,00,00,00,00,00,00,00
199702000,2C6,false,Rx,0,8,F4,01,84,03,00,00,00,00
199721000,54,false,Rx,0,8,01,01,FE,FF,FE,FF,00,00
199721000,55,false,Rx,0,8,10,27,00,00,00,00,00,00
199721000,56,false,Rx,0,8,10,27,00,00,00,00,00,00
199732000,57,false,Rx,0,8,00,00,FE,FF,FE,FF,00,00
199768000,625,false,Rx,0,8,25,00,11,43,FD,BB,E4,01
199782000,60D,false,Rx,0,8,0D,10,DF,23,02,20,70,00
199868000,625,false,Rx,0,8,25,00,11,43,FD,BB,E4,01
199871000,65,false,Rx,0,8,34,03,01,00,00,00,00,00
199881000,60D,false,Rx,0,8,0D,10,DF,23,02,20,70,00
199902000,2C4,false,Rx,0,8,05,00,00,00,E4,02,00,00
199902000,2C5,false,Rx,0,8,00,00,00,00,00,00,00,00
199902000,2C6,false,Rx,0,8,F4,01,84,03,00,00,00,00
199921000,54,false,Rx,0,8,01,01,FE,FF,FE,FF,00,00
199921000,55,false,Rx,0,8,10,27,00,00,00,00,00,00
199921000,56,false,Rx,0,8,10,27,00,00,00,00,00,00
199932000,57,false,Rx,0,8,00,00,FE,FF,FE,FF,00,00
199968000,625,false,Rx,0,8,25,00,11,43,FD,BB,E4,01
199981000,60D,false,Rx,0,8,0D,10,DF,23,02,20,70,00
200021000,65,false,Rx,0,8,34,03,01,00,00,00,00,00
200068000,625,false,Rx,0,8,25,00,11,43,FD,BB,E4,01
200081000,60D,false,Rx,0,8,0D,10,DF,23,02,20,70,00
200102000,2C4,false,Rx,0,8,05,00,00,00,E4,02,00,00
200102000,2C5,false,Rx,0,8,00,00,00,00,00,00,00,00
200102000,2C6,false,Rx,0,8,F4,01,84,03,00,00,00,00
200121000,54,false,Rx,0,8,01,01,FE,FF,FE,FF,00,00
200121000,55,false,Rx,0,8,10,27,00,00,00,00,00,00
200121000,56,false,Rx,0,8,10,27,00,00,00,00,00,00
200132000,57,false,Rx,0,8,00,00,FE,FF,FE,FF,00,00
200168000,625,false,Rx,0,8,25,00,11,43,FD,BB,E4,01
200171000,65,false,Rx,0,8,34,03,01,00,00,00,00,00
200182000,60D,false,Rx,0,8,0D,10,DF,23,02,20,70,00
200268000,625,false,Rx,0,8,25,00,11,43,FD,BB,E4,01
200282000,60D,false,Rx,0,8,0D,10,DF,23,02,20,70,00
200302000,2C4,false,Rx,0,8,05,00,00,00,E4,02,00,00
200302000,2C5,false,Rx,0,8,00,00,00,00,00,00,00,00
200302000,2C6,false,Rx,0,8,F4,01,84,03,00,00,00,00
200321000,54,false,Rx,0,8,01,01,FE,FF,FE,FF,00,00
200322000,55,false,Rx,0,8,10,27,00,00,00,00,00,00
200322000,56,false,Rx,0,8,10,27,00,00,00,00,00,00
200332000,57,false,Rx,0,8,00,00,FE,FF,FE,FF,00,00
200333000,65,false,Rx,0,8,34,03,01,00,00,00,00,00
200368000,625,false,Rx,0,8,25,00,11,43,FD,BB,E4,01
200382000,60D,false,Rx,0,8,0D,10,DF,23,02,20,70,00
200468000,625,false,Rx,0,8,25,00,11,43,FD,BB,E4,01
200482000,60D,false,Rx,0,8,0D,10,DF,23,02,20,70,00
200502000,2C4,false,Rx,0,8,05,00,00,00,E4,02,00,00
200502000,2C5,false,Rx,0,8,00,00,00,00,00,00,00,00
200502000,2C6,false,Rx,0,8,F4,01,84,03,00,00,00,00
200521000,54,false,Rx,0,8,01,01,FE,FF,FE,FF,00,00
200521000,55,false,Rx,0,8,10,27,00,00,00,00,00,00
200521000,56,false,Rx,0,8,10,27,00,00,00,00,00,00
200532000,57,false,Rx,0,8,00,00,FE,FF,FE,FF,00,00
200568000,625,false,Rx,0,8,25,00,11,43,FD,BB,E4,01
200582000,60D,false,Rx,0,8,0D,10,DF,23,02,20,70,00
200668000,625,false,Rx,0,8,25,00,11,43,FD,BB,E4,01
200681000,60D,false,Rx,0,8,0D,10,DF,23,02,20,70,00
200702000,2C4,false,Rx,0,8,05,00,00,00,E4,02,00,00
200702000,2C5,false,Rx,0,8,00,00,00,00,00,00,00,00
200702000,2C6,false,Rx,0,8,F4,01,84,03,00,00,00,00
200721000,54,false,Rx,0,8,01,01,FE,FF,FE,FF,00,00
200721000,55,false,Rx,0,8,10,27,00,00,00,00,00,00
200721000,56,false,Rx,0,8,10,27,00,00,00,00,00,00
200732000,57,false,Rx,0,8,00,00,FE,FF,FE,FF,00,00
200768000,625,false,Rx,0,8,25,00,11,43,FD,BB,E4,01
200781000,60D,false,Rx,0,8,0D,10,DF,23,02,20,70,00
200868000,625,false,Rx,0,8,25,00,11,43,FD,BB,E4,01
200881000,60D,false,Rx,0,8,0D,10,DF,23,02,20,70,00
200902000,2C4,false,Rx,0,8,05,00,00,00,E4,02,00,00
200902000,2C5,false,Rx,0,8,00,00,00,00,00,00,00,00
200902000,2C6,false,Rx,0,8,F4,01,84,03,00,00,00,00
200921000,54,false,Rx,0,8,01,01,FE,FF,FE,FF,00,00
200921000,55,false,Rx,0,8,10,27,00,00,00,00,00,00
200921000,56,false,Rx,0,8,10,27,00,00,00,00,00,00
200932000,57,false,Rx,0,8,00,00,FE,FF,FE,FF,00,00
200968000,625,false,Rx,0,8,25,00,11,43,FD,BB,E4,01
200981000,60D,false,Rx,0,8,0D,10,DF,23,02,20,70,00
201068000,625,false,Rx,0,8,25,00,11,43,FD,BB,E4,01
201081000,60D,false,Rx,0,8,0D,10,DF,23,02,20,70,00
201102000,2C4,false,Rx,0,8,05,00,00,00,E4,02,00,00
201102000,2C5,false,Rx,0,8,00,00,00,00,00,00,00,00
201102000,2C6,false,Rx,0,8,F4,01,84,03,00,00,00,00
201121000,54,false,Rx,0,8,01,01,FE,FF,FE,FF,00,00
201121000,55,false,Rx,0,8,10,27,00,00,00,00,00,00
201121000,56,false,Rx,0,8,10,27,00,00,00,00,00,00
201132000,57,false,Rx,0,8,00,00,FE,FF,FE,FF,00,00
201168000,625,false,Rx,0,8,25,00,11,43,FD,BB,E4,01
201182000,60D,false,Rx,0,8,0D,10,DF,23,02,20,70,00
201268000,625,false,Rx,0,8,25,00,11,43,FD,BB,E4,01
201281000,60D,false,Rx,0,8,0D,10,DF,23,02,20,70,00
201302000,2C4,false,Rx,0,8,05,00,00,00,E4,02,00,00
201302000,2C5,false,Rx,0,8,00,00,00,00,00,00,00,00
201302000,2C6,false,Rx,0,8,F4,01,84,03,00,00,00,00
201321000,54,false,Rx,0,8,01,01,FE,FF,FE,FF,00,00
201321000,55,false,Rx,0,8,10,27,00,00,00,00,00,00
201321000,56,false,Rx,0,8,10,27,00,00,00,00,00,00
201332000,57,false,Rx,0,8,00,00,FE,FF,FE,FF,00,00
201368000,625,false,Rx,0,8,25,00,11,43,FD,BB,E4,01
201381000,60D,false,Rx,0,8,0D,10,DF,23,02,20,70,00
201468000,625,false,Rx,0,8,25,00,11,43,FD,BB,E4,01
201481000,60D,false,Rx,0,8,0D,10,DF,23,02,20,70,00
201502000,2C4,false,Rx,0,8,05,00,00,00,E4,02,00,00
201502000,2C5,false,Rx,0,8,00,00,00,00,00,00,00,00
201502000,2C6,false,Rx,0,8,F4,01,84,03,00,00,00,00
201521000,54,false,Rx,0,8,01,01,FE,FF,FE,FF,00,00
201521000,55,false,Rx,0,8,10,27,00,00,00,00,00,00
201521000,56,false,Rx,0,8,10,27,00,00,00,00,00,00
201532000,57,false,Rx,0,8,00,00,FE,FF,FE,FF,00,00
201568000,625,false,Rx,0,8,25,00,11,43,FD,BB,E4,01
201581000,60D,false,Rx,0,8,0D,10,DF,23,02,20,70,00
201668000,625,false,Rx,0,8,25,00,11,43,FD,BB,E4,01
201681000,60D,false,Rx,0,8,0D,10,DF,23,02,20,70,00
201702000,2C4,false,Rx,0,8,05,00,00,00,E4,02,00,00
201702000,2C5,false,Rx,0,8,00,00,00,00,00,00,00,00
201702000,2C6,false,Rx,0,8,F4,01,84,03,00,00,00,00
201721000,54,false,Rx,0,8,01,01,FE,FF,FE,FF,00,00
201721000,55,false,Rx,0,8,10,27,00,00,00,00,00,00
201721000,56,false,Rx,0,8,10,27,00,00,00,00,00,00
201732000,57,false,Rx,0,8,00,00,FE,FF,FE,FF,00,00
201768000,625,false,Rx,0,8,25,00,11,43,FD,BB,E4,01
201782000,60D,false,Rx,0,8,0D,10,DF,23,02,20,70,00
201868000,625,false,Rx,0,8,25,00,11,43,FD,BB,E4,01
201881000,60D,false,Rx,0,8,0D,10,DF,23,02,20,70,00
201902000,2C4,false,Rx,0,8,05,00,00,00,E4,02,00,00
201902000,2C5,false,Rx,0,8,00,00,00,00,00,00,00,00
201902000,2C6,false,Rx,0,8,F4,01,84,03,00,00,00,00
201921000,54,false,Rx,0,8,01,01,FE,FF,FE,FF,00,00
201921000,55,false,Rx,0,8,10,27,00,00,00,00,00,00
201921000,56,false,Rx,0,8,10,27,00,00,00,00,00,00
201932000,57,false,Rx,0,8,00,00,FE,FF,FE,FF,00,00
201968000,625,false,Rx,0,8,25,00,11,43,FD,BB,E4,01
201981000,60D,false,Rx,0,8,0D,10,DF,23,02,20,70,00
202068000,625,false,Rx,0,8,25,00,11,43,FD,BB,E4,01
202081000,60D,false,Rx,0,8,0D,10,DF,23,02,20,70,00
202102000,2C4,false,Rx,0,8,05,00,00,00,E4,02,00,00
202102000,2C5,false,Rx,0,8,00,00,00,00,00,00,00,00
202102000,2C6,false,Rx,0,8,F4,01,84,03,00,00,00,00
202121000,54,false,Rx,0,8,01,01,FE,FF,FE,FF,00,00
202121000,55,false,Rx,0,8,10,27,00,00,00,00,00,00
202121000,56,false,Rx,0,8,10,27,00,00,00,00,00,00
202132000,57,false,Rx,0,8,00,00,FE,FF,FE,FF,00,00
202168000,625,false,Rx,0,8,25,00,11,43,FD,BB,E4,01
202182000,60D,false,Rx,0,8,0D,10,DF,23,02,20,70,00
202268000,625,false,Rx,0,8,25,00,11,43,FD,BB,E4,01
202282000,60D,false,Rx,0,8,0D,10,DF,23,02,20,70,00
202302000,2C4,false,Rx,0,8,05,00,00,00,E4,02,00,00
202302000,2C5,false,Rx,0,8,00,00,00,00,00,00,00,00
202302000,2C6,false,Rx,0,8,F4,01,84,03,00,00,00,00
202321000,54,false,Rx,0,8,01,01,FE,FF,FE,FF,00,00
202321000,55,false,Rx,0,8,10,27,00,00,00,00,00,00
202321000,56,false,Rx,0,8,10,27,00,00,00,00,00,00
202332000,57,false,Rx,0,8,00,00,FE,FF,FE,FF,00,00
202368000,625,false,Rx,0,8,25,00,11,43,FD,BB,E4,01
202382000,60D,false,Rx,0,8,0D,10,DF,23,02,20,70,00
202468000,625,false,Rx,0,8,25,00,11,43,FD,BB,E4,01
202482000,60D,false,Rx,0,8,0D,10,DF,23,02,20,70,00
202502000,2C4,false,Rx,0,8,05,00,00,00,E4,02,00,00
202502000,2C5,false,Rx,0,8,00,00,00,00,00,00,00,00
202502000,2C6,false,Rx,0,8,F4,01,84,03,00,00,00,00
202521000,54,false,Rx,0,8,01,01,FE,FF,FE,FF,00,00
202521000,55,false,Rx,0,8,10,27,00,00,00,00,00,00
202521000,56,false,Rx,0,8,10,27,00,00,00,00,00,00
202532000,57,false,Rx,0,8,00,00,FE,FF,FE,FF,00,00
202568000,625,false,Rx,0,8,25,00,11,43,FD,BB,E4,01
202582000,60D,false,Rx,0,8,0D,10,DF,23,02,20,70,00
202668000,625,false,Rx,0,8,25,00,11,43,FD,BB,E4,01
202682000,60D,false,Rx,0,8,0D,10,DF,23,02,20,70,00
202702000,2C4,false,Rx,0,8,05,00,00,00,E6,02,00,00
202702000,2C5,false,Rx,0,8,00,00,00,00,00,00,00,00
202702000,2C6,false,Rx,0,8,F4,01,84,03,00,00,00,00
202721000,54,false,Rx,0,8,01,01,FE,FF,FE,FF,00,00
202721000,55,false,Rx,0,8,10,27,00,00,00,00,00,00
202721000,56,false,Rx,0,8,10,27,00,00,00,00,00,00
202732000,57,false,Rx,0,8,00,00,FE,FF,FE,FF,00,00
202768000,625,false,Rx,0,8,25,00,11,43,FD,BB,E4,01
202782000,60D,false,Rx,0,8,0D,10,DF,23,02,20,70,00
202868000,625,false,Rx,0,8,25,00,11,43,FD,BB,E4,01
202882000,60D,false,Rx,0,8,0D,10,DF,23,02,20,70,00
202902000,2C4,false,Rx,0,8,05,00,00,00,E4,02,00,00
202902000,2C5,false,Rx,0,8,00,00,00,00,00,00,00,00
202902000,2C6,false,Rx,0,8,F4,01,84,03,00,00,00,00
202921000,54,false,Rx,0,8,01,01,FE,FF,FE,FF,00,00
202921000,55,false,Rx,0,8,10,27,00,00,00,00,00,00
202921000,56,false,Rx,0,8,10,27,00,00,00,00,00,00
202932000,57,false,Rx,0,8,00,00,FE,FF,FE,FF,00,00
202968000,625,false,Rx,0,8,25,00,11,43,FD,BB,E4,01
202982000,60D,false,Rx,0,8,0D,10,DF,23,02,20,70,00
203068000,625,false,Rx,0,8,25,00,11,43,FD,BB,E4,01
203082000,60D,false,Rx,0,8,0D,10,DF,23,02,20,70,00
203102000,2C4,false,Rx,0,8,05,00,00,00,E4,02,00,00
203102000,2C5,false,Rx,0,8,00,00,00,00,00,00,00,00
203102000,2C6,false,Rx,0,8,F4,01,84,03,00,00,00,00
203121000,54,false,Rx,0,8,01,01,FE,FF,FE,FF,00,00
203121000,55,false,Rx,0,8,10,27,00,00,00,00,00,00
203121000,56,false,Rx,0,8,10,27,00,00,00,00,00,00
203132000,57,false,Rx,0,8,00,00,FE,FF,FE,FF,00,00
203168000,625,false,Rx,0,8,25,00,11,43,FD,BB,E4,01
203181000,60D,false,Rx,0,8,0D,10,DF,23,02,20,70,00
203268000,625,false,Rx,0,8,25,00,11,43,FD,BB,E4,01
203281000,60D,false,Rx,0,8,0D,10,DF,23,02,20,70,00
203302000,2C4,false,Rx,0,8,05,00,00,00,E4,02,00,00
203302000,2C5,false,Rx,0,8,00,00,00,00,00,00,00,00
203302000,2C6,false,Rx,0,8,F4,01,84,03,00,00,00,00
203320000,54,false,Rx,0,8,01,01,FE,FF,FE,FF,00,00
203321000,55,false,Rx,0,8,10,27,00,00,00,00,00,00
203321000,56,false,Rx,0,8,10,27,00,00,00,00,00,00
203331000,57,false,Rx,0,8,00,00,FE,FF,FE,FF,00,00
203368000,625,false,Rx,0,8,25,00,11,43,FD,BB,E4,01
203381000,60D,false,Rx,0,8,0D,10,DF,23,02,20,70,00
203468000,625,false,Rx,0,8,25,00,11,43,FD,BB,E4,01
203481000,60D,false,Rx,0,8,0D,10,DF,23,02,20,70,00
203502000,2C4,false,Rx,0,8,05,00,00,00,E6,02,00,00
203502000,2C5,false,Rx,0,8,00,00,00,00,00,00,00,00
203502000,2C6,false,Rx,0,8,F4,01,84,03,00,00,00,00
203520000,54,false,Rx,0,8,01,01,FE,FF,FE,FF,00,00
203521000,55,false,Rx,0,8,10,27,00,00,00,00,00,00
203521000,56,false,Rx,0,8,10,27,00,00,00,00,00,00
203531000,57,false,Rx,0,8,00,00,FE,FF,FE,FF,00,00
203568000,625,false,Rx,0,8,25,00,11,43,FD,BB,E4,01
203581000,60D,false,Rx,0,8,0D,10,DF,23,02,20,70,00
203668000,625,false,Rx,0,8,25,00,11,43,FD,BB,E4,01
203681000,60D,false,Rx,0,8,0D,10,DF,23,02,20,70,00
203702000,2C4,false,Rx,0,8,05,00,00,00,E4,02,00,00
203702000,2C5,false,Rx,0,8,00,00,00,00,00,00,00,00
203702000,2C6,false,Rx,0,8,F4,01,84,03,00,00,00,00
203720000,54,false,Rx,0,8,01,01,FE,FF,FE,FF,00,00
203721000,55,false,Rx,0,8,10,27,00,00,00,00,00,00
203721000,56,false,Rx,0,8,10,27,00,00,00,00,00,00
203731000,57,false,Rx,0,8,00,00,FE,FF,FE,FF,00,00
203768000,625,false,Rx,0,8,25,00,11,43,FD,BB,E4,01
203782000,60D,false,Rx,0,8,0D,10,DF,23,02,20,70,00
203868000,625,false,Rx,0,8,25,00,11,43,FD,BB,E4,01
203881000,60D,false,Rx,0,8,0D,10,DF,23,02,20,70,00
203902000,2C4,false,Rx,0,8,05,00,00,00,E4,02,00,00
203902000,2C5,false,Rx,0,8,00,00,00,00,00,00,00,00
203902000,2C6,false,Rx,0,8,F4,01,84,03,00,00,00,00
203920000,54,false,Rx,0,8,01,01,FE,FF,FE,FF,00,00
203921000,55,false,Rx,0,8,10,27,00,00,00,00,00,00
203921000,56,false,Rx,0,8,10,27,00,00,00,00,00,00
203931000,57,false,Rx,0,8,00,00,FE,FF,FE,FF,00,00
203968000,625,false,Rx,0,8,25,00,11,43,FD,BB,E4,01
203981000,60D,false,Rx,0,8,0D,10,DF,23,02,20,70,00
204068000,625,false,Rx,0,8,25,00,11,43,FD,BB,E4,01
204081000,60D,false,Rx,0,8,0D,10,DF,23,02,20,70,00
204102000,2C4,false,Rx,0,8,05,00,00,00,E4,02,00,00
204102000,2C5,false,Rx,0,8,00,00,00,00,00,00,00,00
204102000,2C6,false,Rx,0,8,F4,01,84,03,00,00,00,00
204120000,54,false,Rx,0,8,01,01,FE,FF,FE,FF,00,00
204121000,55,false,Rx,0,8,10,27,00,00,00,00,00,00
204121000,56,false,Rx,0,8,10,27,00,00,00,00,00,00
204131000,57,false,Rx,0,8,00,00,FE,FF,FE,FF,00,00
204168000,625,false,Rx,0,8,25,00,11,43,FD,BB,E4,01
204181000,60D,false,Rx,0,8,0D,10,DF,23,02,20,70,00
204268000,625,false,Rx,0,8,25,00,11,43,FD,BB,E4,01
204281000,60D,false,Rx,0,8,0D,10,DF,23,02,20,70,00
204302000,2C4,false,Rx,0,8,05,00,00,00,E6,02,00,00
204302000,2C5,false,Rx,0,8,00,00,00,00,00,00,00,00
204302000,2C6,false,Rx,0,8,F4,01,84,03,00,00,00,00
204320000,54,false,Rx,0,8,01,01,FE,FF,FE,FF,00,00
204321000,55,false,Rx,0,8,10,27,00,00,00,00,00,00
204321000,56,false,Rx,0,8,10,27,00,00,00,00,00,00
204331000,57,false,Rx,0,8,00,00,FE,FF,FE,FF,00,00
204368000,625,false,Rx,0,8,25,00,11,43,FD,BB,E4,01
204382000,60D,false,Rx,0,8,0D,10,DF,23,02,20,70,00
204468000,625,false,Rx,0,8,25,00,11,43,FD,BB,E4,01
204481000,60D,false,Rx,0,8,0D,10,DF,23,02,20,70,00
204502000,2C4,false,Rx,0,8,05,00,00,00,E6,02,00,00
204502000,2C5,false,Rx,0,8,00,00,00,00,00,00,00,00
204502000,2C6,false,Rx,0,8,F4,01,84,03,00,00,00,00
204520000,54,false,Rx,0,8,01,01,FE,FF,FE,FF,00,00
204521000,55,false,Rx,0,8,10,27,00,00,00,00,00,00
204521000,56,false,Rx,0,8,10,27,00,00,00,00,00,00
204531000,57,false,Rx,0,8,00,00,FE,FF,FE,FF,00,00
204568000,625,false,Rx,0,8,25,00,11,43,FD,BB,E4,01
204581000,60D,false,Rx,0,8,0D,10,DF,23,02,20,70,00
204668000,625,false,Rx,0,8,25,00,11,43,FD,BB,E4,01
204681000,60D,false,Rx,0,8,0D,10,DF,23,02,20,70,00
204702000,2C4,false,Rx,0,8,05,00,00,00,E4,02,00,00
204702000,2C5,false,Rx,0,8,00,00,00,00,00,00,00,00
204702000,2C6,false,Rx,0,8,F4,01,84,03,00,00,00,00
204720000,54,false,Rx,0,8,01,01,FE,FF,FE,FF,00,00
204721000,55,false,Rx,0,8,10,27,00,00,00,00,00,00
204721000,56,false,Rx,0,8,10,27,00,00,00,00,00,00
204731000,57,false,Rx,0,8,00,00,FE,FF,FE,FF,00,00
204768000,625,false,Rx,0,8,25,00,11,43,FD,BB,E4,01
204781000,60D,false,Rx,0,8,0D,10,DF,23,02,20,70,00
204868000,625,false,Rx,0,8,25,00,11,43,FD,BB,E4,01
204881000,60D,false,Rx,0,8,0D,10,DF,23,02,20,70,00
204902000,2C4,false,Rx,0,8,05,00,00,00,E4,02,00,00
204902000,2C5,false,Rx,0,8,00,00,00,00,00,00,00,00
204902000,2C6,false,Rx,0,8,F4,01,84,03,00,00,00,00
204920000,54,false,Rx,0,8,01,01,FE,FF,FE,FF,00,00
204921000,55,false,Rx,0,8,10,27,00,00,00,00,00,00
204921000,56,false,Rx,0,8,10,27,00,00,00,00,00,00
204931000,57,false,Rx,0,8,00,00,FE,FF,FE,FF,00,00
204968000,625,false,Rx,0,8,25,00,11,43,FD,BB,E4,01
204982000,60D,false,Rx,0,8,0D,10,DF,23,02,20,70,00
205068000,625,false,Rx,0,8,25,00,11,43,FD,BB,E4,01
205081000,60D,false,Rx,0,8,0D,10,DF,23,02,20,70,00
205102000,2C4,false,Rx,0,8,05,00,00,00,E6,02,00,00
205102000,2C5,false,Rx,0,8,00,00,00,00,00,00,00,00
205102000,2C6,false,Rx,0,8,F4,01,84,03,00,00,00,00
205120000,54,false,Rx,0,8,01,01,FE,FF,FE,FF,00,00
205121000,55,false,Rx,0,8,10,27,00,00,00,00,00,00
205121000,56,false,Rx,0,8,10,27,00,00,00,00,00,00
205131000,57,false,Rx,0,8,00,00,FE,FF,FE,FF,00,00
205168000,625,false,Rx,0,8,25,00,11,43,FD,BB,E4,01
205181000,60D,false,Rx,0,8,0D,10,DF,23,02,20,70,00
205268000,625,false,Rx,0,8,25,00,11,43,FD,BB,E4,01
205281000,60D,false,Rx,0,8,0D,10,DF,23,02,20,70,00
205302000,2C4,false,Rx,0,8,05,00,00,00,E6,02,00,00
205302000,2C5,false,Rx,0,8,00,00,00,00,00,00,00,00
205302000,2C6,false,Rx,0,8,F4,01,84,03,00,00,00,00
205320000,54,false,Rx,0,8,01,01,FE,FF,FE,FF,00,00
205321000,55,false,Rx,0,8,10,27,00,00,00,00,00,00
205321000,56,false,Rx,0,8,10,27,00,00,00,00,00,00
205331000,57,false,Rx,0,8,00,00,FE,FF,FE,FF,00,00
205368000,625,false,Rx,0,8,25,00,11,43,FD,BB,E4,01
205381000,60D,false,Rx,0,8,0D,10,DF,23,02,20,70,00
205468000,625,false,Rx,0,8,25,00,11,43,FD,BB,E4,01
205481000,60D,false,Rx,0,8,0D,10,DF,23,02,20,70,00
205502000,2C4,false,Rx,0,8,05,00,00,00,E4,02,00,00
205502000,2C5,false,Rx,0,8,00,00,00,00,00,00,00,00
205502000,2C6,false,Rx,0,8,F4,01,84,03,00,00,00,00
205520000,54,false,Rx,0,8,01,01,FE,FF,FE,FF,00,00
205521000,55,false,Rx,0,8,10,27,00,00,00,00,00,00
205521000,56,false,Rx,0,8,10,27,00,00,00,00,00,00
205531000,57,false,Rx,0,8,00,00,FE,FF,FE,FF,00,00
205568000,625,false,Rx,0,8,25,00,11,43,FD,BB,E4,01
205582000,60D,false,Rx,0,8,0D,10,DF,23,02,20,70,00
205668000,625,false,Rx,0,8,25,00,11,43,FD,BB,E4,01
205681000,60D,false,Rx,0,8,0D,10,DF,23,02,20,70,00
205702000,2C4,false,Rx,0,8,05,00,00,00,E4,02,00,00
205702000,2C5,false,Rx,0,8,00,00,00,00,00,00,00,00
205702000,2C6,false,Rx,0,8,F4,01,84,03,00,00,00,00
205720000,54,false,Rx,0,8,01,01,FE,FF,FE,FF,00,00
205721000,55,false,Rx,0,8,10,27,00,00,00,00,00,00
205721000,56,false,Rx,0,8,10,27,00,00,00,00,00,00
205731000,57,false,Rx,0,8,00,00,FE,FF,FE,FF,00,00
205768000,625,false,Rx,0,8,25,00,11,43,FD,BB,E4,01
205781000,60D,false,Rx,0,8,0D,10,DF,23,02,20,70,00
205868000,625,false,Rx,0,8,25,00,11,43,FD,BB,E4,01
205881000,60D,false,Rx,0,8,0D,10,DF,23,02,20,70,00
205902000,2C4,false,Rx,0,8,05,00,00,00,E6,02,00,00
205902000,2C5,false,Rx,0,8,00,00,00,00,00,00,00,00
205902000,2C6,false,Rx,0,8,F4,01,84,03,00,00,00,00
205920000,54,false,Rx,0,8,01,01,FE,FF,FE,FF,00,00
205921000,55,false,Rx,0,8,10,27,00,00,00,00,00,00
205921000,56,false,Rx,0,8,10,27,00,00,00,00,00,00
205931000,57,false,Rx,0,8,00,00,FE,FF,FE,FF,00,00
205968000,625,false,Rx,0,8,25,00,11,43,FD,BB,E4,01
205981000,60D,false,Rx,0,8,0D,10,DF,23,02,20,70,00
206068000,625,false,Rx,0,8,25,00,11,43,FD,BB,E4,01
206081000,60D,false,Rx,0,8,0D,10,DF,23,02,20,70,00
206102000,2C4,false,Rx,0,8,05,00,00,00,E6,02,00,00
206102000,2C5,false,Rx,0,8,00,00,00,00,00,00,00,00
206102000,2C6,false,Rx,0,8,F4,01,84,03,00,00,00,00
206120000,54,false,Rx,0,8,01,01,FE,FF,FE,FF,00,00
206121000,55,false,Rx,0,8,10,27,00,00,00,00,00,00
206121000,56,false,Rx,0,8,10,27,00,00,00,00,00,00
206131000,57,false,Rx,0,8,00,00,FE,FF,FE,FF,00,00
206168000,625,false,Rx,0,8,25,00,11,43,FD,BB,E4,01
206182000,60D,false,Rx,0,8,0D,10,DF,23,02,20,70,00
206267000,625,false,Rx,0,8,25,00,11,43,FD,BB,E4,01
206281000,60D,false,Rx,0,8,0D,10,DF,23,02,20,70,00
206302000,2C4,false,Rx,0,8,05,00,00,00,E4,02,00,00
206302000,2C5,false,Rx,0,8,00,00,00,00,00,00,00,00
206302000,2C6,false,Rx,0,8,F4,01,84,03,00,00,00,00
206320000,54,false,Rx,0,8,01,01,FE,FF,FE,FF,00,00
206321000,55,false,Rx,0,8,10,27,00,00,00,00,00,00
206321000,56,false,Rx,0,8,10,27,00,00,00,00,00,00
206331000,57,false,Rx,0,8,00,00,FE,FF,FE,FF,00,00
206367000,625,false,Rx,0,8,25,00,11,43,FD,BB,E4,01
206381000,60D,false,Rx,0,8,0D,10,DF,23,02,20,70,00
206467000,625,false,Rx,0,8,25,00,11,43,FD,BB,E4,01
206481000,60D,false,Rx,0,8,0D,10,DF,23,02,20,70,00
206502000,2C4,false,Rx,0,8,05,00,00,00,E4,02,00,00
206502000,2C5,false,Rx,0,8,00,00,00,00,00,00,00,00
206502000,2C6,false,Rx,0,8,F4,01,84,03,00,00,00,00
206520000,54,false,Rx,0,8,01,01,FE,FF,FE,FF,00,00
206521000,55,false,Rx,0,8,10,27,00,00,00,00,00,00
206521000,56,false,Rx,0,8,10,27,00,00,00,00,00,00
206531000,57,false,Rx,0,8,00,00,FE,FF,FE,FF,00,00
206567000,625,false,Rx,0,8,25,00,11,43,FD,BB,E4,01
206581000,60D,false,Rx,0,8,0D,10,DF,23,02,20,70,00
206667000,625,false,Rx,0,8,25,00,11,43,FD,BB,E4,01
206681000,60D,false,Rx,0,8,0D,10,DF,23,02,20,70,00
206702000,2C4,false,Rx,0,8,05,00,00,00,E4,02,00,00
206702000,2C5,false,Rx,0,8,00,00,00,00,00,00,00,00
206702000,2C6,false,Rx,0,8,F4,01,84,03,00,00,00,00
206720000,54,false,Rx,0,8,01,01,FE,FF,FE,FF,00,00
206721000,55,false,Rx,0,8,10,27,00,00,00,00,00,00
206721000,56,false,Rx,0,8,10,27,00,00,00,00,00,00
206731000,57,false,Rx,0,8,00,00,FE,FF,FE,FF,00,00
206767000,625,false,Rx,0,8,25,00,11,43,FD,BB,E4,01
206782000,60D,false,Rx,0,8,0D,10,DF,23,02,20,70,00
206867000,625,false,Rx,0,8,25,00,11,43,FD,BB,E4,01
206881000,60D,false,Rx,0,8,0D,10,DF,23,02,20,70,00
206902000,2C4,false,Rx,0,8,05,00,00,00,E6,02,00,00
206902000,2C5,false,Rx,0,8,00,00,00,00,00,00,00,00
206902000,2C6,false,Rx,0,8,F4,01,84,03,00,00,00,00
206921000,54,false,Rx,0,8,01,01,FE,FF,FE,FF,00,00
206921000,55,false,Rx,0,8,10,27,00,00,00,00,00,00
206921000,56,false,Rx,0,8,10,27,00,00,00,00,00,00
206932000,57,false,Rx,0,8,00,00,FE,FF,FE,FF,00,00
206967000,625,false,Rx,0,8,25,00,11,43,FD,BB,E4,01
206981000,60D,false,Rx,0,8,0D,10,DF,23,02,20,70,00
207067000,625,false,Rx,0,8,25,00,11,43,FD,BB,E4,01
207081000,60D,false,Rx,0,8,0D,10,DF,23,02,20,70,00
207102000,2C4,false,Rx,0,8,05,00,00,00,E4,02,00,00
207102000,2C5,false,Rx,0,8,00,00,00,00,00,00,00,00
207102000,2C6,false,Rx,0,8,F4,01,84,03,00,00,00,00
207120000,54,false,Rx,0,8,01,01,FE,FF,FE,FF,00,00
207121000,55,false,Rx,0,8,10,27,00,00,00,00,00,00
207121000,56,false,Rx,0,8,10,27,00,00,00,00,00,00
207131000,57,false,Rx,0,8,00,00,FE,FF,FE,FF,00,00
207167000,625,false,Rx,0,8,25,00,11,43,FD,BB,E4,01
207181000,60D,false,Rx,0,8,0D,10,DF,23,02,20,70,00
207267000,625,false,Rx,0,8,25,00,11,43,FD,BB,E4,01
207281000,60D,false,Rx,0,8,0D,10,DF,23,02,20,70,00
207302000,2C4,false,Rx,0,8,05,00,00,00,E4,02,00,00
207302000,2C5,false,Rx,0,8,00,00,00,00,00,00,00,00
207302000,2C6,false,Rx,0,8,F4,01,84,03,00,00,00,00
207320000,54,false,Rx,0,8,01,01,FE,FF,FE,FF,00,00
207321000,55,false,Rx,0,8,10,27,00,00,00,00,00,00
207321000,56,false,Rx,0,8,10,27,00,00,00,00,00,00
207331000,57,false,Rx,0,8,00,00,FE,FF,FE,FF,00,00
207367000,625,false,Rx,0,8,25,00,11,43,FD,BB,E4,01
207381000,60D,false,Rx,0,8,0D,10,DF,23,02,20,70,00
207467000,625,false,Rx,0,8,25,00,11,43,FD,BB,E4,01
207481000,60D,false,Rx,0,8,0D,10,DF,23,02,20,70,00
207502000,2C4,false,Rx,0,8,05,00,00,00,E4,02,00,00
207502000,2C5,false,Rx,0,8,00,00,00,00,00,00,00,00
207502000,2C6,false,Rx,0,8,F4,01,84,03,00,00,00,00
207520000,54,false,Rx,0,8,01,01,FE,FF,FE,FF,00,00
207521000,55,false,Rx,0,8,10,27,00,00,00,00,00,00
207521000,56,false,Rx,0,8,10,27,00,00,00,00,00,00
207531000,57,false,Rx,0,8,00,00,FE,FF,FE,FF,00,00
207567000,625,false,Rx,0,8,25,00,11,43,FD,BB,E4,01
207581000,60D,false,Rx,0,8,0D,10,DF,23,02,20,70,00
207667000,625,false,Rx,0,8,25,00,11,43,FD,BB,E4,01
207681000,60D,false,Rx,0,8,0D,10,DF,23,02,20,70,00
207702000,2C4,false,Rx,0,8,05,00,00,00,E6,02,00,00
207702000,2C5,false,Rx,0,8,00,00,00,00,00,00,00,00
207702000,2C6,false,Rx,0,8,F4,01,84,03,00,00,00,00
207720000,54,false,Rx,0,8,01,01,FE,FF,FE,FF,00,00
207721000,55,false,Rx,0,8,10,27,00,00,00,00,00,00
207721000,56,false,Rx,0,8,10,27,00,00,00,00,00,00
207731000,57,false,Rx,0,8,00,00,FE,FF,FE,FF,00,00
207767000,625,false,Rx,0,8,25,00,11,43,FD,BB,E4,01
207782000,60D,false,Rx,0,8,0D,10,DF,23,02,20,70,00
207867000,625,false,Rx,0,8,25,00,11,43,FD,BB,E4,01
207881000,60D,false,Rx,0,8,0D,10,DF,23,02,20,70,00
207902000,2C4,false,Rx,0,8,05,00,00,00,E4,02,00,00
207902000,2C5,false,Rx,0,8,00,00,00,00,00,00,00,00
207902000,2C6,false,Rx,0,8,F4,01,84,03,00,00,00,00
207920000,54,false,Rx,0,8,01,01,FE,FF,FE,FF,00,00
207921000,55,false,Rx,0,8,10,27,00,00,00,00,00,00
207921000,56,false,Rx,0,8,10,27,00,00,00,00,00,00
207931000,57,false,Rx,0,8,00,00,FE,FF,FE,FF,00,00
207967000,625,false,Rx,0,8,25,00,11,43,FD,BB,E4,01
207981000,60D,false,Rx,0,8,0D,10,DF,23,02,20,70,00
208067000,625,false,Rx,0,8,25,00,11,43,FD,BB,E4,01
208081000,60D,false,Rx,0,8,0D,10,DF,23,02,20,70,00
208102000,2C4,false,Rx,0,8,05,00,00,00,E4,02,00,00
208102000,2C5,false,Rx,0,8,00,00,00,00,00,00,00,00
208102000,2C6,false,Rx,0,8,F4,01,84,03,00,00,00,00
208120000,54,false,Rx,0,8,01,01,FE,FF,FE,FF,00,00
208121000,55,false,Rx,0,8,10,27,00,00,00,00,00,00
208121000,56,false,Rx,0,8,10,27,00,00,00,00,00,00
208131000,57,false,Rx,0,8,00,00,FE,FF,FE,FF,00,00
208167000,625,false,Rx,0,8,25,00,11,43,FD,BB,E4,01
208181000,60D,false,Rx,0,8,0D,10,DF,23,02,20,70,00
208267000,625,false,Rx,0,8,25,00,11,43,FD,BB,E4,01
208281000,60D,false,Rx,0,8,0D,10,DF,23,02,20,70,00
208302000,2C4,false,Rx,0,8,05,00,00,00,E4,02,00,00
208302000,2C5,false,Rx,0,8,00,00,00,00,00,00,00,00
208302000,2C6,false,Rx,0,8,F4,01,84,03,00,00,00,00
208320000,54,false,Rx,0,8,01,01,FE,FF,FE,FF,00,00
208321000,55,false,Rx,0,8,10,27,00,00,00,00,00,00
208321000,56,false,Rx,0,8,10,27,00,00,00,00,00,00
208331000,57,false,Rx,0,8,00,00,FE,FF,FE,FF,00,00
208367000,625,false,Rx,0,8,25,00,11,43,FD,BB,E4,01
208382000,60D,false,Rx,0,8,0D,10,DF,23,02,20,70,00
208467000,625,false,Rx,0,8,25,00,11,43,FD,BB,E4,01
208481000,60D,false,Rx,0,8,0D,10,DF,23,02,20,70,00
208502000,2C4,false,Rx,0,8,05,00,00,00,E6,02,00,00
208502000,2C5,false,Rx,0,8,00,00,00,00,00,00,00,00
208502000,2C6,false,Rx,0,8,F4,01,84,03,00,00,00,00
208520000,54,false,Rx,0,8,01,01,FE,FF,FE,FF,00,00
208521000,55,false,Rx,0,8,10,27,00,00,00,00,00,00
208521000,56,false,Rx,0,8,10,27,00,00,00,00,00,00
208531000,57,false,Rx,0,8,00,00,FE,FF,FE,FF,00,00
208567000,625,false,Rx,0,8,25,00,11,43,FD,BB,E4,01
208581000,60D,false,Rx,0,8,0D,10,DF,23,02,20,70,00
208667000,625,false,Rx,0,8,25,00,11,43,FD,BB,E4,01
208681000,60D,false,Rx,0,8,0D,10,DF,23,02,20,70,00
208701000,2C4,false,Rx,0,8,05,00,00,00,E6,02,00,00
208702000,2C5,false,Rx,0,8,00,00,00,00,00,00,00,00
208702000,2C6,false,Rx,0,8,F4,01,84,03,00,00,00,00
208720000,54,false,Rx,0,8,01,01,FE,FF,FE,FF,00,00
208721000,55,false,Rx,0,8,10,27,00,00,00,00,00,00
208721000,56,false,Rx,0,8,10,27,00,00,00,00,00,00
208731000,57,false,Rx,0,8,00,00,FE,FF,FE,FF,00,00
208767000,625,false,Rx,0,8,25,00,11,43,FD,BB,E4,01
208781000,60D,false,Rx,0,8,0D,10,DF,23,02,20,70,00
208867000,625,false,Rx,0,8,25,00,11,43,FD,BB,E4,01
208881000,60D,false,Rx,0,8,0D,10,DF,23,02,20,70,00
208901000,2C4,false,Rx,0,8,05,00,00,00,E4,02,00,00
208902000,2C5,false,Rx,0,8,00,00,00,00,00,00,00,00
208902000,2C6,false,Rx,0,8,F4,01,84,03,00,00,00,00
208920000,54,false,Rx,0,8,01,01,FE,FF,FE,FF,00,00
208921000,55,false,Rx,0,8,10,27,00,00,00,00,00,00
208921000,56,false,Rx,0,8,10,27,00,00,00,00,00,00
208931000,57,false,Rx,0,8,00,00,FE,FF,FE,FF,00,00
208967000,625,false,Rx,0,8,25,00,11,43,FD,BB,E4,01
208982000,60D,false,Rx,0,8,0D,10,DF,23,02,20,70,00
209067000,625,false,Rx,0,8,25,00,11,43,FD,BB,E4,01
209081000,60D,false,Rx,0,8,0D,10,DF,23,02,20,70,00
209101000,2C4,false,Rx,0,8,05,00,00,00,E4,02,00,00
209102000,2C5,false,Rx,0,8,00,00,00,00,00,00,00,00
209102000,2C6,false,Rx,0,8,F4,01,84,03,00,00,00,00
209120000,54,false,Rx,0,8,01,01,FE,FF,FE,FF,00,00
209121000,55,false,Rx,0,8,10,27,00,00,00,00,00,00
209121000,56,false,Rx,0,8,10,27,00,00,00,00,00,00
209131000,57,false,Rx,0,8,00,00,FE,FF,FE,FF,00,00
209167000,625,false,Rx,0,8,25,00,11,43,FD,BB,E4,01
209181000,60D,false,Rx,0,8,0D,10,DF,23,02,20,70,00
209267000,625,false,Rx,0,8,25,00,11,43,FD,BB,E4,01
209281000,60D,false,Rx,0,8,0D,10,DF,23,02,20,70,00
209301000,2C4,false,Rx,0,8,05,00,00,00,E6,02,00,00
209302000,2C5,false,Rx,0,8,00,00,00,00,00,00,00,00
209302000,2C6,false,Rx,0,8,F4,01,84,03,00,00,00,00
209320000,54,false,Rx,0,8,01,01,FE,FF,FE,FF,00,00
209321000,55,false,Rx,0,8,10,27,00,00,00,00,00,00
209321000,56,false,Rx,0,8,10,27,00,00,00,00,00,00
209331000,57,false,Rx,0,8,00,00,FE,FF,FE,FF,00,00
209367000,625,false,Rx,0,8,25,00,11,43,FD,BB,E4,01
209381000,60D,false,Rx,0,8,0D,10,DF,23,02,20,70,00
209467000,625,false,Rx,0,8,25,00,11,43,FD,BB,E4,01
209481000,60D,false,Rx,0,8,0D,10,DF,23,02,20,70,00
209501000,2C4,false,Rx,0,8,05,00,00,00,E6,02,00,00
209502000,2C5,false,Rx,0,8,00,00,00,00,00,00,00,00
209502000,2C6,false,Rx,0,8,F4,01,84,03,00,00,00,00
209520000,54,false,Rx,0,8,01,01,FE,FF,FE,FF,00,00
209521000,55,false,Rx,0,8,10,27,00,00,00,00,00,00
209521000,56,false,Rx,0,8,10,27,00,00,00,00,00,00
209531000,57,false,Rx,0,8,00,00,FE,FF,FE,FF,00,00
209567000,625,false,Rx,0,8,25,00,11,43,FD,BB,E4,01
209581000,60D,false,Rx,0,8,0D,10,DF,23,02,20,70,00
209667000,625,false,Rx,0,8,25,00,11,43,FD,BB,E4,01
209681000,60D,false,Rx,0,8,0D,10,DF,23,02,20,70,00
209701000,2C4,false,Rx,0,8,05,00,00,00,E4,02,00,00
209702000,2C5,false,Rx,0,8,00,00,00,00,00,00,00,00
209702000,2C6,false,Rx,0,8,F4,01,84,03,00,00,00,00
209720000,54,false,Rx,0,8,01,01,FE,FF,FE,FF,00,00
209721000,55,false,Rx,0,8,10,27,00,00,00,00,00,00
209721000,56,false,Rx,0,8,10,27,00,00,00,00,00,00
209731000,57,false,Rx,0,8,00,00,FE,FF,FE,FF,00,00
209767000,625,false,Rx,0,8,25,00,11,43,FD,BB,E4,01
209781000,60D,false,Rx,0,8,0D,10,DF,23,02,20,70,00
209867000,625,false,Rx,0,8,25,00,11,43,FD,BB,E4,01
209881000,60D,false,Rx,0,8,0D,10,DF,23,02,20,70,00
209901000,2C4,false,Rx,0,8,05,00,00,00,E4,02,00,00
209902000,2C5,false,Rx,0,8,00,00,00,00,00,00,00,00
209902000,2C6,false,Rx,0,8,F4,01,84,03,00,00,00,00
209920000,54,false,Rx,0,8,01,01,FE,FF,FE,FF,00,00
209921000,55,false,Rx,0,8,10,27,00,00,00,00,00,00
209921000,56,false,Rx,0,8,10,27,00,00,00,00,00,00
209931000,57,false,Rx,0,8,00,00,FE,FF,FE,FF,00,00
209967000,625,false,Rx,0,8,25,00,11,43,FD,BB,E4,01
209981000,60D,false,Rx,0,8,0D,10,DF,23,02,20,70,00
210067000,625,false,Rx,0,8,25,00,11,43,FD,BB,E4,01
210081000,60D,false,Rx,0,8,0D,10,DF,23,02,20,70,00
210101000,2C4,false,Rx,0,8,05,00,00,00,E6,02,00,00
210102000,2C5,false,Rx,0,8,00,00,00,00,00,00,00,00
210102000,2C6,false,Rx,0,8,F4,01,84,03,00,00,00,00
210120000,54,false,Rx,0,8,01,01,FE,FF,FE,FF,00,00
210121000,55,false,Rx,0,8,10,27,00,00,00,00,00,00
210121000,56,false,Rx,0,8,10,27,00,00,00,00,00,00
210131000,57,false,Rx,0,8,00,00,FE,FF,FE,FF,00,00
210167000,625,false,Rx,0,8,25,00,11,43,FD,BB,E4,01
210181000,60D,false,Rx,0,8,0D,10,DF,23,02,20,70,00
210267000,625,false,Rx,0,8,25,00,11,43,FD,BB,E4,01
210281000,60D,false,Rx,0,8,0D,10,DF,23,02,20,70,00
210301000,2C4,false,Rx,0,8,05,00,00,00,E4,02,00,00
210302000,2C5,false,Rx,0,8,00,00,00,00,00,00,00,00
210302000,2C6,false,Rx,0,8,F4,01,84,03,00,00,00,00
210320000,54,false,Rx,0,8,01,01,FE,FF,FE,FF,00,00
210321000,55,false,Rx,0,8,10,27,00,00,00,00,00,00
210321000,56,false,Rx,0,8,10,27,00,00,00,00,00,00
210331000,57,false,Rx,0,8,00,00,FE,FF,FE,FF,00,00
210367000,625,false,Rx,0,8,25,00,11,43,FD,BB,E4,01
210381000,60D,false,Rx,0,8,0D,10,DF,23,02,20,70,00
210467000,625,false,Rx,0,8,25,00,11,43,FD,BB,E4,01
210481000,60D,false,Rx,0,8,0D,10,DF,23,02,20,70,00
210501000,2C4,false,Rx,0,8,05,00,00,00,E4,02,00,00
210502000,2C5,false,Rx,0,8,00,00,00,00,00,00,00,00
210502000,2C6,false,Rx,0,8,F4,01,84,03,00,00,00,00
210520000,54,false,Rx,0,8,01,01,FE,FF,FE,FF,00,00
210521000,55,false,Rx,0,8,10,27,00,00,00,00,00,00
210521000,56,false,Rx,0,8,10,27,00,00,00,00,00,00
210531000,57,false,Rx,0,8,00,00,FE,FF,FE,FF,00,00
210567000,625,false,Rx,0,8,25,00,11,43,FD,BB,E4,01
210581000,60D,false,Rx,0,8,0D,10,DF,23,02,20,70,00
210667000,625,false,Rx,0,8,25,00,11,43,FD,BB,E4,01
210681000,60D,false,Rx,0,8,0D,10,DF,23,02,20,70,00
210701000,2C4,false,Rx,0,8,05,00,00,00,E6,02,00,00
210702000,2C5,false,Rx,0,8,00,00,00,00,00,00,00,00
210702000,2C6,false,Rx,0,8,F4,01,84,03,00,00,00,00
210720000,54,false,Rx,0,8,01,01,FE,FF,FE,FF,00,00
210721000,55,false,Rx,0,8,10,27,00,00,00,00,00,00
210721000,56,false,Rx,0,8,10,27,00,00,00,00,00,00
210731000,57,false,Rx,0,8,00,00,FE,FF,FE,FF,00,00
210767000,625,false,Rx,0,8,25,00,11,43,FD,BB,E4,01
210781000,60D,false,Rx,0,8,0D,10,DF,23,02,20,70,00
210867000,625,false,Rx,0,8,25,00,11,43,FD,BB,E4,01
210881000,60D,false,Rx,0,8,0D,10,DF,23,02,20,70,00
210901000,2C4,false,Rx,0,8,05,00,00,00,E4,02,00,00
210902000,2C5,false,Rx,0,8,00,00,00,00,00,00,00,00
210902000,2C6,false,Rx,0,8,F4,01,84,03,00,00,00,00
210920000,54,false,Rx,0,8,01,01,FE,FF,FE,FF,00,00
210921000,55,false,Rx,0,8,10,27,00,00,00,00,00,00
210921000,56,false,Rx,0,8,10,27,00,00,00,00,00,00
210931000,57,false,Rx,0,8,00,00,FE,FF,FE,FF,00,00
210967000,625,false,Rx,0,8,25,00,11,43,FD,BB,E4,01
210981000,60D,false,Rx,0,8,0D,10,DF,23,02,20,70,00
211067000,625,false,Rx,0,8,25,00,11,43,FD,BB,E4,01
211081000,60D,false,Rx,0,8,0D,10,DF,23,02,20,70,00
211101000,2C4,false,Rx,0,8,05,00,00,00,E4,02,00,00
211102000,2C5,false,Rx,0,8,00,00,00,00,00,00,00,00
211102000,2C6,false,Rx,0,8,F4,01,84,03,00,00,00,00
211120000,54,false,Rx,0,8,01,01,FE,FF,FE,FF,00,00
211121000,55,false,Rx,0,8,10,27,00,00,00,00,00,00
211121000,56,false,Rx,0,8,10,27,00,00,00,00,00,00
211131000,57,false,Rx,0,8,00,00,FE,FF,FE,FF,00,00
211167000,625,false,Rx,0,8,25,00,11,43,FD,BB,E4,01
211181000,60D,false,Rx,0,8,0D,10,DF,23,02,20,70,00
211267000,625,false,Rx,0,8,25,00,11,43,FD,BB,E4,01
211281000,60D,false,Rx,0,8,0D,10,DF,23,02,20,70,00
211301000,2C4,false,Rx,0,8,05,00,00,00,E4,02,00,00
211302000,2C5,false,Rx,0,8,00,00,00,00,00,00,00,00
211302000,2C6,false,Rx,0,8,F4,01,84,03,00,00,00,00
211320000,54,false,Rx,0,8,01,01,FE,FF,FE,FF,00,00
211321000,55,false,Rx,0,8,10,27,00,00,00,00,00,00
211321000,56,false,Rx,0,8,10,27,00,00,00,00,00,00
211331000,57,false,Rx,0,8,00,00,FE,FF,FE,FF,00,00
211367000,625,false,Rx,0,8,25,00,11,43,FD,BB,E4,01
211381000,60D,false,Rx,0,8,0D,10,DF,23,02,20,70,00
211467000,625,false,Rx,0,8,25,00,11,43,FD,BB,E4,01
211481000,60D,false,Rx,0,8,0D,10,DF,23,02,20,70,00
211501000,2C4,false,Rx,0,8,05,00,00,00,E4,02,00,00
211502000,2C5,false,Rx,0,8,00,00,00,00,00,00,00,00
211502000,2C6,false,Rx,0,8,F4,01,84,03,00,00,00,00
211520000,54,false,Rx,0,8,01,01,FE,FF,FE,FF,00,00
211521000,55,false,Rx,0,8,10,27,00,00,00,00,00,00
211521000,56,false,Rx,0,8,10,27,00,00,00,00,00,00
211531000,57,false,Rx,0,8,00,00,FE,FF,FE,FF,00,00
211567000,625,false,Rx,0,8,25,00,11,43,FD,BB,E4,01
211581000,60D,false,Rx,0,8,0D,10,DF,23,02,20,70,00
211667000,625,false,Rx,0,8,25,00,11,43,FD,BB,E4,01
211681000,60D,false,Rx,0,8,0D,10,DF,23,02,20,70,00
211701000,2C4,false,Rx,0,8,05,00,00,00,E4,02,00,00
211702000,2C5,false,Rx,0,8,00,00,00,00,00,00,00,00
211702000,2C6,false,Rx,0,8,F4,01,84,03,00,00,00,00
211720000,54,false,Rx,0,8,01,01,FE,FF,FE,FF,00,00
211721000,55,false,Rx,0,8,10,27,00,00,00,00,00,00
211721000,56,false,Rx,0,8,10,27,00,00,00,00,00,00
211731000,57,false,Rx,0,8,00,00,FE,FF,FE,FF,00,00
211767000,625,false,Rx,0,8,25,00,11,43,FD,BB,E4,01
211781000,60D,false,Rx,0,8,0D,10,DF,23,02,20,70,00
211867000,625,false,Rx,0,8,25,00,11,43,FD,BB,E4,01
211881000,60D,false,Rx,0,8,0D,10,DF,23,02,20,70,00
211901000,2C4,false,Rx,0,8,05,00,00,00,E6,02,00,00
211902000,2C5,false,Rx,0,8,00,00,00,00,00,00,00,00
211902000,2C6,false,Rx,0,8,F4,01,84,03,00,00,00,00
211921000,54,false,Rx,0,8,01,01,FE,FF,FE,FF,00,00
211921000,55,false,Rx,0,8,10,27,00,00,00,00,00,00
211921000,56,false,Rx,0,8,10,27,00,00,00,00,00,00
211932000,57,false,Rx,0,8,00,00,FE,FF,FE,FF,00,00
211967000,625,false,Rx,0,8,25,00,11,43,FD,BB,E4,01
211981000,60D,false,Rx,0,8,0D,10,DF,23,02,20,70,00
212067000,625,false,Rx,0,8,25,00,11,43,FD,BB,E4,01
212081000,60D,false,Rx,0,8,0D,10,DF,23,02,20,70,00
212101000,2C4,false,Rx,0,8,05,00,00,00,E4,02,00,00
212102000,2C5,false,Rx,0,8,00,00,00,00,00,00,00,00
212102000,2C6,false,Rx,0,8,F4,01,84,03,00,00,00,00
212120000,54,false,Rx,0,8,01,01,FE,FF,FE,FF,00,00
212121000,55,false,Rx,0,8,10,27,00,00,00,00,00,00
212121000,56,false,Rx,0,8,10,27,00,00,00,00,00,00
212131000,57,false,Rx,0,8,00,00,FE,FF,FE,FF,00,00
212167000,625,false,Rx,0,8,25,00,11,43,FD,BB,E4,01
212181000,60D,false,Rx,0,8,0D,10,DF,23,02,20,70,00
212267000,625,false,Rx,0,8,25,00,11,43,FD,BB,E4,01
212281000,60D,false,Rx,0,8,0D,10,DF,23,02,20,70,00
212301000,2C4,false,Rx,0,8,05,00,00,00,E4,02,00,00
212302000,2C5,false,Rx,0,8,00,00,00,00,00,00,00,00
212302000,2C6,false,Rx,0,8,F4,01,84,03,00,00,00,00
212320000,54,false,Rx,0,8,01,01,FE,FF,FE,FF,00,00
212321000,55,false,Rx,0,8,10,27,00,00,00,00,00,00
212321000,56,false,Rx,0,8,10,27,00,00,00,00,00,00
212331000,57,false,Rx,0,8,00,00,FE,FF,FE,FF,00,00
212367000,625,false,Rx,0,8,25,00,11,43,FD,BB,E4,01
212381000,60D,false,Rx,0,8,0D,10,DF,23,02,20,70,00
212467000,625,false,Rx,0,8,25,00,11,43,FD,BB,E4,01
212481000,60D,false,Rx,0,8,0D,10,DF,23,02,20,70,00
212501000,2C4,false,Rx,0,8,05,00,00,00,E6,02,00,00
212502000,2C5,false,Rx,0,8,00,00,00,00,00,00,00,00
212502000,2C6,false,Rx,0,8,F4,01,84,03,00,00,00,00
212520000,54,false,Rx,0,8,01,01,FE,FF,FE,FF,00,00
212521000,55,false,Rx,0,8,10,27,00,00,00,00,00,00
212521000,56,false,Rx,0,8,10,27,00,00,00,00,00,00
212531000,57,false,Rx,0,8,00,00,FE,FF,FE,FF,00,00
212567000,625,false,Rx,0,8,25,00,11,43,FD,BB,E4,01
212582000,60D,false,Rx,0,8,0D,10,DF,23,02,20,70,00
212667000,625,false,Rx,0,8,25,00,11,43,FD,BB,E4,01
212681000,60D,false,Rx,0,8,0D,10,DF,23,02,20,70,00
212701000,2C4,false,Rx,0,8,05,00,00,00,E4,02,00,00
212702000,2C5,false,Rx,0,8,00,00,00,00,00,00,00,00
212702000,2C6,false,Rx,0,8,F4,01,84,03,00,00,00,00
212720000,54,false,Rx,0,8,01,01,FE,FF,FE,FF,00,00
212721000,55,false,Rx,0,8,10,27,00,00,00,00,00,00
212721000,56,false,Rx,0,8,10,27,00,00,00,00,00,00
212731000,57,false,Rx,0,8,00,00,FE,FF,FE,FF,00,00
212767000,625,false,Rx,0,8,25,00,11,43,FD,BB,E4,01
212781000,60D,false,Rx,0,8,0D,10,DF,23,02,20,70,00
212867000,625,false,Rx,0,8,25,00,11,43,FD,BB,E4,01
212881000,60D,false,Rx,0,8,0D,10,DF,23,02,20,70,00
212901000,2C4,false,Rx,0,8,05,00,00,00,E4,02,00,00
212902000,2C5,false,Rx,0,8,00,00,00,00,00,00,00,00
212902000,2C6,false,Rx,0,8,F4,01,84,03,00,00,00,00
212920000,54,false,Rx,0,8,01,01,FE,FF,FE,FF,00,00
212921000,55,false,Rx,0,8,10,27,00,00,00,00,00,00
212921000,56,false,Rx,0,8,10,27,00,00,00,00,00,00
212931000,57,false,Rx,0,8,00,00,FE,FF,FE,FF,00,00
212967000,625,false,Rx,0,8,25,00,11,43,FD,BB,E4,01
212981000,60D,false,Rx,0,8,0D,10,DF,23,02,20,70,00
213067000,625,false,Rx,0,8,25,00,11,43,FD,BB,E4,01
213081000,60D,false,Rx,0,8,0D,10,DF,23,02,20,70,00
213101000,2C4,false,Rx,0,8,05,00,00,00,E6,02,00,00
213102000,2C5,false,Rx,0,8,00,00,00,00,00,00,00,00
213102000,2C6,false,Rx,0,8,F4,01,84,03,00,00,00,00
213120000,54,false,Rx,0,8,01,01,FE,FF,FE,FF,00,00
213121000,55,false,Rx,0,8,10,27,00,00,00,00,00,00
213121000,56,false,Rx,0,8,10,27,00,00,00,00,00,00
213131000,57,false,Rx,0,8,00,00,FE,FF,FE,FF,00,00
213167000,625,false,Rx,0,8,25,00,11,43,FD,BB,E4,01
213181000,60D,false,Rx,0,8,0D,10,DF,23,02,20,70,00
213267000,625,false,Rx,0,8,25,00,11,43,FD,BB,E4,01
213281000,60D,false,Rx,0,8,0D,10,DF,23,02,20,70,00
213301000,2C4,false,Rx,0,8,05,00,00,00,E4,02,00,00
213302000,2C5,false,Rx,0,8,00,00,00,00,00,00,00,00
213302000,2C6,false,Rx,0,8,F4,01,84,03,00,00,00,00
213320000,54,false,Rx,0,8,01,01,FE,FF,FE,FF,00,00
213321000,55,false,Rx,0,8,10,27,00,00,00,00,00,00
213321000,56,false,Rx,0,8,10,27,00,00,00,00,00,00
213331000,57,false,Rx,0,8,00,00,FE,FF,FE,FF,00,00
213367000,625,false,Rx,0,8,25,00,11,43,FD,BB,E4,01
213381000,60D,false,Rx,0,8,0D,10,DF,23,02,20,70,00
213467000,625,false,Rx,0,8,25,00,11,43,FD,BB,E4,01
213481000,60D,false,Rx,0,8,0D,10,DF,23,02,20,70,00
213501000,2C4,false,Rx,0,8,05,00,00,00,E4,02,00,00
213502000,2C5,false,Rx,0,8,00,00,00,00,00,00,00,00
213502000,2C6,false,Rx,0,8,F4,01,84,03,00,00,00,00
213520000,54,false,Rx,0,8,01,01,FE,FF,FE,FF,00,00
213521000,55,false,Rx,0,8,10,27,00,00,00,00,00,00
213521000,56,false,Rx,0,8,10,27,00,00,00,00,00,00
213531000,57,false,Rx,0,8,00,00,FE,FF,FE,FF,00,00
213567000,625,false,Rx,0,8,25,00,11,43,FD,BB,E4,01
213581000,60D,false,Rx,0,8,0D,10,DF,23,02,20,70,00
213667000,625,false,Rx,0,8,25,00,11,43,FD,BB,E4,01
213681000,60D,false,Rx,0,8,0D,10,DF,23,02,20,70,00
213701000,2C4,false,Rx,0,8,05,00,00,00,E6,02,00,00
213701000,2C5,false,Rx,0,8,00,00,00,00,00,00,00,00
213702000,2C6,false,Rx,0,8,F4,01,84,03,00,00,00,00
213720000,54,false,Rx,0,8,01,01,FE,FF,FE,FF,00,00
213721000,55,false,Rx,0,8,10,27,00,00,00,00,00,00
213721000,56,false,Rx,0,8,10,27,00,00,00,00,00,00
213731000,57,false,Rx,0,8,00,00,FE,FF,FE,FF,00,00
213767000,625,false,Rx,0,8,25,00,11,43,FD,BB,E4,01
213781000,60D,false,Rx,0,8,0D,10,DF,23,02,20,70,00
213867000,625,false,Rx,0,8,25,00,11,43,FD,BB,E4,01
213881000,60D,false,Rx,0,8,0D,10,DF,23,02,20,70,00
213901000,2C4,false,Rx,0,8,05,00,00,00,E4,02,00,00
213901000,2C5,false,Rx,0,8,00,00,00,00,00,00,00,00
213902000,2C6,false,Rx,0,8,F4,01,84,03,00,00,00,00
213920000,54,false,Rx,0,8,01,01,FE,FF,FE,FF,00,00
213921000,55,false,Rx,0,8,10,27,00,00,00,00,00,00
213921000,56,false,Rx,0,8,10,27,00,00,00,00,00,00
213931000,57,false,Rx,0,8,00,00,FE,FF,FE,FF,00,00
213967000,625,false,Rx,0,8,25,00,11,43,FD,BB,E4,01
213981000,60D,false,Rx,0,8,0D,10,DF,23,02,20,70,00
214067000,625,false,Rx,0,8,25,00,11,43,FD,BB,E4,01
214081000,60D,false,Rx,0,8,0D,10,DF,23,02,20,70,00
214101000,2C4,false,Rx,0,8,05,00,00,00,E4,02,00,00
214101000,2C5,false,Rx,0,8,00,00,00,00,00,00,00,00
214102000,2C6,false,Rx,0,8,F4,01,84,03,00,00,00,00
214120000,54,false,Rx,0,8,01,01,FE,FF,FE,FF,00,00
214121000,55,false,Rx,0,8,10,27,00,00,00,00,00,00
214121000,56,false,Rx,0,8,10,27,00,00,00,00,00,00
214131000,57,false,Rx,0,8,00,00,FE,FF,FE,FF,00,00
214167000,625,false,Rx,0,8,25,00,11,43,FD,BB,E4,01
214181000,60D,false,Rx,0,8,0D,10,DF,23,02,20,70,00
214267000,625,false,Rx,0,8,25,00,11,43,FD,BB,E4,01
214281000,60D,false,Rx,0,8,0D,10,DF,23,02,20,70,00
214301000,2C4,false,Rx,0,8,05,00,00,00,E4,02,00,00
214301000,2C5,false,Rx,0,8,00,00,00,00,00,00,00,00
214302000,2C6,false,Rx,0,8,F4,01,84,03,00,00,00,00
214320000,54,false,Rx,0,8,01,01,FE,FF,FE,FF,00,00
214321000,55,false,Rx,0,8,10,27,00,00,00,00,00,00
214321000,56,false,Rx,0,8,10,27,00,00,00,00,00,00
214331000,57,false,Rx,0,8,00,00,FE,FF,FE,FF,00,00
214367000,625,false,Rx,0,8,25,00,11,43,FD,BB,E4,01
214381000,60D,false,Rx,0,8,0D,10,DF,23,02,20,70,00
214467000,625,false,Rx,0,8,25,00,11,43,FD,BB,E4,01
214481000,60D,false,Rx,0,8,0D,10,DF,23,02,20,70,00
214501000,2C4,false,Rx,0,8,05,00,00,00,E4,02,00,00
214501000,2C5,false,Rx,0,8,00,00,00,00,00,00,00,00
214502000,2C6,false,Rx,0,8,F4,01,84,03,00,00,00,00
214520000,54,false,Rx,0,8,01,01,FE,FF,FE,FF,00,00
214521000,55,false,Rx,0,8,10,27,00,00,00,00,00,00
214521000,56,false,Rx,0,8,10,27,00,00,00,00,00,00
214531000,57,false,Rx,0,8,00,00,FE,FF,FE,FF,00,00
214567000,625,false,Rx,0,8,25,00,11,43,FD,BB,E4,01
214581000,60D,false,Rx,0,8,0D,10,DF,23,02,20,70,00
214667000,625,false,Rx,0,8,25,00,11,43,FD,BB,E4,01
214681000,60D,false,Rx,0,8,0D,10,DF,23,02,20,70,00
214701000,2C4,false,Rx,0,8,05,00,00,00,E4,02,00,00
214701000,2C5,false,Rx,0,8,00,00,00,00,00,00,00,00
214702000,2C6,false,Rx,0,8,F4,01,84,03,00,00,00,00
214720000,54,false,Rx,0,8,01,01,FE,FF,FE,FF,00,00
214721000,55,false,Rx,0,8,10,27,00,00,00,00,00,00
214721000,56,false,Rx,0,8,10,27,00,00,00,00,00,00
214731000,57,false,Rx,0,8,00,00,FE,FF,FE,FF,00,00
214767000,625,false,Rx,0,8,25,00,11,43,FD,BB,E4,01
214781000,60D,false,Rx,0,8,0D,10,DF,23,02,20,70,00
214867000,625,false,Rx,0,8,25,00,11,43,FD,BB,E4,01
214881000,60D,false,Rx,0,8,0D,10,DF,23,02,20,70,00
214901000,2C4,false,Rx,0,8,05,00,00,00,E4,02,00,00
214901000,2C5,false,Rx,0,8,00,00,00,00,00,00,00,00
214902000,2C6,false,Rx,0,8,F4,01,84,03,00,00,00,00
214920000,54,false,Rx,0,8,01,01,FE,FF,FE,FF,00,00
214921000,55,false,Rx,0,8,10,27,00,00,00,00,00,00
214921000,56,false,Rx,0,8,10,27,00,00,00,00,00,00
214931000,57,false,Rx,0,8,00,00,FE,FF,FE,FF,00,00
214967000,625,false,Rx,0,8,25,00,11,43,FD,BB,E4,01
214981000,60D,false,Rx,0,8,0D,10,DF,23,02,20,70,00
215067000,625,false,Rx,0,8,25,00,11,43,FD,BB,E4,01
215081000,60D,false,Rx,0,8,0D,10,DF,23,02,20,70,00
215101000,2C4,false,Rx,0,8,05,00,00,00,E4,02,00,00
215101000,2C5,false,Rx,0,8,00,00,00,00,00,00,00,00
215102000,2C6,false,Rx,0,8,F4,01,84,03,00,00,00,00
215120000,54,false,Rx,0,8,01,01,FE,FF,FE,FF,00,00
215121000,55,false,Rx,0,8,10,27,00,00,00,00,00,00
215121000,56,false,Rx,0,8,10,27,00,00,00,00,00,00
215131000,57,false,Rx,0,8,00,00,FE,FF,FE,FF,00,00
215167000,625,false,Rx,0,8,25,00,11,43,FD,BB,E4,01
215181000,60D,false,Rx,0,8,0D,10,DF,23,02,20,70,00
215267000,625,false,Rx,0,8,25,00,11,43,FD,BB,E4,01
215281000,60D,false,Rx,0,8,0D,10,DF,23,02,20,70,00
215301000,2C4,false,Rx,0,8,05,00,00,00,E4,02,00,00
215301000,2C5,false,Rx,0,8,00,00,00,00,00,00,00,00
215302000,2C6,false,Rx,0,8,F4,01,84,03,00,00,00,00
215320000,54,false,Rx,0,8,01,01,FE,FF,FE,FF,00,00
215321000,55,false,Rx,0,8,10,27,00,00,00,00,00,00
215321000,56,false,Rx,0,8,10,27,00,00,00,00,00,00
215331000,57,false,Rx,0,8,00,00,FE,FF,FE,FF,00,00
215367000,625,false,Rx,0,8,25,00,11,43,FD,BB,E4,01
215381000,60D,false,Rx,0,8,0D,10,DF,23,02,20,70,00
215467000,625,false,Rx,0,8,25,00,11,43,FD,BB,E4,01
215481000,60D,false,Rx,0,8,0D,10,DF,23,02,20,70,00
215501000,2C4,false,Rx,0,8,05,00,00,00,E4,02,00,00
215501000,2C5,false,Rx,0,8,00,00,00,00,00,00,00,00
215502000,2C6,false,Rx,0,8,F4,01,84,03,00,00,00,00
215520000,54,false,Rx,0,8,01,01,FE,FF,FE,FF,00,00
215521000,55,false,Rx,0,8,10,27,00,00,00,00,00,00
215521000,56,false,Rx,0,8,10,27,00,00,00,00,00,00
215531000,57,false,Rx,0,8,00,00,FE,FF,FE,FF,00,00
215567000,625,false,Rx,0,8,25,00,11,43,FD,BB,E4,01
215581000,60D,false,Rx,0,8,0D,10,DF,23,02,20,70,00
215667000,625,false,Rx,0,8,25,00,11,43,FD,BB,E4,01
215681000,60D,false,Rx,0,8,0D,10,DF,23,02,20,70,00
215701000,2C4,false,Rx,0,8,05,00,00,00,E4,02,00,00
215701000,2C5,false,Rx,0,8,00,00,00,00,00,00,00,00
215702000,2C6,false,Rx,0,8,F4,01,84,03,00,00,00,00
215720000,54,false,Rx,0,8,01,01,FE,FF,FE,FF,00,00
215721000,55,false,Rx,0,8,10,27,00,00,00,00,00,00
215721000,56,false,Rx,0,8,10,27,00,00,00,00,00,00
215731000,57,false,Rx,0,8,00,00,FE,FF,FE,FF,00,00
215767000,625,false,Rx,0,8,25,00,11,43,FD,BB,E4,01
215781000,60D,false,Rx,0,8,0D,10,DF,23,02,20,70,00
215867000,625,false,Rx,0,8,25,00,11,43,FD,BB,E4,01
215881000,60D,false,Rx,0,8,0D,10,DF,23,02,20,70,00
215901000,2C4,false,Rx,0,8,05,00,00,00,E4,02,00,00
215901000,2C5,false,Rx,0,8,00,00,00,00,00,00,00,00
215902000,2C6,false,Rx,0,8,F4,01,84,03,00,00,00,00
215920000,54,false,Rx,0,8,01,01,FE,FF,FE,FF,00,00
215921000,55,false,Rx,0,8,10,27,00,00,00,00,00,00
215921000,56,false,Rx,0,8,10,27,00,00,00,00,00,00
215931000,57,false,Rx,0,8,00,00,FE,FF,FE,FF,00,00
215967000,625,false,Rx,0,8,25,00,11,43,FD,BB,E4,01
215981000,60D,false,Rx,0,8,0D,10,DF,23,02,20,70,00
216067000,625,false,Rx,0,8,25,00,11,43,FD,BB,E4,01
216081000,60D,false,Rx,0,8,0D,10,DF,23,02,20,70,00
216101000,2C4,false,Rx,0,8,05,00,00,00,E4,02,00,00
216101000,2C5,false,Rx,0,8,00,00,00,00,00,00,00,00
216102000,2C6,false,Rx,0,8,F4,01,84,03,00,00,00,00
216120000,54,false,Rx,0,8,01,01,FE,FF,FE,FF,00,00
216121000,55,false,Rx,0,8,10,27,00,00,00,00,00,00
216121000,56,false,Rx,0,8,10,27,00,00,00,00,00,00
216131000,57,false,Rx,0,8,00,00,FE,FF,FE,FF,00,00
216167000,625,false,Rx,0,8,25,00,11,43,FD,BB,E4,01
216181000,60D,false,Rx,0,8,0D,10,DF,23,02,20,70,00
216267000,625,false,Rx,0,8,25,00,11,43,FD,BB,E4,01
216281000,60D,false,Rx,0,8,0D,10,DF,23,02,20,70,00
216301000,2C4,false,Rx,0,8,05,00,00,00,E4,02,00,00
216301000,2C5,false,Rx,0,8,00,00,00,00,00,00,00,00
216302000,2C6,false,Rx,0,8,F4,01,84,03,00,00,00,00
216320000,54,false,Rx,0,8,01,01,FE,FF,FE,FF,00,00
216321000,55,false,Rx,0,8,10,27,00,00,00,00,00,00
216321000,56,false,Rx,0,8,10,27,00,00,00,00,00,00
216331000,57,false,Rx,0,8,00,00,FE,FF,FE,FF,00,00
216367000,625,false,Rx,0,8,25,00,11,43,FD,BB,E4,01
216381000,60D,false,Rx,0,8,0D,10,DF,23,02,20,70,00
216467000,625,false,Rx,0,8,25,00,11,43,FD,BB,E4,01
216481000,60D,false,Rx,0,8,0D,10,DF,23,02,20,70,00
216501000,2C4,false,Rx,0,8,05,00,00,00,E4,02,00,00
216501000,2C5,false,Rx,0,8,00,00,00,00,00,00,00,00
216502000,2C6,false,Rx,0,8,F4,01,84,03,00,00,00,00
216520000,54,false,Rx,0,8,01,01,FE,FF,FE,FF,00,00
216521000,55,false,Rx,0,8,10,27,00,00,00,00,00,00
216521000,56,false,Rx,0,8,10,27,00,00,00,00,00,00
216531000,57,false,Rx,0,8,00,00,FE,FF,FE,FF,00,00
216567000,625,false,Rx,0,8,25,00,11,43,FD,BB,E4,01
216581000,60D,false,Rx,0,8,0D,10,DF,23,02,20,70,00
216667000,625,false,Rx,0,8,25,00,11,43,FD,BB,E4,01
216681000,60D,false,Rx,0,8,0D,10,DF,23,02,20,70,00
216701000,2C4,false,Rx,0,8,05,00,00,00,E4,02,00,00
216701000,2C5,false,Rx,0,8,00,00,00,00,00,00,00,00
216702000,2C6,false,Rx,0,8,F4,01,84,03,00,00,00,00
216720000,54,false,Rx,0,8,01,01,FE,FF,FE,FF,00,00
216721000,55,false,Rx,0,8,10,27,00,00,00,00,00,00
216721000,56,false,Rx,0,8,10,27,00,00,00,00,00,00
216731000,57,false,Rx,0,8,00,00,FE,FF,FE,FF,00,00
216767000,625,false,Rx,0,8,25,00,11,43,FD,BB,E4,01
216781000,60D,false,Rx,0,8,0D,10,DF,23,02,20,70,00
216867000,625,false,Rx,0,8,25,00,11,43,FD,BB,E4,01
216881000,60D,false,Rx,0,8,0D,10,DF,23,02,20,70,00
216901000,2C4,false,Rx,0,8,05,00,00,00,E4,02,00,00
216901000,2C5,false,Rx,0,8,00,00,00,00,00,00,00,00
216902000,2C6,false,Rx,0,8,F4,01,84,03,00,00,00,00
216920000,54,false,Rx,0,8,01,01,FE,FF,FE,FF,00,00
216921000,55,false,Rx,0,8,10,27,00,00,00,00,00,00
216921000,56,false,Rx,0,8,10,27,00,00,00,00,00,00
216931000,57,false,Rx,0,8,00,00,FE,FF,FE,FF,00,00
216967000,625,false,Rx,0,8,25,00,11,43,FD,BB,E4,01
216981000,60D,false,Rx,0,8,0D,10,DF,23,02,20,70,00
217067000,625,false,Rx,0,8,25,00,11,43,FD,BB,E4,01
217081000,60D,false,Rx,0,8,0D,10,DF,23,02,20,70,00
217101000,2C4,false,Rx,0,8,05,00,00,00,E4,02,00,00
217101000,2C5,false,Rx,0,8,00,00,00,00,00,00,00,00
217102000,2C6,false,Rx,0,8,F4,01,84,03,00,00,00,00
217120000,54,false,Rx,0,8,01,01,FE,FF,FE,FF,00,00
217121000,55,false,Rx,0,8,10,27,00,00,00,00,00,00
217121000,56,false,Rx,0,8,10,27,00,00,00,00,00,00
217131000,57,false,Rx,0,8,00,00,FE,FF,FE,FF,00,00
217167000,625,false,Rx,0,8,25,00,11,43,FD,BB,E4,01
217181000,60D,false,Rx,0,8,0D,10,DF,23,02,20,70,00
217267000,625,false,Rx,0,8,25,00,11,43,FD,BB,E4,01
217281000,60D,false,Rx,0,8,0D,10,DF,23,02,20,70,00
217301000,2C4,false,Rx,0,8,05,00,00,00,E4,02,00,00
217301000,2C5,false,Rx,0,8,00,00,00,00,00,00,00,00
217302000,2C6,false,Rx,0,8,F4,01,84,03,00,00,00,00
217320000,54,false,Rx,0,8,01,01,FE,FF,FE,FF,00,00
217321000,55,false,Rx,0,8,10,27,00,00,00,00,00,00
217321000,56,false,Rx,0,8,10,27,00,00,00,00,00,00
217331000,57,false,Rx,0,8,00,00,FE,FF,FE,FF,00,00
217367000,625,false,Rx,0,8,25,00,11,43,FD,BB,E4,01
217381000,60D,false,Rx,0,8,0D,10,DF,23,02,20,70,00
217467000,625,false,Rx,0,8,25,00,11,43,FD,BB,E4,01
217481000,60D,false,Rx,0,8,0D,10,DF,23,02,20,70,00
217501000,2C4,false,Rx,0,8,05,00,00,00,E4,02,00,00
217501000,2C5,false,Rx,0,8,00,00,00,00,00,00,00,00
217502000,2C6,false,Rx,0,8,F4,01,84,03,00,00,00,00
217520000,54,false,Rx,0,8,01,01,FE,FF,FE,FF,00,00
217521000,55,false,Rx,0,8,10,27,00,00,00,00,00,00
217521000,56,false,Rx,0,8,10,27,00,00,00,00,00,00
217531000,57,false,Rx,0,8,00,00,FE,FF,FE,FF,00,00
217567000,625,false,Rx,0,8,25,00,11,43,FD,BB,E4,01
217581000,60D,false,Rx,0,8,0D,10,DF,23,02,20,70,00
217667000,625,false,Rx,0,8,25,00,11,43,FD,BB,E4,01
217681000,60D,false,Rx,0,8,0D,10,DF,23,02,20,70,00
217701000,2C4,false,Rx,0,8,05,00,00,00,E4,02,00,00
217701000,2C5,false,Rx,0,8,00,00,00,00,00,00,00,00
217702000,2C6,false,Rx,0,8,F4,01,84,03,00,00,00,00
217720000,54,false,Rx,0,8,01,01,FE,FF,FE,FF,00,00
217721000,55,false,Rx,0,8,10,27,00,00,00,00,00,00
217721000,56,false,Rx,0,8,10,27,00,00,00,00,00,00
217731000,57,false,Rx,0,8,00,00,FE,FF,FE,FF,00,00
217767000,625,false,Rx,0,8,25,00,11,43,FD,BB,E4,01
217781000,60D,false,Rx,0,8,0D,10,DF,23,02,20,70,00
217867000,625,false,Rx,0,8,25,00,11,43,FD,BB,E4,01
217881000,60D,false,Rx,0,8,0D,10,DF,23,02,20,70,00
217901000,2C4,false,Rx,0,8,05,00,00,00,E4,02,00,00
217901000,2C5,false,Rx,0,8,00,00,00,00,00,00,00,00
217902000,2C6,false,Rx,0,8,F4,01,84,03,00,00,00,00
217920000,54,false,Rx,0,8,01,01,FE,FF,FE,FF,00,00
217921000,55,false,Rx,0,8,10,27,00,00,00,00,00,00
217921000,56,false,Rx,0,8,10,27,00,00,00,00,00,00
217931000,57,false,Rx,0,8,00,00,FE,FF,FE,FF,00,00
217967000,625,false,Rx,0,8,25,00,11,43,FD,BB,E4,01
217981000,60D,false,Rx,0,8,0D,10,DF,23,02,20,70,00
218067000,625,false,Rx,0,8,25,00,11,43,FD,BB,E4,01
218081000,60D,false,Rx,0,8,0D,10,DF,23,02,20,70,00
218101000,2C4,false,Rx,0,8,05,00,00,00,E4,02,00,00
218101000,2C5,false,Rx,0,8,00,00,00,00,00,00,00,00
218101000,2C6,false,Rx,0,8,F4,01,84,03,00,00,00,00
218120000,54,false,Rx,0,8,01,01,FE,FF,FE,FF,00,00
218121000,55,false,Rx,0,8,10,27,00,00,00,00,00,00
218121000,56,false,Rx,0,8,10,27,00,00,00,00,00,00
218131000,57,false,Rx,0,8,00,00,FE,FF,FE,FF,00,00
218167000,625,false,Rx,0,8,25,00,11,43,FD,BB,E4,01
218181000,60D,false,Rx,0,8,0D,10,DF,23,02,20,70,00
218267000,625,false,Rx,0,8,25,00,11,43,FD,BB,E4,01
218281000,60D,false,Rx,0,8,0D,10,DF,23,02,20,70,00
218301000,2C4,false,Rx,0,8,05,00,00,00,E4,02,00,00
218301000,2C5,false,Rx,0,8,00,00,00,00,00,00,00,00
218301000,2C6,false,Rx,0,8,F4,01,84,03,00,00,00,00
218320000,54,false,Rx,0,8,01,01,FE,FF,FE,FF,00,00
218321000,55,false,Rx,0,8,10,27,00,00,00,00,00,00
218321000,56,false,Rx,0,8,10,27,00,00,00,00,00,00
218331000,57,false,Rx,0,8,00,00,FE,FF,FE,FF,00,00
218367000,625,false,Rx,0,8,25,00,11,43,FD,BB,E4,01
218381000,60D,false,Rx,0,8,0D,10,DF,23,02,20,70,00
218467000,625,false,Rx,0,8,25,00,11,43,FD,BB,E4,01
218481000,60D,false,Rx,0,8,0D,10,DF,23,02,20,70,00
218501000,2C4,false,Rx,0,8,05,00,00,00,E4,02,00,00
218501000,2C5,false,Rx,0,8,00,00,00,00,00,00,00,00
218501000,2C6,false,Rx,0,8,F4,01,84,03,00,00,00,00
218520000,54,false,Rx,0,8,01,01,FE,FF,FE,FF,00,00
218521000,55,false,Rx,0,8,10,27,00,00,00,00,00,00
218521000,56,false,Rx,0,8,10,27,00,00,00,00,00,00
218531000,57,false,Rx,0,8,00,00,FE,FF,FE,FF,00,00
218567000,625,false,Rx,0,8,25,00,11,43,FD,BB,E4,01
218581000,60D,false,Rx,0,8,0D,10,DF,23,02,20,70,00
218667000,625,false,Rx,0,8,25,00,11,43,FD,BB,E4,01
218681000,60D,false,Rx,0,8,0D,10,DF,23,02,20,70,00
218701000,2C4,false,Rx,0,8,05,00,00,00,E4,02,00,00
218701000,2C5,false,Rx,0,8,00,00,00,00,00,00,00,00
218701000,2C6,false,Rx,0,8,F4,01,84,03,00,00,00,00
218720000,54,false,Rx,0,8,01,01,FE,FF,FE,FF,00,00
218721000,55,false,Rx,0,8,10,27,00,00,00,00,00,00
218721000,56,false,Rx,0,8,10,27,00,00,00,00,00,00
218731000,57,false,Rx,0,8,00,00,FE,FF,FE,FF,00,00
218767000,625,false,Rx,0,8,25,00,11,43,FD,BB,E4,01
218781000,60D,false,Rx,0,8,0D,10,DF,23,02,20,70,00
218867000,625,false,Rx,0,8,25,00,11,43,FD,BB,E4,01
218881000,60D,false,Rx,0,8,0D,10,DF,23,02,20,70,00
218901000,2C4,false,Rx,0,8,05,00,00,00,E4,02,00,00
218901000,2C5,false,Rx,0,8,00,00,00,00,00,00,00,00
218901000,2C6,false,Rx,0,8,F4,01,84,03,00,00,00,00
218920000,54,false,Rx,0,8,01,01,FE,FF,FE,FF,00,00
218921000,55,false,Rx,0,8,10,27,00,00,00,00,00,00
218921000,56,false,Rx,0,8,10,27,00,00,00,00,00,00
218931000,57,false,Rx,0,8,00,00,FE,FF,FE,FF,00,00
218967000,625,false,Rx,0,8,25,00,11,43,FD,BB,E4,01
218981000,60D,false,Rx,0,8,0D,10,DF,23,02,20,70,00
219067000,625,false,Rx,0,8,25,00,11,43,FD,BB,E4,01
219081000,60D,false,Rx,0,8,0D,10,DF,23,02,20,70,00
219101000,2C4,false,Rx,0,8,05,00,00,00,E4,02,00,00
219101000,2C5,false,Rx,0,8,00,00,00,00,00,00,00,00
219101000,2C6,false,Rx,0,8,F4,01,84,03,00,00,00,00
219120000,54,false,Rx,0,8,01,01,FE,FF,FE,FF,00,00
219121000,55,false,Rx,0,8,10,27,00,00,00,00,00,00
219121000,56,false,Rx,0,8,10,27,00,00,00,00,00,00
219131000,57,false,Rx,0,8,00,00,FE,FF,FE,FF,00,00
219167000,625,false,Rx,0,8,25,00,11,43,FD,BB,E4,01
219181000,60D,false,Rx,0,8,0D,10,DF,23,02,20,70,00
219267000,625,false,Rx,0,8,25,00,11,43,FD,BB,E4,01
219281000,60D,false,Rx,0,8,0D,10,DF,23,02,20,70,00
219301000,2C4,false,Rx,0,8,05,00,00,00,E4,02,00,00
219301000,2C5,false,Rx,0,8,00,00,00,00,00,00,00,00
219301000,2C6,false,Rx,0,8,F4,01,84,03,00,00,00,00
219320000,54,false,Rx,0,8,01,01,FE,FF,FE,FF,00,00
219320000,55,false,Rx,0,8,10,27,00,00,00,00,00,00
219321000,56,false,Rx,0,8,10,27,00,00,00,00,00,00
219331000,57,false,Rx,0,8,00,00,FE,FF,FE,FF,00,00
219367000,625,false,Rx,0,8,25,00,11,43,FD,BB,E4,01
219381000,60D,false,Rx,0,8,0D,10,DF,23,02,20,70,00
219467000,625,false,Rx,0,8,25,00,11,43,FD,BB,E4,01
219481000,60D,false,Rx,0,8,0D,10,DF,23,02,20,70,00
219501000,2C4,false,Rx,0,8,05,00,00,00,E4,02,00,00
219501000,2C5,false,Rx,0,8,00,00,00,00,00,00,00,00
219501000,2C6,false,Rx,0,8,F4,01,84,03,00,00,00,00
219520000,54,false,Rx,0,8,01,01,FE,FF,FE,FF,00,00
219520000,55,false,Rx,0,8,10,27,00,00,00,00,00,00
219521000,56,false,Rx,0,8,10,27,00,00,00,00,00,00
219531000,57,false,Rx,0,8,00,00,FE,FF,FE,FF,00,00
219567000,625,false,Rx,0,8,25,00,11,43,FD,BB,E4,01
219581000,60D,false,Rx,0,8,0D,10,DF,23,02,20,70,00
219667000,625,false,Rx,0,8,25,00,11,43,FD,BB,E4,01
219681000,60D,false,Rx,0,8,0D,10,DF,23,02,20,70,00
219701000,2C4,false,Rx,0,8,05,00,00,00,E4,02,00,00
219701000,2C5,false,Rx,0,8,00,00,00,00,00,00,00,00
219701000,2C6,false,Rx,0,8,F4,01,84,03,00,00,00,00
219720000,54,false,Rx,0,8,01,01,FE,FF,FE,FF,00,00
219720000,55,false,Rx,0,8,10,27,00,00,00,00,00,00
219721000,56,false,Rx,0,8,10,27,00,00,00,00,00,00
219731000,57,false,Rx,0,8,00,00,FE,FF,FE,FF,00,00
219767000,625,false,Rx,0,8,25,00,11,43,FD,BB,E4,01
219781000,60D,false,Rx,0,8,0D,10,DF,23,02,20,70,00
219867000,625,false,Rx,0,8,25,00,11,43,FD,BB,E4,01
219881000,60D,false,Rx,0,8,0D,10,DF,23,02,20,70,00
219901000,2C4,false,Rx,0,8,05,00,00,00,E4,02,00,00
219901000,2C5,false,Rx,0,8,00,00,00,00,00,00,00,00
219901000,2C6,false,Rx,0,8,F4,01,84,03,00,00,00,00
219920000,54,false,Rx,0,8,01,01,FE,FF,FE,FF,00,00
219920000,55,false,Rx,0,8,10,27,00,00,00,00,00,00
219921000,56,false,Rx,0,8,10,27,00,00,00,00,00,00
219931000,57,false,Rx,0,8,00,00,FE,FF,FE,FF,00,00
219967000,625,false,Rx,0,8,25,00,11,43,FD,BB,E4,01
219981000,60D,false,Rx,0,8,0D,10,DF,23,02,20,70,00
220067000,625,false,Rx,0,8,25,00,11,43,FD,BB,E4,01
220081000,60D,false,Rx,0,8,0D,10,DF,23,02,20,70,00
220101000,2C4,false,Rx,0,8,05,00,00,00,E4,02,00,00
220101000,2C5,false,Rx,0,8,00,00,00,00,00,00,00,00
220101000,2C6,false,Rx,0,8,F4,01,84,03,00,00,00,00
220120000,54,false,Rx,0,8,01,01,FE,FF,FE,FF,00,00
220120000,55,false,Rx,0,8,10,27,00,00,00,00,00,00
220121000,56,false,Rx,0,8,10,27,00,00,00,00,00,00
220131000,57,false,Rx,0,8,00,00,FE,FF,FE,FF,00,00
220167000,625,false,Rx,0,8,25,00,11,43,FD,BB,E4,01
220181000,60D,false,Rx,0,8,0D,10,DF,23,02,20,70,00
220267000,625,false,Rx,0,8,25,00,11,43,FD,BB,E4,01
220281000,60D,false,Rx,0,8,0D,10,DF,23,02,20,70,00
220301000,2C4,false,Rx,0,8,05,00,00,00,E4,02,00,00
220301000,2C5,false,Rx,0,8,00,00,00,00,00,00,00,00
220301000,2C6,false,Rx,0,8,F4,01,84,03,00,00,00,00
220320000,54,false,Rx,0,8,01,01,FE,FF,FE,FF,00,00
220320000,55,false,Rx,0,8,10,27,00,00,00,00,00,00
220321000,56,false,Rx,0,8,10,27,00,00,00,00,00,00
220331000,57,false,Rx,0,8,00,00,FE,FF,FE,FF,00,00
220367000,625,false,Rx,0,8,25,00,11,43,FD,BB,E4,01
220381000,60D,false,Rx,0,8,0D,10,DF,23,02,20,70,00
220467000,625,false,Rx,0,8,25,00,11,43,FD,BB,E4,01
220481000,60D,false,Rx,0,8,0D,10,DF,23,02,20,70,00
220501000,2C4,false,Rx,0,8,05,00,00,00,E4,02,00,00
220501000,2C5,false,Rx,0,8,00,00,00,00,00,00,00,00
220501000,2C6,false,Rx,0,8,F4,01,84,03,00,00,00,00
220520000,54,false,Rx,0,8,01,01,FE,FF,FE,FF,00,00
220520000,55,false,Rx,0,8,10,27,00,00,00,00,00,00
220521000,56,false,Rx,0,8,10,27,00,00,00,00,00,00
220531000,57,false,Rx,0,8,00,00,FE,FF,FE,FF,00,00
220567000,625,false,Rx,0,8,25,00,11,43,FD,BB,E4,01
220581000,60D,false,Rx,0,8,0D,10,DF,23,02,20,70,00
220667000,625,false,Rx,0,8,25,00,11,43,FD,BB,E4,01
220681000,60D,false,Rx,0,8,0D,10,DF,23,02,20,70,00
220701000,2C4,false,Rx,0,8,05,00,00,00,E4,02,00,00
220701000,2C5,false,Rx,0,8,00,00,00,00,00,00,00,00
220701000,2C6,false,Rx,0,8,F4,01,84,03,00,00,00,00
220720000,54,false,Rx,0,8,01,01,FE,FF,FE,FF,00,00
220720000,55,false,Rx,0,8,10,27,00,00,00,00,00,00
220721000,56,false,Rx,0,8,10,27,00,00,00,00,00,00
220731000,57,false,Rx,0,8,00,00,FE,FF,FE,FF,00,00
220767000,625,false,Rx,0,8,25,00,11,43,FD,BB,E4,01
220781000,60D,false,Rx,0,8,0D,10,DF,23,02,20,70,00
220867000,625,false,Rx,0,8,25,00,11,43,FD,BB,E4,01
220881000,60D,false,Rx,0,8,0D,10,DF,23,02,20,70,00
220901000,2C4,false,Rx,0,8,05,00,00,00,E4,02,00,00
220901000,2C5,false,Rx,0,8,00,00,00,00,00,00,00,00
220901000,2C6,false,Rx,0,8,F4,01,84,03,00,00,00,00
220920000,54,false,Rx,0,8,01,01,FE,FF,FE,FF,00,00
220920000,55,false,Rx,0,8,10,27,00,00,00,00,00,00
220921000,56,false,Rx,0,8,10,27,00,00,00,00,00,00
220931000,57,false,Rx,0,8,00,00,FE,FF,FE,FF,00,00
220967000,625,false,Rx,0,8,25,00,11,43,FD,BB,E4,01
220981000,60D,false,Rx,0,8,0D,10,DF,23,02,20,70,00
221067000,625,false,Rx,0,8,25,00,11,43,FD,BB,E4,01
221081000,60D,false,Rx,0,8,0D,10,DF,23,02,20,70,00
221101000,2C4,false,Rx,0,8,05,00,00,00,E4,02,00,00
221101000,2C5,false,Rx,0,8,00,00,00,00,00,00,00,00
221101000,2C6,false,Rx,0,8,F4,01,84,03,00,00,00,00
221120000,54,false,Rx,0,8,01,01,FE,FF,FE,FF,00,00
221120000,55,false,Rx,0,8,10,27,00,00,00,00,00,00
221121000,56,false,Rx,0,8,10,27,00,00,00,00,00,00
221131000,57,false,Rx,0,8,00,00,FE,FF,FE,FF,00,00
221167000,625,false,Rx,0,8,25,00,11,43,FD,BB,E4,01
221181000,60D,false,Rx,0,8,0D,10,DF,23,02,20,70,00
221267000,625,false,Rx,0,8,25,00,11,43,FD,BB,E4,01
221281000,60D,false,Rx,0,8,0D,10,DF,23,02,20,70,00
221301000,2C4,false,Rx,0,8,05,00,00,00,E4,02,00,00
221301000,2C5,false,Rx,0,8,00,00,00,00,00,00,00,00
221301000,2C6,false,Rx,0,8,F4,01,84,03,00,00,00,00
221320000,54,false,Rx,0,8,01,01,FE,FF,FE,FF,00,00
221320000,55,false,Rx,0,8,10,27,00,00,00,00,00,00
221321000,56,false,Rx,0,8,10,27,00,00,00,00,00,00
221331000,57,false,Rx,0,8,00,00,FE,FF,FE,FF,00,00
221367000,625,false,Rx,0,8,25,00,11,43,FD,BB,E4,01
221381000,60D,false,Rx,0,8,0D,10,DF,23,02,20,70,00
221467000,625,false,Rx,0,8,25,00,11,43,FD,BB,E4,01
221481000,60D,false,Rx,0,8,0D,10,DF,23,02,20,70,00
221501000,2C4,false,Rx,0,8,05,00,00,00,E4,02,00,00
221501000,2C5,false,Rx,0,8,00,00,00,00,00,00,00,00
221501000,2C6,false,Rx,0,8,F4,01,84,03,00,00,00,00
221520000,54,false,Rx,0,8,01,01,FE,FF,FE,FF,00,00
221520000,55,false,Rx,0,8,10,27,00,00,00,00,00,00
221521000,56,false,Rx,0,8,10,27,00,00,00,00,00,00
221531000,57,false,Rx,0,8,00,00,FE,FF,FE,FF,00,00
221567000,625,false,Rx,0,8,25,00,11,43,FD,BB,E4,01
221581000,60D,false,Rx,0,8,0D,10,DF,23,02,20,70,00
221667000,625,false,Rx,0,8,25,00,11,43,FD,BB,E4,01
221681000,60D,false,Rx,0,8,0D,10,DF,23,02,20,70,00
221701000,2C4,false,Rx,0,8,05,00,00,00,E4,02,00,00
221701000,2C5,false,Rx,0,8,00,00,00,00,00,00,00,00
221701000,2C6,false,Rx,0,8,F4,01,84,03,00,00,00,00
221720000,54,false,Rx,0,8,01,01,FE,FF,FE,FF,00,00
221720000,55,false,Rx,0,8,10,27,00,00,00,00,00,00
221721000,56,false,Rx,0,8,10,27,00,00,00,00,00,00
221731000,57,false,Rx,0,8,00,00,FE,FF,FE,FF,00,00
221767000,625,false,Rx,0,8,25,00,11,43,FD,BB,E4,01
221781000,60D,false,Rx,0,8,0D,10,DF,23,02,20,70,00
221867000,625,false,Rx,0,8,25,00,11,43,FD,BB,E4,01
221881000,60D,false,Rx,0,8,0D,10,DF,23,02,20,70,00
221901000,2C4,false,Rx,0,8,05,00,00,00,E4,02,00,00
221901000,2C5,false,Rx,0,8,00,00,00,00,00,00,00,00
221901000,2C6,false,Rx,0,8,F4,01,84,03,00,00,00,00
221920000,54,false,Rx,0,8,01,01,FE,FF,FE,FF,00,00
221921000,55,false,Rx,0,8,10,27,00,00,00,00,00,00
221921000,56,false,Rx,0,8,10,27,00,00,00,00,00,00
221931000,57,false,Rx,0,8,00,00,FE,FF,FE,FF,00,00
221967000,625,false,Rx,0,8,25,00,11,43,FD,BB,E4,01
221981000,60D,false,Rx,0,8,0D,10,DF,23,02,20,70,00
222067000,625,false,Rx,0,8,25,00,11,43,FD,BB,E4,01
222081000,60D,false,Rx,0,8,0D,10,DF,23,02,20,70,00
222101000,2C4,false,Rx,0,8,05,00,00,00,E4,02,00,00
222101000,2C5,false,Rx,0,8,00,00,00,00,00,00,00,00
222101000,2C6,false,Rx,0,8,F4,01,84,03,00,00,00,00
222120000,54,false,Rx,0,8,01,01,FE,FF,FE,FF,00,00
222120000,55,false,Rx,0,8,10,27,00,00,00,00,00,00
222121000,56,false,Rx,0,8,10,27,00,00,00,00,00,00
222131000,57,false,Rx,0,8,00,00,FE,FF,FE,FF,00,00
222167000,625,false,Rx,0,8,25,00,11,43,FD,BB,E4,01
222181000,60D,false,Rx,0,8,0D,10,DF,23,02,20,70,00
222267000,625,false,Rx,0,8,25,00,11,43,FD,BB,E4,01
222281000,60D,false,Rx,0,8,0D,10,DF,23,02,20,70,00
222301000,2C4,false,Rx,0,8,05,00,00,00,E4,02,00,00
222301000,2C5,false,Rx,0,8,00,00,00,00,00,00,00,00
222301000,2C6,false,Rx,0,8,F4,01,84,03,00,00,00,00
222320000,54,false,Rx,0,8,01,01,FE,FF,FE,FF,00,00
222321000,55,false,Rx,0,8,10,27,00,00,00,00,00,00
222321000,56,false,Rx,0,8,10,27,00,00,00,00,00,00
222331000,57,false,Rx,0,8,00,00,FE,FF,FE,FF,00,00
222367000,625,false,Rx,0,8,25,00,11,43,FD,BB,E4,01
222381000,60D,false,Rx,0,8,0D,10,DF,23,02,20,70,00
222467000,625,false,Rx,0,8,25,00,11,43,FD,BB,E4,01
222481000,60D,false,Rx,0,8,0D,10,DF,23,02,20,70,00
222501000,2C4,false,Rx,0,8,05,00,00,00,E4,02,00,00
222501000,2C5,false,Rx,0,8,00,00,00,00,00,00,00,00
222501000,2C6,false,Rx,0,8,F4,01,84,03,00,00,00,00
222520000,54,false,Rx,0,8,01,01,FE,FF,FE,FF,00,00
222520000,55,false,Rx,0,8,10,27,00,00,00,00,00,00
222521000,56,false,Rx,0,8,10,27,00,00,00,00,00,00
222531000,57,false,Rx,0,8,00,00,FE,FF,FE,FF,00,00
222567000,625,false,Rx,0,8,25,00,11,43,FD,BB,E4,01
222581000,60D,false,Rx,0,8,0D,10,DF,23,02,20,70,00
222667000,625,false,Rx,0,8,25,00,11,43,FD,BB,E4,01
222681000,60D,false,Rx,0,8,0D,10,DF,23,02,20,70,00
222701000,2C4,false,Rx,0,8,05,00,00,00,E4,02,00,00
222701000,2C5,false,Rx,0,8,00,00,00,00,00,00,00,00
222701000,2C6,false,Rx,0,8,F4,01,84,03,00,00,00,00
222720000,54,false,Rx,0,8,01,01,FE,FF,FE,FF,00,00
222721000,55,false,Rx,0,8,10,27,00,00,00,00,00,00
222721000,56,false,Rx,0,8,10,27,00,00,00,00,00,00
222731000,57,false,Rx,0,8,00,00,FE,FF,FE,FF,00,00
222767000,625,false,Rx,0,8,25,00,11,43,FD,BB,E4,01
222781000,60D,false,Rx,0,8,0D,10,DF,23,02,20,70,00
222867000,625,false,Rx,0,8,25,00,11,43,FD,BB,E4,01
222881000,60D,false,Rx,0,8,0D,10,DF,23,02,20,70,00
222901000,2C4,false,Rx,0,8,05,00,00,00,E4,02,00,00
222901000,2C5,false,Rx,0,8,00,00,00,00,00,00,00,00
222901000,2C6,false,Rx,0,8,F4,01,84,03,00,00,00,00
222920000,54,false,Rx,0,8,01,01,FE,FF,FE,FF,00,00
222920000,55,false,Rx,0,8,10,27,00,00,00,00,00,00
222921000,56,false,Rx,0,8,10,27,00,00,00,00,00,00
222931000,57,false,Rx,0,8,00,00,FE,FF,FE,FF,00,00
222967000,625,false,Rx,0,8,25,00,11,43,FD,BB,E4,01
222981000,60D,false,Rx,0,8,0D,10,DF,23,02,20,70,00
223067000,625,false,Rx,0,8,25,00,11,43,FD,BB,E4,01
223081000,60D,false,Rx,0,8,0D,10,DF,23,02,20,70,00
223101000,2C4,false,Rx,0,8,05,00,00,00,E4,02,00,00
223101000,2C5,false,Rx,0,8,00,00,00,00,00,00,00,00
223101000,2C6,false,Rx,0,8,F4,01,84,03,00,00,00,00
223120000,54,false,Rx,0,8,01,01,FE,FF,FE,FF,00,00
223120000,55,false,Rx,0,8,10,27,00,00,00,00,00,00
223121000,56,false,Rx,0,8,10,27,00,00,00,00,00,00
223131000,57,false,Rx,0,8,00,00,FE,FF,FE,FF,00,00
223167000,625,false,Rx,0,8,25,00,11,43,FD,BB,E4,01
223181000,60D,false,Rx,0,8,0D,10,DF,23,02,20,70,00
223267000,625,false,Rx,0,8,25,00,11,43,FD,BB,E4,01
223281000,60D,false,Rx,0,8,0D,10,DF,23,02,20,70,00
223301000,2C4,false,Rx,0,8,05,00,00,00,E4,02,00,00
223301000,2C5,false,Rx,0,8,00,00,00,00,00,00,00,00
223301000,2C6,false,Rx,0,8,F4,01,84,03,00,00,00,00
223320000,54,false,Rx,0,8,01,01,FE,FF,FE,FF,00,00
223320000,55,false,Rx,0,8,10,27,00,00,00,00,00,00
223321000,56,false,Rx,0,8,10,27,00,00,00,00,00,00
223331000,57,false,Rx,0,8,00,00,FE,FF,FE,FF,00,00
223367000,625,false,Rx,0,8,25,00,11,43,FD,BB,E4,01
223381000,60D,false,Rx,0,8,0D,10,DF,23,02,20,70,00
223467000,625,false,Rx,0,8,25,00,11,43,FD,BB,E4,01
223481000,60D,false,Rx,0,8,0D,10,DF,23,02,20,70,00
223501000,2C4,false,Rx,0,8,05,00,00,00,E4,02,00,00
223501000,2C5,false,Rx,0,8,00,00,00,00,00,00,00,00
223501000,2C6,false,Rx,0,8,F4,01,84,03,00,00,00,00
223520000,54,false,Rx,0,8,01,01,FE,FF,FE,FF,00,00
223520000,55,false,Rx,0,8,10,27,00,00,00,00,00,00
223521000,56,false,Rx,0,8,10,27,00,00,00,00,00,00
223531000,57,false,Rx,0,8,00,00,FE,FF,FE,FF,00,00
223567000,625,false,Rx,0,8,25,00,11,43,FD,BB,E4,01
223581000,60D,false,Rx,0,8,0D,10,DF,23,02,20,70,00
223667000,625,false,Rx,0,8,25,00,11,43,FD,BB,E4,01
223681000,60D,false,Rx,0,8,0D,10,DF,23,02,20,70,00
223701000,2C4,false,Rx,0,8,05,00,00,00,E4,02,00,00
223701000,2C5,false,Rx,0,8,00,00,00,00,00,00,00,00
223701000,2C6,false,Rx,0,8,F4,01,84,03,00,00,00,00
223720000,54,false,Rx,0,8,01,01,FE,FF,FE,FF,00,00
223720000,55,false,Rx,0,8,10,27,00,00,00,00,00,00
223721000,56,false,Rx,0,8,10,27,00,00,00,00,00,00
223731000,57,false,Rx,0,8,00,00,FE,FF,FE,FF,00,00
223767000,625,false,Rx,0,8,25,00,11,43,FD,BB,E4,01
223781000,60D,false,Rx,0,8,0D,10,DF,23,02,20,70,00
223867000,625,false,Rx,0,8,25,00,11,43,FD,BB,E4,01
223881000,60D,false,Rx,0,8,0D,10,DF,23,02,20,70,00
223901000,2C4,false,Rx,0,8,05,00,00,00,E4,02,00,00
223901000,2C5,false,Rx,0,8,00,00,00,00,00,00,00,00
223901000,2C6,false,Rx,0,8,F4,01,84,03,00,00,00,00
223920000,54,false,Rx,0,8,01,01,FE,FF,FE,FF,00,00
223920000,55,false,Rx,0,8,10,27,00,00,00,00,00,00
223921000,56,false,Rx,0,8,10,27,00,00,00,00,00,00
223931000,57,false,Rx,0,8,00,00,FE,FF,FE,FF,00,00
223967000,625,false,Rx,0,8,25,00,11,43,FD,BB,E4,01
223981000,60D,false,Rx,0,8,0D,10,DF,23,02,20,70,00
224067000,625,false,Rx,0,8,25,00,11,43,FD,BB,E4,01
224081000,60D,false,Rx,0,8,0D,10,DF,23,02,20,70,00
224101000,2C4,false,Rx,0,8,05,00,00,00,E4,02,00,00
224101000,2C5,false,Rx,0,8,00,00,00,00,00,00,00,00
224101000,2C6,false,Rx,0,8,F4,01,84,03,00,00,00,00
224120000,54,false,Rx,0,8,01,01,FE,FF,FE,FF,00,00
224120000,55,false,Rx,0,8,10,27,00,00,00,00,00,00
224121000,56,false,Rx,0,8,10,27,00,00,00,00,00,00
224131000,57,false,Rx,0,8,00,00,FE,FF,FE,FF,00,00
224167000,625,false,Rx,0,8,25,00,11,43,FD,BB,E4,01
224181000,60D,false,Rx,0,8,0D,10,DF,23,02,20,70,00
224267000,625,false,Rx,0,8,25,00,11,43,FD,BB,E4,01
224281000,60D,false,Rx,0,8,0D,10,DF,23,02,20,70,00
224301000,2C4,false,Rx,0,8,05,00,00,00,E4,02,00,00
224301000,2C5,false,Rx,0,8,00,00,00,00,00,00,00,00
224301000,2C6,false,Rx,0,8,F4,01,84,03,00,00,00,00
224320000,54,false,Rx,0,8,01,01,FE,FF,FE,FF,00,00
224320000,55,false,Rx,0,8,10,27,00,00,00,00,00,00
224321000,56,false,Rx,0,8,10,27,00,00,00,00,00,00
224331000,57,false,Rx,0,8,00,00,FE,FF,FE,FF,00,00
224367000,625,false,Rx,0,8,25,00,11,43,FD,BB,E4,01
224381000,60D,false,Rx,0,8,0D,10,DF,23,02,20,70,00
224467000,625,false,Rx,0,8,25,00,11,43,FD,BB,E4,01
224481000,60D,false,Rx,0,8,0D,10,DF,23,02,20,70,00
224501000,2C4,false,Rx,0,8,05,00,00,00,E4,02,00,00
224501000,2C5,false,Rx,0,8,00,00,00,00,00,00,00,00
224501000,2C6,false,Rx,0,8,F4,01,84,03,00,00,00,00
224520000,54,false,Rx,0,8,01,01,FE,FF,FE,FF,00,00
224520000,55,false,Rx,0,8,10,27,00,00,00,00,00,00
224521000,56,false,Rx,0,8,10,27,00,00,00,00,00,00
224531000,57,false,Rx,0,8,00,00,FE,FF,FE,FF,00,00
224567000,625,false,Rx,0,8,25,00,11,43,FD,BB,E4,01
224581000,60D,false,Rx,0,8,0D,10,DF,23,02,20,70,00
224667000,625,false,Rx,0,8,25,00,11,43,FD,BB,E4,01
224681000,60D,false,Rx,0,8,0D,10,DF,23,02,20,70,00
224701000,2C4,false,Rx,0,8,05,00,00,00,E4,02,00,00
224701000,2C5,false,Rx,0,8,00,00,00,00,00,00,00,00
224701000,2C6,false,Rx,0,8,F4,01,84,03,00,00,00,00
224720000,54,false,Rx,0,8,01,01,FE,FF,FE,FF,00,00
224720000,55,false,Rx,0,8,10,27,00,00,00,00,00,00
224721000,56,false,Rx,0,8,10,27,00,00,00,00,00,00
224731000,57,false,Rx,0,8,00,00,FE,FF,FE,FF,00,00
224767000,625,false,Rx,0,8,25,00,11,43,FD,BB,E4,01
224781000,60D,false,Rx,0,8,0D,10,DF,23,02,20,70,00
224867000,625,false,Rx,0,8,25,00,11,43,FD,BB,E4,01
224881000,60D,false,Rx,0,8,0D,10,DF,23,02,20,70,00
224901000,2C4,false,Rx,0,8,05,00,00,00,E4,02,00,00
224901000,2C5,false,Rx,0,8,00,00,00,00,00,00,00,00
224901000,2C6,false,Rx,0,8,F4,01,84,03,00,00,00,00
224920000,54,false,Rx,0,8,01,01,FE,FF,FE,FF,00,00
224920000,55,false,Rx,0,8,10,27,00,00,00,00,00,00
224921000,56,false,Rx,0,8,10,27,00,00,00,00,00,00
224931000,57,false,Rx,0,8,00,00,FE,FF,FE,FF,00,00
224967000,625,false,Rx,0,8,25,00,11,43,FD,BB,E4,01
224981000,60D,false,Rx,0,8,0D,10,DF,23,02,20,70,00
225067000,625,false,Rx,0,8,25,00,11,43,FD,BB,E4,01
225081000,60D,false,Rx,0,8,0D,10,DF,23,02,20,70,00
225101000,2C4,false,Rx,0,8,05,00,00,00,E4,02,00,00
225101000,2C5,false,Rx,0,8,00,00,00,00,00,00,00,00
225101000,2C6,false,Rx,0,8,F4,01,84,03,00,00,00,00
225120000,54,false,Rx,0,8,01,01,FE,FF,FE,FF,00,00
225120000,55,false,Rx,0,8,10,27,00,00,00,00,00,00
225121000,56,false,Rx,0,8,10,27,00,00,00,00,00,00
225131000,57,false,Rx,0,8,00,00,FE,FF,FE,FF,00,00
225167000,625,false,Rx,0,8,25,00,11,43,FD,BB,E4,01
225181000,60D,false,Rx,0,8,0D,10,DF,23,02,20,70,00
225266000,625,false,Rx,0,8,25,00,11,43,FD,BB,E4,01
225281000,60D,false,Rx,0,8,0D,10,DF,23,02,20,70,00
225301000,2C4,false,Rx,0,8,05,00,00,00,E4,02,00,00
225301000,2C5,false,Rx,0,8,00,00,00,00,00,00,00,00
225301000,2C6,false,Rx,0,8,F4,01,84,03,00,00,00,00
225320000,54,false,Rx,0,8,01,01,FE,FF,FE,FF,00,00
225320000,55,false,Rx,0,8,10,27,00,00,00,00,00,00
225321000,56,false,Rx,0,8,10,27,00,00,00,00,00,00
225331000,57,false,Rx,0,8,00,00,FE,FF,FE,FF,00,00
225366000,625,false,Rx,0,8,25,00,11,43,FD,BB,E4,01
225381000,60D,false,Rx,0,8,0D,10,DF,23,02,20,70,00
225467000,625,false,Rx,0,8,25,00,11,43,FD,BB,E4,01
225481000,60D,false,Rx,0,8,0D,10,DF,23,02,20,70,00
225501000,2C4,false,Rx,0,8,05,00,00,00,E4,02,00,00
225501000,2C5,false,Rx,0,8,00,00,00,00,00,00,00,00
225501000,2C6,false,Rx,0,8,F4,01,84,03,00,00,00,00
225520000,54,false,Rx,0,8,01,01,FE,FF,FE,FF,00,00
225520000,55,false,Rx,0,8,10,27,00,00,00,00,00,00
225521000,56,false,Rx,0,8,10,27,00,00,00,00,00,00
225531000,57,false,Rx,0,8,00,00,FE,FF,FE,FF,00,00
225566000,625,false,Rx,0,8,25,00,11,43,FD,BB,E4,01
225581000,60D,false,Rx,0,8,0D,10,DF,23,02,20,70,00
225666000,625,false,Rx,0,8,25,00,11,43,FD,BB,E4,01
225681000,60D,false,Rx,0,8,0D,10,DF,23,02,20,70,00
225701000,2C4,false,Rx,0,8,05,00,00,00,E4,02,00,00
225701000,2C5,false,Rx,0,8,00,00,00,00,00,00,00,00
225701000,2C6,false,Rx,0,8,F4,01,84,03,00,00,00,00
225720000,54,false,Rx,0,8,01,01,FE,FF,FE,FF,00,00
225720000,55,false,Rx,0,8,10,27,00,00,00,00,00,00
225721000,56,false,Rx,0,8,10,27,00,00,00,00,00,00
225731000,57,false,Rx,0,8,00,00,FE,FF,FE,FF,00,00
225766000,625,false,Rx,0,8,25,00,11,43,FD,BB,E4,01
225781000,60D,false,Rx,0,8,0D,10,DF,23,02,20,70,00
225866000,625,false,Rx,0,8,25,00,11,43,FD,BB,E4,01
225881000,60D,false,Rx,0,8,0D,10,DF,23,02,20,70,00
225901000,2C4,false,Rx,0,8,05,00,00,00,E6,02,00,00
225901000,2C5,false,Rx,0,8,00,00,00,00,00,00,00,00
225901000,2C6,false,Rx,0,8,F4,01,84,03,00,00,00,00
225920000,54,false,Rx,0,8,01,01,FE,FF,FE,FF,00,00
225920000,55,false,Rx,0,8,10,27,00,00,00,00,00,00
225921000,56,false,Rx,0,8,10,27,00,00,00,00,00,00
225931000,57,false,Rx,0,8,00,00,FE,FF,FE,FF,00,00
225966000,625,false,Rx,0,8,25,00,11,43,FD,BB,E4,01
225981000,60D,false,Rx,0,8,0D,10,DF,23,02,20,70,00
226066000,625,false,Rx,0,8,25,00,11,43,FD,BB,E4,01
226081000,60D,false,Rx,0,8,0D,10,DF,23,02,20,70,00
226101000,2C4,false,Rx,0,8,05,00,00,00,E4,02,00,00
226101000,2C5,false,Rx,0,8,00,00,00,00,00,00,00,00
226101000,2C6,false,Rx,0,8,F4,01,84,03,00,00,00,00
226120000,54,false,Rx,0,8,01,01,FE,FF,FE,FF,00,00
226120000,55,false,Rx,0,8,10,27,00,00,00,00,00,00
226121000,56,false,Rx,0,8,10,27,00,00,00,00,00,00
226131000,57,false,Rx,0,8,00,00,FE,FF,FE,FF,00,00
226166000,625,false,Rx,0,8,25,00,11,43,FD,BB,E4,01
226181000,60D,false,Rx,0,8,0D,10,DF,23,02,20,70,00
226266000,625,false,Rx,0,8,25,00,11,43,FD,BB,E4,01
226281000,60D,false,Rx,0,8,0D,10,DF,23,02,20,70,00
226301000,2C4,false,Rx,0,8,05,00,00,00,E4,02,00,00
226301000,2C5,false,Rx,0,8,00,00,00,00,00,00,00,00
226301000,2C6,false,Rx,0,8,F4,01,84,03,00,00,00,00
226320000,54,false,Rx,0,8,01,01,FE,FF,FE,FF,00,00
226320000,55,false,Rx,0,8,10,27,00,00,00,00,00,00
226321000,56,false,Rx,0,8,10,27,00,00,00,00,00,00
226331000,57,false,Rx,0,8,00,00,FE,FF,FE,FF,00,00
226366000,625,false,Rx,0,8,25,00,11,43,FD,BB,E4,01
226381000,60D,false,Rx,0,8,0D,10,DF,23,02,20,70,00
226466000,625,false,Rx,0,8,25,00,11,43,FD,BB,E4,01
226481000,60D,false,Rx,0,8,0D,10,DF,23,02,20,70,00
226501000,2C4,false,Rx,0,8,05,00,00,00,E4,02,00,00
226501000,2C5,false,Rx,0,8,00,00,00,00,00,00,00,00
226501000,2C6,false,Rx,0,8,F4,01,84,03,00,00,00,00
226520000,54,false,Rx,0,8,01,01,FE,FF,FE,FF,00,00
226520000,55,false,Rx,0,8,10,27,00,00,00,00,00,00
226521000,56,false,Rx,0,8,10,27,00,00,00,00,00,00
226531000,57,false,Rx,0,8,00,00,FE,FF,FE,FF,00,00
226566000,625,false,Rx,0,8,25,00,11,43,FD,BB,E4,01
226581000,60D,false,Rx,0,8,0D,10,DF,23,02,20,70,00
226666000,625,false,Rx,0,8,25,00,11,43,FD,BB,E4,01
226681000,60D,false,Rx,0,8,0D,10,DF,23,02,20,70,00
226701000,2C4,false,Rx,0,8,05,00,00,00,E4,02,00,00
226701000,2C5,false,Rx,0,8,00,00,00,00,00,00,00,00
226701000,2C6,false,Rx,0,8,F4,01,84,03,00,00,00,00
226720000,54,false,Rx,0,8,01,01,FE,FF,FE,FF,00,00
226720000,55,false,Rx,0,8,10,27,00,00,00,00,00,00
226721000,56,false,Rx,0,8,10,27,00,00,00,00,00,00
226731000,57,false,Rx,0,8,00,00,FE,FF,FE,FF,00,00
226766000,625,false,Rx,0,8,25,00,11,43,FD,BB,E4,01
226781000,60D,false,Rx,0,8,0D,10,DF,23,02,20,70,00
226866000,625,false,Rx,0,8,25,00,11,43,FD,BB,E4,01
226881000,60D,false,Rx,0,8,0D,10,DF,23,02,20,70,00
226901000,2C4,false,Rx,0,8,05,00,00,00,E4,02,00,00
226901000,2C5,false,Rx,0,8,00,00,00,00,00,00,00,00
226901000,2C6,false,Rx,0,8,F4,01,84,03,00,00,00,00
226920000,54,false,Rx,0,8,01,01,FE,FF,FE,FF,00,00
226921000,55,false,Rx,0,8,10,27,00,00,00,00,00,00
226921000,56,false,Rx,0,8,10,27,00,00,00,00,00,00
226931000,57,false,Rx,0,8,00,00,FE,FF,FE,FF,00,00
226966000,625,false,Rx,0,8,25,00,11,43,FD,BB,E4,01
226981000,60D,false,Rx,0,8,0D,10,DF,23,02,20,70,00
227066000,625,false,Rx,0,8,25,00,11,43,FD,BB,E4,01
227081000,60D,false,Rx,0,8,0D,10,DF,23,02,20,70,00
227101000,2C4,false,Rx,0,8,05,00,00,00,E6,02,00,00
227101000,2C5,false,Rx,0,8,00,00,00,00,00,00,00,00
227101000,2C6,false,Rx,0,8,F4,01,84,03,00,00,00,00
227120000,54,false,Rx,0,8,01,01,FE,FF,FE,FF,00,00
227120000,55,false,Rx,0,8,10,27,00,00,00,00,00,00
227121000,56,false,Rx,0,8,10,27,00,00,00,00,00,00
227131000,57,false,Rx,0,8,00,00,FE,FF,FE,FF,00,00
227166000,625,false,Rx,0,8,25,00,11,43,FD,BB,E4,01
227181000,60D,false,Rx,0,8,0D,10,DF,23,02,20,70,00
227266000,625,false,Rx,0,8,25,00,11,43,FD,BB,E4,01
227281000,60D,false,Rx,0,8,0D,10,DF,23,02,20,70,00
227301000,2C4,false,Rx,0,8,05,00,00,00,E4,02,00,00
227301000,2C5,false,Rx,0,8,00,00,00,00,00,00,00,00
227301000,2C6,false,Rx,0,8,F4,01,84,03,00,00,00,00
227320000,54,false,Rx,0,8,01,01,FE,FF,FE,FF,00,00
227320000,55,false,Rx,0,8,10,27,00,00,00,00,00,00
227321000,56,false,Rx,0,8,10,27,00,00,00,00,00,00
227331000,57,false,Rx,0,8,00,00,FE,FF,FE,FF,00,00
227366000,625,false,Rx,0,8,25,00,11,43,FD,BB,E4,01
227381000,60D,false,Rx,0,8,0D,10,DF,23,02,20,70,00
227466000,625,false,Rx,0,8,25,00,11,43,FD,BB,E4,01
227481000,60D,false,Rx,0,8,0D,10,DF,23,02,20,70,00
227501000,2C4,false,Rx,0,8,05,00,00,00,E4,02,00,00
227501000,2C5,false,Rx,0,8,00,00,00,00,00,00,00,00
227501000,2C6,false,Rx,0,8,F4,01,84,03,00,00,00,00
227520000,54,false,Rx,0,8,01,01,FE,FF,FE,FF,00,00
227520000,55,false,Rx,0,8,10,27,00,00,00,00,00,00
227521000,56,false,Rx,0,8,10,27,00,00,00,00,00,00
227531000,57,false,Rx,0,8,00,00,FE,FF,FE,FF,00,00
227566000,625,false,Rx,0,8,25,00,11,43,FD,BB,E4,01
227581000,60D,false,Rx,0,8,0D,10,DF,23,02,20,70,00
227666000,625,false,Rx,0,8,25,00,11,43,FD,BB,E4,01
227681000,60D,false,Rx,0,8,0D,10,DF,23,02,20,70,00
227700000,2C4,false,Rx,0,8,05,00,00,00,E4,02,00,00
227701000,2C5,false,Rx,0,8,00,00,00,00,00,00,00,00
227701000,2C6,false,Rx,0,8,F4,01,84,03,00,00,00,00
227720000,54,false,Rx,0,8,01,01,FE,FF,FE,FF,00,00
227720000,55,false,Rx,0,8,10,27,00,00,00,00,00,00
227721000,56,false,Rx,0,8,10,27,00,00,00,00,00,00
227731000,57,false,Rx,0,8,00,00,FE,FF,FE,FF,00,00
227766000,625,false,Rx,0,8,25,00,11,43,FD,BB,E4,01
227781000,60D,false,Rx,0,8,0D,10,DF,23,02,20,70,00
227866000,625,false,Rx,0,8,25,00,11,43,FD,BB,E4,01
227881000,60D,false,Rx,0,8,0D,10,DF,23,02,20,70,00
227900000,2C4,false,Rx,0,8,05,00,00,00,E6,02,00,00
227901000,2C5,false,Rx,0,8,00,00,00,00,00,00,00,00
227901000,2C6,false,Rx,0,8,F4,01,84,03,00,00,00,00
227920000,54,false,Rx,0,8,01,01,FE,FF,FE,FF,00,00
227920000,55,false,Rx,0,8,10,27,00,00,00,00,00,00
227921000,56,false,Rx,0,8,10,27,00,00,00,00,00,00
227931000,57,false,Rx,0,8,00,00,FE,FF,FE,FF,00,00
227966000,625,false,Rx,0,8,25,00,11,43,FD,BB,E4,01
227981000,60D,false,Rx,0,8,0D,10,DF,23,02,20,70,00
228066000,625,false,Rx,0,8,25,00,11,43,FD,BB,E4,01
228081000,60D,false,Rx,0,8,0D,10,DF,23,02,20,70,00
228100000,2C4,false,Rx,0,8,05,00,00,00,E4,02,00,00
228101000,2C5,false,Rx,0,8,00,00,00,00,00,00,00,00
228101000,2C6,false,Rx,0,8,F4,01,84,03,00,00,00,00
228120000,54,false,Rx,0,8,01,01,FE,FF,FE,FF,00,00
228120000,55,false,Rx,0,8,10,27,00,00,00,00,00,00
228121000,56,false,Rx,0,8,10,27,00,00,00,00,00,00
228131000,57,false,Rx,0,8,00,00,FE,FF,FE,FF,00,00
228166000,625,false,Rx,0,8,25,00,11,43,FD,BB,E4,01
228181000,60D,false,Rx,0,8,0D,10,DF,23,02,20,70,00
228266000,625,false,Rx,0,8,25,00,11,43,FD,BB,E4,01
228281000,60D,false,Rx,0,8,0D,10,DF,23,02,20,70,00
228300000,2C4,false,Rx,0,8,05,00,00,00,E4,02,00,00
228301000,2C5,false,Rx,0,8,00,00,00,00,00,00,00,00
228301000,2C6,false,Rx,0,8,F4,01,84,03,00,00,00,00
228320000,54,false,Rx,0,8,01,01,FE,FF,FE,FF,00,00
228320000,55,false,Rx,0,8,10,27,00,00,00,00,00,00
228321000,56,false,Rx,0,8,10,27,00,00,00,00,00,00
228331000,57,false,Rx,0,8,00,00,FE,FF,FE,FF,00,00
228366000,625,false,Rx,0,8,25,00,11,43,FD,BB,E4,01
228381000,60D,false,Rx,0,8,0D,10,DF,23,02,20,70,00
228466000,625,false,Rx,0,8,25,00,11,43,FD,BB,E4,01
228481000,60D,false,Rx,0,8,0D,10,DF,23,02,20,70,00
228500000,2C4,false,Rx,0,8,05,00,00,00,E6,02,00,00
228501000,2C5,false,Rx,0,8,00,00,00,00,00,00,00,00
228501000,2C6,false,Rx,0,8,F4,01,84,03,00,00,00,00
228520000,54,false,Rx,0,8,01,01,FE,FF,FE,FF,00,00
228520000,55,false,Rx,0,8,10,27,00,00,00,00,00,00
228521000,56,false,Rx,0,8,10,27,00,00,00,00,00,00
228531000,57,false,Rx,0,8,00,00,FE,FF,FE,FF,00,00
228566000,625,false,Rx,0,8,25,00,11,43,FD,BB,E4,01
228581000,60D,false,Rx,0,8,0D,10,DF,23,02,20,70,00
228666000,625,false,Rx,0,8,25,00,11,43,FD,BB,E4,01
228681000,60D,false,Rx,0,8,0D,10,DF,23,02,20,70,00
228700000,2C4,false,Rx,0,8,05,00,00,00,E6,02,00,00
228701000,2C5,false,Rx,0,8,00,00,00,00,00,00,00,00
228701000,2C6,false,Rx,0,8,F4,01,84,03,00,00,00,00
228720000,54,false,Rx,0,8,01,01,FE,FF,FE,FF,00,00
228720000,55,false,Rx,0,8,10,27,00,00,00,00,00,00
228721000,56,false,Rx,0,8,10,27,00,00,00,00,00,00
228731000,57,false,Rx,0,8,00,00,FE,FF,FE,FF,00,00
228766000,625,false,Rx,0,8,25,00,11,43,FD,BB,E4,01
228781000,60D,false,Rx,0,8,0D,10,DF,23,02,20,70,00
228866000,625,false,Rx,0,8,25,00,11,43,FD,BB,E4,01
228881000,60D,false,Rx,0,8,0D,10,DF,23,02,20,70,00
228900000,2C4,false,Rx,0,8,05,00,00,00,E4,02,00,00
228901000,2C5,false,Rx,0,8,00,00,00,00,00,00,00,00
228901000,2C6,false,Rx,0,8,F4,01,84,03,00,00,00,00
228920000,54,false,Rx,0,8,01,01,FE,FF,FE,FF,00,00
228920000,55,false,Rx,0,8,10,27,00,00,00,00,00,00
228921000,56,false,Rx,0,8,10,27,00,00,00,00,00,00
228931000,57,false,Rx,0,8,00,00,FE,FF,FE,FF,00,00
228966000,625,false,Rx,0,8,25,00,11,43,FD,BB,E4,01
228981000,60D,false,Rx,0,8,0D,10,DF,23,02,20,70,00
229066000,625,false,Rx,0,8,25,00,11,43,FD,BB,E4,01
229081000,60D,false,Rx,0,8,0D,10,DF,23,02,20,70,00
229100000,2C4,false,Rx,0,8,05,00,00,00,E6,02,00,00
229101000,2C5,false,Rx,0,8,00,00,00,00,00,00,00,00
229101000,2C6,false,Rx,0,8,F4,01,84,03,00,00,00,00
229120000,54,false,Rx,0,8,01,01,FE,FF,FE,FF,00,00
229120000,55,false,Rx,0,8,10,27,00,00,00,00,00,00
229121000,56,false,Rx,0,8,10,27,00,00,00,00,00,00
229131000,57,false,Rx,0,8,00,00,FE,FF,FE,FF,00,00
229166000,625,false,Rx,0,8,25,00,11,43,FD,BB,E4,01
229181000,60D,false,Rx,0,8,0D,10,DF,23,02,20,70,00
229266000,625,false,Rx,0,8,25,00,11,43,FD,BB,E4,01
229281000,60D,false,Rx,0,8,0D,10,DF,23,02,20,70,00
229300000,2C4,false,Rx,0,8,05,00,00,00,E4,02,00,00
229301000,2C5,false,Rx,0,8,00,00,00,00,00,00,00,00
229301000,2C6,false,Rx,0,8,F4,01,84,03,00,00,00,00
229320000,54,false,Rx,0,8,01,01,FE,FF,FE,FF,00,00
229320000,55,false,Rx,0,8,10,27,00,00,00,00,00,00
229321000,56,false,Rx,0,8,10,27,00,00,00,00,00,00
229331000,57,false,Rx,0,8,00,00,FE,FF,FE,FF,00,00
229366000,625,false,Rx,0,8,25,00,11,43,FD,BB,E4,01
229381000,60D,false,Rx,0,8,0D,10,DF,23,02,20,70,00
229466000,625,false,Rx,0,8,25,00,11,43,FD,BB,E4,01
229481000,60D,false,Rx,0,8,0D,10,DF,23,02,20,70,00
229500000,2C4,false,Rx,0,8,05,00,00,00,E4,02,00,00
229501000,2C5,false,Rx,0,8,00,00,00,00,00,00,00,00
229501000,2C6,false,Rx,0,8,F4,01,84,03,00,00,00,00
229520000,54,false,Rx,0,8,01,01,FE,FF,FE,FF,00,00
229520000,55,false,Rx,0,8,10,27,00,00,00,00,00,00
229521000,56,false,Rx,0,8,10,27,00,00,00,00,00,00
229531000,57,false,Rx,0,8,00,00,FE,FF,FE,FF,00,00
229566000,625,false,Rx,0,8,25,00,11,43,FD,BB,E4,01
229581000,60D,false,Rx,0,8,0D,10,DF,23,02,20,70,00
229666000,625,false,Rx,0,8,25,00,11,43,FD,BB,E4,01
229681000,60D,false,Rx,0,8,0D,10,DF,23,02,20,70,00
229700000,2C4,false,Rx,0,8,05,00,00,00,E4,02,00,00
229701000,2C5,false,Rx,0,8,00,00,00,00,00,00,00,00
229701000,2C6,false,Rx,0,8,F4,01,84,03,00,00,00,00
229720000,54,false,Rx,0,8,01,01,FE,FF,FE,FF,00,00
229720000,55,false,Rx,0,8,10,27,00,00,00,00,00,00
229721000,56,false,Rx,0,8,10,27,00,00,00,00,00,00
229731000,57,false,Rx,0,8,00,00,FE,FF,FE,FF,00,00
229766000,625,false,Rx,0,8,25,00,11,43,FD,BB,E4,01
229781000,60D,false,Rx,0,8,0D,10,DF,23,02,20,70,00
229866000,625,false,Rx,0,8,25,00,11,43,FD,BB,E4,01
229881000,60D,false,Rx,0,8,0D,10,DF,23,02,20,70,00
229900000,2C4,false,Rx,0,8,05,00,00,00,E6,02,00,00
229901000,2C5,false,Rx,0,8,00,00,00,00,00,00,00,00
229901000,2C6,false,Rx,0,8,F4,01,84,03,00,00,00,00
229920000,54,false,Rx,0,8,01,01,FE,FF,FE,FF,00,00
229920000,55,false,Rx,0,8,10,27,00,00,00,00,00,00
229921000,56,false,Rx,0,8,10,27,00,00,00,00,00,00
229931000,57,false,Rx,0,8,00,00,FE,FF,FE,FF,00,00
229966000,625,false,Rx,0,8,25,00,11,43,FD,BB,E4,01
229981000,60D,false,Rx,0,8,0D,10,DF,23,02,20,70,00
230066000,625,false,Rx,0,8,25,00,11,43,FD,BB,E4,01
230081000,60D,false,Rx,0,8,0D,10,DF,23,02,20,70,00
230100000,2C4,false,Rx,0,8,05,00,00,00,E4,02,00,00
230101000,2C5,false,Rx,0,8,00,00,00,00,00,00,00,00
230101000,2C6,false,Rx,0,8,F4,01,84,03,00,00,00,00
230120000,54,false,Rx,0,8,01,01,FE,FF,FE,FF,00,00
230120000,55,false,Rx,0,8,10,27,00,00,00,00,00,00
230121000,56,false,Rx,0,8,10,27,00,00,00,00,00,00
230131000,57,false,Rx,0,8,00,00,FE,FF,FE,FF,00,00
230166000,625,false,Rx,0,8,25,00,11,43,FD,BB,E4,01
230181000,60D,false,Rx,0,8,0D,10,DF,23,02,20,70,00
230266000,625,false,Rx,0,8,25,00,11,43,FD,BB,E4,01
230281000,60D,false,Rx,0,8,0D,10,DF,23,02,20,70,00
230300000,2C4,false,Rx,0,8,05,00,00,00,E6,02,00,00
230301000,2C5,false,Rx,0,8,00,00,00,00,00,00,00,00
230301000,2C6,false,Rx,0,8,F4,01,84,03,00,00,00,00
230320000,54,false,Rx,0,8,01,01,FE,FF,FE,FF,00,00
230320000,55,false,Rx,0,8,10,27,00,00,00,00,00,00
230321000,56,false,Rx,0,8,10,27,00,00,00,00,00,00
230331000,57,false,Rx,0,8,00,00,FE,FF,FE,FF,00,00
230366000,625,false,Rx,0,8,25,00,11,43,FD,BB,E4,01
230381000,60D,false,Rx,0,8,0D,10,DF,23,02,20,70,00
230466000,625,false,Rx,0,8,25,00,11,43,FD,BB,E4,01
230481000,60D,false,Rx,0,8,0D,10,DF,23,02,20,70,00
230500000,2C4,false,Rx,0,8,05,00,00,00,E4,02,00,00
230501000,2C5,false,Rx,0,8,00,00,00,00,00,00,00,00
230501000,2C6,false,Rx,0,8,F4,01,84,03,00,00,00,00
230520000,54,false,Rx,0,8,01,01,FE,FF,FE,FF,00,00
230520000,55,false,Rx,0,8,10,27,00,00,00,00,00,00
230521000,56,false,Rx,0,8,10,27,00,00,00,00,00,00
230531000,57,false,Rx,0,8,00,00,FE,FF,FE,FF,00,00
230566000,625,false,Rx,0,8,25,00,11,43,FD,BB,E4,01
230581000,60D,false,Rx,0,8,0D,10,DF,23,02,20,70,00
230666000,625,false,Rx,0,8,25,00,11,43,FD,BB,E4,01
230681000,60D,false,Rx,0,8,0D,10,DF,23,02,20,70,00
230700000,2C4,false,Rx,0,8,05,00,00,00,E6,02,00,00
230701000,2C5,false,Rx,0,8,00,00,00,00,00,00,00,00
230701000,2C6,false,Rx,0,8,F4,01,84,03,00,00,00,00
230720000,54,false,Rx,0,8,01,01,FE,FF,FE,FF,00,00
230720000,55,false,Rx,0,8,10,27,00,00,00,00,00,00
230721000,56,false,Rx,0,8,10,27,00,00,00,00,00,00
230731000,57,false,Rx,0,8,00,00,FE,FF,FE,FF,00,00
230766000,625,false,Rx,0,8,25,00,11,43,FD,BB,E4,01
230781000,60D,false,Rx,0,8,0D,10,DF,23,02,20,70,00
230866000,625,false,Rx,0,8,25,00,11,43,FD,BB,E4,01
230881000,60D,false,Rx,0,8,0D,10,DF,23,02,20,70,00
230900000,2C4,false,Rx,0,8,05,00,00,00,E4,02,00,00
230901000,2C5,false,Rx,0,8,00,00,00,00,00,00,00,00
230901000,2C6,false,Rx,0,8,F4,01,84,03,00,00,00,00
230920000,54,false,Rx,0,8,01,01,FE,FF,FE,FF,00,00
230920000,55,false,Rx,0,8,10,27,00,00,00,00,00,00
230921000,56,false,Rx,0,8,10,27,00,00,00,00,00,00
230931000,57,false,Rx,0,8,00,00,FE,FF,FE,FF,00,00
230966000,625,false,Rx,0,8,25,00,11,43,FD,BB,E4,01
230981000,60D,false,Rx,0,8,0D,10,DF,23,02,20,70,00
231066000,625,false,Rx,0,8,25,00,11,43,FD,BB,E4,01
231081000,60D,false,Rx,0,8,0D,10,DF,23,02,20,70,00
231100000,2C4,false,Rx,0,8,05,00,00,00,E6,02,00,00
231101000,2C5,false,Rx,0,8,00,00,00,00,00,00,00,00
231101000,2C6,false,Rx,0,8,F4,01,84,03,00,00,00,00
231120000,54,false,Rx,0,8,01,01,FE,FF,FE,FF,00,00
231120000,55,false,Rx,0,8,10,27,00,00,00,00,00,00
231121000,56,false,Rx,0,8,10,27,00,00,00,00,00,00
231131000,57,false,Rx,0,8,00,00,FE,FF,FE,FF,00,00
231166000,625,false,Rx,0,8,25,00,11,43,FD,BB,E4,01
231181000,60D,false,Rx,0,8,0D,10,DF,23,02,20,70,00
231266000,625,false,Rx,0,8,25,00,11,43,FD,BB,E4,01
231281000,60D,false,Rx,0,8,0D,10,DF,23,02,20,70,00
231300000,2C4,false,Rx,0,8,05,00,00,00,E4,02,00,00
231301000,2C5,false,Rx,0,8,00,00,00,00,00,00,00,00
231301000,2C6,false,Rx,0,8,F4,01,84,03,00,00,00,00
231320000,54,false,Rx,0,8,01,01,FE,FF,FE,FF,00,00
231320000,55,false,Rx,0,8,10,27,00,00,00,00,00,00
231321000,56,false,Rx,0,8,10,27,00,00,00,00,00,00
231331000,57,false,Rx,0,8,00,00,FE,FF,FE,FF,00,00
231366000,625,false,Rx,0,8,25,00,11,43,FD,BB,E4,01
231381000,60D,false,Rx,0,8,0D,10,DF,23,02,20,70,00
231466000,625,false,Rx,0,8,25,00,11,43,FD,BB,E4,01
231481000,60D,false,Rx,0,8,0D,10,DF,23,02,20,70,00
231500000,2C4,false,Rx,0,8,05,00,00,00,E4,02,00,00
231501000,2C5,false,Rx,0,8,00,00,00,00,00,00,00,00
231501000,2C6,false,Rx,0,8,F4,01,84,03,00,00,00,00
231520000,54,false,Rx,0,8,01,01,FE,FF,FE,FF,00,00
231520000,55,false,Rx,0,8,10,27,00,00,00,00,00,00
231521000,56,false,Rx,0,8,10,27,00,00,00,00,00,00
231531000,57,false,Rx,0,8,00,00,FE,FF,FE,FF,00,00
231566000,625,false,Rx,0,8,25,00,11,43,FD,BB,E4,01
231581000,60D,false,Rx,0,8,0D,10,DF,23,02,20,70,00
231666000,625,false,Rx,0,8,25,00,11,43,FD,BB,E4,01
231681000,60D,false,Rx,0,8,0D,10,DF,23,02,20,70,00
231700000,2C4,false,Rx,0,8,05,00,00,00,E4,02,00,00
231701000,2C5,false,Rx,0,8,00,00,00,00,00,00,00,00
231701000,2C6,false,Rx,0,8,F4,01,84,03,00,00,00,00
231720000,54,false,Rx,0,8,01,01,FE,FF,FE,FF,00,00
231720000,55,false,Rx,0,8,10,27,00,00,00,00,00,00
231721000,56,false,Rx,0,8,10,27,00,00,00,00,00,00
231731000,57,false,Rx,0,8,00,00,FE,FF,FE,FF,00,00
231766000,625,false,Rx,0,8,25,00,11,43,FD,BB,E4,01
231781000,60D,false,Rx,0,8,0D,10,DF,23,02,20,70,00
231866000,625,false,Rx,0,8,25,00,11,43,FD,BB,E4,01
231881000,60D,false,Rx,0,8,0D,10,DF,23,02,20,70,00
231900000,2C4,false,Rx,0,8,05,00,00,00,E6,02,00,00
231901000,2C5,false,Rx,0,8,00,00,00,00,00,00,00,00
231901000,2C6,false,Rx,0,8,F4,01,84,03,00,00,00,00
231920000,54,false,Rx,0,8,01,01,FE,FF,FE,FF,00,00
231920000,55,false,Rx,0,8,10,27,00,00,00,00,00,00
231921000,56,false,Rx,0,8,10,27,00,00,00,00,00,00
231931000,57,false,Rx,0,8,00,00,FE,FF,FE,FF,00,00
231966000,625,false,Rx,0,8,25,00,11,43,FD,BB,E4,01
231981000,60D,false,Rx,0,8,0D,10,DF,23,02,20,70,00
232066000,625,false,Rx,0,8,25,00,11,43,FD,BB,E4,01
232081000,60D,false,Rx,0,8,0D,10,DF,23,02,20,70,00
232100000,2C4,false,Rx,0,8,05,00,00,00,E4,02,00,00
232101000,2C5,false,Rx,0,8,00,00,00,00,00,00,00,00
232101000,2C6,false,Rx,0,8,F4,01,84,03,00,00,00,00
232120000,54,false,Rx,0,8,01,01,FE,FF,FE,FF,00,00
232120000,55,false,Rx,0,8,10,27,00,00,00,00,00,00
232121000,56,false,Rx,0,8,10,27,00,00,00,00,00,00
232131000,57,false,Rx,0,8,00,00,FE,FF,FE,FF,00,00
232166000,625,false,Rx,0,8,25,00,11,43,FD,BB,E4,01
232181000,60D,false,Rx,0,8,0D,10,DF,23,02,20,70,00
232266000,625,false,Rx,0,8,25,00,11,43,FD,BB,E4,01
232281000,60D,false,Rx,0,8,0D,10,DF,23,02,20,70,00
232300000,2C4,false,Rx,0,8,05,00,00,00,E6,02,00,00
232301000,2C5,false,Rx,0,8,00,00,00,00,00,00,00,00
232301000,2C6,false,Rx,0,8,F4,01,84,03,00,00,00,00
232320000,54,false,Rx,0,8,01,01,FE,FF,FE,FF,00,00
232320000,55,false,Rx,0,8,10,27,00,00,00,00,00,00
232321000,56,false,Rx,0,8,10,27,00,00,00,00,00,00
232331000,57,false,Rx,0,8,00,00,FE,FF,FE,FF,00,00
232366000,625,false,Rx,0,8,25,00,11,43,FD,BB,E4,01
232381000,60D,false,Rx,0,8,0D,10,DF,23,02,20,70,00
232466000,625,false,Rx,0,8,25,00,11,43,FD,BB,E4,01
232481000,60D,false,Rx,0,8,0D,10,DF,23,02,20,70,00
232500000,2C4,false,Rx,0,8,05,00,00,00,E4,02,00,00
232501000,2C5,false,Rx,0,8,00,00,00,00,00,00,00,00
232501000,2C6,false,Rx,0,8,F4,01,84,03,00,00,00,00
232520000,54,false,Rx,0,8,01,01,FE,FF,FE,FF,00,00
232520000,55,false,Rx,0,8,10,27,00,00,00,00,00,00
232521000,56,false,Rx,0,8,10,27,00,00,00,00,00,00
232531000,57,false,Rx,0,8,00,00,FE,FF,FE,FF,00,00
232566000,625,false,Rx,0,8,25,00,11,43,FD,BB,E4,01
232581000,60D,false,Rx,0,8,0D,10,DF,23,02,20,70,00
232666000,625,false,Rx,0,8,25,00,11,43,FD,BB,E4,01
232681000,60D,false,Rx,0,8,0D,10,DF,23,02,20,70,00
232700000,2C4,false,Rx,0,8,05,00,00,00,E6,02,00,00
232700000,2C5,false,Rx,0,8,00,00,00,00,00,00,00,00
232701000,2C6,false,Rx,0,8,F4,01,84,03,00,00,00,00
232720000,54,false,Rx,0,8,01,01,FE,FF,FE,FF,00,00
232720000,55,false,Rx,0,8,10,27,00,00,00,00,00,00
232721000,56,false,Rx,0,8,10,27,00,00,00,00,00,00
232731000,57,false,Rx,0,8,00,00,FE,FF,FE,FF,00,00
232766000,625,false,Rx,0,8,25,00,11,43,FD,BB,E4,01
232781000,60D,false,Rx,0,8,0D,10,DF,23,02,20,70,00
232866000,625,false,Rx,0,8,25,00,11,43,FD,BB,E4,01
232881000,60D,false,Rx,0,8,0D,10,DF,23,02,20,70,00
232900000,2C4,false,Rx,0,8,05,00,00,00,E4,02,00,00
232900000,2C5,false,Rx,0,8,00,00,00,00,00,00,00,00
232901000,2C6,false,Rx,0,8,F4,01,84,03,00,00,00,00
232920000,54,false,Rx,0,8,01,01,FE,FF,FE,FF,00,00
232920000,55,false,Rx,0,8,10,27,00,00,00,00,00,00
232921000,56,false,Rx,0,8,10,27,00,00,00,00,00,00
232931000,57,false,Rx,0,8,00,00,FE,FF,FE,FF,00,00
232966000,625,false,Rx,0,8,25,00,11,43,FD,BB,E4,01
232981000,60D,false,Rx,0,8,0D,10,DF,23,02,20,70,00
233066000,625,false,Rx,0,8,25,00,11,43,FD,BB,E4,01
233081000,60D,false,Rx,0,8,0D,10,DF,23,02,20,70,00
233100000,2C4,false,Rx,0,8,05,00,00,00,E6,02,00,00
233100000,2C5,false,Rx,0,8,00,00,00,00,00,00,00,00
233101000,2C6,false,Rx,0,8,F4,01,84,03,00,00,00,00
233120000,54,false,Rx,0,8,01,01,FE,FF,FE,FF,00,00
233120000,55,false,Rx,0,8,10,27,00,00,00,00,00,00
233121000,56,false,Rx,0,8,10,27,00,00,00,00,00,00
233131000,57,false,Rx,0,8,00,00,FE,FF,FE,FF,00,00
233166000,625,false,Rx,0,8,25,00,11,43,FD,BB,E4,01
233181000,60D,false,Rx,0,8,0D,10,DF,23,02,20,70,00
233266000,625,false,Rx,0,8,25,00,11,43,FD,BB,E4,01
233281000,60D,false,Rx,0,8,0D,10,DF,23,02,20,70,00
233300000,2C4,false,Rx,0,8,05,00,00,00,E6,02,00,00
233300000,2C5,false,Rx,0,8,00,00,00,00,00,00,00,00
233301000,2C6,false,Rx,0,8,F4,01,84,03,00,00,00,00
233320000,54,false,Rx,0,8,01,01,FE,FF,FE,FF,00,00
233320000,55,false,Rx,0,8,10,27,00,00,00,00,00,00
233321000,56,false,Rx,0,8,10,27,00,00,00,00,00,00
233331000,57,false,Rx,0,8,00,00,FE,FF,FE,FF,00,00
233366000,625,false,Rx,0,8,25,00,11,43,FD,BB,E4,01
233381000,60D,false,Rx,0,8,0D,10,DF,23,02,20,70,00
233466000,625,false,Rx,0,8,25,00,11,43,FD,BB,E4,01
233481000,60D,false,Rx,0,8,0D,10,DF,23,02,20,70,00
233500000,2C4,false,Rx,0,8,05,00,00,00,E6,02,00,00
233500000,2C5,false,Rx,0,8,00,00,00,00,00,00,00,00
233501000,2C6,false,Rx,0,8,F4,01,84,03,00,00,00,00
233520000,54,false,Rx,0,8,01,01,FE,FF,FE,FF,00,00
233520000,55,false,Rx,0,8,10,27,00,00,00,00,00,00
233521000,56,false,Rx,0,8,10,27,00,00,00,00,00,00
233531000,57,false,Rx,0,8,00,00,FE,FF,FE,FF,00,00
233566000,625,false,Rx,0,8,25,00,11,43,FD,BB,E4,01
233581000,60D,false,Rx,0,8,0D,10,DF,23,02,20,70,00
233666000,625,false,Rx,0,8,25,00,11,43,FD,BB,E4,01
233681000,60D,false,Rx,0,8,0D,10,DF,23,02,20,70,00
233700000,2C4,false,Rx,0,8,05,00,00,00,E4,02,00,00
233700000,2C5,false,Rx,0,8,00,00,00,00,00,00,00,00
233701000,2C6,false,Rx,0,8,F4,01,84,03,00,00,00,00
233720000,54,false,Rx,0,8,01,01,FE,FF,FE,FF,00,00
233720000,55,false,Rx,0,8,10,27,00,00,00,00,00,00
233721000,56,false,Rx,0,8,10,27,00,00,00,00,00,00
233731000,57,false,Rx,0,8,00,00,FE,FF,FE,FF,00,00
233766000,625,false,Rx,0,8,25,00,11,43,FD,BB,E4,01
233781000,60D,false,Rx,0,8,0D,10,DF,23,02,20,70,00
233866000,625,false,Rx,0,8,25,00,11,43,FD,BB,E4,01
233881000,60D,false,Rx,0,8,0D,10,DF,23,02,20,70,00
233900000,2C4,false,Rx,0,8,05,00,00,00,E6,02,00,00
233900000,2C5,false,Rx,0,8,00,00,00,00,00,00,00,00
233901000,2C6,false,Rx,0,8,F4,01,84,03,00,00,00,00
233920000,54,false,Rx,0,8,01,01,FE,FF,FE,FF,00,00
233920000,55,false,Rx,0,8,10,27,00,00,00,00,00,00
233921000,56,false,Rx,0,8,10,27,00,00,00,00,00,00
233931000,57,false,Rx,0,8,00,00,FE,FF,FE,FF,00,00
233966000,625,false,Rx,0,8,25,00,11,43,FD,BB,E4,01
233981000,60D,false,Rx,0,8,0D,10,DF,23,02,20,70,00
234066000,625,false,Rx,0,8,25,00,11,43,FD,BB,E4,01
234081000,60D,false,Rx,0,8,0D,10,DF,23,02,20,70,00
234100000,2C4,false,Rx,0,8,05,00,00,00,E6,02,00,00
234100000,2C5,false,Rx,0,8,00,00,00,00,00,00,00,00
234101000,2C6,false,Rx,0,8,F4,01,84,03,00,00,00,00
234120000,54,false,Rx,0,8,01,01,FE,FF,FE,FF,00,00
234120000,55,false,Rx,0,8,10,27,00,00,00,00,00,00
234121000,56,false,Rx,0,8,10,27,00,00,00,00,00,00
234131000,57,false,Rx,0,8,00,00,FE,FF,FE,FF,00,00
234166000,625,false,Rx,0,8,25,00,11,43,FD,BB,E4,01
234181000,60D,false,Rx,0,8,0D,10,DF,23,02,20,70,00
234266000,625,false,Rx,0,8,25,00,11,43,FD,BB,E4,01
234281000,60D,false,Rx,0,8,0D,10,DF,23,02,20,70,00
234300000,2C4,false,Rx,0,8,05,00,00,00,E6,02,00,00
234300000,2C5,false,Rx,0,8,00,00,00,00,00,00,00,00
234301000,2C6,false,Rx,0,8,F4,01,84,03,00,00,00,00
234320000,54,false,Rx,0,8,01,01,FE,FF,FE,FF,00,00
234320000,55,false,Rx,0,8,10,27,00,00,00,00,00,00
234321000,56,false,Rx,0,8,10,27,00,00,00,00,00,00
234331000,57,false,Rx,0,8,00,00,FE,FF,FE,FF,00,00
234366000,625,false,Rx,0,8,25,00,11,43,FD,BB,E4,01
234381000,60D,false,Rx,0,8,0D,10,DF,23,02,20,70,00
234466000,625,false,Rx,0,8,25,00,11,43,FD,BB,E4,01
234481000,60D,false,Rx,0,8,0D,10,DF,23,02,20,70,00
234500000,2C4,false,Rx,0,8,05,00,00,00,E4,02,00,00
234500000,2C5,false,Rx,0,8,00,00,00,00,00,00,00,00
234501000,2C6,false,Rx,0,8,F4,01,84,03,00,00,00,00
234520000,54,false,Rx,0,8,01,01,FE,FF,FE,FF,00,00
234520000,55,false,Rx,0,8,10,27,00,00,00,00,00,00
234521000,56,false,Rx,0,8,10,27,00,00,00,00,00,00
234531000,57,false,Rx,0,8,00,00,FE,FF,FE,FF,00,00
234566000,625,false,Rx,0,8,25,00,11,43,FD,BB,E4,01
234580000,60D,false,Rx,0,8,0D,10,DF,23,02,20,70,00
234666000,625,false,Rx,0,8,25,00,11,43,FD,BB,E4,01
234681000,60D,false,Rx,0,8,0D,10,DF,23,02,20,70,00
234700000,2C4,false,Rx,0,8,05,00,00,00,E4,02,00,00
234700000,2C5,false,Rx,0,8,00,00,00,00,00,00,00,00
234701000,2C6,false,Rx,0,8,F4,01,84,03,00,00,00,00
234720000,54,false,Rx,0,8,01,01,FE,FF,FE,FF,00,00
234720000,55,false,Rx,0,8,10,27,00,00,00,00,00,00
234721000,56,false,Rx,0,8,10,27,00,00,00,00,00,00
234731000,57,false,Rx,0,8,00,00,FE,FF,FE,FF,00,00
234766000,625,false,Rx,0,8,25,00,11,43,FD,BB,E4,01
234780000,60D,false,Rx,0,8,0D,10,DF,23,02,20,70,00
234866000,625,false,Rx,0,8,25,00,11,43,FD,BB,E4,01
234881000,60D,false,Rx,0,8,0D,10,DF,23,02,20,70,00
234900000,2C4,false,Rx,0,8,05,00,00,00,E4,02,00,00
234900000,2C5,false,Rx,0,8,00,00,00,00,00,00,00,00
234901000,2C6,false,Rx,0,8,F4,01,84,03,00,00,00,00
234920000,54,false,Rx,0,8,01,01,FE,FF,FE,FF,00,00
234920000,55,false,Rx,0,8,10,27,00,00,00,00,00,00
234921000,56,false,Rx,0,8,10,27,00,00,00,00,00,00
234931000,57,false,Rx,0,8,00,00,FE,FF,FE,FF,00,00
234966000,625,false,Rx,0,8,25,00,11,43,FD,BB,E4,01
234981000,60D,false,Rx,0,8,0D,10,DF,23,02,20,70,00
235066000,625,false,Rx,0,8,25,00,11,43,FD,BB,E4,01
235080000,60D,false,Rx,0,8,0D,10,DF,23,02,20,70,00
235100000,2C4,false,Rx,0,8,05,00,00,00,E6,02,00,00
235100000,2C5,false,Rx,0,8,00,00,00,00,00,00,00,00
235101000,2C6,false,Rx,0,8,F4,01,84,03,00,00,00,00
235120000,54,false,Rx,0,8,01,01,FE,FF,FE,FF,00,00
235120000,55,false,Rx,0,8,10,27,00,00,00,00,00,00
235121000,56,false,Rx,0,8,10,27,00,00,00,00,00,00
235131000,57,false,Rx,0,8,00,00,FE,FF,FE,FF,00,00
235166000,625,false,Rx,0,8,25,00,11,43,FD,BB,E4,01
235180000,60D,false,Rx,0,8,0D,10,DF,23,02,20,70,00
235266000,625,false,Rx,0,8,25,00,11,43,FD,BB,E4,01
235281000,60D,false,Rx,0,8,0D,10,DF,23,02,20,70,00
235300000,2C4,false,Rx,0,8,05,00,00,00,E4,02,00,00
235300000,2C5,false,Rx,0,8,00,00,00,00,00,00,00,00
235301000,2C6,false,Rx,0,8,F4,01,84,03,00,00,00,00
235320000,54,false,Rx,0,8,01,01,FE,FF,FE,FF,00,00
235320000,55,false,Rx,0,8,10,27,00,00,00,00,00,00
235321000,56,false,Rx,0,8,10,27,00,00,00,00,00,00
235331000,57,false,Rx,0,8,00,00,FE,FF,FE,FF,00,00
235366000,625,false,Rx,0,8,25,00,11,43,FD,BB,E4,01
235381000,60D,false,Rx,0,8,0D,10,DF,23,02,20,70,00
235466000,625,false,Rx,0,8,25,00,11,43,FD,BB,E4,01
235480000,60D,false,Rx,0,8,0D,10,DF,23,02,20,70,00
235500000,2C4,false,Rx,0,8,05,00,00,00,E6,02,00,00
235500000,2C5,false,Rx,0,8,00,00,00,00,00,00,00,00
235501000,2C6,false,Rx,0,8,F4,01,84,03,00,00,00,00
235520000,54,false,Rx,0,8,01,01,FE,FF,FE,FF,00,00
235520000,55,false,Rx,0,8,10,27,00,00,00,00,00,00
235521000,56,false,Rx,0,8,10,27,00,00,00,00,00,00
235531000,57,false,Rx,0,8,00,00,FE,FF,FE,FF,00,00
235566000,625,false,Rx,0,8,25,00,11,43,FD,BB,E4,01
235580000,60D,false,Rx,0,8,0D,10,DF,23,02,20,70,00
235666000,625,false,Rx,0,8,25,00,11,43,FD,BB,E4,01
235680000,60D,false,Rx,0,8,0D,10,DF,23,02,20,70,00
235700000,2C4,false,Rx,0,8,05,00,00,00,E4,02,00,00
235700000,2C5,false,Rx,0,8,00,00,00,00,00,00,00,00
235701000,2C6,false,Rx,0,8,F4,01,84,03,00,00,00,00
235720000,54,false,Rx,0,8,01,01,FE,FF,FE,FF,00,00
235720000,55,false,Rx,0,8,10,27,00,00,00,00,00,00
235721000,56,false,Rx,0,8,10,27,00,00,00,00,00,00
235731000,57,false,Rx,0,8,00,00,FE,FF,FE,FF,00,00
235766000,625,false,Rx,0,8,25,00,11,43,FD,BB,E4,01
235780000,60D,false,Rx,0,8,0D,10,DF,23,02,20,70,00
235866000,625,false,Rx,0,8,25,00,11,43,FD,BB,E4,01
235880000,60D,false,Rx,0,8,0D,10,DF,23,02,20,70,00
235900000,2C4,false,Rx,0,8,05,00,00,00,E6,02,00,00
235900000,2C5,false,Rx,0,8,00,00,00,00,00,00,00,00
235901000,2C6,false,Rx,0,8,F4,01,84,03,00,00,00,00
235920000,54,false,Rx,0,8,01,01,FE,FF,FE,FF,00,00
235920000,55,false,Rx,0,8,10,27,00,00,00,00,00,00
235921000,56,false,Rx,0,8,10,27,00,00,00,00,00,00
235931000,57,false,Rx,0,8,00,00,FE,FF,FE,FF,00,00
235966000,625,false,Rx,0,8,25,00,11,43,FD,BB,E4,01
235980000,60D,false,Rx,0,8,0D,10,DF,23,02,20,70,00
236066000,625,false,Rx,0,8,25,00,11,43,FD,BB,E4,01
236080000,60D,false,Rx,0,8,0D,10,DF,23,02,20,70,00
236100000,2C4,false,Rx,0,8,05,00,00,00,E6,02,00,00
236100000,2C5,false,Rx,0,8,00,00,00,00,00,00,00,00
236101000,2C6,false,Rx,0,8,F4,01,84,03,00,00,00,00
236120000,54,false,Rx,0,8,01,01,FE,FF,FE,FF,00,00
236120000,55,false,Rx,0,8,10,27,00,00,00,00,00,00
236121000,56,false,Rx,0,8,10,27,00,00,00,00,00,00
236131000,57,false,Rx,0,8,00,00,FE,FF,FE,FF,00,00
236166000,625,false,Rx,0,8,25,00,11,43,FD,BB,E4,01
236180000,60D,false,Rx,0,8,0D,10,DF,23,02,20,70,00
236266000,625,false,Rx,0,8,25,00,11,43,FD,BB,E4,01
236280000,60D,false,Rx,0,8,0D,10,DF,23,02,20,70,00
236300000,2C4,false,Rx,0,8,05,00,00,00,E6,02,00,00
236300000,2C5,false,Rx,0,8,00,00,00,00,00,00,00,00
236301000,2C6,false,Rx,0,8,F4,01,84,03,00,00,00,00
236320000,54,false,Rx,0,8,01,01,FE,FF,FE,FF,00,00
236320000,55,false,Rx,0,8,10,27,00,00,00,00,00,00
236321000,56,false,Rx,0,8,10,27,00,00,00,00,00,00
236331000,57,false,Rx,0,8,00,00,FE,FF,FE,FF,00,00
236366000,625,false,Rx,0,8,25,00,11,43,FD,BB,E4,01
236380000,60D,false,Rx,0,8,0D,10,DF,23,02,20,70,00
236466000,625,false,Rx,0,8,25,00,11,43,FD,BB,E4,01
236480000,60D,false,Rx,0,8,0D,10,DF,23,02,20,70,00
236500000,2C4,false,Rx,0,8,05,00,00,00,E4,02,00,00
236500000,2C5,false,Rx,0,8,00,00,00,00,00,00,00,00
236501000,2C6,false,Rx,0,8,F4,01,84,03,00,00,00,00
236520000,54,false,Rx,0,8,01,01,FE,FF,FE,FF,00,00
236520000,55,false,Rx,0,8,10,27,00,00,00,00,00,00
236521000,56,false,Rx,0,8,10,27,00,00,00,00,00,00
236531000,57,false,Rx,0,8,00,00,FE,FF,FE,FF,00,00
236566000,625,false,Rx,0,8,25,00,11,43,FD,BB,E4,01
236580000,60D,false,Rx,0,8,0D,10,DF,23,02,20,70,00
236666000,625,false,Rx,0,8,25,00,11,43,FD,BB,E4,01
236680000,60D,false,Rx,0,8,0D,10,DF,23,02,20,70,00
236700000,2C4,false,Rx,0,8,05,00,00,00,E6,02,00,00
236700000,2C5,false,Rx,0,8,00,00,00,00,00,00,00,00
236701000,2C6,false,Rx,0,8,F4,01,84,03,00,00,00,00
236720000,54,false,Rx,0,8,01,01,FE,FF,FE,FF,00,00
236720000,55,false,Rx,0,8,10,27,00,00,00,00,00,00
236721000,56,false,Rx,0,8,10,27,00,00,00,00,00,00
236731000,57,false,Rx,0,8,00,00,FE,FF,FE,FF,00,00
236766000,625,false,Rx,0,8,25,00,11,43,FD,BB,E4,01
236780000,60D,false,Rx,0,8,0D,10,DF,23,02,20,70,00
236866000,625,false,Rx,0,8,25,00,11,43,FD,BB,E4,01
236880000,60D,false,Rx,0,8,0D,10,DF,23,02,20,70,00
236900000,2C4,false,Rx,0,8,05,00,00,00,E4,02,00,00
236900000,2C5,false,Rx,0,8,00,00,00,00,00,00,00,00
236901000,2C6,false,Rx,0,8,F4,01,84,03,00,00,00,00
236920000,54,false,Rx,0,8,01,01,FE,FF,FE,FF,00,00
236920000,55,false,Rx,0,8,10,27,00,00,00,00,00,00
236921000,56,false,Rx,0,8,10,27,00,00,00,00,00,00
236931000,57,false,Rx,0,8,00,00,FE,FF,FE,FF,00,00
236966000,625,false,Rx,0,8,25,00,11,43,FD,BB,E4,01
236981000,60D,false,Rx,0,8,0D,10,DF,23,02,20,70,00
237066000,625,false,Rx,0,8,25,00,11,43,FD,BB,E4,01
237080000,60D,false,Rx,0,8,0D,10,DF,23,02,20,70,00
237100000,2C4,false,Rx,0,8,05,00,00,00,E6,02,00,00
237100000,2C5,false,Rx,0,8,00,00,00,00,00,00,00,00
237100000,2C6,false,Rx,0,8,F4,01,84,03,00,00,00,00
237120000,54,false,Rx,0,8,01,01,FE,FF,FE,FF,00,00
237120000,55,false,Rx,0,8,10,27,00,00,00,00,00,00
237120000,56,false,Rx,0,8,10,27,00,00,00,00,00,00
237131000,57,false,Rx,0,8,00,00,FE,FF,FE,FF,00,00
237166000,625,false,Rx,0,8,25,00,11,43,FD,BB,E4,01
237180000,60D,false,Rx,0,8,0D,10,DF,23,02,20,70,00
237266000,625,false,Rx,0,8,25,00,11,43,FD,BB,E4,01
237280000,60D,false,Rx,0,8,0D,10,DF,23,02,20,70,00
237300000,2C4,false,Rx,0,8,05,00,00,00,E6,02,00,00
237300000,2C5,false,Rx,0,8,00,00,00,00,00,00,00,00
237300000,2C6,false,Rx,0,8,F4,01,84,03,00,00,00,00
237320000,54,false,Rx,0,8,01,01,FE,FF,FE,FF,00,00
237320000,55,false,Rx,0,8,10,27,00,00,00,00,00,00
237321000,56,false,Rx,0,8,10,27,00,00,00,00,00,00
237331000,57,false,Rx,0,8,00,00,FE,FF,FE,FF,00,00
237366000,625,false,Rx,0,8,25,00,11,43,FD,BB,E4,01
237380000,60D,false,Rx,0,8,0D,10,DF,23,02,20,70,00
237466000,625,false,Rx,0,8,25,00,11,43,FD,BB,E4,01
237480000,60D,false,Rx,0,8,0D,10,DF,23,02,20,70,00
237500000,2C4,false,Rx,0,8,05,00,00,00,E6,02,00,00
237500000,2C5,false,Rx,0,8,00,00,00,00,00,00,00,00
237500000,2C6,false,Rx,0,8,F4,01,84,03,00,00,00,00
237520000,54,false,Rx,0,8,01,01,FE,FF,FE,FF,00,00
237520000,55,false,Rx,0,8,10,27,00,00,00,00,00,00
237521000,56,false,Rx,0,8,10,27,00,00,00,00,00,00
237531000,57,false,Rx,0,8,00,00,FE,FF,FE,FF,00,00
237566000,625,false,Rx,0,8,25,00,11,43,FD,BB,E4,01
237581000,60D,false,Rx,0,8,0D,10,DF,23,02,20,70,00
237666000,625,false,Rx,0,8,25,00,11,43,FD,BB,E4,01
237680000,60D,false,Rx,0,8,0D,10,DF,23,02,20,70,00
237700000,2C4,false,Rx,0,8,05,00,00,00,E6,02,00,00
237700000,2C5,false,Rx,0,8,00,00,00,00,00,00,00,00
237700000,2C6,false,Rx,0,8,F4,01,84,03,00,00,00,00
237720000,54,false,Rx,0,8,01,01,FE,FF,FE,FF,00,00
237720000,55,false,Rx,0,8,10,27,00,00,00,00,00,00
237721000,56,false,Rx,0,8,10,27,00,00,00,00,00,00
237731000,57,false,Rx,0,8,00,00,FE,FF,FE,FF,00,00
237766000,625,false,Rx,0,8,25,00,11,43,FD,BB,E4,01
237780000,60D,false,Rx,0,8,0D,10,DF,23,02,20,70,00
237866000,625,false,Rx,0,8,25,00,11,43,FD,BB,E4,01
237880000,60D,false,Rx,0,8,0D,10,DF,23,02,20,70,00
237900000,2C4,false,Rx,0,8,05,00,00,00,E6,02,00,00
237900000,2C5,false,Rx,0,8,00,00,00,00,00,00,00,00
237900000,2C6,false,Rx,0,8,F4,01,84,03,00,00,00,00
237920000,54,false,Rx,0,8,01,01,FE,FF,FE,FF,00,00
237920000,55,false,Rx,0,8,10,27,00,00,00,00,00,00
237920000,56,false,Rx,0,8,10,27,00,00,00,00,00,00
237931000,57,false,Rx,0,8,00,00,FE,FF,FE,FF,00,00
237966000,625,false,Rx,0,8,25,00,11,43,FD,BB,E4,01
237980000,60D,false,Rx,0,8,0D,10,DF,23,02,20,70,00
238066000,625,false,Rx,0,8,25,00,11,43,FD,BB,E4,01
238080000,60D,false,Rx,0,8,0D,10,DF,23,02,20,70,00
238100000,2C4,false,Rx,0,8,05,00,00,00,E6,02,00,00
238100000,2C5,false,Rx,0,8,00,00,00,00,00,00,00,00
238100000,2C6,false,Rx,0,8,F4,01,84,03,00,00,00,00
238120000,54,false,Rx,0,8,01,01,FE,FF,FE,FF,00,00
238120000,55,false,Rx,0,8,10,27,00,00,00,00,00,00
238120000,56,false,Rx,0,8,10,27,00,00,00,00,00,00
238131000,57,false,Rx,0,8,00,00,FE,FF,FE,FF,00,00
238166000,625,false,Rx,0,8,25,00,11,43,FD,BB,E4,01
238180000,60D,false,Rx,0,8,0D,10,DF,23,02,20,70,00
238266000,625,false,Rx,0,8,25,00,11,43,FD,BB,E4,01
238280000,60D,false,Rx,0,8,0D,10,DF,23,02,20,70,00
238300000,2C4,false,Rx,0,8,05,00,00,00,E6,02,00,00
238300000,2C5,false,Rx,0,8,00,00,00,00,00,00,00,00
238300000,2C6,false,Rx,0,8,F4,01,84,03,00,00,00,00
238320000,54,false,Rx,0,8,01,01,FE,FF,FE,FF,00,00
238320000,55,false,Rx,0,8,10,27,00,00,00,00,00,00
238320000,56,false,Rx,0,8,10,27,00,00,00,00,00,00
238331000,57,false,Rx,0,8,00,00,FE,FF,FE,FF,00,00
238366000,625,false,Rx,0,8,25,00,11,43,FD,BB,E4,01
238380000,60D,false,Rx,0,8,0D,10,DF,23,02,20,70,00
238466000,625,false,Rx,0,8,25,00,11,43,FD,BB,E4,01
238480000,60D,false,Rx,0,8,0D,10,DF,23,02,20,70,00
238500000,2C4,false,Rx,0,8,05,00,00,00,E4,02,00,00
238500000,2C5,false,Rx,0,8,00,00,00,00,00,00,00,00
238500000,2C6,false,Rx,0,8,F4,01,84,03,00,00,00,00
238520000,54,false,Rx,0,8,01,01,FE,FF,FE,FF,00,00
238520000,55,false,Rx,0,8,10,27,00,00,00,00,00,00
238520000,56,false,Rx,0,8,10,27,00,00,00,00,00,00
238531000,57,false,Rx,0,8,00,00,FE,FF,FE,FF,00,00
238566000,625,false,Rx,0,8,25,00,11,43,FD,BB,E4,01
238580000,60D,false,Rx,0,8,0D,10,DF,23,02,20,70,00
238666000,625,false,Rx,0,8,25,00,11,43,FD,BB,E4,01
238680000,60D,false,Rx,0,8,0D,10,DF,23,02,20,70,00
238700000,2C4,false,Rx,0,8,05,00,00,00,E6,02,00,00
238700000,2C5,false,Rx,0,8,00,00,00,00,00,00,00,00
238700000,2C6,false,Rx,0,8,F4,01,84,03,00,00,00,00
238720000,54,false,Rx,0,8,01,01,FE,FF,FE,FF,00,00
238720000,55,false,Rx,0,8,10,27,00,00,00,00,00,00
238720000,56,false,Rx,0,8,10,27,00,00,00,00,00,00
238731000,57,false,Rx,0,8,00,00,FE,FF,FE,FF,00,00
238766000,625,false,Rx,0,8,25,00,11,43,FD,BB,E4,01
238780000,60D,false,Rx,0,8,0D,10,DF,23,02,20,70,00
238866000,625,false,Rx,0,8,25,00,11,43,FD,BB,E4,01
238880000,60D,false,Rx,0,8,0D,10,DF,23,02,20,70,00
238900000,2C4,false,Rx,0,8,05,00,00,00,E6,02,00,00
238900000,2C5,false,Rx,0,8,00,00,00,00,00,00,00,00
238900000,2C6,false,Rx,0,8,F4,01,84,03,00,00,00,00
238920000,54,false,Rx,0,8,01,01,FE,FF,FE,FF,00,00
238920000,55,false,Rx,0,8,10,27,00,00,00,00,00,00
238920000,56,false,Rx,0,8,10,27,00,00,00,00,00,00
238931000,57,false,Rx,0,8,00,00,FE,FF,FE,FF,00,00
238966000,625,false,Rx,0,8,25,00,11,43,FD,BB,E4,01
238980000,60D,false,Rx,0,8,0D,10,DF,23,02,20,70,00
239066000,625,false,Rx,0,8,25,00,11,43,FD,BB,E4,01
239080000,60D,false,Rx,0,8,0D,10,DF,23,02,20,70,00
239100000,2C4,false,Rx,0,8,05,00,00,00,E6,02,00,00
239100000,2C5,false,Rx,0,8,00,00,00,00,00,00,00,00
239100000,2C6,false,Rx,0,8,F4,01,84,03,00,00,00,00
239120000,54,false,Rx,0,8,01,01,FE,FF,FE,FF,00,00
239120000,55,false,Rx,0,8,10,27,00,00,00,00,00,00
239120000,56,false,Rx,0,8,10,27,00,00,00,00,00,00
239131000,57,false,Rx,0,8,00,00,FE,FF,FE,FF,00,00
239166000,625,false,Rx,0,8,25,00,11,43,FD,BB,E4,01
239180000,60D,false,Rx,0,8,0D,10,DF,23,02,20,70,00
239266000,625,false,Rx,0,8,25,00,11,43,FD,BB,E4,01
239280000,60D,false,Rx,0,8,0D,10,DF,23,02,20,70,00
239300000,2C4,false,Rx,0,8,05,00,00,00,E6,02,00,00
239300000,2C5,false,Rx,0,8,00,00,00,00,00,00,00,00
239300000,2C6,false,Rx,0,8,F4,01,84,03,00,00,00,00
239320000,54,false,Rx,0,8,01,01,FE,FF,FE,FF,00,00
239320000,55,false,Rx,0,8,10,27,00,00,00,00,00,00
239320000,56,false,Rx,0,8,10,27,00,00,00,00,00,00
239331000,57,false,Rx,0,8,00,00,FE,FF,FE,FF,00,00
239366000,625,false,Rx,0,8,25,00,11,43,FD,BB,E4,01
239380000,60D,false,Rx,0,8,0D,10,DF,23,02,20,70,00
239466000,625,false,Rx,0,8,25,00,11,43,FD,BB,E4,01
239480000,60D,false,Rx,0,8,0D,10,DF,23,02,20,70,00
239500000,2C4,false,Rx,0,8,05,00,00,00,E6,02,00,00
239500000,2C5,false,Rx,0,8,00,00,00,00,00,00,00,00
239500000,2C6,false,Rx,0,8,F4,01,84,03,00,00,00,00
239520000,54,false,Rx,0,8,01,01,FE,FF,FE,FF,00,00
239520000,55,false,Rx,0,8,10,27,00,00,00,00,00,00
239520000,56,false,Rx,0,8,10,27,00,00,00,00,00,00
239531000,57,false,Rx,0,8,00,00,FE,FF,FE,FF,00,00
239566000,625,false,Rx,0,8,25,00,11,43,FD,BB,E4,01
239580000,60D,false,Rx,0,8,0D,10,DF,23,02,20,70,00
239666000,625,false,Rx,0,8,25,00,11,43,FD,BB,E4,01
239680000,60D,false,Rx,0,8,0D,10,DF,23,02,20,70,00
239700000,2C4,false,Rx,0,8,05,00,00,00,E6,02,00,00
239700000,2C5,false,Rx,0,8,00,00,00,00,00,00,00,00
239700000,2C6,false,Rx,0,8,F4,01,84,03,00,00,00,00
239720000,54,false,Rx,0,8,01,01,FE,FF,FE,FF,00,00
239720000,55,false,Rx,0,8,10,27,00,00,00,00,00,00
239720000,56,false,Rx,0,8,10,27,00,00,00,00,00,00
239731000,57,false,Rx,0,8,00,00,FE,FF,FE,FF,00,00
239766000,625,false,Rx,0,8,25,00,11,43,FD,BB,E4,01
239780000,60D,false,Rx,0,8,0D,10,DF,23,02,20,70,00
239866000,625,false,Rx,0,8,25,00,11,43,FD,BB,E4,01
239880000,60D,false,Rx,0,8,0D,10,DF,23,02,20,70,00
239900000,2C4,false,Rx,0,8,05,00,00,00,E6,02,00,00
239900000,2C5,false,Rx,0,8,00,00,00,00,00,00,00,00
239900000,2C6,false,Rx,0,8,F4,01,84,03,00,00,00,00
239920000,54,false,Rx,0,8,01,01,FE,FF,FE,FF,00,00
239920000,55,false,Rx,0,8,10,27,00,00,00,00,00,00
239920000,56,false,Rx,0,8,10,27,00,00,00,00,00,00
239931000,57,false,Rx,0,8,00,00,FE,FF,FE,FF,00,00
239966000,625,false,Rx,0,8,25,00,11,43,FD,BB,E4,01
239980000,60D,false,Rx,0,8,0D,10,DF,23,02,20,70,00
240066000,625,false,Rx,0,8,25,00,11,43,FD,BB,E4,01
240080000,60D,false,Rx,0,8,0D,10,DF,23,02,20,70,00
240100000,2C4,false,Rx,0,8,05,00,00,00,E6,02,00,00
240100000,2C5,false,Rx,0,8,00,00,00,00,00,00,00,00
240100000,2C6,false,Rx,0,8,F4,01,84,03,00,00,00,00
240120000,54,false,Rx,0,8,01,01,FE,FF,FE,FF,00,00
240120000,55,false,Rx,0,8,10,27,00,00,00,00,00,00
240120000,56,false,Rx,0,8,10,27,00,00,00,00,00,00
240131000,57,false,Rx,0,8,00,00,FE,FF,FE,FF,00,00
240166000,625,false,Rx,0,8,25,00,11,43,FD,BB,E4,01
240180000,60D,false,Rx,0,8,0D,10,DF,23,02,20,70,00
240266000,625,false,Rx,0,8,25,00,11,43,FD,BB,E4,01
240280000,60D,false,Rx,0,8,0D,10,DF,23,02,20,70,00
240300000,2C4,false,Rx,0,8,05,00,00,00,E6,02,00,00
240300000,2C5,false,Rx,0,8,00,00,00,00,00,00,00,00
240300000,2C6,false,Rx,0,8,F4,01,84,03,00,00,00,00
240320000,54,false,Rx,0,8,01,01,FE,FF,FE,FF,00,00
240320000,55,false,Rx,0,8,10,27,00,00,00,00,00,00
240320000,56,false,Rx,0,8,10,27,00,00,00,00,00,00
240331000,57,false,Rx,0,8,00,00,FE,FF,FE,FF,00,00
240366000,625,false,Rx,0,8,25,00,11,43,FD,BB,E4,01
240380000,60D,false,Rx,0,8,0D,10,DF,23,02,20,70,00
240466000,625,false,Rx,0,8,25,00,11,43,FD,BB,E4,01
240480000,60D,false,Rx,0,8,0D,10,DF,23,02,20,70,00
240500000,2C4,false,Rx,0,8,05,00,00,00,E6,02,00,00
240500000,2C5,false,Rx,0,8,00,00,00,00,00,00,00,00
240500000,2C6,false,Rx,0,8,F4,01,84,03,00,00,00,00
240520000,54,false,Rx,0,8,01,01,FE,FF,FE,FF,00,00
240520000,55,false,Rx,0,8,10,27,00,00,00,00,00,00
240520000,56,false,Rx,0,8,10,27,00,00,00,00,00,00
240531000,57,false,Rx,0,8,00,00,FE,FF,FE,FF,00,00
240566000,625,false,Rx,0,8,25,00,11,43,FD,BB,E4,01
240580000,60D,false,Rx,0,8,0D,10,DF,23,02,20,70,00
240666000,625,false,Rx,0,8,25,00,11,43,FD,BB,E4,01
240680000,60D,false,Rx,0,8,0D,10,DF,23,02,20,70,00
240700000,2C4,false,Rx,0,8,05,00,00,00,E6,02,00,00
240700000,2C5,false,Rx,0,8,00,00,00,00,00,00,00,00
240700000,2C6,false,Rx,0,8,F4,01,84,03,00,00,00,00
240720000,54,false,Rx,0,8,01,01,FE,FF,FE,FF,00,00
240720000,55,false,Rx,0,8,10,27,00,00,00,00,00,00
240720000,56,false,Rx,0,8,10,27,00,00,00,00,00,00
240731000,57,false,Rx,0,8,00,00,FE,FF,FE,FF,00,00
240766000,625,false,Rx,0,8,25,00,11,43,FD,BB,E4,01
240780000,60D,false,Rx,0,8,0D,10,DF,23,02,20,70,00
240866000,625,false,Rx,0,8,25,00,11,43,FD,BB,E4,01
240880000,60D,false,Rx,0,8,0D,10,DF,23,02,20,70,00
240900000,2C4,false,Rx,0,8,05,00,00,00,E6,02,00,00
240900000,2C5,false,Rx,0,8,00,00,00,00,00,00,00,00
240900000,2C6,false,Rx,0,8,F4,01,84,03,00,00,00,00
240920000,54,false,Rx,0,8,01,01,FE,FF,FE,FF,00,00
240920000,55,false,Rx,0,8,10,27,00,00,00,00,00,00
240920000,56,false,Rx,0,8,10,27,00,00,00,00,00,00
240931000,57,false,Rx,0,8,00,00,FE,FF,FE,FF,00,00
240966000,625,false,Rx,0,8,25,00,11,43,FD,BB,E4,01
240980000,60D,false,Rx,0,8,0D,10,DF,23,02,20,70,00
241066000,625,false,Rx,0,8,25,00,11,43,FD,BB,E4,01
241080000,60D,false,Rx,0,8,0D,10,DF,23,02,20,70,00
241100000,2C4,false,Rx,0,8,05,00,00,00,E6,02,00,00
241100000,2C5,false,Rx,0,8,00,00,00,00,00,00,00,00
241100000,2C6,false,Rx,0,8,F4,01,84,03,00,00,00,00
241120000,54,false,Rx,0,8,01,01,FE,FF,FE,FF,00,00
241120000,55,false,Rx,0,8,10,27,00,00,00,00,00,00
241120000,56,false,Rx,0,8,10,27,00,00,00,00,00,00
241131000,57,false,Rx,0,8,00,00,FE,FF,FE,FF,00,00
241166000,625,false,Rx,0,8,25,00,11,43,FD,BB,E4,01
241180000,60D,false,Rx,0,8,0D,10,DF,23,02,20,70,00
241266000,625,false,Rx,0,8,25,00,11,43,FD,BB,E4,01
241280000,60D,false,Rx,0,8,0D,10,DF,23,02,20,70,00
241300000,2C4,false,Rx,0,8,05,00,00,00,E6,02,00,00
241300000,2C5,false,Rx,0,8,00,00,00,00,00,00,00,00
241300000,2C6,false,Rx,0,8,F4,01,84,03,00,00,00,00
241320000,54,false,Rx,0,8,01,01,FE,FF,FE,FF,00,00
241320000,55,false,Rx,0,8,10,27,00,00,00,00,00,00
241320000,56,false,Rx,0,8,10,27,00,00,00,00,00,00
241331000,57,false,Rx,0,8,00,00,FE,FF,FE,FF,00,00
241366000,625,false,Rx,0,8,25,00,11,43,FD,BB,E4,01
241380000,60D,false,Rx,0,8,0D,10,DF,23,02,20,70,00
241466000,625,false,Rx,0,8,25,00,11,43,FD,BB,E4,01
241480000,60D,false,Rx,0,8,0D,10,DF,23,02,20,70,00
241500000,2C4,false,Rx,0,8,05,00,00,00,E6,02,00,00
241500000,2C5,false,Rx,0,8,00,00,00,00,00,00,00,00
241500000,2C6,false,Rx,0,8,F4,01,84,03,00,00,00,00
241520000,54,false,Rx,0,8,01,01,FE,FF,FE,FF,00,00
241520000,55,false,Rx,0,8,10,27,00,00,00,00,00,00
241520000,56,false,Rx,0,8,10,27,00,00,00,00,00,00
241531000,57,false,Rx,0,8,00,00,FE,FF,FE,FF,00,00
241566000,625,false,Rx,0,8,25,00,11,43,FD,BB,E4,01
241580000,60D,false,Rx,0,8,0D,10,DF,23,02,20,70,00
241666000,625,false,Rx,0,8,25,00,11,43,FD,BB,E4,01
241680000,60D,false,Rx,0,8,0D,10,DF,23,02,20,70,00
241700000,2C4,false,Rx,0,8,05,00,00,00,E6,02,00,00
241700000,2C5,false,Rx,0,8,00,00,00,00,00,00,00,00
241700000,2C6,false,Rx,0,8,F4,01,84,03,00,00,00,00
241720000,54,false,Rx,0,8,01,01,FE,FF,FE,FF,00,00
241720000,55,false,Rx,0,8,10,27,00,00,00,00,00,00
241720000,56,false,Rx,0,8,10,27,00,00,00,00,00,00
241731000,57,false,Rx,0,8,00,00,FE,FF,FE,FF,00,00
241766000,625,false,Rx,0,8,25,00,11,43,FD,BB,E4,01
241780000,60D,false,Rx,0,8,0D,10,DF,23,02,20,70,00
241866000,625,false,Rx,0,8,25,00,11,43,FD,BB,E4,01
241880000,60D,false,Rx,0,8,0D,10,DF,23,02,20,70,00
241900000,2C4,false,Rx,0,8,05,00,00,00,E6,02,00,00
241900000,2C5,false,Rx,0,8,00,00,00,00,00,00,00,00
241900000,2C6,false,Rx,0,8,F4,01,84,03,00,00,00,00
241920000,54,false,Rx,0,8,01,01,FE,FF,FE,FF,00,00
241920000,55,false,Rx,0,8,10,27,00,00,00,00,00,00
241921000,56,false,Rx,0,8,10,27,00,00,00,00,00,00
241931000,57,false,Rx,0,8,00,00,FE,FF,FE,FF,00,00
241966000,625,false,Rx,0,8,25,00,11,43,FD,BB,E4,01
241981000,60D,false,Rx,0,8,0D,10,DF,23,02,20,70,00
242066000,625,false,Rx,0,8,25,00,11,43,FD,BB,E4,01
242080000,60D,false,Rx,0,8,0D,10,DF,23,02,20,70,00
242100000,2C4,false,Rx,0,8,05,00,00,00,E6,02,00,00
242100000,2C5,false,Rx,0,8,00,00,00,00,00,00,00,00
242100000,2C6,false,Rx,0,8,F4,01,84,03,00,00,00,00
242120000,54,false,Rx,0,8,01,01,FE,FF,FE,FF,00,00
242120000,55,false,Rx,0,8,10,27,00,00,00,00,00,00
242120000,56,false,Rx,0,8,10,27,00,00,00,00,00,00
242131000,57,false,Rx,0,8,00,00,FE,FF,FE,FF,00,00
242166000,625,false,Rx,0,8,25,00,11,43,FD,BB,E4,01
242181000,60D,false,Rx,0,8,0D,10,DF,23,02,20,70,00
242266000,625,false,Rx,0,8,25,00,11,43,FD,BB,E4,01
242281000,60D,false,Rx,0,8,0D,10,DF,23,02,20,70,00
242300000,2C4,false,Rx,0,8,05,00,00,00,E6,02,00,00
242300000,2C5,false,Rx,0,8,00,00,00,00,00,00,00,00
242300000,2C6,false,Rx,0,8,F4,01,84,03,00,00,00,00
242320000,54,false,Rx,0,8,01,01,FE,FF,FE,FF,00,00
242320000,55,false,Rx,0,8,10,27,00,00,00,00,00,00
242320000,56,false,Rx,0,8,10,27,00,00,00,00,00,00
242331000,57,false,Rx,0,8,00,00,FE,FF,FE,FF,00,00
242366000,625,false,Rx,0,8,25,00,11,43,FD,BB,E4,01
242381000,60D,false,Rx,0,8,0D,10,DF,23,02,20,70,00
242466000,625,false,Rx,0,8,25,00,11,43,FD,BB,E4,01
242481000,60D,false,Rx,0,8,0D,10,DF,23,02,20,70,00
242500000,2C4,false,Rx,0,8,05,00,00,00,E6,02,00,00
242500000,2C5,false,Rx,0,8,00,00,00,00,00,00,00,00
242500000,2C6,false,Rx,0,8,F4,01,84,03,00,00,00,00
242520000,54,false,Rx,0,8,01,01,FE,FF,FE,FF,00,00
242520000,55,false,Rx,0,8,10,27,00,00,00,00,00,00
242520000,56,false,Rx,0,8,10,27,00,00,00,00,00,00
242531000,57,false,Rx,0,8,00,00,FE,FF,FE,FF,00,00
242566000,625,false,Rx,0,8,25,00,11,43,FD,BB,E4,01
242581000,60D,false,Rx,0,8,0D,10,DF,23,02,20,70,00
242666000,625,false,Rx,0,8,25,00,11,43,FD,BB,E4,01
242680000,60D,false,Rx,0,8,0D,10,DF,23,02,20,70,00
242700000,2C4,false,Rx,0,8,05,00,00,00,E6,02,00,00
242700000,2C5,false,Rx,0,8,00,00,00,00,00,00,00,00
242700000,2C6,false,Rx,0,8,F4,01,84,03,00,00,00,00
242720000,54,false,Rx,0,8,01,01,FE,FF,FE,FF,00,00
242720000,55,false,Rx,0,8,10,27,00,00,00,00,00,00
242720000,56,false,Rx,0,8,10,27,00,00,00,00,00,00
242731000,57,false,Rx,0,8,00,00,FE,FF,FE,FF,00,00
242766000,625,false,Rx,0,8,25,00,11,43,FD,BB,E4,01
242780000,60D,false,Rx,0,8,0D,10,DF,23,02,20,70,00
242866000,625,false,Rx,0,8,25,00,11,43,FD,BB,E4,01
242880000,60D,false,Rx,0,8,0D,10,DF,23,02,20,70,00
242900000,2C4,false,Rx,0,8,05,00,00,00,E6,02,00,00
242900000,2C5,false,Rx,0,8,00,00,00,00,00,00,00,00
242900000,2C6,false,Rx,0,8,F4,01,84,03,00,00,00,00
242920000,54,false,Rx,0,8,01,01,FE,FF,FE,FF,00,00
242920000,55,false,Rx,0,8,10,27,00,00,00,00,00,00
242920000,56,false,Rx,0,8,10,27,00,00,00,00,00,00
242931000,57,false,Rx,0,8,00,00,FE,FF,FE,FF,00,00
242966000,625,false,Rx,0,8,25,00,11,43,FD,BB,E4,01
242980000,60D,false,Rx,0,8,0D,10,DF,23,02,20,70,00
243066000,625,false,Rx,0,8,25,00,11,43,FD,BB,E4,01
243080000,60D,false,Rx,0,8,0D,10,DF,23,02,20,70,00
243100000,2C4,false,Rx,0,8,05,00,00,00,E6,02,00,00
243100000,2C5,false,Rx,0,8,00,00,00,00,00,00,00,00
243100000,2C6,false,Rx,0,8,F4,01,84,03,00,00,00,00
243120000,54,false,Rx,0,8,01,01,FE,FF,FE,FF,00,00
243120000,55,false,Rx,0,8,10,27,00,00,00,00,00,00
243120000,56,false,Rx,0,8,10,27,00,00,00,00,00,00
243131000,57,false,Rx,0,8,00,00,FE,FF,FE,FF,00,00
243166000,625,false,Rx,0,8,25,00,11,43,FD,BB,E4,01
243180000,60D,false,Rx,0,8,0D,10,DF,23,02,20,70,00
243266000,625,false,Rx,0,8,25,00,11,43,FD,BB,E4,01
243280000,60D,false,Rx,0,8,0D,10,DF,23,02,20,70,00
243300000,2C4,false,Rx,0,8,05,00,00,00,E6,02,00,00
243300000,2C5,false,Rx,0,8,00,00,00,00,00,00,00,00
243300000,2C6,false,Rx,0,8,F4,01,84,03,00,00,00,00
243320000,54,false,Rx,0,8,01,01,FE,FF,FE,FF,00,00
243320000,55,false,Rx,0,8,10,27,00,00,00,00,00,00
243320000,56,false,Rx,0,8,10,27,00,00,00,00,00,00
243331000,57,false,Rx,0,8,00,00,FE,FF,FE,FF,00,00
243366000,625,false,Rx,0,8,25,00,11,43,FD,BB,E4,01
243380000,60D,false,Rx,0,8,0D,10,DF,23,02,20,70,00
243466000,625,false,Rx,0,8,25,00,11,43,FD,BB,E4,01
243480000,60D,false,Rx,0,8,0D,10,DF,23,02,20,70,00
243500000,2C4,false,Rx,0,8,05,00,00,00,E6,02,00,00
243500000,2C5,false,Rx,0,8,00,00,00,00,00,00,00,00
243500000,2C6,false,Rx,0,8,F4,01,84,03,00,00,00,00
243520000,54,false,Rx,0,8,01,01,FE,FF,FE,FF,00,00
243520000,55,false,Rx,0,8,10,27,00,00,00,00,00,00
243520000,56,false,Rx,0,8,10,27,00,00,00,00,00,00
243531000,57,false,Rx,0,8,00,00,FE,FF,FE,FF,00,00
243566000,625,false,Rx,0,8,25,00,11,43,FD,BB,E4,01
243580000,60D,false,Rx,0,8,0D,10,DF,23,02,20,70,00
243666000,625,false,Rx,0,8,25,00,11,43,FD,BB,E4,01
243680000,60D,false,Rx,0,8,0D,10,DF,23,02,20,70,00
243700000,2C4,false,Rx,0,8,05,00,00,00,E6,02,00,00
243700000,2C5,false,Rx,0,8,00,00,00,00,00,00,00,00
243700000,2C6,false,Rx,0,8,F4,01,84,03,00,00,00,00
243720000,54,false,Rx,0,8,01,01,FE,FF,FE,FF,00,00
243720000,55,false,Rx,0,8,10,27,00,00,00,00,00,00
243720000,56,false,Rx,0,8,10,27,00,00,00,00,00,00
243731000,57,false,Rx,0,8,00,00,FE,FF,FE,FF,00,00
243766000,625,false,Rx,0,8,25,00,11,43,FD,BB,E4,01
243780000,60D,false,Rx,0,8,0D,10,DF,23,02,20,70,00
243866000,625,false,Rx,0,8,25,00,11,43,FD,BB,E4,01
243880000,60D,false,Rx,0,8,0D,10,DF,23,02,20,70,00
243900000,2C4,false,Rx,0,8,05,00,00,00,E6,02,00,00
243900000,2C5,false,Rx,0,8,00,00,00,00,00,00,00,00
243900000,2C6,false,Rx,0,8,F4,01,84,03,00,00,00,00
243920000,54,false,Rx,0,8,01,01,FE,FF,FE,FF,00,00
243920000,55,false,Rx,0,8,10,27,00,00,00,00,00,00
243920000,56,false,Rx,0,8,10,27,00,00,00,00,00,00
243931000,57,false,Rx,0,8,00,00,FE,FF,FE,FF,00,00
243966000,625,false,Rx,0,8,25,00,11,43,FD,BB,E4,01
243980000,60D,false,Rx,0,8,0D,10,DF,23,02,20,70,00
244066000,625,false,Rx,0,8,25,00,11,43,FD,BB,E4,01
244080000,60D,false,Rx,0,8,0D,10,DF,23,02,20,70,00
244100000,2C4,false,Rx,0,8,05,00,00,00,E6,02,00,00
244100000,2C5,false,Rx,0,8,00,00,00,00,00,00,00,00
244100000,2C6,false,Rx,0,8,F4,01,84,03,00,00,00,00
244120000,54,false,Rx,0,8,01,01,FE,FF,FE,FF,00,00
244120000,55,false,Rx,0,8,10,27,00,00,00,00,00,00
244120000,56,false,Rx,0,8,10,27,00,00,00,00,00,00
244131000,57,false,Rx,0,8,00,00,FE,FF,FE,FF,00,00
244165000,625,false,Rx,0,8,25,00,11,43,FD,BB,E4,01
244180000,60D,false,Rx,0,8,0D,10,DF,23,02,20,70,00
244265000,625,false,Rx,0,8,25,00,11,43,FD,BB,E4,01
244280000,60D,false,Rx,0,8,0D,10,DF,23,02,20,70,00
244300000,2C4,false,Rx,0,8,05,00,00,00,E6,02,00,00
244300000,2C5,false,Rx,0,8,00,00,00,00,00,00,00,00
244300000,2C6,false,Rx,0,8,F4,01,84,03,00,00,00,00
244320000,54,false,Rx,0,8,01,01,FE,FF,FE,FF,00,00
244320000,55,false,Rx,0,8,10,27,00,00,00,00,00,00
244320000,56,false,Rx,0,8,10,27,00,00,00,00,00,00
244331000,57,false,Rx,0,8,00,00,FE,FF,FE,FF,00,00
244365000,625,false,Rx,0,8,25,00,11,43,FD,BB,E4,01
244380000,60D,false,Rx,0,8,0D,10,DF,23,02,20,70,00
244465000,625,false,Rx,0,8,25,00,11,43,FD,BB,E4,01
244480000,60D,false,Rx,0,8,0D,10,DF,23,02,20,70,00
244500000,2C4,false,Rx,0,8,05,00,00,00,E6,02,00,00
244500000,2C5,false,Rx,0,8,00,00,00,00,00,00,00,00
244500000,2C6,false,Rx,0,8,F4,01,84,03,00,00,00,00
244520000,54,false,Rx,0,8,01,01,FE,FF,FE,FF,00,00
244520000,55,false,Rx,0,8,10,27,00,00,00,00,00,00
244520000,56,false,Rx,0,8,10,27,00,00,00,00,00,00
244531000,57,false,Rx,0,8,00,00,FE,FF,FE,FF,00,00
244565000,625,false,Rx,0,8,25,00,11,43,FD,BB,E4,01
244580000,60D,false,Rx,0,8,0D,10,DF,23,02,20,70,00
244665000,625,false,Rx,0,8,25,00,11,43,FD,BB,E4,01
244680000,60D,false,Rx,0,8,0D,10,DF,23,02,20,70,00
244700000,2C4,false,Rx,0,8,05,00,00,00,E6,02,00,00
244700000,2C5,false,Rx,0,8,00,00,00,00,00,00,00,00
244700000,2C6,false,Rx,0,8,F4,01,84,03,00,00,00,00
244720000,54,false,Rx,0,8,01,01,FE,FF,FE,FF,00,00
244720000,55,false,Rx,0,8,10,27,00,00,00,00,00,00
244720000,56,false,Rx,0,8,10,27,00,00,00,00,00,00
244731000,57,false,Rx,0,8,00,00,FE,FF,FE,FF,00,00
244765000,625,false,Rx,0,8,25,00,11,43,FD,BB,E4,01
244780000,60D,false,Rx,0,8,0D,10,DF,23,02,20,70,00
244865000,625,false,Rx,0,8,25,00,11,43,FD,BB,E4,01
244880000,60D,false,Rx,0,8,0D,10,DF,23,02,20,70,00
244900000,2C4,false,Rx,0,8,05,00,00,00,E6,02,00,00
244900000,2C5,false,Rx,0,8,00,00,00,00,00,00,00,00
244900000,2C6,false,Rx,0,8,F4,01,84,03,00,00,00,00
244920000,54,false,Rx,0,8,01,01,FE,FF,FE,FF,00,00
244920000,55,false,Rx,0,8,10,27,00,00,00,00,00,00
244920000,56,false,Rx,0,8,10,27,00,00,00,00,00,00
244931000,57,false,Rx,0,8,00,00,FE,FF,FE,FF,00,00
244965000,625,false,Rx,0,8,25,00,11,43,FD,BB,E4,01
244980000,60D,false,Rx,0,8,0D,10,DF,23,02,20,70,00
245065000,625,false,Rx,0,8,25,00,11,43,FD,BB,E4,01
245080000,60D,false,Rx,0,8,0D,10,DF,23,02,20,70,00
245100000,2C4,false,Rx,0,8,05,00,00,00,E6,02,00,00
245100000,2C5,false,Rx,0,8,00,00,00,00,00,00,00,00
245100000,2C6,false,Rx,0,8,F4,01,84,03,00,00,00,00
245120000,54,false,Rx,0,8,01,01,FE,FF,FE,FF,00,00
245120000,55,false,Rx,0,8,10,27,00,00,00,00,00,00
245120000,56,false,Rx,0,8,10,27,00,00,00,00,00,00
245131000,57,false,Rx,0,8,00,00,FE,FF,FE,FF,00,00
245165000,625,false,Rx,0,8,25,00,11,43,FD,BB,E4,01
245180000,60D,false,Rx,0,8,0D,10,DF,23,02,20,70,00
245265000,625,false,Rx,0,8,25,00,11,43,FD,BB,E4,01
245280000,60D,false,Rx,0,8,0D,10,DF,23,02,20,70,00
245300000,2C4,false,Rx,0,8,05,00,00,00,E6,02,00,00
245300000,2C5,false,Rx,0,8,00,00,00,00,00,00,00,00
245300000,2C6,false,Rx,0,8,F4,01,84,03,00,00,00,00
245320000,54,false,Rx,0,8,01,01,FE,FF,FE,FF,00,00
245320000,55,false,Rx,0,8,10,27,00,00,00,00,00,00
245320000,56,false,Rx,0,8,10,27,00,00,00,00,00,00
245331000,57,false,Rx,0,8,00,00,FE,FF,FE,FF,00,00
245365000,625,false,Rx,0,8,25,00,11,43,FD,BB,E4,01
245380000,60D,false,Rx,0,8,0D,10,DF,23,02,20,70,00
245465000,625,false,Rx,0,8,25,00,11,43,FD,BB,E4,01
245480000,60D,false,Rx,0,8,0D,10,DF,23,02,20,70,00
245500000,2C4,false,Rx,0,8,05,00,00,00,E6,02,00,00
245500000,2C5,false,Rx,0,8,00,00,00,00,00,00,00,00
245500000,2C6,false,Rx,0,8,F4,01,84,03,00,00,00,00
245520000,54,false,Rx,0,8,01,01,FE,FF,FE,FF,00,00
245520000,55,false,Rx,0,8,10,27,00,00,00,00,00,00
245520000,56,false,Rx,0,8,10,27,00,00,00,00,00,00
245531000,57,false,Rx,0,8,00,00,FE,FF,FE,FF,00,00
245565000,625,false,Rx,0,8,25,00,11,43,FD,BB,E4,01
245580000,60D,false,Rx,0,8,0D,10,DF,23,02,20,70,00
245665000,625,false,Rx,0,8,25,00,11,43,FD,BB,E4,01
245680000,60D,false,Rx,0,8,0D,10,DF,23,02,20,70,00
245700000,2C4,false,Rx,0,8,05,00,00,00,E6,02,00,00
245700000,2C5,false,Rx,0,8,00,00,00,00,00,00,00,00
245700000,2C6,false,Rx,0,8,F4,01,84,03,00,00,00,00
245720000,54,false,Rx,0,8,01,01,FE,FF,FE,FF,00,00
245720000,55,false,Rx,0,8,10,27,00,00,00,00,00,00
245720000,56,false,Rx,0,8,10,27,00,00,00,00,00,00
245731000,57,false,Rx,0,8,00,00,FE,FF,FE,FF,00,00
245765000,625,false,Rx,0,8,25,00,11,43,FD,BB,E4,01
245780000,60D,false,Rx,0,8,0D,10,DF,23,02,20,70,00
245865000,625,false,Rx,0,8,25,00,11,43,FD,BB,E4,01
245880000,60D,false,Rx,0,8,0D,10,DF,23,02,20,70,00
245900000,2C4,false,Rx,0,8,05,00,00,00,E6,02,00,00
245900000,2C5,false,Rx,0,8,00,00,00,00,00,00,00,00
245900000,2C6,false,Rx,0,8,F4,01,84,03,00,00,00,00
245920000,54,false,Rx,0,8,01,01,FE,FF,FE,FF,00,00
245920000,55,false,Rx,0,8,10,27,00,00,00,00,00,00
245920000,56,false,Rx,0,8,10,27,00,00,00,00,00,00
245931000,57,false,Rx,0,8,00,00,FE,FF,FE,FF,00,00
245965000,625,false,Rx,0,8,25,00,11,43,FD,BB,E4,01
245980000,60D,false,Rx,0,8,0D,10,DF,23,02,20,70,00
246065000,625,false,Rx,0,8,25,00,11,43,FD,BB,E4,01
246080000,60D,false,Rx,0,8,0D,10,DF,23,02,20,70,00
246100000,2C4,false,Rx,0,8,05,00,00,00,E6,02,00,00
246100000,2C5,false,Rx,0,8,00,00,00,00,00,00,00,00
246100000,2C6,false,Rx,0,8,F4,01,84,03,00,00,00,00
246120000,54,false,Rx,0,8,01,01,FE,FF,FE,FF,00,00
246120000,55,false,Rx,0,8,10,27,00,00,00,00,00,00
246120000,56,false,Rx,0,8,10,27,00,00,00,00,00,00
246131000,57,false,Rx,0,8,00,00,FE,FF,FE,FF,00,00
246165000,625,false,Rx,0,8,25,00,11,43,FD,BB,E4,01
246180000,60D,false,Rx,0,8,0D,10,DF,23,02,20,70,00
246265000,625,false,Rx,0,8,25,00,11,43,FD,BB,E4,01
246280000,60D,false,Rx,0,8,0D,10,DF,23,02,20,70,00
246300000,2C4,false,Rx,0,8,05,00,00,00,E6,02,00,00
246300000,2C5,false,Rx,0,8,00,00,00,00,00,00,00,00
246300000,2C6,false,Rx,0,8,F4,01,84,03,00,00,00,00
246320000,54,false,Rx,0,8,01,01,FE,FF,FE,FF,00,00
246320000,55,false,Rx,0,8,10,27,00,00,00,00,00,00
246320000,56,false,Rx,0,8,10,27,00,00,00,00,00,00
246331000,57,false,Rx,0,8,00,00,FE,FF,FE,FF,00,00
246365000,625,false,Rx,0,8,25,00,11,43,FD,BB,E4,01
246380000,60D,false,Rx,0,8,0D,10,DF,23,02,20,70,00
246465000,625,false,Rx,0,8,25,00,11,43,FD,BB,E4,01
246480000,60D,false,Rx,0,8,0D,10,DF,23,02,20,70,00
246500000,2C4,false,Rx,0,8,05,00,00,00,E6,02,00,00
246500000,2C5,false,Rx,0,8,00,00,00,00,00,00,00,00
246500000,2C6,false,Rx,0,8,F4,01,84,03,00,00,00,00
246520000,54,false,Rx,0,8,01,01,FE,FF,FE,FF,00,00
246520000,55,false,Rx,0,8,10,27,00,00,00,00,00,00
246520000,56,false,Rx,0,8,10,27,00,00,00,00,00,00
246531000,57,false,Rx,0,8,00,00,FE,FF,FE,FF,00,00
246565000,625,false,Rx,0,8,25,00,11,43,FD,BB,E4,01
246580000,60D,false,Rx,0,8,0D,10,DF,23,02,20,70,00
246665000,625,false,Rx,0,8,25,00,11,43,FD,BB,E4,01
246680000,60D,false,Rx,0,8,0D,10,DF,23,02,20,70,00
246700000,2C4,false,Rx,0,8,05,00,00,00,E6,02,00,00
246700000,2C5,false,Rx,0,8,00,00,00,00,00,00,00,00
246700000,2C6,false,Rx,0,8,F4,01,84,03,00,00,00,00
246720000,54,false,Rx,0,8,01,01,FE,FF,FE,FF,00,00
246720000,55,false,Rx,0,8,10,27,00,00,00,00,00,00
246720000,56,false,Rx,0,8,10,27,00,00,00,00,00,00
246731000,57,false,Rx,0,8,00,00,FE,FF,FE,FF,00,00
246765000,625,false,Rx,0,8,25,00,11,43,FD,BB,E4,01
246780000,60D,false,Rx,0,8,0D,10,DF,23,02,20,70,00
246865000,625,false,Rx,0,8,25,00,11,43,FD,BB,E4,01
246880000,60D,false,Rx,0,8,0D,10,DF,23,02,20,70,00
246900000,2C4,false,Rx,0,8,05,00,00,00,E6,02,00,00
246900000,2C5,false,Rx,0,8,00,00,00,00,00,00,00,00
246900000,2C6,false,Rx,0,8,F4,01,84,03,00,00,00,00
246920000,54,false,Rx,0,8,01,01,FE,FF,FE,FF,00,00
246920000,55,false,Rx,0,8,10,27,00,00,00,00,00,00
246921000,56,false,Rx,0,8,10,27,00,00,00,00,00,00
246931000,57,false,Rx,0,8,00,00,FE,FF,FE,FF,00,00
246965000,625,false,Rx,0,8,25,00,11,43,FD,BB,E4,01
246981000,60D,false,Rx,0,8,0D,10,DF,23,02,20,70,00
247065000,625,false,Rx,0,8,25,00,11,43,FD,BB,E4,01
247080000,60D,false,Rx,0,8,0D,10,DF,23,02,20,70,00
247099000,2C4,false,Rx,0,8,05,00,00,00,E6,02,00,00
247100000,2C5,false,Rx,0,8,00,00,00,00,00,00,00,00
247100000,2C6,false,Rx,0,8,F4,01,84,03,00,00,00,00
247120000,54,false,Rx,0,8,01,01,FE,FF,FE,FF,00,00
247120000,55,false,Rx,0,8,10,27,00,00,00,00,00,00
247120000,56,false,Rx,0,8,10,27,00,00,00,00,00,00
247131000,57,false,Rx,0,8,00,00,FE,FF,FE,FF,00,00
247165000,625,false,Rx,0,8,25,00,11,43,FD,BB,E4,01
247181000,60D,false,Rx,0,8,0D,10,DF,23,02,20,70,00
247265000,625,false,Rx,0,8,25,00,11,43,FD,BB,E4,01
247281000,60D,false,Rx,0,8,0D,10,DF,23,02,20,70,00
247299000,2C4,false,Rx,0,8,05,00,00,00,E6,02,00,00
247300000,2C5,false,Rx,0,8,00,00,00,00,00,00,00,00
247300000,2C6,false,Rx,0,8,F4,01,84,03,00,00,00,00
247320000,54,false,Rx,0,8,01,01,FE,FF,FE,FF,00,00
247320000,55,false,Rx,0,8,10,27,00,00,00,00,00,00
247320000,56,false,Rx,0,8,10,27,00,00,00,00,00,00
247331000,57,false,Rx,0,8,00,00,FE,FF,FE,FF,00,00
247365000,625,false,Rx,0,8,25,00,11,43,FD,BB,E4,01
247381000,60D,false,Rx,0,8,0D,10,DF,23,02,20,70,00
247465000,625,false,Rx,0,8,25,00,11,43,FD,BB,E4,01
247481000,60D,false,Rx,0,8,0D,10,DF,23,02,20,70,00
247499000,2C4,false,Rx,0,8,05,00,00,00,E6,02,00,00
247500000,2C5,false,Rx,0,8,00,00,00,00,00,00,00,00
247500000,2C6,false,Rx,0,8,F4,01,84,03,00,00,00,00
247520000,54,false,Rx,0,8,01,01,FE,FF,FE,FF,00,00
247520000,55,false,Rx,0,8,10,27,00,00,00,00,00,00
247520000,56,false,Rx,0,8,10,27,00,00,00,00,00,00
247531000,57,false,Rx,0,8,00,00,FE,FF,FE,FF,00,00
247565000,625,false,Rx,0,8,25,00,11,43,FD,BB,E4,01
247581000,60D,false,Rx,0,8,0D,10,DF,23,02,20,70,00
247665000,625,false,Rx,0,8,25,00,11,43,FD,BB,E4,01
247680000,60D,false,Rx,0,8,0D,10,DF,23,02,20,70,00
247699000,2C4,false,Rx,0,8,05,00,00,00,E6,02,00,00
247700000,2C5,false,Rx,0,8,00,00,00,00,00,00,00,00
247700000,2C6,false,Rx,0,8,F4,01,84,03,00,00,00,00
247720000,54,false,Rx,0,8,01,01,FE,FF,FE,FF,00,00
247720000,55,false,Rx,0,8,10,27,00,00,00,00,00,00
247720000,56,false,Rx,0,8,10,27,00,00,00,00,00,00
247731000,57,false,Rx,0,8,00,00,FE,FF,FE,FF,00,00
247765000,625,false,Rx,0,8,25,00,11,43,FD,BB,E4,01
247780000,60D,false,Rx,0,8,0D,10,DF,23,02,20,70,00
247865000,625,false,Rx,0,8,25,00,11,43,FD,BB,E4,01
247880000,60D,false,Rx,0,8,0D,10,DF,23,02,20,70,00
247899000,2C4,false,Rx,0,8,05,00,00,00,E6,02,00,00
247900000,2C5,false,Rx,0,8,00,00,00,00,00,00,00,00
247900000,2C6,false,Rx,0,8,F4,01,84,03,00,00,00,00
247920000,54,false,Rx,0,8,01,01,FE,FF,FE,FF,00,00
247920000,55,false,Rx,0,8,10,27,00,00,00,00,00,00
247920000,56,false,Rx,0,8,10,27,00,00,00,00,00,00
247931000,57,false,Rx,0,8,00,00,FE,FF,FE,FF,00,00
247965000,625,false,Rx,0,8,25,00,11,43,FD,BB,E4,01
247980000,60D,false,Rx,0,8,0D,10,DF,23,02,20,70,00
248065000,625,false,Rx,0,8,25,00,11,43,FD,BB,E4,01
248080000,60D,false,Rx,0,8,0D,10,DF,23,02,20,70,00
248099000,2C4,false,Rx,0,8,05,00,00,00,E6,02,00,00
248100000,2C5,false,Rx,0,8,00,00,00,00,00,00,00,00
248100000,2C6,false,Rx,0,8,F4,01,84,03,00,00,00,00
248120000,54,false,Rx,0,8,01,01,FE,FF,FE,FF,00,00
248120000,55,false,Rx,0,8,10,27,00,00,00,00,00,00
248120000,56,false,Rx,0,8,10,27,00,00,00,00,00,00
248131000,57,false,Rx,0,8,00,00,FE,FF,FE,FF,00,00
248165000,625,false,Rx,0,8,25,00,11,43,FD,BB,E4,01
248180000,60D,false,Rx,0,8,0D,10,DF,23,02,20,70,00
248265000,625,false,Rx,0,8,25,00,11,43,FD,BB,E4,01
248280000,60D,false,Rx,0,8,0D,10,DF,23,02,20,70,00
248299000,2C4,false,Rx,0,8,05,00,00,00,E6,02,00,00
248300000,2C5,false,Rx,0,8,00,00,00,00,00,00,00,00
248300000,2C6,false,Rx,0,8,F4,01,84,03,00,00,00,00
248320000,54,false,Rx,0,8,01,01,FE,FF,FE,FF,00,00
248320000,55,false,Rx,0,8,10,27,00,00,00,00,00,00
248320000,56,false,Rx,0,8,10,27,00,00,00,00,00,00
248331000,57,false,Rx,0,8,00,00,FE,FF,FE,FF,00,00
248365000,625,false,Rx,0,8,25,00,11,43,FD,BB,E4,01
248380000,60D,false,Rx,0,8,0D,10,DF,23,02,20,70,00
248465000,625,false,Rx,0,8,25,00,11,43,FD,BB,E4,01
248480000,60D,false,Rx,0,8,0D,10,DF,23,02,20,70,00
248499000,2C4,false,Rx,0,8,05,00,00,00,E6,02,00,00
248500000,2C5,false,Rx,0,8,00,00,00,00,00,00,00,00
248500000,2C6,false,Rx,0,8,F4,01,84,03,00,00,00,00
248520000,54,false,Rx,0,8,01,01,FE,FF,FE,FF,00,00
248520000,55,false,Rx,0,8,10,27,00,00,00,00,00,00
248520000,56,false,Rx,0,8,10,27,00,00,00,00,00,00
248531000,57,false,Rx,0,8,00,00,FE,FF,FE,FF,00,00
248565000,625,false,Rx,0,8,25,00,11,43,FD,BB,E4,01
248580000,60D,false,Rx,0,8,0D,10,DF,23,02,20,70,00
248665000,625,false,Rx,0,8,25,00,11,43,FD,BB,E4,01
248680000,60D,false,Rx,0,8,0D,10,DF,23,02,20,70,00
248699000,2C4,false,Rx,0,8,05,00,00,00,E6,02,00,00
248700000,2C5,false,Rx,0,8,00,00,00,00,00,00,00,00
248700000,2C6,false,Rx,0,8,F4,01,84,03,00,00,00,00
248720000,54,false,Rx,0,8,01,01,FE,FF,FE,FF,00,00
248720000,55,false,Rx,0,8,10,27,00,00,00,00,00,00
248720000,56,false,Rx,0,8,10,27,00,00,00,00,00,00
248731000,57,false,Rx,0,8,00,00,FE,FF,FE,FF,00,00
248765000,625,false,Rx,0,8,25,00,11,43,FD,BB,E4,01
248780000,60D,false,Rx,0,8,0D,10,DF,23,02,20,70,00
248865000,625,false,Rx,0,8,25,00,11,43,FD,BB,E4,01
248880000,60D,false,Rx,0,8,0D,10,DF,23,02,20,70,00
248899000,2C4,false,Rx,0,8,05,00,00,00,E6,02,00,00
248900000,2C5,false,Rx,0,8,00,00,00,00,00,00,00,00
248900000,2C6,false,Rx,0,8,F4,01,84,03,00,00,00,00
248920000,54,false,Rx,0,8,01,01,FE,FF,FE,FF,00,00
248920000,55,false,Rx,0,8,10,27,00,00,00,00,00,00
248920000,56,false,Rx,0,8,10,27,00,00,00,00,00,00
248931000,57,false,Rx,0,8,00,00,FE,FF,FE,FF,00,00
248965000,625,false,Rx,0,8,25,00,11,43,FD,BB,E4,01
248980000,60D,false,Rx,0,8,0D,10,DF,23,02,20,70,00
249065000,625,false,Rx,0,8,25,00,11,43,FD,BB,E4,01
249080000,60D,false,Rx,0,8,0D,10,DF,23,02,20,70,00
249099000,2C4,false,Rx,0,8,05,00,00,00,E6,02,00,00
249100000,2C5,false,Rx,0,8,00,00,00,00,00,00,00,00
249100000,2C6,false,Rx,0,8,F4,01,84,03,00,00,00,00
249120000,54,false,Rx,0,8,01,01,FE,FF,FE,FF,00,00
249120000,55,false,Rx,0,8,10,27,00,00,00,00,00,00
249120000,56,false,Rx,0,8,10,27,00,00,00,00,00,00
249131000,57,false,Rx,0,8,00,00,FE,FF,FE,FF,00,00
249165000,625,false,Rx,0,8,25,00,11,43,FD,BB,E4,01
249180000,60D,false,Rx,0,8,0D,10,DF,23,02,20,70,00
249265000,625,false,Rx,0,8,25,00,11,43,FD,BB,E4,01
249280000,60D,false,Rx,0,8,0D,10,DF,23,02,20,70,00
249299000,2C4,false,Rx,0,8,05,00,00,00,E6,02,00,00
249300000,2C5,false,Rx,0,8,00,00,00,00,00,00,00,00
249300000,2C6,false,Rx,0,8,F4,01,84,03,00,00,00,00
249320000,54,false,Rx,0,8,01,01,FE,FF,FE,FF,00,00
249320000,55,false,Rx,0,8,10,27,00,00,00,00,00,00
249320000,56,false,Rx,0,8,10,27,00,00,00,00,00,00
249331000,57,false,Rx,0,8,00,00,FE,FF,FE,FF,00,00
249365000,625,false,Rx,0,8,25,00,11,43,FD,BB,E4,01
249380000,60D,false,Rx,0,8,0D,10,DF,23,02,20,70,00
249465000,625,false,Rx,0,8,25,00,11,43,FD,BB,E4,01
249480000,60D,false,Rx,0,8,0D,10,DF,23,02,20,70,00
249499000,2C4,false,Rx,0,8,05,00,00,00,E6,02,00,00
249500000,2C5,false,Rx,0,8,00,00,00,00,00,00,00,00
249500000,2C6,false,Rx,0,8,F4,01,84,03,00,00,00,00
249520000,54,false,Rx,0,8,01,01,FE,FF,FE,FF,00,00
249520000,55,false,Rx,0,8,10,27,00,00,00,00,00,00
249520000,56,false,Rx,0,8,10,27,00,00,00,00,00,00
249531000,57,false,Rx,0,8,00,00,FE,FF,FE,FF,00,00
249565000,625,false,Rx,0,8,25,00,11,43,FD,BB,E4,01
249580000,60D,false,Rx,0,8,0D,10,DF,23,02,20,70,00
249665000,625,false,Rx,0,8,25,00,11,43,FD,BB,E4,01
249680000,60D,false,Rx,0,8,0D,10,DF,23,02,20,70,00
249699000,2C4,false,Rx,0,8,05,00,00,00,E6,02,00,00
249700000,2C5,false,Rx,0,8,00,00,00,00,00,00,00,00
249700000,2C6,false,Rx,0,8,F4,01,84,03,00,00,00,00
249720000,54,false,Rx,0,8,01,01,FE,FF,FE,FF,00,00
249720000,55,false,Rx,0,8,10,27,00,00,00,00,00,00
249720000,56,false,Rx,0,8,10,27,00,00,00,00,00,00
249731000,57,false,Rx,0,8,00,00,FE,FF,FE,FF,00,00
249765000,625,false,Rx,0,8,25,00,11,43,FD,BB,E4,01
249780000,60D,false,Rx,0,8,0D,10,DF,23,02,20,70,00
249865000,625,false,Rx,0,8,25,00,11,43,FD,BB,E4,01
249880000,60D,false,Rx,0,8,0D,10,DF,23,02,20,70,00
249899000,2C4,false,Rx,0,8,05,00,00,00,E6,02,00,00
249900000,2C5,false,Rx,0,8,00,00,00,00,00,00,00,00
249900000,2C6,false,Rx,0,8,F4,01,84,03,00,00,00,00
249920000,54,false,Rx,0,8,01,01,FE,FF,FE,FF,00,00
249920000,55,false,Rx,0,8,10,27,00,00,00,00,00,00
249920000,56,false,Rx,0,8,10,27,00,00,00,00,00,00
249931000,57,false,Rx,0,8,00,00,FE,FF,FE,FF,00,00
249965000,625,false,Rx,0,8,25,00,11,43,FD,BB,E4,01
249980000,60D,false,Rx,0,8,0D,10,DF,23,02,20,70,00
250065000,625,false,Rx,0,8,25,00,11,43,FD,BB,E4,01
250080000,60D,false,Rx,0,8,0D,10,DF,23,02,20,70,00
250099000,2C4,false,Rx,0,8,05,00,00,00,E6,02,00,00
250100000,2C5,false,Rx,0,8,00,00,00,00,00,00,00,00
250100000,2C6,false,Rx,0,8,F4,01,84,03,00,00,00,00
250120000,54,false,Rx,0,8,01,01,FE,FF,FE,FF,00,00
250120000,55,false,Rx,0,8,10,27,00,00,00,00,00,00
250120000,56,false,Rx,0,8,10,27,00,00,00,00,00,00
250131000,57,false,Rx,0,8,00,00,FE,FF,FE,FF,00,00
250165000,625,false,Rx,0,8,25,00,11,43,FD,BB,E4,01
250180000,60D,false,Rx,0,8,0D,10,DF,23,02,20,70,00
250265000,625,false,Rx,0,8,25,00,11,43,FD,BB,E4,01
250280000,60D,false,Rx,0,8,0D,10,DF,23,02,20,70,00
250299000,2C4,false,Rx,0,8,05,00,00,00,E6,02,00,00
250300000,2C5,false,Rx,0,8,00,00,00,00,00,00,00,00
250300000,2C6,false,Rx,0,8,F4,01,84,03,00,00,00,00
250320000,54,false,Rx,0,8,01,01,FE,FF,FE,FF,00,00
250320000,55,false,Rx,0,8,10,27,00,00,00,00,00,00
250320000,56,false,Rx,0,8,10,27,00,00,00,00,00,00
250331000,57,false,Rx,0,8,00,00,FE,FF,FE,FF,00,00
250365000,625,false,Rx,0,8,25,00,11,43,FD,BB,E4,01
250380000,60D,false,Rx,0,8,0D,10,DF,23,02,20,70,00
250465000,625,false,Rx,0,8,25,00,11,43,FD,BB,E4,01
250480000,60D,false,Rx,0,8,0D,10,DF,23,02,20,70,00
250499000,2C4,false,Rx,0,8,05,00,00,00,E6,02,00,00
250500000,2C5,false,Rx,0,8,00,00,00,00,00,00,00,00
250500000,2C6,false,Rx,0,8,F4,01,84,03,00,00,00,00
250520000,54,false,Rx,0,8,01,01,FE,FF,FE,FF,00,00
250520000,55,false,Rx,0,8,10,27,00,00,00,00,00,00
250520000,56,false,Rx,0,8,10,27,00,00,00,00,00,00
250531000,57,false,Rx,0,8,00,00,FE,FF,FE,FF,00,00
250565000,625,false,Rx,0,8,25,00,11,43,FD,BB,E4,01
250580000,60D,false,Rx,0,8,0D,10,DF,23,02,20,70,00
250665000,625,false,Rx,0,8,25,00,11,43,FD,BB,E4,01
250680000,60D,false,Rx,0,8,0D,10,DF,23,02,20,70,00
250699000,2C4,false,Rx,0,8,05,00,00,00,E6,02,00,00
250700000,2C5,false,Rx,0,8,00,00,00,00,00,00,00,00
250700000,2C6,false,Rx,0,8,F4,01,84,03,00,00,00,00
250720000,54,false,Rx,0,8,01,01,FE,FF,FE,FF,00,00
250720000,55,false,Rx,0,8,10,27,00,00,00,00,00,00
250720000,56,false,Rx,0,8,10,27,00,00,00,00,00,00
250731000,57,false,Rx,0,8,00,00,FE,FF,FE,FF,00,00
250765000,625,false,Rx,0,8,25,00,11,43,FD,BB,E4,01
250780000,60D,false,Rx,0,8,0D,10,DF,23,02,20,70,00
250865000,625,false,Rx,0,8,25,00,11,43,FD,BB,E4,01
250880000,60D,false,Rx,0,8,0D,10,DF,23,02,20,70,00
250899000,2C4,false,Rx,0,8,05,00,00,00,E6,02,00,00
250900000,2C5,false,Rx,0,8,00,00,00,00,00,00,00,00
250900000,2C6,false,Rx,0,8,F4,01,84,03,00,00,00,00
250920000,54,false,Rx,0,8,01,01,FE,FF,FE,FF,00,00
250920000,55,false,Rx,0,8,10,27,00,00,00,00,00,00
250920000,56,false,Rx,0,8,10,27,00,00,00,00,00,00
250931000,57,false,Rx,0,8,00,00,FE,FF,FE,FF,00,00
250965000,625,false,Rx,0,8,25,00,11,43,FD,BB,E4,01
250980000,60D,false,Rx,0,8,0D,10,DF,23,02,20,70,00
251065000,625,false,Rx,0,8,25,00,11,43,FD,BB,E4,01
251080000,60D,false,Rx,0,8,0D,10,DF,23,02,20,70,00
251099000,2C4,false,Rx,0,8,05,00,00,00,E6,02,00,00
251100000,2C5,false,Rx,0,8,00,00,00,00,00,00,00,00
251100000,2C6,false,Rx,0,8,F4,01,84,03,00,00,00,00
251120000,54,false,Rx,0,8,01,01,FE,FF,FE,FF,00,00
251120000,55,false,Rx,0,8,10,27,00,00,00,00,00,00
251120000,56,false,Rx,0,8,10,27,00,00,00,00,00,00
251131000,57,false,Rx,0,8,00,00,FE,FF,FE,FF,00,00
251165000,625,false,Rx,0,8,25,00,11,43,FD,BB,E4,01
251180000,60D,false,Rx,0,8,0D,10,DF,23,02,20,70,00
251265000,625,false,Rx,0,8,25,00,11,43,FD,BB,E4,01
251280000,60D,false,Rx,0,8,0D,10,DF,23,02,20,70,00
251299000,2C4,false,Rx,0,8,05,00,00,00,E6,02,00,00
251300000,2C5,false,Rx,0,8,00,00,00,00,00,00,00,00
251300000,2C6,false,Rx,0,8,F4,01,84,03,00,00,00,00
251320000,54,false,Rx,0,8,01,01,FE,FF,FE,FF,00,00
251320000,55,false,Rx,0,8,10,27,00,00,00,00,00,00
251320000,56,false,Rx,0,8,10,27,00,00,00,00,00,00
251331000,57,false,Rx,0,8,00,00,FE,FF,FE,FF,00,00
251365000,625,false,Rx,0,8,25,00,11,43,FD,BB,E4,01
251380000,60D,false,Rx,0,8,0D,10,DF,23,02,20,70,00
251465000,625,false,Rx,0,8,25,00,11,43,FD,BB,E4,01
251480000,60D,false,Rx,0,8,0D,10,DF,23,02,20,70,00
251499000,2C4,false,Rx,0,8,05,00,00,00,E6,02,00,00
251499000,2C5,false,Rx,0,8,00,00,00,00,00,00,00,00
251500000,2C6,false,Rx,0,8,F4,01,84,03,00,00,00,00
251520000,54,false,Rx,0,8,01,01,FE,FF,FE,FF,00,00
251520000,55,false,Rx,0,8,10,27,00,00,00,00,00,00
251520000,56,false,Rx,0,8,10,27,00,00,00,00,00,00
251531000,57,false,Rx,0,8,00,00,FE,FF,FE,FF,00,00
251565000,625,false,Rx,0,8,25,00,11,43,FD,BB,E4,01
251580000,60D,false,Rx,0,8,0D,10,DF,23,02,20,70,00
251665000,625,false,Rx,0,8,25,00,11,43,FD,BB,E4,01
251680000,60D,false,Rx,0,8,0D,10,DF,23,02,20,70,00
251699000,2C4,false,Rx,0,8,05,00,00,00,E6,02,00,00
251699000,2C5,false,Rx,0,8,00,00,00,00,00,00,00,00
251700000,2C6,false,Rx,0,8,F4,01,84,03,00,00,00,00
251720000,54,false,Rx,0,8,01,01,FE,FF,FE,FF,00,00
251720000,55,false,Rx,0,8,10,27,00,00,00,00,00,00
251720000,56,false,Rx,0,8,10,27,00,00,00,00,00,00
251731000,57,false,Rx,0,8,00,00,FE,FF,FE,FF,00,00
251765000,625,false,Rx,0,8,25,00,11,43,FD,BB,E4,01
251780000,60D,false,Rx,0,8,0D,10,DF,23,02,20,70,00
251865000,625,false,Rx,0,8,25,00,11,43,FD,BB,E4,01
251880000,60D,false,Rx,0,8,0D,10,DF,23,02,20,70,00
251899000,2C4,false,Rx,0,8,05,00,00,00,E6,02,00,00
251899000,2C5,false,Rx,0,8,00,00,00,00,00,00,00,00
251900000,2C6,false,Rx,0,8,F4,01,84,03,00,00,00,00
251920000,54,false,Rx,0,8,01,01,FE,FF,FE,FF,00,00
251920000,55,false,Rx,0,8,10,27,00,00,00,00,00,00
251920000,56,false,Rx,0,8,10,27,00,00,00,00,00,00
251931000,57,false,Rx,0,8,00,00,FE,FF,FE,FF,00,00
251965000,625,false,Rx,0,8,25,00,11,43,FD,BB,E4,01
251981000,60D,false,Rx,0,8,0D,10,DF,23,02,20,70,00
252065000,625,false,Rx,0,8,25,00,11,43,FD,BB,E4,01
252080000,60D,false,Rx,0,8,0D,10,DF,23,02,20,70,00
252099000,2C4,false,Rx,0,8,05,00,00,00,E6,02,00,00
252099000,2C5,false,Rx,0,8,00,00,00,00,00,00,00,00
252100000,2C6,false,Rx,0,8,F4,01,84,03,00,00,00,00
252120000,54,false,Rx,0,8,01,01,FE,FF,FE,FF,00,00
252120000,55,false,Rx,0,8,10,27,00,00,00,00,00,00
252120000,56,false,Rx,0,8,10,27,00,00,00,00,00,00
252131000,57,false,Rx,0,8,00,00,FE,FF,FE,FF,00,00
252165000,625,false,Rx,0,8,25,00,11,43,FD,BB,E4,01
252181000,60D,false,Rx,0,8,0D,10,DF,23,02,20,70,00
252265000,625,false,Rx,0,8,25,00,11,43,FD,BB,E4,01
252281000,60D,false,Rx,0,8,0D,10,DF,23,02,20,70,00
252299000,2C4,false,Rx,0,8,05,00,00,00,E6,02,00,00
252299000,2C5,false,Rx,0,8,00,00,00,00,00,00,00,00
252300000,2C6,false,Rx,0,8,F4,01,84,03,00,00,00,00
252320000,54,false,Rx,0,8,01,01,FE,FF,FE,FF,00,00
252320000,55,false,Rx,0,8,10,27,00,00,00,00,00,00
252320000,56,false,Rx,0,8,10,27,00,00,00,00,00,00
252331000,57,false,Rx,0,8,00,00,FE,FF,FE,FF,00,00
252365000,625,false,Rx,0,8,25,00,11,43,FD,BB,E4,01
252380000,60D,false,Rx,0,8,0D,10,DF,23,02,20,70,00
252465000,625,false,Rx,0,8,25,00,11,43,FD,BB,E4,01
252480000,60D,false,Rx,0,8,0D,10,DF,23,02,20,70,00
252499000,2C4,false,Rx,0,8,05,00,00,00,E6,02,00,00
252499000,2C5,false,Rx,0,8,00,00,00,00,00,00,00,00
252500000,2C6,false,Rx,0,8,F4,01,84,03,00,00,00,00
252520000,54,false,Rx,0,8,01,01,FE,FF,FE,FF,00,00
252520000,55,false,Rx,0,8,10,27,00,00,00,00,00,00
252520000,56,false,Rx,0,8,10,27,00,00,00,00,00,00
252531000,57,false,Rx,0,8,00,00,FE,FF,FE,FF,00,00
252565000,625,false,Rx,0,8,25,00,11,43,FD,BB,E4,01
252580000,60D,false,Rx,0,8,0D,10,DF,23,02,20,70,00
252665000,625,false,Rx,0,8,25,00,11,43,FD,BB,E4,01
252680000,60D,false,Rx,0,8,0D,10,DF,23,02,20,70,00
252699000,2C4,false,Rx,0,8,05,00,00,00,E6,02,00,00
252699000,2C5,false,Rx,0,8,00,00,00,00,00,00,00,00
252700000,2C6,false,Rx,0,8,F4,01,84,03,00,00,00,00
252720000,54,false,Rx,0,8,01,01,FE,FF,FE,FF,00,00
252720000,55,false,Rx,0,8,10,27,00,00,00,00,00,00
252720000,56,false,Rx,0,8,10,27,00,00,00,00,00,00
252731000,57,false,Rx,0,8,00,00,FE,FF,FE,FF,00,00
252765000,625,false,Rx,0,8,25,00,11,43,FD,BB,E4,01
252780000,60D,false,Rx,0,8,0D,10,DF,23,02,20,70,00
252865000,625,false,Rx,0,8,25,00,11,43,FD,BB,E4,01
252880000,60D,false,Rx,0,8,0D,10,DF,23,02,20,70,00
252899000,2C4,false,Rx,0,8,05,00,00,00,E6,02,00,00
252899000,2C5,false,Rx,0,8,00,00,00,00,00,00,00,00
252900000,2C6,false,Rx,0,8,F4,01,84,03,00,00,00,00
252920000,54,false,Rx,0,8,01,01,FE,FF,FE,FF,00,00
252920000,55,false,Rx,0,8,10,27,00,00,00,00,00,00
252920000,56,false,Rx,0,8,10,27,00,00,00,00,00,00
252931000,57,false,Rx,0,8,00,00,FE,FF,FE,FF,00,00
252965000,625,false,Rx,0,8,25,00,11,43,FD,BB,E4,01
252980000,60D,false,Rx,0,8,0D,10,DF,23,02,20,70,00
253065000,625,false,Rx,0,8,25,00,11,43,FD,BB,E4,01
253080000,60D,false,Rx,0,8,0D,10,DF,23,02,20,70,00
253099000,2C4,false,Rx,0,8,05,00,00,00,E9,02,00,00
253099000,2C5,false,Rx,0,8,00,00,00,00,00,00,00,00
253100000,2C6,false,Rx,0,8,F4,01,84,03,00,00,00,00
253120000,54,false,Rx,0,8,01,01,FE,FF,FE,FF,00,00
253120000,55,false,Rx,0,8,10,27,00,00,00,00,00,00
253120000,56,false,Rx,0,8,10,27,00,00,00,00,00,00
253131000,57,false,Rx,0,8,00,00,FE,FF,FE,FF,00,00
253165000,625,false,Rx,0,8,25,00,11,43,FD,BB,E4,01
253180000,60D,false,Rx,0,8,0D,10,DF,23,02,20,70,00
253265000,625,false,Rx,0,8,25,00,11,43,FD,BB,E4,01
253280000,60D,false,Rx,0,8,0D,10,DF,23,02,20,70,00
253299000,2C4,false,Rx,0,8,05,00,00,00,E6,02,00,00
253299000,2C5,false,Rx,0,8,00,00,00,00,00,00,00,00
253300000,2C6,false,Rx,0,8,F4,01,84,03,00,00,00,00
253320000,54,false,Rx,0,8,01,01,FE,FF,FE,FF,00,00
253320000,55,false,Rx,0,8,10,27,00,00,00,00,00,00
253320000,56,false,Rx,0,8,10,27,00,00,00,00,00,00
253331000,57,false,Rx,0,8,00,00,FE,FF,FE,FF,00,00
253365000,625,false,Rx,0,8,25,00,11,43,FD,BB,E4,01
253380000,60D,false,Rx,0,8,0D,10,DF,23,02,20,70,00
253465000,625,false,Rx,0,8,25,00,11,43,FD,BB,E4,01
253480000,60D,false,Rx,0,8,0D,10,DF,23,02,20,70,00
253499000,2C4,false,Rx,0,8,05,00,00,00,E6,02,00,00
253499000,2C5,false,Rx,0,8,00,00,00,00,00,00,00,00
253500000,2C6,false,Rx,0,8,F4,01,84,03,00,00,00,00
253520000,54,false,Rx,0,8,01,01,FE,FF,FE,FF,00,00
253520000,55,false,Rx,0,8,10,27,00,00,00,00,00,00
253520000,56,false,Rx,0,8,10,27,00,00,00,00,00,00
253531000,57,false,Rx,0,8,00,00,FE,FF,FE,FF,00,00
253565000,625,false,Rx,0,8,25,00,11,43,FD,BB,E4,01
253580000,60D,false,Rx,0,8,0D,10,DF,23,02,20,70,00
253665000,625,false,Rx,0,8,25,00,11,43,FD,BB,E4,01
253680000,60D,false,Rx,0,8,0D,10,DF,23,02,20,70,00
253699000,2C4,false,Rx,0,8,05,00,00,00,E6,02,00,00
253699000,2C5,false,Rx,0,8,00,00,00,00,00,00,00,00
253700000,2C6,false,Rx,0,8,F4,01,84,03,00,00,00,00
253720000,54,false,Rx,0,8,01,01,FE,FF,FE,FF,00,00
253720000,55,false,Rx,0,8,10,27,00,00,00,00,00,00
253720000,56,false,Rx,0,8,10,27,00,00,00,00,00,00
253731000,57,false,Rx,0,8,00,00,FE,FF,FE,FF,00,00
253765000,625,false,Rx,0,8,25,00,11,43,FD,BB,E4,01
253780000,60D,false,Rx,0,8,0D,10,DF,23,02,20,70,00
253865000,625,false,Rx,0,8,25,00,11,43,FD,BB,E4,01
253880000,60D,false,Rx,0,8,0D,10,DF,23,02,20,70,00
253899000,2C4,false,Rx,0,8,05,00,00,00,E9,02,00,00
253899000,2C5,false,Rx,0,8,00,00,00,00,00,00,00,00
253900000,2C6,false,Rx,0,8,F4,01,84,03,00,00,00,00
253920000,54,false,Rx,0,8,01,01,FE,FF,FE,FF,00,00
253920000,55,false,Rx,0,8,10,27,00,00,00,00,00,00
253920000,56,false,Rx,0,8,10,27,00,00,00,00,00,00
253931000,57,false,Rx,0,8,00,00,FE,FF,FE,FF,00,00
253965000,625,false,Rx,0,8,25,00,11,43,FD,BB,E4,01
253980000,60D,false,Rx,0,8,0D,10,DF,23,02,20,70,00
254065000,625,false,Rx,0,8,25,00,11,43,FD,BB,E4,01
254080000,60D,false,Rx,0,8,0D,10,DF,23,02,20,70,00
254099000,2C4,false,Rx,0,8,05,00,00,00,E6,02,00,00
254099000,2C5,false,Rx,0,8,00,00,00,00,00,00,00,00
254100000,2C6,false,Rx,0,8,F4,01,84,03,00,00,00,00
254120000,54,false,Rx,0,8,01,01,FE,FF,FE,FF,00,00
254120000,55,false,Rx,0,8,10,27,00,00,00,00,00,00
254120000,56,false,Rx,0,8,10,27,00,00,00,00,00,00
254131000,57,false,Rx,0,8,00,00,FE,FF,FE,FF,00,00
254165000,625,false,Rx,0,8,25,00,11,43,FD,BB,E4,01
254180000,60D,false,Rx,0,8,0D,10,DF,23,02,20,70,00
254265000,625,false,Rx,0,8,25,00,11,43,FD,BB,E4,01
254280000,60D,false,Rx,0,8,0D,10,DF,23,02,20,70,00
254299000,2C4,false,Rx,0,8,05,00,00,00,E9,02,00,00
254299000,2C5,false,Rx,0,8,00,00,00,00,00,00,00,00
254300000,2C6,false,Rx,0,8,F4,01,84,03,00,00,00,00
254320000,54,false,Rx,0,8,01,01,FE,FF,FE,FF,00,00
254320000,55,false,Rx,0,8,10,27,00,00,00,00,00,00
254320000,56,false,Rx,0,8,10,27,00,00,00,00,00,00
254331000,57,false,Rx,0,8,00,00,FE,FF,FE,FF,00,00
254365000,625,false,Rx,0,8,25,00,11,43,FD,BB,E4,01
254380000,60D,false,Rx,0,8,0D,10,DF,23,02,20,70,00
254465000,625,false,Rx,0,8,25,00,11,43,FD,BB,E4,01
254480000,60D,false,Rx,0,8,0D,10,DF,23,02,20,70,00
254499000,2C4,false,Rx,0,8,05,00,00,00,E6,02,00,00
254499000,2C5,false,Rx,0,8,00,00,00,00,00,00,00,00
254500000,2C6,false,Rx,0,8,F4,01,84,03,00,00,00,00
254520000,54,false,Rx,0,8,01,01,FE,FF,FE,FF,00,00
254520000,55,false,Rx,0,8,10,27,00,00,00,00,00,00
254520000,56,false,Rx,0,8,10,27,00,00,00,00,00,00
254531000,57,false,Rx,0,8,00,00,FE,FF,FE,FF,00,00
254565000,625,false,Rx,0,8,25,00,11,43,FD,BB,E4,01
254580000,60D,false,Rx,0,8,0D,10,DF,23,02,20,70,00
254665000,625,false,Rx,0,8,25,00,11,43,FD,BB,E4,01
254680000,60D,false,Rx,0,8,0D,10,DF,23,02,20,70,00
254699000,2C4,false,Rx,0,8,05,00,00,00,E9,02,00,00
254699000,2C5,false,Rx,0,8,00,00,00,00,00,00,00,00
254700000,2C6,false,Rx,0,8,F4,01,84,03,00,00,00,00
254720000,54,false,Rx,0,8,01,01,FE,FF,FE,FF,00,00
254720000,55,false,Rx,0,8,10,27,00,00,00,00,00,00
254720000,56,false,Rx,0,8,10,27,00,00,00,00,00,00
254731000,57,false,Rx,0,8,00,00,FE,FF,FE,FF,00,00
254765000,625,false,Rx,0,8,25,00,11,43,FD,BB,E4,01
254780000,60D,false,Rx,0,8,0D,10,DF,23,02,20,70,00
254865000,625,false,Rx,0,8,25,00,11,43,FD,BB,E4,01
254880000,60D,false,Rx,0,8,0D,10,DF,23,02,20,70,00
254899000,2C4,false,Rx,0,8,05,00,00,00,E6,02,00,00
254899000,2C5,false,Rx,0,8,00,00,00,00,00,00,00,00
254900000,2C6,false,Rx,0,8,F4,01,84,03,00,00,00,00
254920000,54,false,Rx,0,8,01,01,FE,FF,FE,FF,00,00
254920000,55,false,Rx,0,8,10,27,00,00,00,00,00,00
254920000,56,false,Rx,0,8,10,27,00,00,00,00,00,00
254931000,57,false,Rx,0,8,00,00,FE,FF,FE,FF,00,00
254965000,625,false,Rx,0,8,25,00,11,43,FD,BB,E4,01
254980000,60D,false,Rx,0,8,0D,10,DF,23,02,20,70,00
255065000,625,false,Rx,0,8,25,00,11,43,FD,BB,E4,01
255080000,60D,false,Rx,0,8,0D,10,DF,23,02,20,70,00
255099000,2C4,false,Rx,0,8,05,00,00,00,E9,02,00,00
255099000,2C5,false,Rx,0,8,00,00,00,00,00,00,00,00
255100000,2C6,false,Rx,0,8,F4,01,84,03,00,00,00,00
255120000,54,false,Rx,0,8,01,01,FE,FF,FE,FF,00,00
255120000,55,false,Rx,0,8,10,27,00,00,00,00,00,00
255120000,56,false,Rx,0,8,10,27,00,00,00,00,00,00
255131000,57,false,Rx,0,8,00,00,FE,FF,FE,FF,00,00
255165000,625,false,Rx,0,8,25,00,11,43,FD,BB,E4,01
255180000,60D,false,Rx,0,8,0D,10,DF,23,02,20,70,00
255265000,625,false,Rx,0,8,25,00,11,43,FD,BB,E4,01
255280000,60D,false,Rx,0,8,0D,10,DF,23,02,20,70,00
255299000,2C4,false,Rx,0,8,05,00,00,00,E6,02,00,00
255299000,2C5,false,Rx,0,8,00,00,00,00,00,00,00,00
255300000,2C6,false,Rx,0,8,F4,01,84,03,00,00,00,00
255320000,54,false,Rx,0,8,01,01,FE,FF,FE,FF,00,00
255320000,55,false,Rx,0,8,10,27,00,00,00,00,00,00
255320000,56,false,Rx,0,8,10,27,00,00,00,00,00,00
255331000,57,false,Rx,0,8,00,00,FE,FF,FE,FF,00,00
255365000,625,false,Rx,0,8,25,00,11,43,FD,BB,E4,01
255380000,60D,false,Rx,0,8,0D,10,DF,23,02,20,70,00
255465000,625,false,Rx,0,8,25,00,11,43,FD,BB,E4,01
255480000,60D,false,Rx,0,8,0D,10,DF,23,02,20,70,00
255499000,2C4,false,Rx,0,8,05,00,00,00,E6,02,00,00
255499000,2C5,false,Rx,0,8,00,00,00,00,00,00,00,00
255500000,2C6,false,Rx,0,8,F4,01,84,03,00,00,00,00
255520000,54,false,Rx,0,8,01,01,FE,FF,FE,FF,00,00
255520000,55,false,Rx,0,8,10,27,00,00,00,00,00,00
255520000,56,false,Rx,0,8,10,27,00,00,00,00,00,00
255531000,57,false,Rx,0,8,00,00,FE,FF,FE,FF,00,00
255565000,625,false,Rx,0,8,25,00,11,43,FD,BB,E4,01
255580000,60D,false,Rx,0,8,0D,10,DF,23,02,20,70,00
255665000,625,false,Rx,0,8,25,00,11,43,FD,BB,E4,01
255680000,60D,false,Rx,0,8,0D,10,DF,23,02,20,70,00
255699000,2C4,false,Rx,0,8,05,00,00,00,E6,02,00,00
255699000,2C5,false,Rx,0,8,00,00,00,00,00,00,00,00
255700000,2C6,false,Rx,0,8,F4,01,84,03,00,00,00,00
255720000,54,false,Rx,0,8,01,01,FE,FF,FE,FF,00,00
255720000,55,false,Rx,0,8,10,27,00,00,00,00,00,00
255720000,56,false,Rx,0,8,10,27,00,00,00,00,00,00
255731000,57,false,Rx,0,8,00,00,FE,FF,FE,FF,00,00
255765000,625,false,Rx,0,8,25,00,11,43,FD,BB,E4,01
255780000,60D,false,Rx,0,8,0D,10,DF,23,02,20,70,00
255865000,625,false,Rx,0,8,25,00,11,43,FD,BB,E4,01
255880000,60D,false,Rx,0,8,0D,10,DF,23,02,20,70,00
255899000,2C4,false,Rx,0,8,05,00,00,00,E9,02,00,00
255899000,2C5,false,Rx,0,8,00,00,00,00,00,00,00,00
255900000,2C6,false,Rx,0,8,F4,01,84,03,00,00,00,00
255920000,54,false,Rx,0,8,01,01,FE,FF,FE,FF,00,00
255920000,55,false,Rx,0,8,10,27,00,00,00,00,00,00
255920000,56,false,Rx,0,8,10,27,00,00,00,00,00,00
255931000,57,false,Rx,0,8,00,00,FE,FF,FE,FF,00,00
255965000,625,false,Rx,0,8,25,00,11,43,FD,BB,E4,01
255980000,60D,false,Rx,0,8,0D,10,DF,23,02,20,70,00
256065000,625,false,Rx,0,8,25,00,11,43,FD,BB,E4,01
256080000,60D,false,Rx,0,8,0D,10,DF,23,02,20,70,00
256099000,2C4,false,Rx,0,8,05,00,00,00,E6,02,00,00
256099000,2C5,false,Rx,0,8,00,00,00,00,00,00,00,00
256099000,2C6,false,Rx,0,8,F4,01,84,03,00,00,00,00
256120000,54,false,Rx,0,8,01,01,FE,FF,FE,FF,00,00
256120000,55,false,Rx,0,8,10,27,00,00,00,00,00,00
256120000,56,false,Rx,0,8,10,27,00,00,00,00,00,00
256131000,57,false,Rx,0,8,00,00,FE,FF,FE,FF,00,00
256165000,625,false,Rx,0,8,25,00,11,43,FD,BB,E4,01
256180000,60D,false,Rx,0,8,0D,10,DF,23,02,20,70,00
256265000,625,false,Rx,0,8,25,00,11,43,FD,BB,E4,01
256280000,60D,false,Rx,0,8,0D,10,DF,23,02,20,70,00
256299000,2C4,false,Rx,0,8,05,00,00,00,E9,02,00,00
256299000,2C5,false,Rx,0,8,00,00,00,00,00,00,00,00
256299000,2C6,false,Rx,0,8,F4,01,84,03,00,00,00,00
256320000,54,false,Rx,0,8,01,01,FE,FF,FE,FF,00,00
256320000,55,false,Rx,0,8,10,27,00,00,00,00,00,00
256320000,56,false,Rx,0,8,10,27,00,00,00,00,00,00
256331000,57,false,Rx,0,8,00,00,FE,FF,FE,FF,00,00
256365000,625,false,Rx,0,8,25,00,11,43,FD,BB,E4,01
256380000,60D,false,Rx,0,8,0D,10,DF,23,02,20,70,00
256465000,625,false,Rx,0,8,25,00,11,43,FD,BB,E4,01
256480000,60D,false,Rx,0,8,0D,10,DF,23,02,20,70,00
256499000,2C4,false,Rx,0,8,05,00,00,00,E6,02,00,00
256499000,2C5,false,Rx,0,8,00,00,00,00,00,00,00,00
256499000,2C6,false,Rx,0,8,F4,01,84,03,00,00,00,00
256520000,54,false,Rx,0,8,01,01,FE,FF,FE,FF,00,00
256520000,55,false,Rx,0,8,10,27,00,00,00,00,00,00
256520000,56,false,Rx,0,8,10,27,00,00,00,00,00,00
256531000,57,false,Rx,0,8,00,00,FE,FF,FE,FF,00,00
256565000,625,false,Rx,0,8,25,00,11,43,FD,BB,E4,01
256580000,60D,false,Rx,0,8,0D,10,DF,23,02,20,70,00
256665000,625,false,Rx,0,8,25,00,11,43,FD,BB,E4,01
256680000,60D,false,Rx,0,8,0D,10,DF,23,02,20,70,00
256699000,2C4,false,Rx,0,8,05,00,00,00,E9,02,00,00
256699000,2C5,false,Rx,0,8,00,00,00,00,00,00,00,00
256699000,2C6,false,Rx,0,8,F4,01,84,03,00,00,00,00
256720000,54,false,Rx,0,8,01,01,FE,FF,FE,FF,00,00
256720000,55,false,Rx,0,8,10,27,00,00,00,00,00,00
256720000,56,false,Rx,0,8,10,27,00,00,00,00,00,00
256731000,57,false,Rx,0,8,00,00,FE,FF,FE,FF,00,00
256765000,625,false,Rx,0,8,25,00,11,43,FD,BB,E4,01
256780000,60D,false,Rx,0,8,0D,10,DF,23,02,20,70,00
256865000,625,false,Rx,0,8,25,00,11,43,FD,BB,E4,01
256880000,60D,false,Rx,0,8,0D,10,DF,23,02,20,70,00
256899000,2C4,false,Rx,0,8,05,00,00,00,E9,02,00,00
256899000,2C5,false,Rx,0,8,00,00,00,00,00,00,00,00
256899000,2C6,false,Rx,0,8,F4,01,84,03,00,00,00,00
256920000,54,false,Rx,0,8,01,01,FE,FF,FE,FF,00,00
256920000,55,false,Rx,0,8,10,27,00,00,00,00,00,00
256920000,56,false,Rx,0,8,10,27,00,00,00,00,00,00
256931000,57,false,Rx,0,8,00,00,FE,FF,FE,FF,00,00
256965000,625,false,Rx,0,8,25,00,11,43,FD,BB,E4,01
256981000,60D,false,Rx,0,8,0D,10,DF,23,02,20,70,00
257065000,625,false,Rx,0,8,25,00,11,43,FD,BB,E4,01
257080000,60D,false,Rx,0,8,0D,10,DF,23,02,20,70,00
257099000,2C4,false,Rx,0,8,05,00,00,00,E6,02,00,00
257099000,2C5,false,Rx,0,8,00,00,00,00,00,00,00,00
257099000,2C6,false,Rx,0,8,F4,01,84,03,00,00,00,00
257120000,54,false,Rx,0,8,01,01,FE,FF,FE,FF,00,00
257120000,55,false,Rx,0,8,10,27,00,00,00,00,00,00
257120000,56,false,Rx,0,8,10,27,00,00,00,00,00,00
257131000,57,false,Rx,0,8,00,00,FE,FF,FE,FF,00,00
257165000,625,false,Rx,0,8,25,00,11,43,FD,BB,E4,01
257180000,60D,false,Rx,0,8,0D,10,DF,23,02,20,70,00
257265000,625,false,Rx,0,8,25,00,11,43,FD,BB,E4,01
257280000,60D,false,Rx,0,8,0D,10,DF,23,02,20,70,00
257299000,2C4,false,Rx,0,8,05,00,00,00,E9,02,00,00
257299000,2C5,false,Rx,0,8,00,00,00,00,00,00,00,00
257299000,2C6,false,Rx,0,8,F4,01,84,03,00,00,00,00
257320000,54,false,Rx,0,8,01,01,FE,FF,FE,FF,00,00
257320000,55,false,Rx,0,8,10,27,00,00,00,00,00,00
257320000,56,false,Rx,0,8,10,27,00,00,00,00,00,00
257331000,57,false,Rx,0,8,00,00,FE,FF,FE,FF,00,00
257365000,625,false,Rx,0,8,25,00,11,43,FD,BB,E4,01
257380000,60D,false,Rx,0,8,0D,10,DF,23,02,20,70,00
257465000,625,false,Rx,0,8,25,00,11,43,FD,BB,E4,01
257480000,60D,false,Rx,0,8,0D,10,DF,23,02,20,70,00
257499000,2C4,false,Rx,0,8,05,00,00,00,E9,02,00,00
257499000,2C5,false,Rx,0,8,00,00,00,00,00,00,00,00
257499000,2C6,false,Rx,0,8,F4,01,84,03,00,00,00,00
257520000,54,false,Rx,0,8,01,01,FE,FF,FE,FF,00,00
257520000,55,false,Rx,0,8,10,27,00,00,00,00,00,00
257520000,56,false,Rx,0,8,10,27,00,00,00,00,00,00
257531000,57,false,Rx,0,8,00,00,FE,FF,FE,FF,00,00
257565000,625,false,Rx,0,8,25,00,11,43,FD,BB,E4,01
257581000,60D,false,Rx,0,8,0D,10,DF,23,02,20,70,00
257665000,625,false,Rx,0,8,25,00,11,43,FD,BB,E4,01
257680000,60D,false,Rx,0,8,0D,10,DF,23,02,20,70,00
257699000,2C4,false,Rx,0,8,05,00,00,00,E6,02,00,00
257699000,2C5,false,Rx,0,8,00,00,00,00,00,00,00,00
257699000,2C6,false,Rx,0,8,F4,01,84,03,00,00,00,00
257720000,54,false,Rx,0,8,01,01,FE,FF,FE,FF,00,00
257720000,55,false,Rx,0,8,10,27,00,00,00,00,00,00
257720000,56,false,Rx,0,8,10,27,00,00,00,00,00,00
257731000,57,false,Rx,0,8,00,00,FE,FF,FE,FF,00,00
257765000,625,false,Rx,0,8,25,00,11,43,FD,BB,E4,01
257780000,60D,false,Rx,0,8,0D,10,DF,23,02,20,70,00
257865000,625,false,Rx,0,8,25,00,11,43,FD,BB,E4,01
257880000,60D,false,Rx,0,8,0D,10,DF,23,02,20,70,00
257899000,2C4,false,Rx,0,8,03,08,20,00,E9,02,00,00
257899000,2C5,false,Rx,0,8,00,00,00,00,00,00,00,00
257899000,2C6,false,Rx,0,8,F4,01,84,03,00,00,00,00
257920000,54,false,Rx,0,8,01,01,FE,FF,FE,FF,00,00
257920000,55,false,Rx,0,8,10,27,00,00,00,00,00,00
257920000,56,false,Rx,0,8,10,27,00,00,00,00,00,00
257931000,57,false,Rx,0,8,00,00,FE,FF,FE,FF,00,00
257965000,625,false,Rx,0,8,25,00,11,43,FD,BB,E4,01
257980000,60D,false,Rx,0,8,0D,10,DF,23,02,20,70,00
258065000,625,false,Rx,0,8,25,00,11,43,FD,BB,E4,01
258080000,60D,false,Rx,0,8,0D,10,DF,23,02,20,70,00
258099000,2C4,false,Rx,0,8,03,08,20,00,E9,02,00,00
258099000,2C5,false,Rx,0,8,00,00,00,00,00,00,00,00
258099000,2C6,false,Rx,0,8,F4,01,84,03,00,00,00,00
258120000,54,false,Rx,0,8,00,00,FE,FF,FE,FF,00,00
258120000,55,false,Rx,0,8,10,27,00,00,00,00,00,00
258120000,56,false,Rx,0,8,10,27,00,00,00,00,00,00
258131000,57,false,Rx,0,8,00,00,FE,FF,FE,FF,00,00
258165000,625,false,Rx,0,8,25,00,11,43,FD,BB,E4,01
258181000,60D,false,Rx,0,8,0D,10,DF,23,02,20,70,00
258265000,625,false,Rx,0,8,25,00,11,43,FD,BB,E4,01
258281000,60D,false,Rx,0,8,0D,10,DF,23,02,20,70,00
258299000,2C4,false,Rx,0,8,03,08,00,00,E6,02,00,00
258299000,2C5,false,Rx,0,8,00,00,00,00,00,00,00,00
258299000,2C6,false,Rx,0,8,F4,01,84,03,00,00,00,00
258320000,54,false,Rx,0,8,00,00,FE,FF,FE,FF,00,00
258320000,55,false,Rx,0,8,10,27,00,00,00,00,00,00
258320000,56,false,Rx,0,8,10,27,00,00,00,00,00,00
258331000,57,false,Rx,0,8,00,00,FE,FF,FE,FF,00,00
258365000,625,false,Rx,0,8,25,00,11,43,FD,BB,E4,01
258380000,60D,false,Rx,0,8,0D,10,DF,23,02,20,70,00
258465000,625,false,Rx,0,8,25,00,11,43,FD,BB,E4,01
258480000,60D,false,Rx,0,8,0D,10,DF,23,02,20,70,00
258499000,2C4,false,Rx,0,8,03,08,00,00,E6,02,00,00
258499000,2C5,false,Rx,0,8,00,00,00,00,00,00,00,00
258499000,2C6,false,Rx,0,8,F4,01,84,03,00,00,00,00
258520000,54,false,Rx,0,8,00,00,FE,FF,FE,FF,00,00
258520000,55,false,Rx,0,8,10,27,00,00,00,00,00,00
258520000,56,false,Rx,0,8,10,27,00,00,00,00,00,00
258531000,57,false,Rx,0,8,00,00,FE,FF,FE,FF,00,00
258565000,625,false,Rx,0,8,25,00,11,43,FD,BB,E4,01
258581000,60D,false,Rx,0,8,0D,10,DF,23,02,20,70,00
258665000,625,false,Rx,0,8,25,00,11,43,FD,BB,E4,01
258680000,60D,false,Rx,0,8,0D,10,DF,23,02,20,70,00
258699000,2C4,false,Rx,0,8,03,08,00,00,E9,02,00,00
258699000,2C5,false,Rx,0,8,00,00,00,00,00,00,00,00
258699000,2C6,false,Rx,0,8,F4,01,84,03,00,00,00,00
258720000,54,false,Rx,0,8,00,00,FE,FF,FE,FF,00,00
258720000,55,false,Rx,0,8,10,27,00,00,00,00,00,00
258720000,56,false,Rx,0,8,10,27,00,00,00,00,00,00
258731000,57,false,Rx,0,8,00,00,FE,FF,FE,FF,00,00
258765000,625,false,Rx,0,8,25,00,11,43,FD,BB,E4,01
258780000,60D,false,Rx,0,8,0D,10,DF,23,02,20,70,00
258865000,625,false,Rx,0,8,25,00,11,43,FD,BB,E4,01
258880000,60D,false,Rx,0,8,0D,10,DF,23,02,20,70,00
258899000,2C4,false,Rx,0,8,03,08,00,00,E9,02,00,00
258899000,2C5,false,Rx,0,8,00,00,00,00,00,00,00,00
258899000,2C6,false,Rx,0,8,F4,01,84,03,00,00,00,00
258920000,54,false,Rx,0,8,00,00,FE,FF,FE,FF,00,00
258920000,55,false,Rx,0,8,10,27,00,00,00,00,00,00
258920000,56,false,Rx,0,8,10,27,00,00,00,00,00,00
258931000,57,false,Rx,0,8,00,00,FE,FF,FE,FF,00,00
258965000,625,false,Rx,0,8,25,00,11,43,FD,BB,E4,01
258980000,60D,false,Rx,0,8,0D,10,DF,23,02,20,70,00
259065000,625,false,Rx,0,8,25,00,11,43,FD,BB,E4,01
259080000,60D,false,Rx,0,8,0D,10,DF,23,02,20,70,00
259099000,2C4,false,Rx,0,8,03,08,00,00,E6,02,00,00
259099000,2C5,false,Rx,0,8,00,00,00,00,00,00,00,00
259099000,2C6,false,Rx,0,8,F4,01,84,03,00,00,00,00
259120000,54,false,Rx,0,8,00,00,FE,FF,FE,FF,00,00
259120000,55,false,Rx,0,8,10,27,00,00,00,00,00,00
259120000,56,false,Rx,0,8,10,27,00,00,00,00,00,00
259131000,57,false,Rx,0,8,00,00,FE,FF,FE,FF,00,00
259165000,625,false,Rx,0,8,25,00,11,43,FD,BB,E4,01
259180000,60D,false,Rx,0,8,0D,10,DF,23,02,20,70,00
259265000,625,false,Rx,0,8,25,00,11,43,FD,BB,E4,01
259280000,60D,false,Rx,0,8,0D,10,DF,23,02,20,70,00
259299000,2C4,false,Rx,0,8,03,08,00,00,E6,02,00,00
259299000,2C5,false,Rx,0,8,00,00,00,00,00,00,00,00
259299000,2C6,false,Rx,0,8,F4,01,84,03,00,00,00,00
259320000,54,false,Rx,0,8,00,00,FE,FF,FE,FF,00,00
259320000,55,false,Rx,0,8,10,27,00,00,00,00,00,00
259320000,56,false,Rx,0,8,10,27,00,00,00,00,00,00
259331000,57,false,Rx,0,8,00,00,FE,FF,FE,FF,00,00
259365000,625,false,Rx,0,8,25,00,11,43,FD,BB,E4,01
259380000,60D,false,Rx,0,8,0D,10,DF,23,02,20,70,00
259465000,625,false,Rx,0,8,25,00,11,43,FD,BB,E4,01
259480000,60D,false,Rx,0,8,0D,10,DF,23,02,20,70,00
259499000,2C4,false,Rx,0,8,03,08,00,00,E6,02,00,00
259499000,2C5,false,Rx,0,8,00,00,00,00,00,00,00,00
259499000,2C6,false,Rx,0,8,F4,01,84,03,00,00,00,00
259520000,54,false,Rx,0,8,00,00,FE,FF,FE,FF,00,00
259520000,55,false,Rx,0,8,10,27,00,00,00,00,00,00
259520000,56,false,Rx,0,8,10,27,00,00,00,00,00,00
259531000,57,false,Rx,0,8,00,00,FE,FF,FE,FF,00,00
259565000,625,false,Rx,0,8,25,00,11,43,FD,BB,E4,01
259580000,60D,false,Rx,0,8,0D,10,DF,23,02,20,70,00
259665000,625,false,Rx,0,8,25,00,11,43,FD,BB,E4,01
259680000,60D,false,Rx,0,8,0D,10,DF,23,02,20,70,00
259699000,2C4,false,Rx,0,8,03,08,00,00,E9,02,00,00
259699000,2C5,false,Rx,0,8,00,00,00,00,00,00,00,00
259699000,2C6,false,Rx,0,8,F4,01,84,03,00,00,00,00
259720000,54,false,Rx,0,8,00,00,FE,FF,FE,FF,00,00
259720000,55,false,Rx,0,8,10,27,00,00,00,00,00,00
259720000,56,false,Rx,0,8,10,27,00,00,00,00,00,00
259731000,57,false,Rx,0,8,00,00,FE,FF,FE,FF,00,00
259765000,625,false,Rx,0,8,25,00,11,43,FD,BB,E4,01
259780000,60D,false,Rx,0,8,0D,10,DF,23,02,20,70,00
259865000,625,false,Rx,0,8,25,00,11,43,FD,BB,E4,01
259880000,60D,false,Rx,0,8,0D,10,DF,23,02,20,70,00
259899000,2C4,false,Rx,0,8,03,08,00,00,E9,02,00,00
259899000,2C5,false,Rx,0,8,00,00,00,00,00,00,00,00
259899000,2C6,false,Rx,0,8,F4,01,84,03,00,00,00,00
259920000,54,false,Rx,0,8,00,00,FE,FF,FE,FF,00,00
259920000,55,false,Rx,0,8,10,27,00,00,00,00,00,00
259920000,56,false,Rx,0,8,10,27,00,00,00,00,00,00
259931000,57,false,Rx,0,8,00,00,FE,FF,FE,FF,00,00
259965000,625,false,Rx,0,8,25,00,11,43,FD,BB,E4,01
259980000,60D,false,Rx,0,8,0D,10,DF,23,02,20,70,00
260065000,625,false,Rx,0,8,25,00,11,43,FD,BB,E4,01
260080000,60D,false,Rx,0,8,0D,10,DF,23,02,20,70,00
260099000,2C4,false,Rx,0,8,03,08,00,00,E6,02,00,00
260099000,2C5,false,Rx,0,8,00,00,00,00,00,00,00,00
260099000,2C6,false,Rx,0,8,F4,01,84,03,00,00,00,00
260120000,54,false,Rx,0,8,00,00,FE,FF,FE,FF,00,00
260120000,55,false,Rx,0,8,10,27,00,00,00,00,00,00
260120000,56,false,Rx,0,8,10,27,00,00,00,00,00,00
260131000,57,false,Rx,0,8,00,00,FE,FF,FE,FF,00,00
260165000,625,false,Rx,0,8,25,00,11,43,FD,BB,E4,01
260180000,60D,false,Rx,0,8,0D,10,DF,23,02,20,70,00
260265000,625,false,Rx,0,8,25,00,11,43,FD,BB,E4,01
260280000,60D,false,Rx,0,8,0D,10,DF,23,02,20,70,00
260299000,2C4,false,Rx,0,8,03,08,00,00,E9,02,00,00
260299000,2C5,false,Rx,0,8,00,00,00,00,00,00,00,00
260299000,2C6,false,Rx,0,8,F4,01,84,03,00,00,00,00
260320000,54,false,Rx,0,8,00,00,FE,FF,FE,FF,00,00
260320000,55,false,Rx,0,8,10,27,00,00,00,00,00,00
260320000,56,false,Rx,0,8,10,27,00,00,00,00,00,00
260331000,57,false,Rx,0,8,00,00,FE,FF,FE,FF,00,00
260365000,625,false,Rx,0,8,25,00,11,43,FD,BB,E4,01
260380000,60D,false,Rx,0,8,0D,10,DF,23,02,20,70,00
260465000,625,false,Rx,0,8,25,00,11,43,FD,BB,E4,01
260480000,60D,false,Rx,0,8,0D,10,DF,23,02,20,70,00
260499000,2C4,false,Rx,0,8,03,08,00,00,E9,02,00,00
260499000,2C5,false,Rx,0,8,00,00,00,00,00,00,00,00
260499000,2C6,false,Rx,0,8,F4,01,84,03,00,00,00,00
260520000,54,false,Rx,0,8,00,00,FE,FF,FE,FF,00,00
260520000,55,false,Rx,0,8,10,27,00,00,00,00,00,00
260520000,56,false,Rx,0,8,10,27,00,00,00,00,00,00
260531000,57,false,Rx,0,8,00,00,FE,FF,FE,FF,00,00
260565000,625,false,Rx,0,8,25,00,11,43,FD,BB,E4,01
260580000,60D,false,Rx,0,8,0D,10,DF,23,02,20,70,00
260665000,625,false,Rx,0,8,25,00,11,43,FD,BB,E4,01
260680000,60D,false,Rx,0,8,0D,10,DF,23,02,20,70,00
260699000,2C4,false,Rx,0,8,03,08,00,00,E9,02,00,00
260699000,2C5,false,Rx,0,8,00,00,00,00,00,00,00,00
260699000,2C6,false,Rx,0,8,F4,01,84,03,00,00,00,00
260720000,54,false,Rx,0,8,00,00,FE,FF,FE,FF,00,00
260720000,55,false,Rx,0,8,10,27,00,00,00,00,00,00
260720000,56,false,Rx,0,8,10,27,00,00,00,00,00,00
260731000,57,false,Rx,0,8,00,00,FE,FF,FE,FF,00,00
260765000,625,false,Rx,0,8,25,00,11,43,FD,BB,E4,01
260780000,60D,false,Rx,0,8,0D,10,DF,23,02,20,70,00
260865000,625,false,Rx,0,8,25,00,11,43,FD,BB,E4,01
260880000,60D,false,Rx,0,8,0D,10,DF,23,02,20,70,00
260899000,2C4,false,Rx,0,8,03,08,00,00,E6,02,00,00
260899000,2C5,false,Rx,0,8,00,00,00,00,00,00,00,00
260899000,2C6,false,Rx,0,8,F4,01,84,03,00,00,00,00
260920000,54,false,Rx,0,8,00,00,FE,FF,FE,FF,00,00
260920000,55,false,Rx,0,8,10,27,00,00,00,00,00,00
260920000,56,false,Rx,0,8,10,27,00,00,00,00,00,00
260931000,57,false,Rx,0,8,00,00,FE,FF,FE,FF,00,00
260965000,625,false,Rx,0,8,25,00,11,43,FD,BB,E4,01
260980000,60D,false,Rx,0,8,0D,10,DF,23,02,20,70,00
261065000,625,false,Rx,0,8,25,00,11,43,FD,BB,E4,01
261080000,60D,false,Rx,0,8,0D,10,DF,23,02,20,70,00
261099000,2C4,false,Rx,0,8,03,08,00,00,E6,02,00,00
261099000,2C5,false,Rx,0,8,00,00,00,00,00,00,00,00
261099000,2C6,false,Rx,0,8,F4,01,84,03,00,00,00,00
261120000,54,false,Rx,0,8,00,00,FE,FF,FE,FF,00,00
261120000,55,false,Rx,0,8,10,27,00,00,00,00,00,00
261120000,56,false,Rx,0,8,10,27,00,00,00,00,00,00
261131000,57,false,Rx,0,8,00,00,FE,FF,FE,FF,00,00
261165000,625,false,Rx,0,8,25,00,11,43,FD,BB,E4,01
261180000,60D,false,Rx,0,8,0D,10,DF,23,02,20,70,00
261265000,625,false,Rx,0,8,25,00,11,43,FD,BB,E4,01
261280000,60D,false,Rx,0,8,0D,10,DF,23,02,20,70,00
261299000,2C4,false,Rx,0,8,03,08,00,00,E9,02,00,00
261299000,2C5,false,Rx,0,8,00,00,00,00,00,00,00,00
261299000,2C6,false,Rx,0,8,F4,01,84,03,00,00,00,00
261320000,54,false,Rx,0,8,00,00,FE,FF,FE,FF,00,00
261320000,55,false,Rx,0,8,10,27,00,00,00,00,00,00
261320000,56,false,Rx,0,8,10,27,00,00,00,00,00,00
261331000,57,false,Rx,0,8,00,00,FE,FF,FE,FF,00,00
261365000,625,false,Rx,0,8,25,00,11,43,FD,BB,E4,01
261380000,60D,false,Rx,0,8,0D,10,DF,23,02,20,70,00
261465000,625,false,Rx,0,8,25,00,11,43,FD,BB,E4,01
261480000,60D,false,Rx,0,8,0D,10,DF,23,02,20,70,00
261499000,2C4,false,Rx,0,8,03,08,00,00,E9,02,00,00
261499000,2C5,false,Rx,0,8,00,00,00,00,00,00,00,00
261499000,2C6,false,Rx,0,8,F4,01,84,03,00,00,00,00
261520000,54,false,Rx,0,8,00,00,FE,FF,FE,FF,00,00
261520000,55,false,Rx,0,8,10,27,00,00,00,00,00,00
261520000,56,false,Rx,0,8,10,27,00,00,00,00,00,00
261531000,57,false,Rx,0,8,00,00,FE,FF,FE,FF,00,00
261565000,625,false,Rx,0,8,25,00,11,43,FD,BB,E4,01
261580000,60D,false,Rx,0,8,0D,10,DF,23,02,20,70,00
261665000,625,false,Rx,0,8,25,00,11,43,FD,BB,E4,01
261680000,60D,false,Rx,0,8,0D,10,DF,23,02,20,70,00
261699000,2C4,false,Rx,0,8,03,08,00,00,E6,02,00,00
261699000,2C5,false,Rx,0,8,00,00,00,00,00,00,00,00
261699000,2C6,false,Rx,0,8,F4,01,84,03,00,00,00,00
261720000,54,false,Rx,0,8,00,00,FE,FF,FE,FF,00,00
261720000,55,false,Rx,0,8,10,27,00,00,00,00,00,00
261720000,56,false,Rx,0,8,10,27,00,00,00,00,00,00
261731000,57,false,Rx,0,8,00,00,FE,FF,FE,FF,00,00
261765000,625,false,Rx,0,8,25,00,11,43,FD,BB,E4,01
261780000,60D,false,Rx,0,8,0D,10,DF,23,02,20,70,00
261865000,625,false,Rx,0,8,25,00,11,43,FD,BB,E4,01
261880000,60D,false,Rx,0,8,0D,10,DF,23,02,20,70,00
261899000,2C4,false,Rx,0,8,03,08,00,00,E9,02,00,00
261899000,2C5,false,Rx,0,8,00,00,00,00,00,00,00,00
261899000,2C6,false,Rx,0,8,F4,01,84,03,00,00,00,00
261920000,54,false,Rx,0,8,00,00,FE,FF,FE,FF,00,00
261920000,55,false,Rx,0,8,10,27,00,00,00,00,00,00
261920000,56,false,Rx,0,8,10,27,00,00,00,00,00,00
261931000,57,false,Rx,0,8,00,00,FE,FF,FE,FF,00,00
261965000,625,false,Rx,0,8,25,00,11,43,FD,BB,E4,01
261980000,60D,false,Rx,0,8,0D,10,DF,23,02,20,70,00
262065000,625,false,Rx,0,8,25,00,11,43,FD,BB,E4,01
262080000,60D,false,Rx,0,8,0D,10,DF,23,02,20,70,00
262099000,2C4,false,Rx,0,8,03,08,00,00,E9,02,00,00
262099000,2C5,false,Rx,0,8,00,00,00,00,00,00,00,00
262099000,2C6,false,Rx,0,8,F4,01,84,03,00,00,00,00
262120000,54,false,Rx,0,8,00,00,FE,FF,FE,FF,00,00
262120000,55,false,Rx,0,8,10,27,00,00,00,00,00,00
262120000,56,false,Rx,0,8,10,27,00,00,00,00,00,00
262131000,57,false,Rx,0,8,00,00,FE,FF,FE,FF,00,00
262165000,625,false,Rx,0,8,25,00,11,43,FD,BB,E4,01
262181000,60D,false,Rx,0,8,0D,10,DF,23,02,20,70,00
262265000,625,false,Rx,0,8,25,00,11,43,FD,BB,E4,01
262281000,60D,false,Rx,0,8,0D,10,DF,23,02,20,70,00
262299000,2C4,false,Rx,0,8,03,08,00,00,E9,02,00,00
262299000,2C5,false,Rx,0,8,00,00,00,00,00,00,00,00
262299000,2C6,false,Rx,0,8,F4,01,84,03,00,00,00,00
262320000,54,false,Rx,0,8,00,00,FE,FF,FE,FF,00,00
262320000,55,false,Rx,0,8,10,27,00,00,00,00,00,00
262320000,56,false,Rx,0,8,10,27,00,00,00,00,00,00
262331000,57,false,Rx,0,8,00,00,FE,FF,FE,FF,00,00
262365000,625,false,Rx,0,8,25,00,11,43,FD,BB,E4,01
262381000,60D,false,Rx,0,8,0D,10,DF,23,02,20,70,00
262465000,625,false,Rx,0,8,25,00,11,43,FD,BB,E4,01
262480000,60D,false,Rx,0,8,0D,10,DF,23,02,20,70,00
262499000,2C4,false,Rx,0,8,03,08,00,00,E6,02,00,00
262499000,2C5,false,Rx,0,8,00,00,00,00,00,00,00,00
262499000,2C6,false,Rx,0,8,F4,01,84,03,00,00,00,00
262520000,54,false,Rx,0,8,00,00,FE,FF,FE,FF,00,00
262520000,55,false,Rx,0,8,10,27,00,00,00,00,00,00
262520000,56,false,Rx,0,8,10,27,00,00,00,00,00,00
262531000,57,false,Rx,0,8,00,00,FE,FF,FE,FF,00,00
262565000,625,false,Rx,0,8,25,00,11,43,FD,BB,E4,01
262580000,60D,false,Rx,0,8,0D,10,DF,23,02,20,70,00
262665000,625,false,Rx,0,8,25,00,11,43,FD,BB,E4,01
262680000,60D,false,Rx,0,8,0D,10,DF,23,02,20,70,00
262699000,2C4,false,Rx,0,8,03,08,00,00,E9,02,00,00
262699000,2C5,false,Rx,0,8,00,00,00,00,00,00,00,00
262699000,2C6,false,Rx,0,8,F4,01,84,03,00,00,00,00
262720000,54,false,Rx,0,8,00,00,FE,FF,FE,FF,00,00
262720000,55,false,Rx,0,8,10,27,00,00,00,00,00,00
262720000,56,false,Rx,0,8,10,27,00,00,00,00,00,00
262731000,57,false,Rx,0,8,00,00,FE,FF,FE,FF,00,00
262765000,625,false,Rx,0,8,25,00,11,43,FD,BB,E4,01
262780000,60D,false,Rx,0,8,0D,10,DF,23,02,20,70,00
262865000,625,false,Rx,0,8,25,00,11,43,FD,BB,E4,01
262880000,60D,false,Rx,0,8,0D,10,DF,23,02,20,70,00
262899000,2C4,false,Rx,0,8,03,08,00,00,E9,02,00,00
262899000,2C5,false,Rx,0,8,00,00,00,00,00,00,00,00
262899000,2C6,false,Rx,0,8,F4,01,84,03,00,00,00,00
262920000,54,false,Rx,0,8,00,00,FE,FF,FE,FF,00,00
262920000,55,false,Rx,0,8,10,27,00,00,00,00,00,00
262920000,56,false,Rx,0,8,10,27,00,00,00,00,00,00
262931000,57,false,Rx,0,8,00,00,FE,FF,FE,FF,00,00
262965000,625,false,Rx,0,8,25,00,11,43,FD,BB,E4,01
262980000,60D,false,Rx,0,8,0D,10,DF,23,02,20,70,00
263065000,625,false,Rx,0,8,25,00,11,43,FD,BB,E4,01
263080000,60D,false,Rx,0,8,0D,10,DF,23,02,20,70,00
263099000,2C4,false,Rx,0,8,03,08,00,00,E9,02,00,00
263099000,2C5,false,Rx,0,8,00,00,00,00,00,00,00,00
263099000,2C6,false,Rx,0,8,F4,01,84,03,00,00,00,00
263120000,54,false,Rx,0,8,00,00,FE,FF,FE,FF,00,00
263120000,55,false,Rx,0,8,10,27,00,00,00,00,00,00
263120000,56,false,Rx,0,8,10,27,00,00,00,00,00,00
263131000,57,false,Rx,0,8,00,00,FE,FF,FE,FF,00,00
263164000,625,false,Rx,0,8,25,00,11,43,FD,BB,E4,01
263180000,60D,false,Rx,0,8,0D,10,DF,23,02,20,70,00
263264000,625,false,Rx,0,8,25,00,11,43,FD,BB,E4,01
263280000,60D,false,Rx,0,8,0D,10,DF,23,02,20,70,00
263299000,2C4,false,Rx,0,8,03,08,00,00,E9,02,00,00
263299000,2C5,false,Rx,0,8,00,00,00,00,00,00,00,00
263299000,2C6,false,Rx,0,8,F4,01,84,03,00,00,00,00
263319000,54,false,Rx,0,8,00,00,FE,FF,FE,FF,00,00
263320000,55,false,Rx,0,8,10,27,00,00,00,00,00,00
263320000,56,false,Rx,0,8,10,27,00,00,00,00,00,00
263331000,57,false,Rx,0,8,00,00,FE,FF,FE,FF,00,00
263365000,625,false,Rx,0,8,25,00,11,43,FD,BB,E4,01
263380000,60D,false,Rx,0,8,0D,10,DF,23,02,20,70,00
263464000,625,false,Rx,0,8,25,00,11,43,FD,BB,E4,01
263480000,60D,false,Rx,0,8,0D,10,DF,23,02,20,70,00
263499000,2C4,false,Rx,0,8,03,08,00,00,E6,02,00,00
263499000,2C5,false,Rx,0,8,00,00,00,00,00,00,00,00
263499000,2C6,false,Rx,0,8,F4,01,84,03,00,00,00,00
263519000,54,false,Rx,0,8,00,00,FE,FF,FE,FF,00,00
263520000,55,false,Rx,0,8,10,27,00,00,00,00,00,00
263520000,56,false,Rx,0,8,10,27,00,00,00,00,00,00
263530000,57,false,Rx,0,8,00,00,FE,FF,FE,FF,00,00
263564000,625,false,Rx,0,8,25,00,11,43,FD,BB,E4,01
263580000,60D,false,Rx,0,8,0D,10,DF,23,02,20,70,00
263664000,625,false,Rx,0,8,25,00,11,43,FD,BB,E4,01
263680000,60D,false,Rx,0,8,0D,10,DF,23,02,20,70,00
263699000,2C4,false,Rx,0,8,03,08,00,00,E9,02,00,00
263699000,2C5,false,Rx,0,8,00,00,00,00,00,00,00,00
263699000,2C6,false,Rx,0,8,F4,01,84,03,00,00,00,00
263719000,54,false,Rx,0,8,00,00,FE,FF,FE,FF,00,00
263720000,55,false,Rx,0,8,10,27,00,00,00,00,00,00
263720000,56,false,Rx,0,8,10,27,00,00,00,00,00,00
263730000,57,false,Rx,0,8,00,00,FE,FF,FE,FF,00,00
263764000,625,false,Rx,0,8,25,00,11,43,FD,BB,E4,01
263780000,60D,false,Rx,0,8,0D,10,DF,23,02,20,70,00
263864000,625,false,Rx,0,8,25,00,11,43,FD,BB,E4,01
263880000,60D,false,Rx,0,8,0D,10,DF,23,02,20,70,00
263899000,2C4,false,Rx,0,8,03,08,00,00,E9,02,00,00
263899000,2C5,false,Rx,0,8,00,00,00,00,00,00,00,00
263899000,2C6,false,Rx,0,8,F4,01,84,03,00,00,00,00
263919000,54,false,Rx,0,8,00,00,FE,FF,FE,FF,00,00
263920000,55,false,Rx,0,8,10,27,00,00,00,00,00,00
263920000,56,false,Rx,0,8,10,27,00,00,00,00,00,00
263930000,57,false,Rx,0,8,00,00,FE,FF,FE,FF,00,00
263964000,625,false,Rx,0,8,25,00,11,43,FD,BB,E4,01
263980000,60D,false,Rx,0,8,0D,10,DF,23,02,20,70,00
264064000,625,false,Rx,0,8,25,00,11,43,FD,BB,E4,01
264080000,60D,false,Rx,0,8,0D,10,DF,23,02,20,70,00
264099000,2C4,false,Rx,0,8,03,08,00,00,E9,02,00,00
264099000,2C5,false,Rx,0,8,00,00,00,00,00,00,00,00
264099000,2C6,false,Rx,0,8,F4,01,84,03,00,00,00,00
264119000,54,false,Rx,0,8,00,00,FE,FF,FE,FF,00,00
264120000,55,false,Rx,0,8,10,27,00,00,00,00,00,00
264120000,56,false,Rx,0,8,10,27,00,00,00,00,00,00
264130000,57,false,Rx,0,8,00,00,FE,FF,FE,FF,00,00
264164000,625,false,Rx,0,8,25,00,11,43,FD,BB,E4,01
264180000,60D,false,Rx,0,8,0D,10,DF,23,02,20,70,00
264264000,625,false,Rx,0,8,25,00,11,43,FD,BB,E4,01
264280000,60D,false,Rx,0,8,0D,10,DF,23,02,20,70,00
264299000,2C4,false,Rx,0,8,03,08,00,00,E9,02,00,00
264299000,2C5,false,Rx,0,8,00,00,00,00,00,00,00,00
264299000,2C6,false,Rx,0,8,F4,01,84,03,00,00,00,00
264319000,54,false,Rx,0,8,00,00,FE,FF,FE,FF,00,00
264320000,55,false,Rx,0,8,10,27,00,00,00,00,00,00
264320000,56,false,Rx,0,8,10,27,00,00,00,00,00,00
264330000,57,false,Rx,0,8,00,00,FE,FF,FE,FF,00,00
264364000,625,false,Rx,0,8,25,00,11,43,FD,BB,E4,01
264380000,60D,false,Rx,0,8,0D,10,DF,23,02,20,70,00
264464000,625,false,Rx,0,8,25,00,11,43,FD,BB,E4,01
264480000,60D,false,Rx,0,8,0D,10,DF,23,02,20,70,00
264499000,2C4,false,Rx,0,8,03,08,00,00,E6,02,00,00
264499000,2C5,false,Rx,0,8,00,00,00,00,00,00,00,00
264499000,2C6,false,Rx,0,8,F4,01,84,03,00,00,00,00
264519000,54,false,Rx,0,8,00,00,FE,FF,FE,FF,00,00
264520000,55,false,Rx,0,8,10,27,00,00,00,00,00,00
264520000,56,false,Rx,0,8,10,27,00,00,00,00,00,00
264530000,57,false,Rx,0,8,00,00,FE,FF,FE,FF,00,00
264564000,625,false,Rx,0,8,25,00,11,43,FD,BB,E4,01
264580000,60D,false,Rx,0,8,0D,10,DF,23,02,20,70,00
264664000,625,false,Rx,0,8,25,00,11,43,FD,BB,E4,01
264680000,60D,false,Rx,0,8,0D,10,DF,23,02,20,70,00
264699000,2C4,false,Rx,0,8,03,08,00,00,E9,02,00,00
264699000,2C5,false,Rx,0,8,00,00,00,00,00,00,00,00
264699000,2C6,false,Rx,0,8,F4,01,84,03,00,00,00,00
264719000,54,false,Rx,0,8,00,00,FE,FF,FE,FF,00,00
264720000,55,false,Rx,0,8,10,27,00,00,00,00,00,00
264720000,56,false,Rx,0,8,10,27,00,00,00,00,00,00
264730000,57,false,Rx,0,8,00,00,FE,FF,FE,FF,00,00
264764000,625,false,Rx,0,8,25,00,11,43,FD,BB,E4,01
264780000,60D,false,Rx,0,8,0D,10,DF,23,02,20,70,00
264864000,625,false,Rx,0,8,25,00,11,43,FD,BB,E4,01
264880000,60D,false,Rx,0,8,0D,10,DF,23,02,20,70,00
264899000,2C4,false,Rx,0,8,03,08,00,00,E9,02,00,00
264899000,2C5,false,Rx,0,8,00,00,00,00,00,00,00,00
264899000,2C6,false,Rx,0,8,F4,01,84,03,00,00,00,00
264919000,54,false,Rx,0,8,00,00,FE,FF,FE,FF,00,00
264920000,55,false,Rx,0,8,10,27,00,00,00,00,00,00
264920000,56,false,Rx,0,8,10,27,00,00,00,00,00,00
264930000,57,false,Rx,0,8,00,00,FE,FF,FE,FF,00,00
264964000,625,false,Rx,0,8,25,00,11,43,FD,BB,E4,01
264980000,60D,false,Rx,0,8,0D,10,DF,23,02,20,70,00
265064000,625,false,Rx,0,8,25,00,11,43,FD,BB,E4,01
265080000,60D,false,Rx,0,8,0D,10,DF,23,02,20,70,00
265099000,2C4,false,Rx,0,8,03,08,00,00,E9,02,00,00
265099000,2C5,false,Rx,0,8,00,00,00,00,00,00,00,00
265099000,2C6,false,Rx,0,8,F4,01,84,03,00,00,00,00
265119000,54,false,Rx,0,8,00,00,FE,FF,FE,FF,00,00
265120000,55,false,Rx,0,8,10,27,00,00,00,00,00,00
265120000,56,false,Rx,0,8,10,27,00,00,00,00,00,00
265130000,57,false,Rx,0,8,00,00,FE,FF,FE,FF,00,00
265164000,625,false,Rx,0,8,25,00,11,43,FD,BB,E4,01
265180000,60D,false,Rx,0,8,0D,10,DF,23,02,20,70,00
265264000,625,false,Rx,0,8,25,00,11,43,FD,BB,E4,01
265280000,60D,false,Rx,0,8,0D,10,DF,23,02,20,70,00
265299000,2C4,false,Rx,0,8,03,08,00,00,E9,02,00,00
265299000,2C5,false,Rx,0,8,00,00,00,00,00,00,00,00
265299000,2C6,false,Rx,0,8,F4,01,84,03,00,00,00,00
265319000,54,false,Rx,0,8,00,00,FE,FF,FE,FF,00,00
265320000,55,false,Rx,0,8,10,27,00,00,00,00,00,00
265320000,56,false,Rx,0,8,10,27,00,00,00,00,00,00
265330000,57,false,Rx,0,8,00,00,FE,FF,FE,FF,00,00
265364000,625,false,Rx,0,8,25,00,11,43,FD,BB,E4,01
265380000,60D,false,Rx,0,8,0D,10,DF,23,02,20,70,00
265464000,625,false,Rx,0,8,25,00,11,43,FD,BB,E4,01
265480000,60D,false,Rx,0,8,0D,10,DF,23,02,20,70,00
265499000,2C4,false,Rx,0,8,03,08,00,00,E9,02,00,00
265499000,2C5,false,Rx,0,8,00,00,00,00,00,00,00,00
265499000,2C6,false,Rx,0,8,F4,01,84,03,00,00,00,00
265519000,54,false,Rx,0,8,00,00,FE,FF,FE,FF,00,00
265520000,55,false,Rx,0,8,10,27,00,00,00,00,00,00
265520000,56,false,Rx,0,8,10,27,00,00,00,00,00,00
265530000,57,false,Rx,0,8,00,00,FE,FF,FE,FF,00,00
265564000,625,false,Rx,0,8,25,00,11,43,FD,BB,E4,01
265580000,60D,false,Rx,0,8,0D,10,DF,23,02,20,70,00
265664000,625,false,Rx,0,8,25,00,11,43,FD,BB,E4,01
265680000,60D,false,Rx,0,8,0D,10,DF,23,02,20,70,00
265698000,2C4,false,Rx,0,8,03,08,00,00,E9,02,00,00
265699000,2C5,false,Rx,0,8,00,00,00,00,00,00,00,00
265699000,2C6,false,Rx,0,8,F4,01,84,03,00,00,00,00
265719000,54,false,Rx,0,8,00,00,FE,FF,FE,FF,00,00
265720000,55,false,Rx,0,8,10,27,00,00,00,00,00,00
265720000,56,false,Rx,0,8,10,27,00,00,00,00,00,00
265730000,57,false,Rx,0,8,00,00,FE,FF,FE,FF,00,00
265764000,625,false,Rx,0,8,25,00,11,43,FD,BB,E4,01
265780000,60D,false,Rx,0,8,0D,10,DF,23,02,20,70,00
265864000,625,false,Rx,0,8,25,00,11,43,FD,BB,E4,01
265880000,60D,false,Rx,0,8,0D,10,DF,23,02,20,70,00
265898000,2C4,false,Rx,0,8,03,08,00,00,E6,02,00,00
265899000,2C5,false,Rx,0,8,00,00,00,00,00,00,00,00
265899000,2C6,false,Rx,0,8,F4,01,84,03,00,00,00,00
265919000,54,false,Rx,0,8,00,00,FE,FF,FE,FF,00,00
265920000,55,false,Rx,0,8,10,27,00,00,00,00,00,00
265920000,56,false,Rx,0,8,10,27,00,00,00,00,00,00
265930000,57,false,Rx,0,8,00,00,FE,FF,FE,FF,00,00
265964000,625,false,Rx,0,8,25,00,11,43,FD,BB,E4,01
265980000,60D,false,Rx,0,8,0D,10,DF,23,02,20,70,00
266064000,625,false,Rx,0,8,25,00,11,43,FD,BB,E4,01
266080000,60D,false,Rx,0,8,0D,10,DF,23,02,20,70,00
266098000,2C4,false,Rx,0,8,03,08,00,00,E9,02,00,00
266099000,2C5,false,Rx,0,8,00,00,00,00,00,00,00,00
266099000,2C6,false,Rx,0,8,F4,01,84,03,00,00,00,00
266119000,54,false,Rx,0,8,00,00,FE,FF,FE,FF,00,00
266120000,55,false,Rx,0,8,10,27,00,00,00,00,00,00
266120000,56,false,Rx,0,8,10,27,00,00,00,00,00,00
266130000,57,false,Rx,0,8,00,00,FE,FF,FE,FF,00,00
266164000,625,false,Rx,0,8,25,00,11,43,FD,BB,E4,01
266180000,60D,false,Rx,0,8,0D,10,DF,23,02,20,70,00
266264000,625,false,Rx,0,8,25,00,11,43,FD,BB,E4,01
266280000,60D,false,Rx,0,8,0D,10,DF,23,02,20,70,00
266298000,2C4,false,Rx,0,8,03,08,00,00,E9,02,00,00
266299000,2C5,false,Rx,0,8,00,00,00,00,00,00,00,00
266299000,2C6,false,Rx,0,8,F4,01,84,03,00,00,00,00
266319000,54,false,Rx,0,8,00,00,FE,FF,FE,FF,00,00
266320000,55,false,Rx,0,8,10,27,00,00,00,00,00,00
266320000,56,false,Rx,0,8,10,27,00,00,00,00,00,00
266330000,57,false,Rx,0,8,00,00,FE,FF,FE,FF,00,00
266364000,625,false,Rx,0,8,25,00,11,43,FD,BB,E4,01
266380000,60D,false,Rx,0,8,0D,10,DF,23,02,20,70,00
266464000,625,false,Rx,0,8,25,00,11,43,FD,BB,E4,01
266480000,60D,false,Rx,0,8,0D,10,DF,23,02,20,70,00
266498000,2C4,false,Rx,0,8,03,08,00,00,E9,02,00,00
266499000,2C5,false,Rx,0,8,00,00,00,00,00,00,00,00
266499000,2C6,false,Rx,0,8,F4,01,84,03,00,00,00,00
266519000,54,false,Rx,0,8,00,00,FE,FF,FE,FF,00,00
266520000,55,false,Rx,0,8,10,27,00,00,00,00,00,00
266520000,56,false,Rx,0,8,10,27,00,00,00,00,00,00
266530000,57,false,Rx,0,8,00,00,FE,FF,FE,FF,00,00
266564000,625,false,Rx,0,8,25,00,11,43,FD,BB,E4,01
266580000,60D,false,Rx,0,8,0D,10,DF,23,02,20,70,00
266664000,625,false,Rx,0,8,25,00,11,43,FD,BB,E4,01
266680000,60D,false,Rx,0,8,0D,10,DF,23,02,20,70,00
266698000,2C4,false,Rx,0,8,03,08,00,00,E6,02,00,00
266699000,2C5,false,Rx,0,8,00,00,00,00,00,00,00,00
266699000,2C6,false,Rx,0,8,F4,01,84,03,00,00,00,00
266719000,54,false,Rx,0,8,00,00,FE,FF,FE,FF,00,00
266720000,55,false,Rx,0,8,10,27,00,00,00,00,00,00
266720000,56,false,Rx,0,8,10,27,00,00,00,00,00,00
266730000,57,false,Rx,0,8,00,00,FE,FF,FE,FF,00,00
266764000,625,false,Rx,0,8,25,00,11,43,FD,BB,E4,01
266780000,60D,false,Rx,0,8,0D,10,DF,23,02,20,70,00
266864000,625,false,Rx,0,8,25,00,11,43,FD,BB,E4,01
266880000,60D,false,Rx,0,8,0D,10,DF,23,02,20,70,00
266898000,2C4,false,Rx,0,8,03,08,00,00,E9,02,00,00
266899000,2C5,false,Rx,0,8,00,00,00,00,00,00,00,00
266899000,2C6,false,Rx,0,8,F4,01,84,03,00,00,00,00
266920000,54,false,Rx,0,8,00,00,FE,FF,FE,FF,00,00
266920000,55,false,Rx,0,8,10,27,00,00,00,00,00,00
266920000,56,false,Rx,0,8,10,27,00,00,00,00,00,00
266931000,57,false,Rx,0,8,00,00,FE,FF,FE,FF,00,00
266964000,625,false,Rx,0,8,25,00,11,43,FD,BB,E4,01
266980000,60D,false,Rx,0,8,0D,10,DF,23,02,20,70,00
267064000,625,false,Rx,0,8,25,00,11,43,FD,BB,E4,01
267080000,60D,false,Rx,0,8,0D,10,DF,23,02,20,70,00
267098000,2C4,false,Rx,0,8,03,08,00,00,E9,02,00,00
267099000,2C5,false,Rx,0,8,00,00,00,00,00,00,00,00
267099000,2C6,false,Rx,0,8,F4,01,84,03,00,00,00,00
267119000,54,false,Rx,0,8,00,00,FE,FF,FE,FF,00,00
267120000,55,false,Rx,0,8,10,27,00,00,00,00,00,00
267120000,56,false,Rx,0,8,10,27,00,00,00,00,00,00
267130000,57,false,Rx,0,8,00,00,FE,FF,FE,FF,00,00
267164000,625,false,Rx,0,8,25,00,11,43,FD,BB,E4,01
267181000,60D,false,Rx,0,8,0D,10,DF,23,02,20,70,00
267264000,625,false,Rx,0,8,25,00,11,43,FD,BB,E4,01
267280000,60D,false,Rx,0,8,0D,10,DF,23,02,20,70,00
267298000,2C4,false,Rx,0,8,03,08,00,00,E9,02,00,00
267299000,2C5,false,Rx,0,8,00,00,00,00,00,00,00,00
267299000,2C6,false,Rx,0,8,F4,01,84,03,00,00,00,00
267320000,54,false,Rx,0,8,00,00,FE,FF,FE,FF,00,00
267320000,55,false,Rx,0,8,10,27,00,00,00,00,00,00
267320000,56,false,Rx,0,8,10,27,00,00,00,00,00,00
267331000,57,false,Rx,0,8,00,00,FE,FF,FE,FF,00,00
267364000,625,false,Rx,0,8,25,00,11,43,FD,BB,E4,01
267381000,60D,false,Rx,0,8,0D,10,DF,23,02,20,70,00
267464000,625,false,Rx,0,8,25,00,11,43,FD,BB,E4,01
267480000,60D,false,Rx,0,8,0D,10,DF,23,02,20,70,00
267498000,2C4,false,Rx,0,8,03,08,00,00,E9,02,00,00
267499000,2C5,false,Rx,0,8,00,00,00,00,00,00,00,00
267499000,2C6,false,Rx,0,8,F4,01,84,03,00,00,00,00
267519000,54,false,Rx,0,8,00,00,FE,FF,FE,FF,00,00
267520000,55,false,Rx,0,8,10,27,00,00,00,00,00,00
267520000,56,false,Rx,0,8,10,27,00,00,00,00,00,00
267530000,57,false,Rx,0,8,00,00,FE,FF,FE,FF,00,00
267564000,625,false,Rx,0,8,25,00,11,43,FD,BB,E4,01
267580000,60D,false,Rx,0,8,0D,10,DF,23,02,20,70,00
267664000,625,false,Rx,0,8,25,00,11,43,FD,BB,E4,01
267680000,60D,false,Rx,0,8,0D,10,DF,23,02,20,70,00
267698000,2C4,false,Rx,0,8,03,08,00,00,E9,02,00,00
267699000,2C5,false,Rx,0,8,00,00,00,00,00,00,00,00
267699000,2C6,false,Rx,0,8,F4,01,84,03,00,00,00,00
267719000,54,false,Rx,0,8,00,00,FE,FF,FE,FF,00,00
267720000,55,false,Rx,0,8,10,27,00,00,00,00,00,00
267720000,56,false,Rx,0,8,10,27,00,00,00,00,00,00
267730000,57,false,Rx,0,8,00,00,FE,FF,FE,FF,00,00
267764000,625,false,Rx,0,8,25,00,11,43,FD,BB,E4,01
267780000,60D,false,Rx,0,8,0D,10,DF,23,02,20,70,00
267864000,625,false,Rx,0,8,25,00,11,43,FD,BB,E4,01
267880000,60D,false,Rx,0,8,0D,10,DF,23,02,20,70,00
267898000,2C4,false,Rx,0,8,03,08,00,00,E9,02,00,00
267899000,2C5,false,Rx,0,8,00,00,00,00,00,00,00,00
267899000,2C6,false,Rx,0,8,F4,01,84,03,00,00,00,00
267919000,54,false,Rx,0,8,00,00,FE,FF,FE,FF,00,00
267920000,55,false,Rx,0,8,10,27,00,00,00,00,00,00
267920000,56,false,Rx,0,8,10,27,00,00,00,00,00,00
267930000,57,false,Rx,0,8,00,00,FE,FF,FE,FF,00,00
267964000,625,false,Rx,0,8,25,00,11,43,FD,BB,E4,01
267980000,60D,false,Rx,0,8,0D,10,DF,23,02,20,70,00
268064000,625,false,Rx,0,8,25,00,11,43,FD,BB,E4,01
268080000,60D,false,Rx,0,8,0D,10,DF,23,02,20,70,00
268098000,2C4,false,Rx,0,8,03,08,00,00,E9,02,00,00
268099000,2C5,false,Rx,0,8,00,00,00,00,00,00,00,00
268099000,2C6,false,Rx,0,8,F4,01,84,03,00,00,00,00
268119000,54,false,Rx,0,8,00,00,FE,FF,FE,FF,00,00
268120000,55,false,Rx,0,8,10,27,00,00,00,00,00,00
268120000,56,false,Rx,0,8,10,27,00,00,00,00,00,00
268130000,57,false,Rx,0,8,00,00,FE,FF,FE,FF,00,00
268164000,625,false,Rx,0,8,25,00,11,43,FD,BB,E4,01
268180000,60D,false,Rx,0,8,0D,10,DF,23,02,20,70,00
268264000,625,false,Rx,0,8,25,00,11,43,FD,BB,E4,01
268281000,60D,false,Rx,0,8,0D,10,DF,23,02,20,70,00
268298000,2C4,false,Rx,0,8,03,08,00,00,E9,02,00,00
268299000,2C5,false,Rx,0,8,00,00,00,00,00,00,00,00
268299000,2C6,false,Rx,0,8,F4,01,84,03,00,00,00,00
268319000,54,false,Rx,0,8,00,00,FE,FF,FE,FF,00,00
268320000,55,false,Rx,0,8,10,27,00,00,00,00,00,00
268320000,56,false,Rx,0,8,10,27,00,00,00,00,00,00
268330000,57,false,Rx,0,8,00,00,FE,FF,FE,FF,00,00
268364000,625,false,Rx,0,8,25,00,11,43,FD,BB,E4,01
268381000,60D,false,Rx,0,8,0D,10,DF,23,02,20,70,00
268464000,625,false,Rx,0,8,25,00,11,43,FD,BB,E4,01
268480000,60D,false,Rx,0,8,0D,10,DF,23,02,20,70,00
268498000,2C4,false,Rx,0,8,03,08,00,00,E9,02,00,00
268499000,2C5,false,Rx,0,8,00,00,00,00,00,00,00,00
268499000,2C6,false,Rx,0,8,F4,01,84,03,00,00,00,00
268519000,54,false,Rx,0,8,00,00,FE,FF,FE,FF,00,00
268520000,55,false,Rx,0,8,10,27,00,00,00,00,00,00
268520000,56,false,Rx,0,8,10,27,00,00,00,00,00,00
268530000,57,false,Rx,0,8,00,00,FE,FF,FE,FF,00,00
268564000,625,false,Rx,0,8,25,00,11,43,FD,BB,E4,01
268580000,60D,false,Rx,0,8,0D,10,DF,23,02,20,70,00
268664000,625,false,Rx,0,8,25,00,11,43,FD,BB,E4,01
268680000,60D,false,Rx,0,8,0D,10,DF,23,02,20,70,00
268698000,2C4,false,Rx,0,8,03,08,00,00,E9,02,00,00
268699000,2C5,false,Rx,0,8,00,00,00,00,00,00,00,00
268699000,2C6,false,Rx,0,8,F4,01,84,03,00,00,00,00
268719000,54,false,Rx,0,8,00,00,FE,FF,FE,FF,00,00
268720000,55,false,Rx,0,8,10,27,00,00,00,00,00,00
268720000,56,false,Rx,0,8,10,27,00,00,00,00,00,00
268730000,57,false,Rx,0,8,00,00,FE,FF,FE,FF,00,00
268764000,625,false,Rx,0,8,25,00,11,43,FD,BB,E4,01
268780000,60D,false,Rx,0,8,0D,10,DF,23,02,20,70,00
268864000,625,false,Rx,0,8,25,00,11,43,FD,BB,E4,01
268880000,60D,false,Rx,0,8,0D,10,DF,23,02,20,70,00
268898000,2C4,false,Rx,0,8,03,08,00,00,E9,02,00,00
268899000,2C5,false,Rx,0,8,00,00,00,00,00,00,00,00
268899000,2C6,false,Rx,0,8,F4,01,84,03,00,00,00,00
268919000,54,false,Rx,0,8,00,00,FE,FF,FE,FF,00,00
268920000,55,false,Rx,0,8,10,27,00,00,00,00,00,00
268920000,56,false,Rx,0,8,10,27,00,00,00,00,00,00
268930000,57,false,Rx,0,8,00,00,FE,FF,FE,FF,00,00
268964000,625,false,Rx,0,8,25,00,11,43,FD,BB,E4,01
268981000,60D,false,Rx,0,8,0D,10,DF,23,02,20,70,00
269064000,625,false,Rx,0,8,25,00,11,43,FD,BB,E4,01
269080000,60D,false,Rx,0,8,0D,10,DF,23,02,20,70,00
269098000,2C4,false,Rx,0,8,03,08,00,00,E9,02,00,00
269099000,2C5,false,Rx,0,8,00,00,00,00,00,00,00,00
269099000,2C6,false,Rx,0,8,F4,01,84,03,00,00,00,00
269119000,54,false,Rx,0,8,00,00,FE,FF,FE,FF,00,00
269120000,55,false,Rx,0,8,10,27,00,00,00,00,00,00
269120000,56,false,Rx,0,8,10,27,00,00,00,00,00,00
269130000,57,false,Rx,0,8,00,00,FE,FF,FE,FF,00,00
269164000,625,false,Rx,0,8,25,00,11,43,FD,BB,E4,01
269180000,60D,false,Rx,0,8,0D,10,DF,23,02,20,70,00
269264000,625,false,Rx,0,8,25,00,11,43,FD,BB,E4,01
269280000,60D,false,Rx,0,8,0D,10,DF,23,02,20,70,00
269298000,2C4,false,Rx,0,8,03,08,00,00,E9,02,00,00
269299000,2C5,false,Rx,0,8,00,00,00,00,00,00,00,00
269299000,2C6,false,Rx,0,8,F4,01,84,03,00,00,00,00
269319000,54,false,Rx,0,8,00,00,FE,FF,FE,FF,00,00
269320000,55,false,Rx,0,8,10,27,00,00,00,00,00,00
269320000,56,false,Rx,0,8,10,27,00,00,00,00,00,00
269330000,57,false,Rx,0,8,00,00,FE,FF,FE,FF,00,00
269364000,625,false,Rx,0,8,25,00,11,43,FD,BB,E4,01
269380000,60D,false,Rx,0,8,0D,10,DF,23,02,20,70,00
269464000,625,false,Rx,0,8,25,00,11,43,FD,BB,E4,01
269480000,60D,false,Rx,0,8,0D,10,DF,23,02,20,70,00
269498000,2C4,false,Rx,0,8,03,08,00,00,E9,02,00,00
269499000,2C5,false,Rx,0,8,00,00,00,00,00,00,00,00
269499000,2C6,false,Rx,0,8,F4,01,84,03,00,00,00,00
269519000,54,false,Rx,0,8,00,00,FE,FF,FE,FF,00,00
269520000,55,false,Rx,0,8,10,27,00,00,00,00,00,00
269520000,56,false,Rx,0,8,10,27,00,00,00,00,00,00
269530000,57,false,Rx,0,8,00,00,FE,FF,FE,FF,00,00
269564000,625,false,Rx,0,8,25,00,11,43,FD,BB,E4,01
269581000,60D,false,Rx,0,8,0D,10,DF,23,02,20,70,00
269664000,625,false,Rx,0,8,25,00,11,43,FD,BB,E4,01
269680000,60D,false,Rx,0,8,0D,10,DF,23,02,20,70,00
269698000,2C4,false,Rx,0,8,03,08,00,00,E9,02,00,00
269699000,2C5,false,Rx,0,8,00,00,00,00,00,00,00,00
269699000,2C6,false,Rx,0,8,F4,01,84,03,00,00,00,00
269719000,54,false,Rx,0,8,00,00,FE,FF,FE,FF,00,00
269720000,55,false,Rx,0,8,10,27,00,00,00,00,00,00
269720000,56,false,Rx,0,8,10,27,00,00,00,00,00,00
269730000,57,false,Rx,0,8,00,00,FE,FF,FE,FF,00,00
269764000,625,false,Rx,0,8,25,00,11,43,FD,BB,E4,01
269780000,60D,false,Rx,0,8,0D,10,DF,23,02,20,70,00
269864000,625,false,Rx,0,8,25,00,11,43,FD,BB,E4,01
269880000,60D,false,Rx,0,8,0D,10,DF,23,02,20,70,00
269898000,2C4,false,Rx,0,8,03,08,00,00,E9,02,00,00
269899000,2C5,false,Rx,0,8,00,00,00,00,00,00,00,00
269899000,2C6,false,Rx,0,8,F4,01,84,03,00,00,00,00
269919000,54,false,Rx,0,8,00,00,FE,FF,FE,FF,00,00
269920000,55,false,Rx,0,8,10,27,00,00,00,00,00,00
269920000,56,false,Rx,0,8,10,27,00,00,00,00,00,00
269930000,57,false,Rx,0,8,00,00,FE,FF,FE,FF,00,00
269964000,625,false,Rx,0,8,25,00,11,43,FD,BB,E4,01
269980000,60D,false,Rx,0,8,0D,10,DF,23,02,20,70,00
270064000,625,false,Rx,0,8,25,00,11,43,FD,BB,E4,01
270080000,60D,false,Rx,0,8,0D,10,DF,23,02,20,70,00
270098000,2C4,false,Rx,0,8,03,08,00,00,E9,02,00,00
270099000,2C5,false,Rx,0,8,00,00,00,00,00,00,00,00
270099000,2C6,false,Rx,0,8,F4,01,84,03,00,00,00,00
270119000,54,false,Rx,0,8,00,00,FE,FF,FE,FF,00,00
270120000,55,false,Rx,0,8,10,27,00,00,00,00,00,00
270120000,56,false,Rx,0,8,10,27,00,00,00,00,00,00
270130000,57,false,Rx,0,8,00,00,FE,FF,FE,FF,00,00
270164000,625,false,Rx,0,8,25,00,11,43,FD,BB,E4,01
270181000,60D,false,Rx,0,8,0D,10,DF,23,02,20,70,00
270264000,625,false,Rx,0,8,25,00,11,43,FD,BB,E4,01
270280000,60D,false,Rx,0,8,0D,10,DF,23,02,20,70,00
270298000,2C4,false,Rx,0,8,03,08,00,00,E9,02,00,00
270299000,2C5,false,Rx,0,8,00,00,00,00,00,00,00,00
270299000,2C6,false,Rx,0,8,F4,01,84,03,00,00,00,00
270319000,54,false,Rx,0,8,00,00,FE,FF,FE,FF,00,00
270320000,55,false,Rx,0,8,10,27,00,00,00,00,00,00
270320000,56,false,Rx,0,8,10,27,00,00,00,00,00,00
270330000,57,false,Rx,0,8,00,00,FE,FF,FE,FF,00,00
270364000,625,false,Rx,0,8,25,00,11,43,FD,BB,E4,01
270380000,60D,false,Rx,0,8,0D,10,DF,23,02,20,70,00
270464000,625,false,Rx,0,8,25,00,11,43,FD,BB,E4,01
270480000,60D,false,Rx,0,8,0D,10,DF,23,02,20,70,00
270498000,2C4,false,Rx,0,8,03,08,00,00,E9,02,00,00
270499000,2C5,false,Rx,0,8,00,00,00,00,00,00,00,00
270499000,2C6,false,Rx,0,8,F4,01,84,03,00,00,00,00
270519000,54,false,Rx,0,8,00,00,FE,FF,FE,FF,00,00
270520000,55,false,Rx,0,8,10,27,00,00,00,00,00,00
270520000,56,false,Rx,0,8,10,27,00,00,00,00,00,00
270530000,57,false,Rx,0,8,00,00,FE,FF,FE,FF,00,00
270564000,625,false,Rx,0,8,25,00,11,43,FD,BB,E4,01
270580000,60D,false,Rx,0,8,0D,10,DF,23,02,20,70,00
270664000,625,false,Rx,0,8,25,00,11,43,FD,BB,E4,01
270680000,60D,false,Rx,0,8,0D,10,DF,23,02,20,70,00
270698000,2C4,false,Rx,0,8,03,08,00,00,E9,02,00,00
270699000,2C5,false,Rx,0,8,00,00,00,00,00,00,00,00
270699000,2C6,false,Rx,0,8,F4,01,84,03,00,00,00,00
270719000,54,false,Rx,0,8,00,00,FE,FF,FE,FF,00,00
270720000,55,false,Rx,0,8,10,27,00,00,00,00,00,00
270720000,56,false,Rx,0,8,10,27,00,00,00,00,00,00
270730000,57,false,Rx,0,8,00,00,FE,FF,FE,FF,00,00
270764000,625,false,Rx,0,8,25,00,11,43,FD,BB,E4,01
270781000,60D,false,Rx,0,8,0D,10,DF,23,02,20,70,00
270864000,625,false,Rx,0,8,25,00,11,43,FD,BB,E4,01
270880000,60D,false,Rx,0,8,0D,10,DF,23,02,20,70,00
270898000,2C4,false,Rx,0,8,03,08,00,00,E9,02,00,00
270899000,2C5,false,Rx,0,8,00,00,00,00,00,00,00,00
270899000,2C6,false,Rx,0,8,F4,01,84,03,00,00,00,00
270919000,54,false,Rx,0,8,00,00,FE,FF,FE,FF,00,00
270920000,55,false,Rx,0,8,10,27,00,00,00,00,00,00
270920000,56,false,Rx,0,8,10,27,00,00,00,00,00,00
270930000,57,false,Rx,0,8,00,00,FE,FF,FE,FF,00,00
270964000,625,false,Rx,0,8,25,00,11,43,FD,BB,E4,01
270980000,60D,false,Rx,0,8,0D,10,DF,23,02,20,70,00
271064000,625,false,Rx,0,8,25,00,11,43,FD,BB,E4,01
271080000,60D,false,Rx,0,8,0D,10,DF,23,02,20,70,00
271098000,2C4,false,Rx,0,8,03,08,00,00,E9,02,00,00
271098000,2C5,false,Rx,0,8,00,00,00,00,00,00,00,00
271099000,2C6,false,Rx,0,8,F4,01,84,03,00,00,00,00
271119000,54,false,Rx,0,8,00,00,FE,FF,FE,FF,00,00
271120000,55,false,Rx,0,8,10,27,00,00,00,00,00,00
271120000,56,false,Rx,0,8,10,27,00,00,00,00,00,00
271130000,57,false,Rx,0,8,00,00,FE,FF,FE,FF,00,00
271164000,625,false,Rx,0,8,25,00,11,43,FD,BB,E4,01
271180000,60D,false,Rx,0,8,0D,10,DF,23,02,20,70,00
271264000,625,false,Rx,0,8,25,00,11,43,FD,BB,E4,01
271280000,60D,false,Rx,0,8,0D,10,DF,23,02,20,70,00
271298000,2C4,false,Rx,0,8,03,08,00,00,E9,02,00,00
271298000,2C5,false,Rx,0,8,00,00,00,00,00,00,00,00
271299000,2C6,false,Rx,0,8,F4,01,84,03,00,00,00,00
271319000,54,false,Rx,0,8,00,00,FE,FF,FE,FF,00,00
271320000,55,false,Rx,0,8,10,27,00,00,00,00,00,00
271320000,56,false,Rx,0,8,10,27,00,00,00,00,00,00
271330000,57,false,Rx,0,8,00,00,FE,FF,FE,FF,00,00
271364000,625,false,Rx,0,8,25,00,11,43,FD,BB,E4,01
271381000,60D,false,Rx,0,8,0D,10,DF,23,02,20,70,00
271464000,625,false,Rx,0,8,25,00,11,43,FD,BB,E4,01
271480000,60D,false,Rx,0,8,0D,10,DF,23,02,20,70,00
271498000,2C4,false,Rx,0,8,03,08,00,00,E9,02,00,00
271498000,2C5,false,Rx,0,8,00,00,00,00,00,00,00,00
271499000,2C6,false,Rx,0,8,F4,01,84,03,00,00,00,00
271519000,54,false,Rx,0,8,00,00,FE,FF,FE,FF,00,00
271520000,55,false,Rx,0,8,10,27,00,00,00,00,00,00
271520000,56,false,Rx,0,8,10,27,00,00,00,00,00,00
271530000,57,false,Rx,0,8,00,00,FE,FF,FE,FF,00,00
271564000,625,false,Rx,0,8,25,00,11,43,FD,BB,E4,01
271580000,60D,false,Rx,0,8,0D,10,DF,23,02,20,70,00
271664000,625,false,Rx,0,8,25,00,11,43,FD,BB,E4,01
271680000,60D,false,Rx,0,8,0D,10,DF,23,02,20,70,00
271698000,2C4,false,Rx,0,8,03,08,00,00,E9,02,00,00
271698000,2C5,false,Rx,0,8,00,00,00,00,00,00,00,00
271699000,2C6,false,Rx,0,8,F4,01,84,03,00,00,00,00
271719000,54,false,Rx,0,8,00,00,FE,FF,FE,FF,00,00
271720000,55,false,Rx,0,8,10,27,00,00,00,00,00,00
271720000,56,false,Rx,0,8,10,27,00,00,00,00,00,00
271730000,57,false,Rx,0,8,00,00,FE,FF,FE,FF,00,00
271764000,625,false,Rx,0,8,25,00,11,43,FD,BB,E4,01
271780000,60D,false,Rx,0,8,0D,10,DF,23,02,20,70,00
271864000,625,false,Rx,0,8,25,00,11,43,FD,BB,E4,01
271880000,60D,false,Rx,0,8,0D,10,DF,23,02,20,70,00
271898000,2C4,false,Rx,0,8,03,08,00,00,E9,02,00,00
271898000,2C5,false,Rx,0,8,00,00,00,00,00,00,00,00
271899000,2C6,false,Rx,0,8,F4,01,84,03,00,00,00,00
271920000,54,false,Rx,0,8,00,00,FE,FF,FE,FF,00,00
271920000,55,false,Rx,0,8,10,27,00,00,00,00,00,00
271920000,56,false,Rx,0,8,10,27,00,00,00,00,00,00
271931000,57,false,Rx,0,8,00,00,FE,FF,FE,FF,00,00
271964000,625,false,Rx,0,8,25,00,11,43,FD,BB,E4,01
271981000,60D,false,Rx,0,8,0D,10,DF,23,02,20,70,00
272064000,625,false,Rx,0,8,25,00,11,43,FD,BB,E4,01
272080000,60D,false,Rx,0,8,0D,10,DF,23,02,20,70,00
272098000,2C4,false,Rx,0,8,03,08,00,00,E9,02,00,00
272098000,2C5,false,Rx,0,8,00,00,00,00,00,00,00,00
272099000,2C6,false,Rx,0,8,F4,01,84,03,00,00,00,00
272119000,54,false,Rx,0,8,00,00,FE,FF,FE,FF,00,00
272120000,55,false,Rx,0,8,10,27,00,00,00,00,00,00
272120000,56,false,Rx,0,8,10,27,00,00,00,00,00,00
272130000,57,false,Rx,0,8,00,00,FE,FF,FE,FF,00,00
272164000,625,false,Rx,0,8,25,00,11,43,FD,BB,E4,01
272180000,60D,false,Rx,0,8,0D,10,DF,23,02,20,70,00
272264000,625,false,Rx,0,8,25,00,11,43,FD,BB,E4,01
272280000,60D,false,Rx,0,8,0D,10,DF,23,02,20,70,00
272298000,2C4,false,Rx,0,8,03,08,00,00,E9,02,00,00
272298000,2C5,false,Rx,0,8,00,00,00,00,00,00,00,00
272299000,2C6,false,Rx,0,8,F4,01,84,03,00,00,00,00
272319000,54,false,Rx,0,8,00,00,FE,FF,FE,FF,00,00
272320000,55,false,Rx,0,8,10,27,00,00,00,00,00,00
272320000,56,false,Rx,0,8,10,27,00,00,00,00,00,00
272330000,57,false,Rx,0,8,00,00,FE,FF,FE,FF,00,00
272364000,625,false,Rx,0,8,25,00,11,43,FD,BB,E4,01
272380000,60D,false,Rx,0,8,0D,10,DF,23,02,20,70,00
272464000,625,false,Rx,0,8,25,00,11,43,FD,BB,E4,01
272480000,60D,false,Rx,0,8,0D,10,DF,23,02,20,70,00
272498000,2C4,false,Rx,0,8,03,08,00,00,E9,02,00,00
272498000,2C5,false,Rx,0,8,00,00,00,00,00,00,00,00
272499000,2C6,false,Rx,0,8,F4,01,84,03,00,00,00,00
272519000,54,false,Rx,0,8,00,00,FE,FF,FE,FF,00,00
272520000,55,false,Rx,0,8,10,27,00,00,00,00,00,00
272520000,56,false,Rx,0,8,10,27,00,00,00,00,00,00
272530000,57,false,Rx,0,8,00,00,FE,FF,FE,FF,00,00
272564000,625,false,Rx,0,8,25,00,11,43,FD,BB,E4,01
272580000,60D,false,Rx,0,8,0D,10,DF,23,02,20,70,00
272664000,625,false,Rx,0,8,25,00,11,43,FD,BB,E4,01
272680000,60D,false,Rx,0,8,0D,10,DF,23,02,20,70,00
272698000,2C4,false,Rx,0,8,03,08,00,00,E9,02,00,00
272698000,2C5,false,Rx,0,8,00,00,00,00,00,00,00,00
272699000,2C6,false,Rx,0,8,F4,01,84,03,00,00,00,00
272719000,54,false,Rx,0,8,00,00,FE,FF,FE,FF,00,00
272720000,55,false,Rx,0,8,10,27,00,00,00,00,00,00
272720000,56,false,Rx,0,8,10,27,00,00,00,00,00,00
272730000,57,false,Rx,0,8,00,00,FE,FF,FE,FF,00,00
272764000,625,false,Rx,0,8,25,00,11,43,FD,BB,E4,01
272780000,60D,false,Rx,0,8,0D,10,DF,23,02,20,70,00
272864000,625,false,Rx,0,8,25,00,11,43,FD,BB,E4,01
272880000,60D,false,Rx,0,8,0D,10,DF,23,02,20,70,00
272898000,2C4,false,Rx,0,8,03,08,00,00,E9,02,00,00
272898000,2C5,false,Rx,0,8,00,00,00,00,00,00,00,00
272899000,2C6,false,Rx,0,8,F4,01,84,03,00,00,00,00
272919000,54,false,Rx,0,8,00,00,FE,FF,FE,FF,00,00
272920000,55,false,Rx,0,8,10,27,00,00,00,00,00,00
272920000,56,false,Rx,0,8,10,27,00,00,00,00,00,00
272930000,57,false,Rx,0,8,00,00,FE,FF,FE,FF,00,00
272964000,625,false,Rx,0,8,25,00,11,43,FD,BB,E4,01
272980000,60D,false,Rx,0,8,0D,10,DF,23,02,20,70,00
273064000,625,false,Rx,0,8,25,00,11,43,FD,BB,E4,01
273098000,2C4,false,Rx,0,8,03,08,00,00,E9,02,00,00
273098000,2C5,false,Rx,0,8,00,00,00,00,00,00,00,00
273099000,2C6,false,Rx,0,8,F4,01,84,03,00,00,00,00
273119000,54,false,Rx,0,8,00,00,FE,FF,FE,FF,00,00
273120000,55,false,Rx,0,8,10,27,00,00,00,00,00,00
273120000,56,false,Rx,0,8,10,27,00,00,00,00,00,00
273130000,57,false,Rx,0,8,00,00,FE,FF,FE,FF,00,00
273164000,625,false,Rx,0,8,25,00,11,43,FD,BB,E4,01
273264000,625,false,Rx,0,8,25,00,11,43,FD,BB,E4,01
273298000,2C4,false,Rx,0,8,03,08,00,00,E9,02,00,00
273298000,2C5,false,Rx,0,8,00,00,00,00,00,00,00,00
273299000,2C6,false,Rx,0,8,F4,01,84,03,00,00,00,00
273319000,54,false,Rx,0,8,00,00,FE,FF,FE,FF,00,00
273320000,55,false,Rx,0,8,10,27,00,00,00,00,00,00
273320000,56,false,Rx,0,8,10,27,00,00,00,00,00,00
273330000,57,false,Rx,0,8,00,00,FE,FF,FE,FF,00,00
273364000,625,false,Rx,0,8,25,00,11,43,FD,BB,E4,01
273464000,625,false,Rx,0,8,25,00,11,43,FD,BB,E4,01
273498000,2C4,false,Rx,0,8,03,08,00,00,E9,02,00,00
273498000,2C5,false,Rx,0,8,00,00,00,00,00,00,00,00
273499000,2C6,false,Rx,0,8,F4,01,84,03,00,00,00,00
273519000,54,false,Rx,0,8,00,00,FE,FF,FE,FF,00,00
273520000,55,false,Rx,0,8,10,27,00,00,00,00,00,00
273520000,56,false,Rx,0,8,10,27,00,00,00,00,00,00
273530000,57,false,Rx,0,8,00,00,FE,FF,FE,FF,00,00
273564000,625,false,Rx,0,8,25,00,11,43,FD,BB,E4,01
273664000,625,false,Rx,0,8,25,00,11,43,FD,BB,E4,01
273698000,2C4,false,Rx,0,8,03,08,00,00,E9,02,00,00
273698000,2C5,false,Rx,0,8,00,00,00,00,00,00,00,00
273699000,2C6,false,Rx,0,8,F4,01,84,03,00,00,00,00
273719000,54,false,Rx,0,8,00,00,FE,FF,FE,FF,00,00
273720000,55,false,Rx,0,8,10,27,00,00,00,00,00,00
273720000,56,false,Rx,0,8,10,27,00,00,00,00,00,00
273730000,57,false,Rx,0,8,00,00,FE,FF,FE,FF,00,00
273764000,625,false,Rx,0,8,25,00,11,43,FD,BB,E4,01
273864000,625,false,Rx,0,8,25,00,11,43,FD,BB,E4,01
273898000,2C4,false,Rx,0,8,03,08,00,00,E9,02,00,00
273898000,2C5,false,Rx,0,8,00,00,00,00,00,00,00,00
273899000,2C6,false,Rx,0,8,F4,01,84,03,00,00,00,00
273919000,54,false,Rx,0,8,00,00,FE,FF,FE,FF,00,00
273920000,55,false,Rx,0,8,10,27,00,00,00,00,00,00
273920000,56,false,Rx,0,8,10,27,00,00,00,00,00,00
273930000,57,false,Rx,0,8,00,00,FE,FF,FE,FF,00,00
273964000,625,false,Rx,0,8,25,00,11,43,FD,BB,E4,01
274064000,625,false,Rx,0,8,25,00,11,43,FD,BB,E4,01
274098000,2C4,false,Rx,0,8,03,08,00,00,E9,02,00,00
274098000,2C5,false,Rx,0,8,00,00,00,00,00,00,00,00
274099000,2C6,false,Rx,0,8,F4,01,84,03,00,00,00,00
274119000,54,false,Rx,0,8,00,00,FE,FF,FE,FF,00,00
274120000,55,false,Rx,0,8,10,27,00,00,00,00,00,00
274120000,56,false,Rx,0,8,10,27,00,00,00,00,00,00
274130000,57,false,Rx,0,8,00,00,FE,FF,FE,FF,00,00
274164000,625,false,Rx,0,8,25,00,11,43,FD,BB,E4,01
274264000,625,false,Rx,0,8,25,00,11,43,FD,BB,E4,01
274298000,2C4,false,Rx,0,8,03,08,00,00,E9,02,00,00
274298000,2C5,false,Rx,0,8,00,00,00,00,00,00,00,00
274299000,2C6,false,Rx,0,8,F4,01,84,03,00,00,00,00
274319000,54,false,Rx,0,8,00,00,FE,FF,FE,FF,00,00
274320000,55,false,Rx,0,8,10,27,00,00,00,00,00,00
274320000,56,false,Rx,0,8,10,27,00,00,00,00,00,00
274330000,57,false,Rx,0,8,00,00,FE,FF,FE,FF,00,00
274364000,625,false,Rx,0,8,25,00,11,43,FD,BB,E4,01
274464000,625,false,Rx,0,8,25,00,11,43,FD,BB,E4,01
274498000,2C4,false,Rx,0,8,03,08,00,00,E9,02,00,00
274498000,2C5,false,Rx,0,8,00,00,00,00,00,00,00,00
274499000,2C6,false,Rx,0,8,F4,01,84,03,00,00,00,00
274519000,54,false,Rx,0,8,00,00,FE,FF,FE,FF,00,00
274520000,55,false,Rx,0,8,10,27,00,00,00,00,00,00
274520000,56,false,Rx,0,8,10,27,00,00,00,00,00,00
274530000,57,false,Rx,0,8,00,00,FE,FF,FE,FF,00,00
274564000,625,false,Rx,0,8,25,00,11,43,FD,BB,E4,01
274664000,625,false,Rx,0,8,25,00,11,43,FD,BB,E4,01
274698000,2C4,false,Rx,0,8,03,08,00,00,E9,02,00,00
274698000,2C5,false,Rx,0,8,00,00,00,00,00,00,00,00
274699000,2C6,false,Rx,0,8,F4,01,84,03,00,00,00,00
274719000,54,false,Rx,0,8,00,00,FE,FF,FE,FF,00,00
274720000,55,false,Rx,0,8,10,27,00,00,00,00,00,00
274720000,56,false,Rx,0,8,10,27,00,00,00,00,00,00
274730000,57,false,Rx,0,8,00,00,FE,FF,FE,FF,00,00
274764000,625,false,Rx,0,8,25,00,11,43,FD,BB,E4,01
274864000,625,false,Rx,0,8,25,00,11,43,FD,BB,E4,01
274898000,2C4,false,Rx,0,8,03,08,00,00,E9,02,00,00
274898000,2C5,false,Rx,0,8,00,00,00,00,00,00,00,00
274899000,2C6,false,Rx,0,8,F4,01,84,03,00,00,00,00
274919000,54,false,Rx,0,8,00,00,FE,FF,FE,FF,00,00
274920000,55,false,Rx,0,8,10,27,00,00,00,00,00,00
274920000,56,false,Rx,0,8,10,27,00,00,00,00,00,00
274930000,57,false,Rx,0,8,00,00,FE,FF,FE,FF,00,00
274964000,625,false,Rx,0,8,25,00,11,43,FD,BB,E4,01
275064000,625,false,Rx,0,8,25,00,11,43,FD,BB,E4,01
275098000,2C4,false,Rx,0,8,03,08,00,00,E9,02,00,00
275098000,2C5,false,Rx,0,8,00,00,00,00,00,00,00,00
275099000,2C6,false,Rx,0,8,F4,01,84,03,00,00,00,00
275119000,54,false,Rx,0,8,00,00,FE,FF,FE,FF,00,00
275120000,55,false,Rx,0,8,10,27,00,00,00,00,00,00
275120000,56,false,Rx,0,8,10,27,00,00,00,00,00,00
275130000,57,false,Rx,0,8,00,00,FE,FF,FE,FF,00,00
275164000,625,false,Rx,0,8,25,00,11,43,FD,BB,E4,01
275264000,625,false,Rx,0,8,25,00,11,43,FD,BB,E4,01
275298000,2C4,false,Rx,0,8,03,08,00,00,E9,02,00,00
275298000,2C5,false,Rx,0,8,00,00,00,00,00,00,00,00
275299000,2C6,false,Rx,0,8,F4,01,84,03,00,00,00,00
275319000,54,false,Rx,0,8,00,00,FE,FF,FE,FF,00,00
275320000,55,false,Rx,0,8,10,27,00,00,00,00,00,00
275320000,56,false,Rx,0,8,10,27,00,00,00,00,00,00
275330000,57,false,Rx,0,8,00,00,FE,FF,FE,FF,00,00
275364000,625,false,Rx,0,8,25,00,11,43,FD,BB,E4,01
275464000,625,false,Rx,0,8,25,00,11,43,FD,BB,E4,01
275498000,2C4,false,Rx,0,8,03,08,00,00,E9,02,00,00
275498000,2C5,false,Rx,0,8,00,00,00,00,00,00,00,00
275499000,2C6,false,Rx,0,8,F4,01,84,03,00,00,00,00
275519000,54,false,Rx,0,8,00,00,FE,FF,FE,FF,00,00
275520000,55,false,Rx,0,8,10,27,00,00,00,00,00,00
275520000,56,false,Rx,0,8,10,27,00,00,00,00,00,00
275530000,57,false,Rx,0,8,00,00,FE,FF,FE,FF,00,00
275564000,625,false,Rx,0,8,25,00,11,43,FD,BB,E4,01
275664000,625,false,Rx,0,8,25,00,11,43,FD,BB,E4,01
275698000,2C4,false,Rx,0,8,03,08,00,00,E9,02,00,00
275698000,2C5,false,Rx,0,8,00,00,00,00,00,00,00,00
275698000,2C6,false,Rx,0,8,F4,01,84,03,00,00,00,00
275719000,54,false,Rx,0,8,00,00,FE,FF,FE,FF,00,00
275720000,55,false,Rx,0,8,10,27,00,00,00,00,00,00
275720000,56,false,Rx,0,8,10,27,00,00,00,00,00,00
275730000,57,false,Rx,0,8,00,00,FE,FF,FE,FF,00,00
275764000,625,false,Rx,0,8,25,00,11,43,FD,BB,E4,01
275864000,625,false,Rx,0,8,25,00,11,43,FD,BB,E4,01
275898000,2C4,false,Rx,0,8,03,08,00,00,E9,02,00,00
275898000,2C5,false,Rx,0,8,00,00,00,00,00,00,00,00
275898000,2C6,false,Rx,0,8,F4,01,84,03,00,00,00,00
275919000,54,false,Rx,0,8,00,00,FE,FF,FE,FF,00,00
275920000,55,false,Rx,0,8,10,27,00,00,00,00,00,00
275920000,56,false,Rx,0,8,10,27,00,00,00,00,00,00
275930000,57,false,Rx,0,8,00,00,FE,FF,FE,FF,00,00
275964000,625,false,Rx,0,8,25,00,11,43,FD,BB,E4,01
276064000,625,false,Rx,0,8,25,00,11,43,FD,BB,E4,01
276098000,2C4,false,Rx,0,8,03,08,00,00,E9,02,00,00
276098000,2C5,false,Rx,0,8,00,00,00,00,00,00,00,00
276098000,2C6,false,Rx,0,8,F4,01,84,03,00,00,00,00
276119000,54,false,Rx,0,8,00,00,FE,FF,FE,FF,00,00
276120000,55,false,Rx,0,8,10,27,00,00,00,00,00,00
276120000,56,false,Rx,0,8,10,27,00,00,00,00,00,00
276130000,57,false,Rx,0,8,00,00,FE,FF,FE,FF,00,00
276164000,625,false,Rx,0,8,25,00,11,43,FD,BB,E4,01
276264000,625,false,Rx,0,8,25,00,11,43,FD,BB,E4,01
276298000,2C4,false,Rx,0,8,03,08,00,00,E9,02,00,00
276298000,2C5,false,Rx,0,8,00,00,00,00,00,00,00,00
276298000,2C6,false,Rx,0,8,F4,01,84,03,00,00,00,00
276319000,54,false,Rx,0,8,00,00,FE,FF,FE,FF,00,00
276320000,55,false,Rx,0,8,10,27,00,00,00,00,00,00
276320000,56,false,Rx,0,8,10,27,00,00,00,00,00,00
276330000,57,false,Rx,0,8,00,00,FE,FF,FE,FF,00,00
276364000,625,false,Rx,0,8,25,00,11,43,FD,BB,E4,01
276464000,625,false,Rx,0,8,25,00,11,43,FD,BB,E4,01
276498000,2C4,false,Rx,0,8,03,08,00,00,E9,02,00,00
276498000,2C5,false,Rx,0,8,00,00,00,00,00,00,00,00
276498000,2C6,false,Rx,0,8,F4,01,84,03,00,00,00,00
276519000,54,false,Rx,0,8,00,00,FE,FF,FE,FF,00,00
276520000,55,false,Rx,0,8,10,27,00,00,00,00,00,00
276520000,56,false,Rx,0,8,10,27,00,00,00,00,00,00
276530000,57,false,Rx,0,8,00,00,FE,FF,FE,FF,00,00
276564000,625,false,Rx,0,8,25,00,11,43,FD,BB,E4,01
276664000,625,false,Rx,0,8,25,00,11,43,FD,BB,E4,01
276698000,2C4,false,Rx,0,8,03,08,00,00,E9,02,00,00
276698000,2C5,false,Rx,0,8,00,00,00,00,00,00,00,00
276698000,2C6,false,Rx,0,8,F4,01,84,03,00,00,00,00
276719000,54,false,Rx,0,8,00,00,FE,FF,FE,FF,00,00
276720000,55,false,Rx,0,8,10,27,00,00,00,00,00,00
276720000,56,false,Rx,0,8,10,27,00,00,00,00,00,00
276730000,57,false,Rx,0,8,00,00,FE,FF,FE,FF,00,00
276764000,625,false,Rx,0,8,25,00,11,43,FD,BB,E4,01
276864000,625,false,Rx,0,8,25,00,11,43,FD,BB,E4,01
276898000,2C4,false,Rx,0,8,03,08,00,00,E9,02,00,00
276898000,2C5,false,Rx,0,8,00,00,00,00,00,00,00,00
276898000,2C6,false,Rx,0,8,F4,01,84,03,00,00,00,00
276919000,54,false,Rx,0,8,00,00,FE,FF,FE,FF,00,00
276920000,55,false,Rx,0,8,10,27,00,00,00,00,00,00
276920000,56,false,Rx,0,8,10,27,00,00,00,00,00,00
276930000,57,false,Rx,0,8,00,00,FE,FF,FE,FF,00,00
276964000,625,false,Rx,0,8,25,00,11,43,FD,BB,E4,01
277064000,625,false,Rx,0,8,25,00,11,43,FD,BB,E4,01
277098000,2C4,false,Rx,0,8,03,08,00,00,E9,02,00,00
277098000,2C5,false,Rx,0,8,00,00,00,00,00,00,00,00
277098000,2C6,false,Rx,0,8,F4,01,84,03,00,00,00,00
277119000,54,false,Rx,0,8,00,00,FE,FF,FE,FF,00,00
277120000,55,false,Rx,0,8,10,27,00,00,00,00,00,00
277120000,56,false,Rx,0,8,10,27,00,00,00,00,00,00
277130000,57,false,Rx,0,8,00,00,FE,FF,FE,FF,00,00
277164000,625,false,Rx,0,8,25,00,11,43,FD,BB,E4,01
277264000,625,false,Rx,0,8,25,00,11,43,FD,BB,E4,01
277298000,2C4,false,Rx,0,8,03,08,00,00,E9,02,00,00
277298000,2C5,false,Rx,0,8,00,00,00,00,00,00,00,00
277298000,2C6,false,Rx,0,8,F4,01,84,03,00,00,00,00
277319000,54,false,Rx,0,8,00,00,FE,FF,FE,FF,00,00
277320000,55,false,Rx,0,8,10,27,00,00,00,00,00,00
277320000,56,false,Rx,0,8,10,27,00,00,00,00,00,00
277330000,57,false,Rx,0,8,00,00,FE,FF,FE,FF,00,00
277364000,625,false,Rx,0,8,25,00,11,43,FD,BB,E4,01
277464000,625,false,Rx,0,8,25,00,11,43,FD,BB,E4,01
277498000,2C4,false,Rx,0,8,03,08,00,00,E9,02,00,00
277498000,2C5,false,Rx,0,8,00,00,00,00,00,00,00,00
277498000,2C6,false,Rx,0,8,F4,01,84,03,00,00,00,00
277519000,54,false,Rx,0,8,00,00,FE,FF,FE,FF,00,00
277520000,55,false,Rx,0,8,10,27,00,00,00,00,00,00
277520000,56,false,Rx,0,8,10,27,00,00,00,00,00,00
277530000,57,false,Rx,0,8,00,00,FE,FF,FE,FF,00,00
277564000,625,false,Rx,0,8,25,00,11,43,FD,BB,E4,01
277664000,625,false,Rx,0,8,25,00,11,43,FD,BB,E4,01
277698000,2C4,false,Rx,0,8,03,08,00,00,E9,02,00,00
277698000,2C5,false,Rx,0,8,00,00,00,00,00,00,00,00
277698000,2C6,false,Rx,0,8,F4,01,84,03,00,00,00,00
277719000,54,false,Rx,0,8,00,00,FE,FF,FE,FF,00,00
277720000,55,false,Rx,0,8,10,27,00,00,00,00,00,00
277720000,56,false,Rx,0,8,10,27,00,00,00,00,00,00
277730000,57,false,Rx,0,8,00,00,FE,FF,FE,FF,00,00
277764000,625,false,Rx,0,8,25,00,11,43,FD,BB,E4,01
277864000,625,false,Rx,0,8,25,00,11,43,FD,BB,E4,01
277898000,2C4,false,Rx,0,8,03,08,00,00,E9,02,00,00
277898000,2C5,false,Rx,0,8,00,00,00,00,00,00,00,00
277898000,2C6,false,Rx,0,8,F4,01,84,03,00,00,00,00
277919000,54,false,Rx,0,8,00,00,FE,FF,FE,FF,00,00
277920000,55,false,Rx,0,8,10,27,00,00,00,00,00,00
277920000,56,false,Rx,0,8,10,27,00,00,00,00,00,00
277930000,57,false,Rx,0,8,00,00,FE,FF,FE,FF,00,00
277964000,625,false,Rx,0,8,25,00,11,43,FD,BB,E4,01
278064000,625,false,Rx,0,8,25,00,11,43,FD,BB,E4,01
278098000,2C4,false,Rx,0,8,03,08,00,00,E9,02,00,00
278098000,2C5,false,Rx,0,8,00,00,00,00,00,00,00,00
278098000,2C6,false,Rx,0,8,F4,01,84,03,00,00,00,00
278119000,54,false,Rx,0,8,00,00,FE,FF,FE,FF,00,00
278120000,55,false,Rx,0,8,10,27,00,00,00,00,00,00
278120000,56,false,Rx,0,8,10,27,00,00,00,00,00,00
278130000,57,false,Rx,0,8,00,00,FE,FF,FE,FF,00,00
278164000,625,false,Rx,0,8,25,00,11,43,FD,BB,E4,01
278264000,625,false,Rx,0,8,25,00,11,43,FD,BB,E4,01
278298000,2C4,false,Rx,0,8,03,08,00,00,E9,02,00,00
278298000,2C5,false,Rx,0,8,00,00,00,00,00,00,00,00
278298000,2C6,false,Rx,0,8,F4,01,84,03,00,00,00,00
278319000,54,false,Rx,0,8,00,00,FE,FF,FE,FF,00,00
278320000,55,false,Rx,0,8,10,27,00,00,00,00,00,00
278320000,56,false,Rx,0,8,10,27,00,00,00,00,00,00
278330000,57,false,Rx,0,8,00,00,FE,FF,FE,FF,00,00
278364000,625,false,Rx,0,8,25,00,11,43,FD,BB,E4,01
278464000,625,false,Rx,0,8,25,00,11,43,FD,BB,E4,01
278498000,2C4,false,Rx,0,8,03,08,00,00,E9,02,00,00
278498000,2C5,false,Rx,0,8,00,00,00,00,00,00,00,00
278498000,2C6,false,Rx,0,8,F4,01,84,03,00,00,00,00
278519000,54,false,Rx,0,8,00,00,FE,FF,FE,FF,00,00
278520000,55,false,Rx,0,8,10,27,00,00,00,00,00,00
278520000,56,false,Rx,0,8,10,27,00,00,00,00,00,00
278530000,57,false,Rx,0,8,00,00,FE,FF,FE,FF,00,00
278564000,625,false,Rx,0,8,25,00,11,43,FD,BB,E4,01
278664000,625,false,Rx,0,8,25,00,11,43,FD,BB,E4,01
278698000,2C4,false,Rx,0,8,03,08,00,00,E9,02,00,00
278698000,2C5,false,Rx,0,8,00,00,00,00,00,00,00,00
278698000,2C6,false,Rx,0,8,F4,01,84,03,00,00,00,00
278719000,54,false,Rx,0,8,00,00,FE,FF,FE,FF,00,00
278720000,55,false,Rx,0,8,10,27,00,00,00,00,00,00
278720000,56,false,Rx,0,8,10,27,00,00,00,00,00,00
278730000,57,false,Rx,0,8,00,00,FE,FF,FE,FF,00,00
278764000,625,false,Rx,0,8,25,00,11,43,FD,BB,E4,01
278864000,625,false,Rx,0,8,25,00,11,43,FD,BB,E4,01
278898000,2C4,false,Rx,0,8,03,08,00,00,E9,02,00,00
278898000,2C5,false,Rx,0,8,00,00,00,00,00,00,00,00
278898000,2C6,false,Rx,0,8,F4,01,84,03,00,00,00,00
278919000,54,false,Rx,0,8,00,00,FE,FF,FE,FF,00,00
278920000,55,false,Rx,0,8,10,27,00,00,00,00,00,00
278920000,56,false,Rx,0,8,10,27,00,00,00,00,00,00
278930000,57,false,Rx,0,8,00,00,FE,FF,FE,FF,00,00
278964000,625,false,Rx,0,8,25,00,11,43,FD,BB,E4,01
279064000,625,false,Rx,0,8,25,00,11,43,FD,BB,E4,01
279098000,2C4,false,Rx,0,8,03,08,00,00,E9,02,00,00
279098000,2C5,false,Rx,0,8,00,00,00,00,00,00,00,00
279098000,2C6,false,Rx,0,8,F4,01,84,03,00,00,00,00
279119000,54,false,Rx,0,8,00,00,FE,FF,FE,FF,00,00
279120000,55,false,Rx,0,8,10,27,00,00,00,00,00,00
279120000,56,false,Rx,0,8,10,27,00,00,00,00,00,00
279130000,57,false,Rx,0,8,00,00,FE,FF,FE,FF,00,00
279164000,625,false,Rx,0,8,25,00,11,43,FD,BB,E4,01
279264000,625,false,Rx,0,8,25,00,11,43,FD,BB,E4,01
279298000,2C4,false,Rx,0,8,03,08,00,00,E9,02,00,00
279298000,2C5,false,Rx,0,8,00,00,00,00,00,00,00,00
279298000,2C6,false,Rx,0,8,F4,01,84,03,00,00,00,00
279319000,54,false,Rx,0,8,00,00,FE,FF,FE,FF,00,00
279320000,55,false,Rx,0,8,10,27,00,00,00,00,00,00
279320000,56,false,Rx,0,8,10,27,00,00,00,00,00,00
279330000,57,false,Rx,0,8,00,00,FE,FF,FE,FF,00,00
279364000,625,false,Rx,0,8,25,00,11,43,FD,BB,E4,01
279464000,625,false,Rx,0,8,25,00,11,43,FD,BB,E4,01
279498000,2C4,false,Rx,0,8,03,08,00,00,E9,02,00,00
279498000,2C5,false,Rx,0,8,00,00,00,00,00,00,00,00
279498000,2C6,false,Rx,0,8,F4,01,84,03,00,00,00,00
279519000,54,false,Rx,0,8,00,00,FE,FF,FE,FF,00,00
279520000,55,false,Rx,0,8,10,27,00,00,00,00,00,00
279520000,56,false,Rx,0,8,10,27,00,00,00,00,00,00
279530000,57,false,Rx,0,8,00,00,FE,FF,FE,FF,00,00
279564000,625,false,Rx,0,8,25,00,11,43,FD,BB,E4,01
279664000,625,false,Rx,0,8,25,00,11,43,FD,BB,E4,01
279698000,2C4,false,Rx,0,8,03,08,00,00,E9,02,00,00
279698000,2C5,false,Rx,0,8,00,00,00,00,00,00,00,00
279698000,2C6,false,Rx,0,8,F4,01,84,03,00,00,00,00
279719000,54,false,Rx,0,8,00,00,FE,FF,FE,FF,00,00
279720000,55,false,Rx,0,8,10,27,00,00,00,00,00,00
279720000,56,false,Rx,0,8,10,27,00,00,00,00,00,00
279730000,57,false,Rx,0,8,00,00,FE,FF,FE,FF,00,00
279764000,625,false,Rx,0,8,25,00,11,43,FD,BB,E4,01
279864000,625,false,Rx,0,8,25,00,11,43,FD,BB,E4,01
279898000,2C4,false,Rx,0,8,03,08,00,00,E9,02,00,00
279898000,2C5,false,Rx,0,8,00,00,00,00,00,00,00,00
279898000,2C6,false,Rx,0,8,F4,01,84,03,00,00,00,00
279919000,54,false,Rx,0,8,00,00,FE,FF,FE,FF,00,00
279920000,55,false,Rx,0,8,10,27,00,00,00,00,00,00
279920000,56,false,Rx,0,8,10,27,00,00,00,00,00,00
279930000,57,false,Rx,0,8,00,00,FE,FF,FE,FF,00,00
279964000,625,false,Rx,0,8,25,00,11,43,FD,BB,E4,01
280064000,625,false,Rx,0,8,25,00,11,43,FD,BB,E4,01
280098000,2C4,false,Rx,0,8,03,08,00,00,E9,02,00,00
280098000,2C5,false,Rx,0,8,00,00,00,00,00,00,00,00
280098000,2C6,false,Rx,0,8,F4,01,84,03,00,00,00,00
280119000,54,false,Rx,0,8,00,00,FE,FF,FE,FF,00,00
280120000,55,false,Rx,0,8,10,27,00,00,00,00,00,00
280120000,56,false,Rx,0,8,10,27,00,00,00,00,00,00
280130000,57,false,Rx,0,8,00,00,FE,FF,FE,FF,00,00
280164000,625,false,Rx,0,8,25,00,11,43,FD,BB,E4,01
280264000,625,false,Rx,0,8,25,00,11,43,FD,BB,E4,01
280298000,2C4,false,Rx,0,8,03,08,00,00,E9,02,00,00
280298000,2C5,false,Rx,0,8,00,00,00,00,00,00,00,00
280298000,2C6,false,Rx,0,8,F4,01,84,03,00,00,00,00
280319000,54,false,Rx,0,8,00,00,FE,FF,FE,FF,00,00
280320000,55,false,Rx,0,8,10,27,00,00,00,00,00,00
280320000,56,false,Rx,0,8,10,27,00,00,00,00,00,00
280330000,57,false,Rx,0,8,00,00,FE,FF,FE,FF,00,00
280364000,625,false,Rx,0,8,25,00,11,43,FD,BB,E4,01
280464000,625,false,Rx,0,8,25,00,11,43,FD,BB,E4,01
280498000,2C4,false,Rx,0,8,03,08,00,00,E9,02,00,00
280498000,2C5,false,Rx,0,8,00,00,00,00,00,00,00,00
280498000,2C6,false,Rx,0,8,F4,01,84,03,00,00,00,00
280519000,54,false,Rx,0,8,00,00,FE,FF,FE,FF,00,00
280520000,55,false,Rx,0,8,10,27,00,00,00,00,00,00
280520000,56,false,Rx,0,8,10,27,00,00,00,00,00,00
280530000,57,false,Rx,0,8,00,00,FE,FF,FE,FF,00,00
280564000,625,false,Rx,0,8,25,00,11,43,FD,BB,E4,01
280664000,625,false,Rx,0,8,25,00,11,43,FD,BB,E4,01
280698000,2C4,false,Rx,0,8,03,08,00,00,E9,02,00,00
280698000,2C5,false,Rx,0,8,00,00,00,00,00,00,00,00
280698000,2C6,false,Rx,0,8,F4,01,84,03,00,00,00,00
280719000,54,false,Rx,0,8,00,00,FE,FF,FE,FF,00,00
280720000,55,false,Rx,0,8,10,27,00,00,00,00,00,00
280720000,56,false,Rx,0,8,10,27,00,00,00,00,00,00
280730000,57,false,Rx,0,8,00,00,FE,FF,FE,FF,00,00
280764000,625,false,Rx,0,8,25,00,11,43,FD,BB,E4,01
280864000,625,false,Rx,0,8,25,00,11,43,FD,BB,E4,01
280898000,2C4,false,Rx,0,8,03,08,00,00,E9,02,00,00
280898000,2C5,false,Rx,0,8,00,00,00,00,00,00,00,00
280898000,2C6,false,Rx,0,8,F4,01,84,03,00,00,00,00
280919000,54,false,Rx,0,8,00,00,FE,FF,FE,FF,00,00
280920000,55,false,Rx,0,8,10,27,00,00,00,00,00,00
280920000,56,false,Rx,0,8,10,27,00,00,00,00,00,00
280930000,57,false,Rx,0,8,00,00,FE,FF,FE,FF,00,00
280964000,625,false,Rx,0,8,25,00,11,43,FD,BB,E4,01
281064000,625,false,Rx,0,8,25,00,11,43,FD,BB,E4,01
281098000,2C4,false,Rx,0,8,03,08,00,00,E9,02,00,00
281098000,2C5,false,Rx,0,8,00,00,00,00,00,00,00,00
281098000,2C6,false,Rx,0,8,F4,01,84,03,00,00,00,00
281119000,54,false,Rx,0,8,00,00,FE,FF,FE,FF,00,00
281119000,55,false,Rx,0,8,10,27,00,00,00,00,00,00
281120000,56,false,Rx,0,8,10,27,00,00,00,00,00,00
281130000,57,false,Rx,0,8,00,00,FE,FF,FE,FF,00,00
281164000,625,false,Rx,0,8,25,00,11,43,FD,BB,E4,01
281264000,625,false,Rx,0,8,25,00,11,43,FD,BB,E4,01
281298000,2C4,false,Rx,0,8,03,08,00,00,E9,02,00,00
281298000,2C5,false,Rx,0,8,00,00,00,00,00,00,00,00
281298000,2C6,false,Rx,0,8,F4,01,84,03,00,00,00,00
281319000,54,false,Rx,0,8,00,00,FE,FF,FE,FF,00,00
281320000,55,false,Rx,0,8,10,27,00,00,00,00,00,00
281320000,56,false,Rx,0,8,10,27,00,00,00,00,00,00
281330000,57,false,Rx,0,8,00,00,FE,FF,FE,FF,00,00
281364000,625,false,Rx,0,8,25,00,11,43,FD,BB,E4,01
281464000,625,false,Rx,0,8,25,00,11,43,FD,BB,E4,01
281498000,2C4,false,Rx,0,8,03,08,00,00,E9,02,00,00
281498000,2C5,false,Rx,0,8,00,00,00,00,00,00,00,00
281498000,2C6,false,Rx,0,8,F4,01,84,03,00,00,00,00
281519000,54,false,Rx,0,8,00,00,FE,FF,FE,FF,00,00
281520000,55,false,Rx,0,8,10,27,00,00,00,00,00,00
281520000,56,false,Rx,0,8,10,27,00,00,00,00,00,00
281530000,57,false,Rx,0,8,00,00,FE,FF,FE,FF,00,00
281564000,625,false,Rx,0,8,25,00,11,43,FD,BB,E4,01
281664000,625,false,Rx,0,8,25,00,11,43,FD,BB,E4,01
281698000,2C4,false,Rx,0,8,03,08,00,00,E9,02,00,00
281698000,2C5,false,Rx,0,8,00,00,00,00,00,00,00,00
281698000,2C6,false,Rx,0,8,F4,01,84,03,00,00,00,00
281719000,54,false,Rx,0,8,00,00,FE,FF,FE,FF,00,00
281719000,55,false,Rx,0,8,10,27,00,00,00,00,00,00
281720000,56,false,Rx,0,8,10,27,00,00,00,00,00,00
281730000,57,false,Rx,0,8,00,00,FE,FF,FE,FF,00,00
281764000,625,false,Rx,0,8,25,00,11,43,FD,BB,E4,01
281864000,625,false,Rx,0,8,25,00,11,43,FD,BB,E4,01
281898000,2C4,false,Rx,0,8,03,08,00,00,E9,02,00,00
281898000,2C5,false,Rx,0,8,00,00,00,00,00,00,00,00
281898000,2C6,false,Rx,0,8,F4,01,84,03,00,00,00,00
281919000,54,false,Rx,0,8,00,00,FE,FF,FE,FF,00,00
281920000,55,false,Rx,0,8,10,27,00,00,00,00,00,00
281920000,56,false,Rx,0,8,10,27,00,00,00,00,00,00
281930000,57,false,Rx,0,8,00,00,FE,FF,FE,FF,00,00
281964000,625,false,Rx,0,8,25,00,11,43,FD,BB,E4,01
282064000,625,false,Rx,0,8,25,00,11,43,FD,BB,E4,01
282098000,2C4,false,Rx,0,8,03,08,00,00,E9,02,00,00
282098000,2C5,false,Rx,0,8,00,00,00,00,00,00,00,00
282098000,2C6,false,Rx,0,8,F4,01,84,03,00,00,00,00
282119000,54,false,Rx,0,8,00,00,FE,FF,FE,FF,00,00
282120000,55,false,Rx,0,8,10,27,00,00,00,00,00,00
282120000,56,false,Rx,0,8,10,27,00,00,00,00,00,00
282130000,57,false,Rx,0,8,00,00,FE,FF,FE,FF,00,00
282163000,625,false,Rx,0,8,25,00,11,43,FD,BB,E4,01
282263000,625,false,Rx,0,8,25,00,11,43,FD,BB,E4,01
282298000,2C4,false,Rx,0,8,03,08,00,00,E9,02,00,00
282298000,2C5,false,Rx,0,8,00,00,00,00,00,00,00,00
282298000,2C6,false,Rx,0,8,F4,01,84,03,00,00,00,00
282319000,54,false,Rx,0,8,00,00,FE,FF,FE,FF,00,00
282319000,55,false,Rx,0,8,10,27,00,00,00,00,00,00
282320000,56,false,Rx,0,8,10,27,00,00,00,00,00,00
282330000,57,false,Rx,0,8,00,00,FE,FF,FE,FF,00,00
282363000,625,false,Rx,0,8,25,00,11,43,FD,BB,E4,01
282463000,625,false,Rx,0,8,25,00,11,43,FD,BB,E4,01
282498000,2C4,false,Rx,0,8,03,08,00,00,E9,02,00,00
282498000,2C5,false,Rx,0,8,00,00,00,00,00,00,00,00
282498000,2C6,false,Rx,0,8,F4,01,84,03,00,00,00,00
282519000,54,false,Rx,0,8,00,00,FE,FF,FE,FF,00,00
282519000,55,false,Rx,0,8,10,27,00,00,00,00,00,00
282520000,56,false,Rx,0,8,10,27,00,00,00,00,00,00
282530000,57,false,Rx,0,8,00,00,FE,FF,FE,FF,00,00
282563000,625,false,Rx,0,8,25,00,11,43,FD,BB,E4,01
282663000,625,false,Rx,0,8,25,00,11,43,FD,BB,E4,01
282698000,2C4,false,Rx,0,8,03,08,00,00,E9,02,00,00
282698000,2C5,false,Rx,0,8,00,00,00,00,00,00,00,00
282698000,2C6,false,Rx,0,8,F4,01,84,03,00,00,00,00
282719000,54,false,Rx,0,8,00,00,FE,FF,FE,FF,00,00
282719000,55,false,Rx,0,8,10,27,00,00,00,00,00,00
282720000,56,false,Rx,0,8,10,27,00,00,00,00,00,00
282730000,57,false,Rx,0,8,00,00,FE,FF,FE,FF,00,00
282763000,625,false,Rx,0,8,25,00,11,43,FD,BB,E4,01
282863000,625,false,Rx,0,8,25,00,11,43,FD,BB,E4,01
282898000,2C4,false,Rx,0,8,03,08,00,00,E9,02,00,00
282898000,2C5,false,Rx,0,8,00,00,00,00,00,00,00,00
282898000,2C6,false,Rx,0,8,F4,01,84,03,00,00,00,00
282919000,54,false,Rx,0,8,00,00,FE,FF,FE,FF,00,00
282919000,55,false,Rx,0,8,10,27,00,00,00,00,00,00
282920000,56,false,Rx,0,8,10,27,00,00,00,00,00,00
282930000,57,false,Rx,0,8,00,00,FE,FF,FE,FF,00,00
282963000,625,false,Rx,0,8,25,00,11,43,FD,BB,E4,01
283063000,625,false,Rx,0,8,25,00,11,43,FD,BB,E4,01
283098000,2C4,false,Rx,0,8,03,08,00,00,E9,02,00,00
283098000,2C5,false,Rx,0,8,00,00,00,00,00,00,00,00
283098000,2C6,false,Rx,0,8,F4,01,84,03,00,00,00,00
283119000,54,false,Rx,0,8,00,00,FE,FF,FE,FF,00,00
283119000,55,false,Rx,0,8,10,27,00,00,00,00,00,00
283120000,56,false,Rx,0,8,10,27,00,00,00,00,00,00
283130000,57,false,Rx,0,8,00,00,FE,FF,FE,FF,00,00
283163000,625,false,Rx,0,8,25,00,11,43,FD,BB,E4,01
283263000,625,false,Rx,0,8,25,00,11,43,FD,BB,E4,01
283298000,2C4,false,Rx,0,8,03,08,00,00,E9,02,00,00
283298000,2C5,false,Rx,0,8,00,00,00,00,00,00,00,00
283298000,2C6,false,Rx,0,8,F4,01,84,03,00,00,00,00
283319000,54,false,Rx,0,8,00,00,FE,FF,FE,FF,00,00
283319000,55,false,Rx,0,8,10,27,00,00,00,00,00,00
283320000,56,false,Rx,0,8,10,27,00,00,00,00,00,00
283330000,57,false,Rx,0,8,00,00,FE,FF,FE,FF,00,00
283363000,625,false,Rx,0,8,25,00,11,43,FD,BB,E4,01
283463000,625,false,Rx,0,8,25,00,11,43,FD,BB,E4,01
283498000,2C4,false,Rx,0,8,03,08,00,00,E9,02,00,00
283498000,2C5,false,Rx,0,8,00,00,00,00,00,00,00,00
283498000,2C6,false,Rx,0,8,F4,01,84,03,00,00,00,00
283519000,54,false,Rx,0,8,00,00,FE,FF,FE,FF,00,00
283519000,55,false,Rx,0,8,10,27,00,00,00,00,00,00
283520000,56,false,Rx,0,8,10,27,00,00,00,00,00,00
283530000,57,false,Rx,0,8,00,00,FE,FF,FE,FF,00,00
283563000,625,false,Rx,0,8,25,00,11,43,FD,BB,E4,01
283663000,625,false,Rx,0,8,25,00,11,43,FD,BB,E4,01
283698000,2C4,false,Rx,0,8,03,08,00,00,E9,02,00,00
283698000,2C5,false,Rx,0,8,00,00,00,00,00,00,00,00
283698000,2C6,false,Rx,0,8,F4,01,84,03,00,00,00,00
283719000,54,false,Rx,0,8,00,00,FE,FF,FE,FF,00,00
283719000,55,false,Rx,0,8,10,27,00,00,00,00,00,00
283720000,56,false,Rx,0,8,10,27,00,00,00,00,00,00
283730000,57,false,Rx,0,8,00,00,FE,FF,FE,FF,00,00
283763000,625,false,Rx,0,8,25,00,11,43,FD,BB,E4,01
283863000,625,false,Rx,0,8,25,00,11,43,FD,BB,E4,01
283898000,2C4,false,Rx,0,8,03,08,00,00,E9,02,00,00
283898000,2C5,false,Rx,0,8,00,00,00,00,00,00,00,00
283898000,2C6,false,Rx,0,8,F4,01,84,03,00,00,00,00
283919000,54,false,Rx,0,8,00,00,FE,FF,FE,FF,00,00
283919000,55,false,Rx,0,8,10,27,00,00,00,00,00,00
283920000,56,false,Rx,0,8,10,27,00,00,00,00,00,00
283930000,57,false,Rx,0,8,00,00,FE,FF,FE,FF,00,00
283963000,625,false,Rx,0,8,25,00,11,43,FD,BB,E4,01
284063000,625,false,Rx,0,8,25,00,11,43,FD,BB,E4,01
284098000,2C4,false,Rx,0,8,03,08,00,00,E9,02,00,00
284098000,2C5,false,Rx,0,8,00,00,00,00,00,00,00,00
284098000,2C6,false,Rx,0,8,F4,01,84,03,00,00,00,00
284119000,54,false,Rx,0,8,00,00,FE,FF,FE,FF,00,00
284119000,55,false,Rx,0,8,10,27,00,00,00,00,00,00
284120000,56,false,Rx,0,8,10,27,00,00,00,00,00,00
284130000,57,false,Rx,0,8,00,00,FE,FF,FE,FF,00,00
284163000,625,false,Rx,0,8,25,00,11,43,FD,BB,E4,01
284263000,625,false,Rx,0,8,25,00,11,43,FD,BB,E4,01
284298000,2C4,false,Rx,0,8,03,08,00,00,E9,02,00,00
284298000,2C5,false,Rx,0,8,00,00,00,00,00,00,00,00
284298000,2C6,false,Rx,0,8,F4,01,84,03,00,00,00,00
284319000,54,false,Rx,0,8,00,00,FE,FF,FE,FF,00,00
284319000,55,false,Rx,0,8,10,27,00,00,00,00,00,00
284320000,56,false,Rx,0,8,10,27,00,00,00,00,00,00
284330000,57,false,Rx,0,8,00,00,FE,FF,FE,FF,00,00
284363000,625,false,Rx,0,8,25,00,11,43,FD,BB,E4,01
284463000,625,false,Rx,0,8,25,00,11,43,FD,BB,E4,01
284498000,2C4,false,Rx,0,8,03,08,00,00,E9,02,00,00
284498000,2C5,false,Rx,0,8,00,00,00,00,00,00,00,00
284498000,2C6,false,Rx,0,8,F4,01,84,03,00,00,00,00
284519000,54,false,Rx,0,8,00,00,FE,FF,FE,FF,00,00
284519000,55,false,Rx,0,8,10,27,00,00,00,00,00,00
284520000,56,false,Rx,0,8,10,27,00,00,00,00,00,00
284530000,57,false,Rx,0,8,00,00,FE,FF,FE,FF,00,00
284563000,625,false,Rx,0,8,25,00,11,43,FD,BB,E4,01
284663000,625,false,Rx,0,8,25,00,11,43,FD,BB,E4,01
284698000,2C4,false,Rx,0,8,03,08,00,00,E9,02,00,00
284698000,2C5,false,Rx,0,8,00,00,00,00,00,00,00,00
284698000,2C6,false,Rx,0,8,F4,01,84,03,00,00,00,00
284719000,54,false,Rx,0,8,00,00,FE,FF,FE,FF,00,00
284719000,55,false,Rx,0,8,10,27,00,00,00,00,00,00
284720000,56,false,Rx,0,8,10,27,00,00,00,00,00,00
284730000,57,false,Rx,0,8,00,00,FE,FF,FE,FF,00,00
284763000,625,false,Rx,0,8,25,00,11,43,FD,BB,E4,01
284863000,625,false,Rx,0,8,25,00,11,43,FD,BB,E4,01
284897000,2C4,false,Rx,0,8,03,08,00,00,E9,02,00,00
284898000,2C5,false,Rx,0,8,00,00,00,00,00,00,00,00
284898000,2C6,false,Rx,0,8,F4,01,84,03,00,00,00,00
284919000,54,false,Rx,0,8,00,00,FE,FF,FE,FF,00,00
284919000,55,false,Rx,0,8,10,27,00,00,00,00,00,00
284920000,56,false,Rx,0,8,10,27,00,00,00,00,00,00
284930000,57,false,Rx,0,8,00,00,FE,FF,FE,FF,00,00
284963000,625,false,Rx,0,8,25,00,11,43,FD,BB,E4,01
285063000,625,false,Rx,0,8,25,00,11,43,FD,BB,E4,01
285097000,2C4,false,Rx,0,8,03,08,00,00,E9,02,00,00
285098000,2C5,false,Rx,0,8,00,00,00,00,00,00,00,00
285098000,2C6,false,Rx,0,8,F4,01,84,03,00,00,00,00
285119000,54,false,Rx,0,8,00,00,FE,FF,FE,FF,00,00
285119000,55,false,Rx,0,8,10,27,00,00,00,00,00,00
285120000,56,false,Rx,0,8,10,27,00,00,00,00,00,00
285130000,57,false,Rx,0,8,00,00,FE,FF,FE,FF,00,00
285163000,625,false,Rx,0,8,25,00,11,43,FD,BB,E4,01
285263000,625,false,Rx,0,8,25,00,11,43,FD,BB,E4,01
285297000,2C4,false,Rx,0,8,03,08,00,00,E9,02,00,00
285298000,2C5,false,Rx,0,8,00,00,00,00,00,00,00,00
285298000,2C6,false,Rx,0,8,F4,01,84,03,00,00,00,00
285319000,54,false,Rx,0,8,00,00,FE,FF,FE,FF,00,00
285319000,55,false,Rx,0,8,10,27,00,00,00,00,00,00
285320000,56,false,Rx,0,8,10,27,00,00,00,00,00,00
285330000,57,false,Rx,0,8,00,00,FE,FF,FE,FF,00,00
285363000,625,false,Rx,0,8,25,00,11,43,FD,BB,E4,01
285463000,625,false,Rx,0,8,25,00,11,43,FD,BB,E4,01
285497000,2C4,false,Rx,0,8,03,08,00,00,E9,02,00,00
285498000,2C5,false,Rx,0,8,00,00,00,00,00,00,00,00
285498000,2C6,false,Rx,0,8,F4,01,84,03,00,00,00,00
285519000,54,false,Rx,0,8,00,00,FE,FF,FE,FF,00,00
285519000,55,false,Rx,0,8,10,27,00,00,00,00,00,00
285520000,56,false,Rx,0,8,10,27,00,00,00,00,00,00
285530000,57,false,Rx,0,8,00,00,FE,FF,FE,FF,00,00
285563000,625,false,Rx,0,8,25,00,11,43,FD,BB,E4,01
285663000,625,false,Rx,0,8,25,00,11,43,FD,BB,E4,01
285697000,2C4,false,Rx,0,8,03,08,00,00,E9,02,00,00
285698000,2C5,false,Rx,0,8,00,00,00,00,00,00,00,00
285698000,2C6,false,Rx,0,8,F4,01,84,03,00,00,00,00
285719000,54,false,Rx,0,8,00,00,FE,FF,FE,FF,00,00
285719000,55,false,Rx,0,8,10,27,00,00,00,00,00,00
285720000,56,false,Rx,0,8,10,27,00,00,00,00,00,00
285730000,57,false,Rx,0,8,00,00,FE,FF,FE,FF,00,00
285763000,625,false,Rx,0,8,25,00,11,43,FD,BB,E4,01
285863000,625,false,Rx,0,8,25,00,11,43,FD,BB,E4,01
285897000,2C4,false,Rx,0,8,03,08,00,00,E9,02,00,00
285898000,2C5,false,Rx,0,8,00,00,00,00,00,00,00,00
285898000,2C6,false,Rx,0,8,F4,01,84,03,00,00,00,00
285919000,54,false,Rx,0,8,00,00,FE,FF,FE,FF,00,00
285919000,55,false,Rx,0,8,10,27,00,00,00,00,00,00
285920000,56,false,Rx,0,8,10,27,00,00,00,00,00,00
285930000,57,false,Rx,0,8,00,00,FE,FF,FE,FF,00,00
285963000,625,false,Rx,0,8,25,00,11,43,FD,BB,E4,01
286063000,625,false,Rx,0,8,25,00,11,43,FD,BB,E4,01
286097000,2C4,false,Rx,0,8,03,08,00,00,E9,02,00,00
286098000,2C5,false,Rx,0,8,00,00,00,00,00,00,00,00
286098000,2C6,false,Rx,0,8,F4,01,84,03,00,00,00,00
286119000,54,false,Rx,0,8,00,00,FE,FF,FE,FF,00,00
286119000,55,false,Rx,0,8,10,27,00,00,00,00,00,00
286120000,56,false,Rx,0,8,10,27,00,00,00,00,00,00
286130000,57,false,Rx,0,8,00,00,FE,FF,FE,FF,00,00
286163000,625,false,Rx,0,8,25,00,11,43,FD,BB,E4,01
286263000,625,false,Rx,0,8,25,00,11,43,FD,BB,E4,01
286297000,2C4,false,Rx,0,8,03,08,00,00,E9,02,00,00
286298000,2C5,false,Rx,0,8,00,00,00,00,00,00,00,00
286298000,2C6,false,Rx,0,8,F4,01,84,03,00,00,00,00
286319000,54,false,Rx,0,8,00,00,FE,FF,FE,FF,00,00
286319000,55,false,Rx,0,8,10,27,00,00,00,00,00,00
286320000,56,false,Rx,0,8,10,27,00,00,00,00,00,00
286330000,57,false,Rx,0,8,00,00,FE,FF,FE,FF,00,00
286363000,625,false,Rx,0,8,25,00,11,43,FD,BB,E4,01
286463000,625,false,Rx,0,8,25,00,11,43,FD,BB,E4,01
286497000,2C4,false,Rx,0,8,03,08,00,00,E9,02,00,00
286498000,2C5,false,Rx,0,8,00,00,00,00,00,00,00,00
286498000,2C6,false,Rx,0,8,F4,01,84,03,00,00,00,00
286519000,54,false,Rx,0,8,00,00,FE,FF,FE,FF,00,00
286519000,55,false,Rx,0,8,10,27,00,00,00,00,00,00
286520000,56,false,Rx,0,8,10,27,00,00,00,00,00,00
286530000,57,false,Rx,0,8,00,00,FE,FF,FE,FF,00,00
286563000,625,false,Rx,0,8,25,00,11,43,FD,BB,E4,01
286663000,625,false,Rx,0,8,25,00,11,43,FD,BB,E4,01
286697000,2C4,false,Rx,0,8,03,08,00,00,E9,02,00,00
286698000,2C5,false,Rx,0,8,00,00,00,00,00,00,00,00
286698000,2C6,false,Rx,0,8,F4,01,84,03,00,00,00,00
286719000,54,false,Rx,0,8,00,00,FE,FF,FE,FF,00,00
286719000,55,false,Rx,0,8,10,27,00,00,00,00,00,00
286720000,56,false,Rx,0,8,10,27,00,00,00,00,00,00
286730000,57,false,Rx,0,8,00,00,FE,FF,FE,FF,00,00
286763000,625,false,Rx,0,8,25,00,11,43,FD,BB,E4,01
286863000,625,false,Rx,0,8,25,00,11,43,FD,BB,E4,01
286897000,2C4,false,Rx,0,8,03,08,00,00,E9,02,00,00
286898000,2C5,false,Rx,0,8,00,00,00,00,00,00,00,00
286898000,2C6,false,Rx,0,8,F4,01,84,03,00,00,00,00
286919000,54,false,Rx,0,8,00,00,FE,FF,FE,FF,00,00
286920000,55,false,Rx,0,8,10,27,00,00,00,00,00,00
286920000,56,false,Rx,0,8,10,27,00,00,00,00,00,00
286930000,57,false,Rx,0,8,00,00,FE,FF,FE,FF,00,00
286963000,625,false,Rx,0,8,25,00,11,43,FD,BB,E4,01
287063000,625,false,Rx,0,8,25,00,11,43,FD,BB,E4,01
287097000,2C4,false,Rx,0,8,03,08,00,00,E9,02,00,00
287098000,2C5,false,Rx,0,8,00,00,00,00,00,00,00,00
287098000,2C6,false,Rx,0,8,F4,01,84,03,00,00,00,00
287119000,54,false,Rx,0,8,00,00,FE,FF,FE,FF,00,00
287119000,55,false,Rx,0,8,10,27,00,00,00,00,00,00
287120000,56,false,Rx,0,8,10,27,00,00,00,00,00,00
287130000,57,false,Rx,0,8,00,00,FE,FF,FE,FF,00,00
287163000,625,false,Rx,0,8,25,00,11,43,FD,BB,E4,01
287263000,625,false,Rx,0,8,25,00,11,43,FD,BB,E4,01
287297000,2C4,false,Rx,0,8,03,08,00,00,E9,02,00,00
287298000,2C5,false,Rx,0,8,00,00,00,00,00,00,00,00
287298000,2C6,false,Rx,0,8,F4,01,84,03,00,00,00,00
287319000,54,false,Rx,0,8,00,00,FE,FF,FE,FF,00,00
287320000,55,false,Rx,0,8,10,27,00,00,00,00,00,00
287320000,56,false,Rx,0,8,10,27,00,00,00,00,00,00
287330000,57,false,Rx,0,8,00,00,FE,FF,FE,FF,00,00
287363000,625,false,Rx,0,8,25,00,11,43,FD,BB,E4,01
287463000,625,false,Rx,0,8,25,00,11,43,FD,BB,E4,01
287497000,2C4,false,Rx,0,8,03,08,00,00,E9,02,00,00
287498000,2C5,false,Rx,0,8,00,00,00,00,00,00,00,00
287498000,2C6,false,Rx,0,8,F4,01,84,03,00,00,00,00
287519000,54,false,Rx,0,8,00,00,FE,FF,FE,FF,00,00
287519000,55,false,Rx,0,8,10,27,00,00,00,00,00,00
287520000,56,false,Rx,0,8,10,27,00,00,00,00,00,00
287530000,57,false,Rx,0,8,00,00,FE,FF,FE,FF,00,00
287563000,625,false,Rx,0,8,25,00,11,43,FD,BB,E4,01
287663000,625,false,Rx,0,8,25,00,11,43,FD,BB,E4,01
287697000,2C4,false,Rx,0,8,03,08,00,00,E9,02,00,00
287698000,2C5,false,Rx,0,8,00,00,00,00,00,00,00,00
287698000,2C6,false,Rx,0,8,F4,01,84,03,00,00,00,00
287719000,54,false,Rx,0,8,00,00,FE,FF,FE,FF,00,00
287719000,55,false,Rx,0,8,10,27,00,00,00,00,00,00
287720000,56,false,Rx,0,8,10,27,00,00,00,00,00,00
287730000,57,false,Rx,0,8,00,00,FE,FF,FE,FF,00,00
287763000,625,false,Rx,0,8,25,00,11,43,FD,BB,E4,01
287863000,625,false,Rx,0,8,25,00,11,43,FD,BB,E4,01
287897000,2C4,false,Rx,0,8,03,08,00,00,E9,02,00,00
287898000,2C5,false,Rx,0,8,00,00,00,00,00,00,00,00
287898000,2C6,false,Rx,0,8,F4,01,84,03,00,00,00,00
287919000,54,false,Rx,0,8,00,00,FE,FF,FE,FF,00,00
287919000,55,false,Rx,0,8,10,27,00,00,00,00,00,00
287920000,56,false,Rx,0,8,10,27,00,00,00,00,00,00
287930000,57,false,Rx,0,8,00,00,FE,FF,FE,FF,00,00
287963000,625,false,Rx,0,8,25,00,11,43,FD,BB,E4,01
288063000,625,false,Rx,0,8,25,00,11,43,FD,BB,E4,01
288097000,2C4,false,Rx,0,8,03,08,00,00,E9,02,00,00
288098000,2C5,false,Rx,0,8,00,00,00,00,00,00,00,00
288098000,2C6,false,Rx,0,8,F4,01,84,03,00,00,00,00
288119000,54,false,Rx,0,8,00,00,FE,FF,FE,FF,00,00
288119000,55,false,Rx,0,8,10,27,00,00,00,00,00,00
288120000,56,false,Rx,0,8,10,27,00,00,00,00,00,00
288130000,57,false,Rx,0,8,00,00,FE,FF,FE,FF,00,00
288163000,625,false,Rx,0,8,25,00,11,43,FD,BB,E4,01
288263000,625,false,Rx,0,8,25,00,11,43,FD,BB,E4,01
288297000,2C4,false,Rx,0,8,03,08,00,00,E9,02,00,00
288298000,2C5,false,Rx,0,8,00,00,00,00,00,00,00,00
288298000,2C6,false,Rx,0,8,F4,01,84,03,00,00,00,00
288319000,54,false,Rx,0,8,00,00,FE,FF,FE,FF,00,00
288319000,55,false,Rx,0,8,10,27,00,00,00,00,00,00
288320000,56,false,Rx,0,8,10,27,00,00,00,00,00,00
288330000,57,false,Rx,0,8,00,00,FE,FF,FE,FF,00,00
288363000,625,false,Rx,0,8,25,00,11,43,FD,BB,E4,01
288463000,625,false,Rx,0,8,25,00,11,43,FD,BB,E4,01
288497000,2C4,false,Rx,0,8,03,08,00,00,E9,02,00,00
288498000,2C5,false,Rx,0,8,00,00,00,00,00,00,00,00
288498000,2C6,false,Rx,0,8,F4,01,84,03,00,00,00,00
288519000,54,false,Rx,0,8,00,00,FE,FF,FE,FF,00,00
288519000,55,false,Rx,0,8,10,27,00,00,00,00,00,00
288520000,56,false,Rx,0,8,10,27,00,00,00,00,00,00
288530000,57,false,Rx,0,8,00,00,FE,FF,FE,FF,00,00
288563000,625,false,Rx,0,8,25,00,11,43,FD,BB,E4,01
288663000,625,false,Rx,0,8,25,00,11,43,FD,BB,E4,01
288697000,2C4,false,Rx,0,8,03,08,00,00,E9,02,00,00
288698000,2C5,false,Rx,0,8,00,00,00,00,00,00,00,00
288698000,2C6,false,Rx,0,8,F4,01,84,03,00,00,00,00
288719000,54,false,Rx,0,8,00,00,FE,FF,FE,FF,00,00
288719000,55,false,Rx,0,8,10,27,00,00,00,00,00,00
288720000,56,false,Rx,0,8,10,27,00,00,00,00,00,00
288730000,57,false,Rx,0,8,00,00,FE,FF,FE,FF,00,00
288763000,625,false,Rx,0,8,25,00,11,43,FD,BB,E4,01
288863000,625,false,Rx,0,8,25,00,11,43,FD,BB,E4,01
288897000,2C4,false,Rx,0,8,03,08,00,00,E9,02,00,00
288898000,2C5,false,Rx,0,8,00,00,00,00,00,00,00,00
288898000,2C6,false,Rx,0,8,F4,01,84,03,00,00,00,00
288919000,54,false,Rx,0,8,00,00,FE,FF,FE,FF,00,00
288919000,55,false,Rx,0,8,10,27,00,00,00,00,00,00
288920000,56,false,Rx,0,8,10,27,00,00,00,00,00,00
288930000,57,false,Rx,0,8,00,00,FE,FF,FE,FF,00,00
288963000,625,false,Rx,0,8,25,00,11,43,FD,BB,E4,01
289063000,625,false,Rx,0,8,25,00,11,43,FD,BB,E4,01
289097000,2C4,false,Rx,0,8,03,08,00,00,E9,02,00,00
289098000,2C5,false,Rx,0,8,00,00,00,00,00,00,00,00
289098000,2C6,false,Rx,0,8,F4,01,84,03,00,00,00,00
289119000,54,false,Rx,0,8,00,00,FE,FF,FE,FF,00,00
289119000,55,false,Rx,0,8,10,27,00,00,00,00,00,00
289120000,56,false,Rx,0,8,10,27,00,00,00,00,00,00
289130000,57,false,Rx,0,8,00,00,FE,FF,FE,FF,00,00
289163000,625,false,Rx,0,8,25,00,11,43,FD,BB,E4,01
289263000,625,false,Rx,0,8,25,00,11,43,FD,BB,E4,01
289297000,2C4,false,Rx,0,8,03,08,00,00,E9,02,00,00
289297000,2C5,false,Rx,0,8,00,00,00,00,00,00,00,00
289298000,2C6,false,Rx,0,8,F4,01,84,03,00,00,00,00
289319000,54,false,Rx,0,8,00,00,FE,FF,FE,FF,00,00
289319000,55,false,Rx,0,8,10,27,00,00,00,00,00,00
289320000,56,false,Rx,0,8,10,27,00,00,00,00,00,00
289330000,57,false,Rx,0,8,00,00,FE,FF,FE,FF,00,00
289363000,625,false,Rx,0,8,25,00,11,43,FD,BB,E4,01
289463000,625,false,Rx,0,8,25,00,11,43,FD,BB,E4,01
289497000,2C4,false,Rx,0,8,03,08,00,00,E9,02,00,00
289497000,2C5,false,Rx,0,8,00,00,00,00,00,00,00,00
289498000,2C6,false,Rx,0,8,F4,01,84,03,00,00,00,00
289519000,54,false,Rx,0,8,00,00,FE,FF,FE,FF,00,00
289519000,55,false,Rx,0,8,10,27,00,00,00,00,00,00
289520000,56,false,Rx,0,8,10,27,00,00,00,00,00,00
289530000,57,false,Rx,0,8,00,00,FE,FF,FE,FF,00,00
289563000,625,false,Rx,0,8,25,00,11,43,FD,BB,E4,01
289663000,625,false,Rx,0,8,25,00,11,43,FD,BB,E4,01
289697000,2C4,false,Rx,0,8,03,08,00,00,E9,02,00,00
289697000,2C5,false,Rx,0,8,00,00,00,00,00,00,00,00
289698000,2C6,false,Rx,0,8,F4,01,84,03,00,00,00,00
289719000,54,false,Rx,0,8,00,00,FE,FF,FE,FF,00,00
289719000,55,false,Rx,0,8,10,27,00,00,00,00,00,00
289720000,56,false,Rx,0,8,10,27,00,00,00,00,00,00
289730000,57,false,Rx,0,8,00,00,FE,FF,FE,FF,00,00
289763000,625,false,Rx,0,8,25,00,11,43,FD,BB,E4,01
289863000,625,false,Rx,0,8,25,00,11,43,FD,BB,E4,01
289897000,2C4,false,Rx,0,8,03,08,00,00,E9,02,00,00
289897000,2C5,false,Rx,0,8,00,00,00,00,00,00,00,00
289898000,2C6,false,Rx,0,8,F4,01,84,03,00,00,00,00
289919000,54,false,Rx,0,8,00,00,FE,FF,FE,FF,00,00
289919000,55,false,Rx,0,8,10,27,00,00,00,00,00,00
289920000,56,false,Rx,0,8,10,27,00,00,00,00,00,00
289930000,57,false,Rx,0,8,00,00,FE,FF,FE,FF,00,00
289963000,625,false,Rx,0,8,25,00,11,43,FD,BB,E4,01
290063000,625,false,Rx,0,8,25,00,11,43,FD,BB,E4,01
290097000,2C4,false,Rx,0,8,03,08,00,00,E9,02,00,00
290097000,2C5,false,Rx,0,8,00,00,00,00,00,00,00,00
290098000,2C6,false,Rx,0,8,F4,01,84,03,00,00,00,00
290119000,54,false,Rx,0,8,00,00,FE,FF,FE,FF,00,00
290119000,55,false,Rx,0,8,10,27,00,00,00,00,00,00
290120000,56,false,Rx,0,8,10,27,00,00,00,00,00,00
290130000,57,false,Rx,0,8,00,00,FE,FF,FE,FF,00,00
290163000,625,false,Rx,0,8,25,00,11,43,FD,BB,E4,01
290263000,625,false,Rx,0,8,25,00,11,43,FD,BB,E4,01
290297000,2C4,false,Rx,0,8,03,08,00,00,E9,02,00,00
290297000,2C5,false,Rx,0,8,00,00,00,00,00,00,00,00
290298000,2C6,false,Rx,0,8,F4,01,84,03,00,00,00,00
290319000,54,false,Rx,0,8,00,00,FE,FF,FE,FF,00,00
290319000,55,false,Rx,0,8,10,27,00,00,00,00,00,00
290320000,56,false,Rx,0,8,10,27,00,00,00,00,00,00
290330000,57,false,Rx,0,8,00,00,FE,FF,FE,FF,00,00
290363000,625,false,Rx,0,8,25,00,11,43,FD,BB,E4,01
290463000,625,false,Rx,0,8,25,00,11,43,FD,BB,E4,01
290497000,2C4,false,Rx,0,8,03,08,00,00,E9,02,00,00
290497000,2C5,false,Rx,0,8,00,00,00,00,00,00,00,00
290498000,2C6,false,Rx,0,8,F4,01,84,03,00,00,00,00
290519000,54,false,Rx,0,8,00,00,FE,FF,FE,FF,00,00
290519000,55,false,Rx,0,8,10,27,00,00,00,00,00,00
290520000,56,false,Rx,0,8,10,27,00,00,00,00,00,00
290530000,57,false,Rx,0,8,00,00,FE,FF,FE,FF,00,00
290563000,625,false,Rx,0,8,25,00,11,43,FD,BB,E4,01
290663000,625,false,Rx,0,8,25,00,11,43,FD,BB,E4,01
290697000,2C4,false,Rx,0,8,03,08,00,00,E9,02,00,00
290697000,2C5,false,Rx,0,8,00,00,00,00,00,00,00,00
290698000,2C6,false,Rx,0,8,F4,01,84,03,00,00,00,00
290719000,54,false,Rx,0,8,00,00,FE,FF,FE,FF,00,00
290719000,55,false,Rx,0,8,10,27,00,00,00,00,00,00
290720000,56,false,Rx,0,8,10,27,00,00,00,00,00,00
290730000,57,false,Rx,0,8,00,00,FE,FF,FE,FF,00,00
290763000,625,false,Rx,0,8,25,00,11,43,FD,BB,E4,01
290863000,625,false,Rx,0,8,25,00,11,43,FD,BB,E4,01
290897000,2C4,false,Rx,0,8,03,08,00,00,E9,02,00,00
290897000,2C5,false,Rx,0,8,00,00,00,00,00,00,00,00
290898000,2C6,false,Rx,0,8,F4,01,84,03,00,00,00,00
290919000,54,false,Rx,0,8,00,00,FE,FF,FE,FF,00,00
290919000,55,false,Rx,0,8,10,27,00,00,00,00,00,00
290920000,56,false,Rx,0,8,10,27,00,00,00,00,00,00
290930000,57,false,Rx,0,8,00,00,FE,FF,FE,FF,00,00
290963000,625,false,Rx,0,8,25,00,11,43,FD,BB,E4,01
291063000,625,false,Rx,0,8,25,00,11,43,FD,BB,E4,01
291097000,2C4,false,Rx,0,8,03,08,00,00,E9,02,00,00
291097000,2C5,false,Rx,0,8,00,00,00,00,00,00,00,00
291098000,2C6,false,Rx,0,8,F4,01,84,03,00,00,00,00
291119000,54,false,Rx,0,8,00,00,FE,FF,FE,FF,00,00
291119000,55,false,Rx,0,8,10,27,00,00,00,00,00,00
291120000,56,false,Rx,0,8,10,27,00,00,00,00,00,00
291130000,57,false,Rx,0,8,00,00,FE,FF,FE,FF,00,00
291163000,625,false,Rx,0,8,25,00,11,43,FD,BB,E4,01
291263000,625,false,Rx,0,8,25,00,11,43,FD,BB,E4,01
291297000,2C4,false,Rx,0,8,03,08,00,00,E9,02,00,00
291297000,2C5,false,Rx,0,8,00,00,00,00,00,00,00,00
291298000,2C6,false,Rx,0,8,F4,01,84,03,00,00,00,00
291319000,54,false,Rx,0,8,00,00,FE,FF,FE,FF,00,00
291319000,55,false,Rx,0,8,10,27,00,00,00,00,00,00
291320000,56,false,Rx,0,8,10,27,00,00,00,00,00,00
291330000,57,false,Rx,0,8,00,00,FE,FF,FE,FF,00,00
291363000,625,false,Rx,0,8,25,00,11,43,FD,BB,E4,01
291463000,625,false,Rx,0,8,25,00,11,43,FD,BB,E4,01
291497000,2C4,false,Rx,0,8,03,08,00,00,E9,02,00,00
291497000,2C5,false,Rx,0,8,00,00,00,00,00,00,00,00
291498000,2C6,false,Rx,0,8,F4,01,84,03,00,00,00,00
291519000,54,false,Rx,0,8,00,00,FE,FF,FE,FF,00,00
291519000,55,false,Rx,0,8,10,27,00,00,00,00,00,00
291520000,56,false,Rx,0,8,10,27,00,00,00,00,00,00
291530000,57,false,Rx,0,8,00,00,FE,FF,FE,FF,00,00
291563000,625,false,Rx,0,8,25,00,11,43,FD,BB,E4,01
291663000,625,false,Rx,0,8,25,00,11,43,FD,BB,E4,01
291697000,2C4,false,Rx,0,8,03,08,00,00,E9,02,00,00
291697000,2C5,false,Rx,0,8,00,00,00,00,00,00,00,00
291698000,2C6,false,Rx,0,8,F4,01,84,03,00,00,00,00
291719000,54,false,Rx,0,8,00,00,FE,FF,FE,FF,00,00
291719000,55,false,Rx,0,8,10,27,00,00,00,00,00,00
291720000,56,false,Rx,0,8,10,27,00,00,00,00,00,00
291730000,57,false,Rx,0,8,00,00,FE,FF,FE,FF,00,00
291763000,625,false,Rx,0,8,25,00,11,43,FD,BB,E4,01
291863000,625,false,Rx,0,8,25,00,11,43,FD,BB,E4,01
291897000,2C4,false,Rx,0,8,03,08,00,00,E9,02,00,00
291897000,2C5,false,Rx,0,8,00,00,00,00,00,00,00,00
291898000,2C6,false,Rx,0,8,F4,01,84,03,00,00,00,00
291919000,54,false,Rx,0,8,00,00,FE,FF,FE,FF,00,00
291919000,55,false,Rx,0,8,10,27,00,00,00,00,00,00
291920000,56,false,Rx,0,8,10,27,00,00,00,00,00,00
291930000,57,false,Rx,0,8,00,00,FE,FF,FE,FF,00,00
291963000,625,false,Rx,0,8,25,00,11,43,FD,BB,E4,01
292063000,625,false,Rx,0,8,25,00,11,43,FD,BB,E4,01
292097000,2C4,false,Rx,0,8,03,08,00,00,E9,02,00,00
292097000,2C5,false,Rx,0,8,00,00,00,00,00,00,00,00
292098000,2C6,false,Rx,0,8,F4,01,84,03,00,00,00,00
292119000,54,false,Rx,0,8,00,00,FE,FF,FE,FF,00,00
292119000,55,false,Rx,0,8,10,27,00,00,00,00,00,00
292120000,56,false,Rx,0,8,10,27,00,00,00,00,00,00
292130000,57,false,Rx,0,8,00,00,FE,FF,FE,FF,00,00
292163000,625,false,Rx,0,8,25,00,11,43,FD,BB,E4,01
292263000,625,false,Rx,0,8,25,00,11,43,FD,BB,E4,01
292297000,2C4,false,Rx,0,8,03,08,00,00,E9,02,00,00
292297000,2C5,false,Rx,0,8,00,00,00,00,00,00,00,00
292298000,2C6,false,Rx,0,8,F4,01,84,03,00,00,00,00
292319000,54,false,Rx,0,8,00,00,FE,FF,FE,FF,00,00
292320000,55,false,Rx,0,8,10,27,00,00,00,00,00,00
292320000,56,false,Rx,0,8,10,27,00,00,00,00,00,00
292330000,57,false,Rx,0,8,00,00,FE,FF,FE,FF,00,00
292363000,625,false,Rx,0,8,25,00,11,43,FD,BB,E4,01
292463000,625,false,Rx,0,8,25,00,11,43,FD,BB,E4,01
292497000,2C4,false,Rx,0,8,03,08,00,00,E9,02,00,00
292497000,2C5,false,Rx,0,8,00,00,00,00,00,00,00,00
292498000,2C6,false,Rx,0,8,F4,01,84,03,00,00,00,00
292519000,54,false,Rx,0,8,00,00,FE,FF,FE,FF,00,00
292519000,55,false,Rx,0,8,10,27,00,00,00,00,00,00
292520000,56,false,Rx,0,8,10,27,00,00,00,00,00,00
292530000,57,false,Rx,0,8,00,00,FE,FF,FE,FF,00,00
292563000,625,false,Rx,0,8,25,00,11,43,FD,BB,E4,01
292663000,625,false,Rx,0,8,25,00,11,43,FD,BB,E4,01
292697000,2C4,false,Rx,0,8,03,08,00,00,E9,02,00,00
292697000,2C5,false,Rx,0,8,00,00,00,00,00,00,00,00
292698000,2C6,false,Rx,0,8,F4,01,84,03,00,00,00,00
292719000,54,false,Rx,0,8,00,00,FE,FF,FE,FF,00,00
292719000,55,false,Rx,0,8,10,27,00,00,00,00,00,00
292720000,56,false,Rx,0,8,10,27,00,00,00,00,00,00
292730000,57,false,Rx,0,8,00,00,FE,FF,FE,FF,00,00
292763000,625,false,Rx,0,8,25,00,11,43,FD,BB,E4,01
292863000,625,false,Rx,0,8,25,00,11,43,FD,BB,E4,01
292897000,2C4,false,Rx,0,8,03,08,00,00,E9,02,00,00
292897000,2C5,false,Rx,0,8,00,00,00,00,00,00,00,00
292898000,2C6,false,Rx,0,8,F4,01,84,03,00,00,00,00
292919000,54,false,Rx,0,8,00,00,FE,FF,FE,FF,00,00
292919000,55,false,Rx,0,8,10,27,00,00,00,00,00,00
292920000,56,false,Rx,0,8,10,27,00,00,00,00,00,00
292930000,57,false,Rx,0,8,00,00,FE,FF,FE,FF,00,00
292963000,625,false,Rx,0,8,25,00,11,43,FD,BB,E4,01
293063000,625,false,Rx,0,8,25,00,11,43,FD,BB,E4,01
293097000,2C4,false,Rx,0,8,03,08,00,00,E6,02,00,00
293097000,2C5,false,Rx,0,8,00,00,00,00,00,00,00,00
293098000,2C6,false,Rx,0,8,F4,01,84,03,00,00,00,00
293119000,54,false,Rx,0,8,00,00,FE,FF,FE,FF,00,00
293119000,55,false,Rx,0,8,10,27,00,00,00,00,00,00
293120000,56,false,Rx,0,8,10,27,00,00,00,00,00,00
293130000,57,false,Rx,0,8,00,00,FE,FF,FE,FF,00,00
293163000,625,false,Rx,0,8,25,00,11,43,FD,BB,E4,01
293263000,625,false,Rx,0,8,25,00,11,43,FD,BB,E4,01
293297000,2C4,false,Rx,0,8,03,08,00,00,E9,02,00,00
293297000,2C5,false,Rx,0,8,00,00,00,00,00,00,00,00
293298000,2C6,false,Rx,0,8,F4,01,84,03,00,00,00,00
293319000,54,false,Rx,0,8,00,00,FE,FF,FE,FF,00,00
293319000,55,false,Rx,0,8,10,27,00,00,00,00,00,00
293320000,56,false,Rx,0,8,10,27,00,00,00,00,00,00
293330000,57,false,Rx,0,8,00,00,FE,FF,FE,FF,00,00
293363000,625,false,Rx,0,8,25,00,11,43,FD,BB,E4,01
293463000,625,false,Rx,0,8,25,00,11,43,FD,BB,E4,01
293497000,2C4,false,Rx,0,8,03,08,00,00,E9,02,00,00
293497000,2C5,false,Rx,0,8,00,00,00,00,00,00,00,00
293498000,2C6,false,Rx,0,8,F4,01,84,03,00,00,00,00
293519000,54,false,Rx,0,8,00,00,FE,FF,FE,FF,00,00
293519000,55,false,Rx,0,8,10,27,00,00,00,00,00,00
293520000,56,false,Rx,0,8,10,27,00,00,00,00,00,00
293530000,57,false,Rx,0,8,00,00,FE,FF,FE,FF,00,00
293563000,625,false,Rx,0,8,25,00,11,43,FD,BB,E4,01
293663000,625,false,Rx,0,8,25,00,11,43,FD,BB,E4,01
293697000,2C4,false,Rx,0,8,03,08,00,00,E9,02,00,00
293697000,2C5,false,Rx,0,8,00,00,00,00,00,00,00,00
293698000,2C6,false,Rx,0,8,F4,01,84,03,00,00,00,00
293719000,54,false,Rx,0,8,00,00,FE,FF,FE,FF,00,00
293719000,55,false,Rx,0,8,10,27,00,00,00,00,00,00
293720000,56,false,Rx,0,8,10,27,00,00,00,00,00,00
293730000,57,false,Rx,0,8,00,00,FE,FF,FE,FF,00,00
293763000,625,false,Rx,0,8,25,00,11,43,FD,BB,E4,01
293863000,625,false,Rx,0,8,25,00,11,43,FD,BB,E4,01
293897000,2C4,false,Rx,0,8,03,08,00,00,E9,02,00,00
293897000,2C5,false,Rx,0,8,00,00,00,00,00,00,00,00
293898000,2C6,false,Rx,0,8,F4,01,84,03,00,00,00,00
293919000,54,false,Rx,0,8,00,00,FE,FF,FE,FF,00,00
293919000,55,false,Rx,0,8,10,27,00,00,00,00,00,00
293920000,56,false,Rx,0,8,10,27,00,00,00,00,00,00
293930000,57,false,Rx,0,8,00,00,FE,FF,FE,FF,00,00
293963000,625,false,Rx,0,8,25,00,11,43,FD,BB,E4,01
294063000,625,false,Rx,0,8,25,00,11,43,FD,BB,E4,01
294097000,2C4,false,Rx,0,8,03,08,00,00,E6,02,00,00
294097000,2C5,false,Rx,0,8,00,00,00,00,00,00,00,00
294097000,2C6,false,Rx,0,8,F4,01,84,03,00,00,00,00
294119000,54,false,Rx,0,8,00,00,FE,FF,FE,FF,00,00
294119000,55,false,Rx,0,8,10,27,00,00,00,00,00,00
294120000,56,false,Rx,0,8,10,27,00,00,00,00,00,00
294130000,57,false,Rx,0,8,00,00,FE,FF,FE,FF,00,00
294163000,625,false,Rx,0,8,25,00,11,43,FD,BB,E4,01
294263000,625,false,Rx,0,8,25,00,11,43,FD,BB,E4,01
294297000,2C4,false,Rx,0,8,03,08,00,00,E9,02,00,00
294297000,2C5,false,Rx,0,8,00,00,00,00,00,00,00,00
294297000,2C6,false,Rx,0,8,F4,01,84,03,00,00,00,00
294319000,54,false,Rx,0,8,00,00,FE,FF,FE,FF,00,00
294319000,55,false,Rx,0,8,10,27,00,00,00,00,00,00
294320000,56,false,Rx,0,8,10,27,00,00,00,00,00,00
294330000,57,false,Rx,0,8,00,00,FE,FF,FE,FF,00,00
294363000,625,false,Rx,0,8,25,00,11,43,FD,BB,E4,01
294463000,625,false,Rx,0,8,25,00,11,43,FD,BB,E4,01
294497000,2C4,false,Rx,0,8,03,08,00,00,E9,02,00,00
294497000,2C5,false,Rx,0,8,00,00,00,00,00,00,00,00
294497000,2C6,false,Rx,0,8,F4,01,84,03,00,00,00,00
294519000,54,false,Rx,0,8,00,00,FE,FF,FE,FF,00,00
294519000,55,false,Rx,0,8,10,27,00,00,00,00,00,00
294520000,56,false,Rx,0,8,10,27,00,00,00,00,00,00
294530000,57,false,Rx,0,8,00,00,FE,FF,FE,FF,00,00
294563000,625,false,Rx,0,8,25,00,11,43,FD,BB,E4,01
294663000,625,false,Rx,0,8,25,00,11,43,FD,BB,E4,01
294697000,2C4,false,Rx,0,8,03,08,00,00,E9,02,00,00
294697000,2C5,false,Rx,0,8,00,00,00,00,00,00,00,00
294697000,2C6,false,Rx,0,8,F4,01,84,03,00,00,00,00
294719000,54,false,Rx,0,8,00,00,FE,FF,FE,FF,00,00
294719000,55,false,Rx,0,8,10,27,00,00,00,00,00,00
294720000,56,false,Rx,0,8,10,27,00,00,00,00,00,00
294730000,57,false,Rx,0,8,00,00,FE,FF,FE,FF,00,00
294763000,625,false,Rx,0,8,25,00,11,43,FD,BB,E4,01
294863000,625,false,Rx,0,8,25,00,11,43,FD,BB,E4,01
294897000,2C4,false,Rx,0,8,03,08,00,00,E6,02,00,00
294897000,2C5,false,Rx,0,8,00,00,00,00,00,00,00,00
294897000,2C6,false,Rx,0,8,F4,01,84,03,00,00,00,00
294919000,54,false,Rx,0,8,00,00,FE,FF,FE,FF,00,00
294919000,55,false,Rx,0,8,10,27,00,00,00,00,00,00
294920000,56,false,Rx,0,8,10,27,00,00,00,00,00,00
294930000,57,false,Rx,0,8,00,00,FE,FF,FE,FF,00,00
294963000,625,false,Rx,0,8,25,00,11,43,FD,BB,E4,01
295063000,625,false,Rx,0,8,25,00,11,43,FD,BB,E4,01
295097000,2C4,false,Rx,0,8,03,08,00,00,E9,02,00,00
295097000,2C5,false,Rx,0,8,00,00,00,00,00,00,00,00
295097000,2C6,false,Rx,0,8,F4,01,84,03,00,00,00,00
295119000,54,false,Rx,0,8,00,00,FE,FF,FE,FF,00,00
295119000,55,false,Rx,0,8,10,27,00,00,00,00,00,00
295120000,56,false,Rx,0,8,10,27,00,00,00,00,00,00
295130000,57,false,Rx,0,8,00,00,FE,FF,FE,FF,00,00
295163000,625,false,Rx,0,8,25,00,11,43,FD,BB,E4,01
295263000,625,false,Rx,0,8,25,00,11,43,FD,BB,E4,01
295297000,2C4,false,Rx,0,8,03,08,00,00,E9,02,00,00
295297000,2C5,false,Rx,0,8,00,00,00,00,00,00,00,00
295297000,2C6,false,Rx,0,8,F4,01,84,03,00,00,00,00
295319000,54,false,Rx,0,8,00,00,FE,FF,FE,FF,00,00
295319000,55,false,Rx,0,8,10,27,00,00,00,00,00,00
295320000,56,false,Rx,0,8,10,27,00,00,00,00,00,00
295330000,57,false,Rx,0,8,00,00,FE,FF,FE,FF,00,00
295363000,625,false,Rx,0,8,25,00,11,43,FD,BB,E4,01
295463000,625,false,Rx,0,8,25,00,11,43,FD,BB,E4,01
295497000,2C4,false,Rx,0,8,03,08,00,00,E9,02,00,00
295497000,2C5,false,Rx,0,8,00,00,00,00,00,00,00,00
295497000,2C6,false,Rx,0,8,F4,01,84,03,00,00,00,00
295519000,54,false,Rx,0,8,00,00,FE,FF,FE,FF,00,00
295519000,55,false,Rx,0,8,10,27,00,00,00,00,00,00
295520000,56,false,Rx,0,8,10,27,00,00,00,00,00,00
295530000,57,false,Rx,0,8,00,00,FE,FF,FE,FF,00,00
295563000,625,false,Rx,0,8,25,00,11,43,FD,BB,E4,01
295663000,625,false,Rx,0,8,25,00,11,43,FD,BB,E4,01
295697000,2C4,false,Rx,0,8,03,08,00,00,E6,02,00,00
295697000,2C5,false,Rx,0,8,00,00,00,00,00,00,00,00
295697000,2C6,false,Rx,0,8,F4,01,84,03,00,00,00,00
295719000,54,false,Rx,0,8,00,00,FE,FF,FE,FF,00,00
295719000,55,false,Rx,0,8,10,27,00,00,00,00,00,00
295720000,56,false,Rx,0,8,10,27,00,00,00,00,00,00
295730000,57,false,Rx,0,8,00,00,FE,FF,FE,FF,00,00
295763000,625,false,Rx,0,8,25,00,11,43,FD,BB,E4,01
295863000,625,false,Rx,0,8,25,00,11,43,FD,BB,E4,01
295897000,2C4,false,Rx,0,8,03,08,00,00,E6,02,00,00
295897000,2C5,false,Rx,0,8,00,00,00,00,00,00,00,00
295897000,2C6,false,Rx,0,8,F4,01,84,03,00,00,00,00
295919000,54,false,Rx,0,8,00,00,FE,FF,FE,FF,00,00
295919000,55,false,Rx,0,8,10,27,00,00,00,00,00,00
295920000,56,false,Rx,0,8,10,27,00,00,00,00,00,00
295930000,57,false,Rx,0,8,00,00,FE,FF,FE,FF,00,00
295963000,625,false,Rx,0,8,25,00,11,43,FD,BB,E4,01
296063000,625,false,Rx,0,8,25,00,11,43,FD,BB,E4,01
296097000,2C4,false,Rx,0,8,03,08,00,00,E9,02,00,00
296097000,2C5,false,Rx,0,8,00,00,00,00,00,00,00,00
296097000,2C6,false,Rx,0,8,F4,01,84,03,00,00,00,00
296119000,54,false,Rx,0,8,00,00,FE,FF,FE,FF,00,00
296119000,55,false,Rx,0,8,10,27,00,00,00,00,00,00
296120000,56,false,Rx,0,8,10,27,00,00,00,00,00,00
296130000,57,false,Rx,0,8,00,00,FE,FF,FE,FF,00,00
296163000,625,false,Rx,0,8,25,00,11,43,FD,BB,E4,01
296263000,625,false,Rx,0,8,25,00,11,43,FD,BB,E4,01
296297000,2C4,false,Rx,0,8,03,08,00,00,E9,02,00,00
296297000,2C5,false,Rx,0,8,00,00,00,00,00,00,00,00
296297000,2C6,false,Rx,0,8,F4,01,84,03,00,00,00,00
296319000,54,false,Rx,0,8,00,00,FE,FF,FE,FF,00,00
296319000,55,false,Rx,0,8,10,27,00,00,00,00,00,00
296320000,56,false,Rx,0,8,10,27,00,00,00,00,00,00
296330000,57,false,Rx,0,8,00,00,FE,FF,FE,FF,00,00
296363000,625,false,Rx,0,8,25,00,11,43,FD,BB,E4,01
296463000,625,false,Rx,0,8,25,00,11,43,FD,BB,E4,01
296497000,2C4,false,Rx,0,8,03,08,00,00,E6,02,00,00
296497000,2C5,false,Rx,0,8,00,00,00,00,00,00,00,00
296497000,2C6,false,Rx,0,8,F4,01,84,03,00,00,00,00
296519000,54,false,Rx,0,8,00,00,FE,FF,FE,FF,00,00
296519000,55,false,Rx,0,8,10,27,00,00,00,00,00,00
296520000,56,false,Rx,0,8,10,27,00,00,00,00,00,00
296530000,57,false,Rx,0,8,00,00,FE,FF,FE,FF,00,00
296563000,625,false,Rx,0,8,25,00,11,43,FD,BB,E4,01
296663000,625,false,Rx,0,8,25,00,11,43,FD,BB,E4,01
296697000,2C4,false,Rx,0,8,03,08,00,00,E6,02,00,00
296697000,2C5,false,Rx,0,8,00,00,00,00,00,00,00,00
296697000,2C6,false,Rx,0,8,F4,01,84,03,00,00,00,00
296719000,54,false,Rx,0,8,00,00,FE,FF,FE,FF,00,00
296719000,55,false,Rx,0,8,10,27,00,00,00,00,00,00
296720000,56,false,Rx,0,8,10,27,00,00,00,00,00,00
296730000,57,false,Rx,0,8,00,00,FE,FF,FE,FF,00,00
296763000,625,false,Rx,0,8,25,00,11,43,FD,BB,E4,01
296863000,625,false,Rx,0,8,25,00,11,43,FD,BB,E4,01
296897000,2C4,false,Rx,0,8,03,08,00,00,E6,02,00,00
296897000,2C5,false,Rx,0,8,00,00,00,00,00,00,00,00
296897000,2C6,false,Rx,0,8,F4,01,84,03,00,00,00,00
296919000,54,false,Rx,0,8,00,00,FE,FF,FE,FF,00,00
296919000,55,false,Rx,0,8,10,27,00,00,00,00,00,00
296920000,56,false,Rx,0,8,10,27,00,00,00,00,00,00
296930000,57,false,Rx,0,8,00,00,FE,FF,FE,FF,00,00
296963000,625,false,Rx,0,8,25,00,11,43,FD,BB,E4,01
297063000,625,false,Rx,0,8,25,00,11,43,FD,BB,E4,01
297097000,2C4,false,Rx,0,8,03,08,00,00,E9,02,00,00
297097000,2C5,false,Rx,0,8,00,00,00,00,00,00,00,00
297097000,2C6,false,Rx,0,8,F4,01,84,03,00,00,00,00
297119000,54,false,Rx,0,8,00,00,FE,FF,FE,FF,00,00
297119000,55,false,Rx,0,8,10,27,00,00,00,00,00,00
297120000,56,false,Rx,0,8,10,27,00,00,00,00,00,00
297130000,57,false,Rx,0,8,00,00,FE,FF,FE,FF,00,00
297163000,625,false,Rx,0,8,25,00,11,43,FD,BB,E4,01
297263000,625,false,Rx,0,8,25,00,11,43,FD,BB,E4,01
297297000,2C4,false,Rx,0,8,03,08,00,00,E9,02,00,00
297297000,2C5,false,Rx,0,8,00,00,00,00,00,00,00,00
297297000,2C6,false,Rx,0,8,F4,01,84,03,00,00,00,00
297319000,54,false,Rx,0,8,00,00,FE,FF,FE,FF,00,00
297319000,55,false,Rx,0,8,10,27,00,00,00,00,00,00
297320000,56,false,Rx,0,8,10,27,00,00,00,00,00,00
297330000,57,false,Rx,0,8,00,00,FE,FF,FE,FF,00,00
297363000,625,false,Rx,0,8,25,00,11,43,FD,BB,E4,01
297463000,625,false,Rx,0,8,25,00,11,43,FD,BB,E4,01
297497000,2C4,false,Rx,0,8,03,08,00,00,E6,02,00,00
297497000,2C5,false,Rx,0,8,00,00,00,00,00,00,00,00
297497000,2C6,false,Rx,0,8,F4,01,84,03,00,00,00,00
297519000,54,false,Rx,0,8,00,00,FE,FF,FE,FF,00,00
297519000,55,false,Rx,0,8,10,27,00,00,00,00,00,00
297520000,56,false,Rx,0,8,10,27,00,00,00,00,00,00
297530000,57,false,Rx,0,8,00,00,FE,FF,FE,FF,00,00
297563000,625,false,Rx,0,8,25,00,11,43,FD,BB,E4,01
297663000,625,false,Rx,0,8,25,00,11,43,FD,BB,E4,01
297697000,2C4,false,Rx,0,8,03,08,00,00,E6,02,00,00
297697000,2C5,false,Rx,0,8,00,00,00,00,00,00,00,00
297697000,2C6,false,Rx,0,8,F4,01,84,03,00,00,00,00
297719000,54,false,Rx,0,8,00,00,FE,FF,FE,FF,00,00
297719000,55,false,Rx,0,8,10,27,00,00,00,00,00,00
297720000,56,false,Rx,0,8,10,27,00,00,00,00,00,00
297730000,57,false,Rx,0,8,00,00,FE,FF,FE,FF,00,00
297763000,625,false,Rx,0,8,25,00,11,43,FD,BB,E4,01
297863000,625,false,Rx,0,8,25,00,11,43,FD,BB,E4,01
297897000,2C4,false,Rx,0,8,03,08,00,00,E9,02,00,00
297897000,2C5,false,Rx,0,8,00,00,00,00,00,00,00,00
297897000,2C6,false,Rx,0,8,F4,01,84,03,00,00,00,00
297919000,54,false,Rx,0,8,00,00,FE,FF,FE,FF,00,00
297919000,55,false,Rx,0,8,10,27,00,00,00,00,00,00
297920000,56,false,Rx,0,8,10,27,00,00,00,00,00,00
297930000,57,false,Rx,0,8,00,00,FE,FF,FE,FF,00,00
297963000,625,false,Rx,0,8,25,00,11,43,FD,BB,E4,01
298063000,625,false,Rx,0,8,25,10,11,43,FD,BB,E4,01
298097000,2C4,false,Rx,0,8,03,08,00,00,E9,02,00,00
298097000,2C5,false,Rx,0,8,00,00,00,00,00,00,00,00
298097000,2C6,false,Rx,0,8,F4,01,84,03,00,00,00,00
298119000,54,false,Rx,0,8,00,00,FE,FF,FE,FF,00,00
298119000,55,false,Rx,0,8,10,27,00,00,00,00,00,00
298120000,56,false,Rx,0,8,10,27,00,00,00,00,00,00
298130000,57,false,Rx,0,8,00,00,FE,FF,FE,FF,00,00
298163000,625,false,Rx,0,8,25,10,11,43,FD,BB,E4,01
298263000,625,false,Rx,0,8,25,10,11,43,FD,BB,E4,01
298297000,2C4,false,Rx,0,8,03,08,00,00,E6,02,00,00
298297000,2C5,false,Rx,0,8,00,00,00,00,00,00,00,00
298297000,2C6,false,Rx,0,8,F4,01,84,03,00,00,00,00
298319000,54,false,Rx,0,8,00,00,FE,FF,FE,FF,00,00
298319000,55,false,Rx,0,8,10,27,00,00,00,00,00,00
298320000,56,false,Rx,0,8,10,27,00,00,00,00,00,00
298330000,57,false,Rx,0,8,00,00,FE,FF,FE,FF,00,00
298363000,625,false,Rx,0,8,25,10,11,43,FD,BB,E4,01
298463000,625,false,Rx,0,8,25,10,11,43,FD,BB,E4,01
298497000,2C4,false,Rx,0,8,03,08,00,00,E6,02,00,00
298497000,2C5,false,Rx,0,8,00,00,00,00,00,00,00,00
298497000,2C6,false,Rx,0,8,F4,01,84,03,00,00,00,00
298519000,54,false,Rx,0,8,00,00,FE,FF,FE,FF,00,00
298519000,55,false,Rx,0,8,10,27,00,00,00,00,00,00
298520000,56,false,Rx,0,8,10,27,00,00,00,00,00,00
298530000,57,false,Rx,0,8,00,00,FE,FF,FE,FF,00,00
298563000,625,false,Rx,0,8,25,10,11,43,FD,BB,E4,01
298663000,625,false,Rx,0,8,25,10,11,43,FD,BB,E4,01
298697000,2C4,false,Rx,0,8,03,08,00,00,E9,02,00,00
298697000,2C5,false,Rx,0,8,00,00,00,00,00,00,00,00
298697000,2C6,false,Rx,0,8,F4,01,84,03,00,00,00,00
298719000,54,false,Rx,0,8,00,00,FE,FF,FE,FF,00,00
298719000,55,false,Rx,0,8,10,27,00,00,00,00,00,00
298720000,56,false,Rx,0,8,10,27,00,00,00,00,00,00
298730000,57,false,Rx,0,8,00,00,FE,FF,FE,FF,00,00
298763000,625,false,Rx,0,8,25,10,11,43,FD,BB,E4,01
298863000,625,false,Rx,0,8,25,10,11,43,FD,BB,E4,01
298897000,2C4,false,Rx,0,8,03,08,00,00,E9,02,00,00
298897000,2C5,false,Rx,0,8,00,00,00,00,00,00,00,00
298897000,2C6,false,Rx,0,8,F4,01,84,03,00,00,00,00
298919000,54,false,Rx,0,8,00,00,FE,FF,FE,FF,00,00
298919000,55,false,Rx,0,8,10,27,00,00,00,00,00,00
298920000,56,false,Rx,0,8,10,27,00,00,00,00,00,00
298930000,57,false,Rx,0,8,00,00,FE,FF,FE,FF,00,00
298963000,625,false,Rx,0,8,25,10,11,43,FD,BB,E4,01
299063000,625,false,Rx,0,8,25,10,11,43,FD,BB,E4,01
299097000,2C4,false,Rx,0,8,03,08,00,00,E6,02,00,00
299097000,2C5,false,Rx,0,8,00,00,00,00,00,00,00,00
299097000,2C6,false,Rx,0,8,F4,01,84,03,00,00,00,00
299119000,54,false,Rx,0,8,00,00,FE,FF,FE,FF,00,00
299119000,55,false,Rx,0,8,10,27,00,00,00,00,00,00
299120000,56,false,Rx,0,8,10,27,00,00,00,00,00,00
299130000,57,false,Rx,0,8,00,00,FE,FF,FE,FF,00,00
299163000,625,false,Rx,0,8,25,10,11,43,FD,BB,E4,01
299263000,625,false,Rx,0,8,25,10,11,43,FD,BB,E4,01
299297000,2C4,false,Rx,0,8,03,08,00,00,E6,02,00,00
299297000,2C5,false,Rx,0,8,00,00,00,00,00,00,00,00
299297000,2C6,false,Rx,0,8,F4,01,84,03,00,00,00,00
299319000,54,false,Rx,0,8,00,00,FE,FF,FE,FF,00,00
299319000,55,false,Rx,0,8,10,27,00,00,00,00,00,00
299320000,56,false,Rx,0,8,10,27,00,00,00,00,00,00
299330000,57,false,Rx,0,8,00,00,FE,FF,FE,FF,00,00
299363000,625,false,Rx,0,8,25,10,11,43,FD,BB,E4,01
299463000,625,false,Rx,0,8,25,10,11,43,FD,BB,E4,01
299497000,2C4,false,Rx,0,8,03,08,00,00,E9,02,00,00
299497000,2C5,false,Rx,0,8,00,00,00,00,00,00,00,00
299497000,2C6,false,Rx,0,8,F4,01,84,03,00,00,00,00
299519000,54,false,Rx,0,8,00,00,FE,FF,FE,FF,00,00
299519000,55,false,Rx,0,8,10,27,00,00,00,00,00,00
299520000,56,false,Rx,0,8,10,27,00,00,00,00,00,00
299530000,57,false,Rx,0,8,00,00,FE,FF,FE,FF,00,00
299563000,625,false,Rx,0,8,25,10,11,43,FD,BB,E4,01
299663000,625,false,Rx,0,8,25,10,11,43,FD,BB,E4,01
299697000,2C4,false,Rx,0,8,03,08,00,00,E9,02,00,00
299697000,2C5,false,Rx,0,8,00,00,00,00,00,00,00,00
299697000,2C6,false,Rx,0,8,F4,01,84,03,00,00,00,00
299719000,54,false,Rx,0,8,00,00,FE,FF,FE,FF,00,00
299719000,55,false,Rx,0,8,10,27,00,00,00,00,00,00
299720000,56,false,Rx,0,8,10,27,00,00,00,00,00,00
299730000,57,false,Rx,0,8,00,00,FE,FF,FE,FF,00,00
299763000,625,false,Rx,0,8,25,10,11,43,FD,BB,E4,01
299863000,625,false,Rx,0,8,25,10,11,43,FD,BB,E4,01
299897000,2C4,false,Rx,0,8,03,08,00,00,E6,02,00,00
299897000,2C5,false,Rx,0,8,00,00,00,00,00,00,00,00
299897000,2C6,false,Rx,0,8,F4,01,84,03,00,00,00,00
299919000,54,false,Rx,0,8,00,00,FE,FF,FE,FF,00,00
299919000,55,false,Rx,0,8,10,27,00,00,00,00,00,00
299919000,56,false,Rx,0,8,10,27,00,00,00,00,00,00
299930000,57,false,Rx,0,8,00,00,FE,FF,FE,FF,00,00
299963000,625,false,Rx,0,8,25,10,11,43,FD,BB,E4,01
300063000,625,false,Rx,0,8,25,10,11,43,FD,BB,E4,01
300097000,2C4,false,Rx,0,8,03,08,00,00,E6,02,00,00
300097000,2C5,false,Rx,0,8,00,00,00,00,00,00,00,00
300097000,2C6,false,Rx,0,8,F4,01,84,03,00,00,00,00
300119000,54,false,Rx,0,8,00,00,FE,FF,FE,FF,00,00
300119000,55,false,Rx,0,8,10,27,00,00,00,00,00,00
300119000,56,false,Rx,0,8,10,27,00,00,00,00,00,00
300130000,57,false,Rx,0,8,00,00,FE,FF,FE,FF,00,00
300163000,625,false,Rx,0,8,25,10,11,43,FD,BB,E4,01
300263000,625,false,Rx,0,8,25,10,11,43,FD,BB,E4,01
300297000,2C4,false,Rx,0,8,03,08,00,00,E9,02,00,00
300297000,2C5,false,Rx,0,8,00,00,00,00,00,00,00,00
300297000,2C6,false,Rx,0,8,F4,01,84,03,00,00,00,00
300319000,54,false,Rx,0,8,00,00,FE,FF,FE,FF,00,00
300319000,55,false,Rx,0,8,10,27,00,00,00,00,00,00
300320000,56,false,Rx,0,8,10,27,00,00,00,00,00,00
300330000,57,false,Rx,0,8,00,00,FE,FF,FE,FF,00,00
300363000,625,false,Rx,0,8,25,10,11,43,FD,BB,E4,01
300463000,625,false,Rx,0,8,25,10,11,43,FD,BB,E4,01
300497000,2C4,false,Rx,0,8,03,08,00,00,E9,02,00,00
300497000,2C5,false,Rx,0,8,00,00,00,00,00,00,00,00
300497000,2C6,false,Rx,0,8,F4,01,84,03,00,00,00,00
300519000,54,false,Rx,0,8,00,00,FE,FF,FE,FF,00,00
300519000,55,false,Rx,0,8,10,27,00,00,00,00,00,00
300519000,56,false,Rx,0,8,10,27,00,00,00,00,00,00
300530000,57,false,Rx,0,8,00,00,FE,FF,FE,FF,00,00
300563000,625,false,Rx,0,8,25,10,11,43,FD,BB,E4,01
300663000,625,false,Rx,0,8,25,10,11,43,FD,BB,E4,01
300697000,2C4,false,Rx,0,8,03,08,00,00,E9,02,00,00
300697000,2C5,false,Rx,0,8,00,00,00,00,00,00,00,00
300697000,2C6,false,Rx,0,8,F4,01,84,03,00,00,00,00
300719000,54,false,Rx,0,8,00,00,FE,FF,FE,FF,00,00
300719000,55,false,Rx,0,8,10,27,00,00,00,00,00,00
300719000,56,false,Rx,0,8,10,27,00,00,00,00,00,00
300730000,57,false,Rx,0,8,00,00,FE,FF,FE,FF,00,00
300763000,625,false,Rx,0,8,25,10,11,43,FD,BB,E4,01
300863000,625,false,Rx,0,8,25,10,11,43,FD,BB,E4,01
300897000,2C4,false,Rx,0,8,03,08,00,00,E6,02,00,00
300897000,2C5,false,Rx,0,8,00,00,00,00,00,00,00,00
300897000,2C6,false,Rx,0,8,F4,01,84,03,00,00,00,00
300919000,54,false,Rx,0,8,00,00,FE,FF,FE,FF,00,00
300919000,55,false,Rx,0,8,10,27,00,00,00,00,00,00
300919000,56,false,Rx,0,8,10,27,00,00,00,00,00,00
300930000,57,false,Rx,0,8,00,00,FE,FF,FE,FF,00,00
300963000,625,false,Rx,0,8,25,10,11,43,FD,BB,E4,01
301063000,625,false,Rx,0,8,25,10,11,43,FD,BB,E4,01
301097000,2C4,false,Rx,0,8,03,08,00,00,E6,02,00,00
301097000,2C5,false,Rx,0,8,00,00,00,00,00,00,00,00
301097000,2C6,false,Rx,0,8,F4,01,84,03,00,00,00,00
301119000,54,false,Rx,0,8,00,00,FE,FF,FE,FF,00,00
301119000,55,false,Rx,0,8,10,27,00,00,00,00,00,00
301119000,56,false,Rx,0,8,10,27,00,00,00,00,00,00
301130000,57,false,Rx,0,8,00,00,FE,FF,FE,FF,00,00
301162000,625,false,Rx,0,8,25,10,11,43,FD,BB,E4,01
301262000,625,false,Rx,0,8,25,10,11,43,FD,BB,E4,01
301297000,2C4,false,Rx,0,8,03,08,00,00,E9,02,00,00
301297000,2C5,false,Rx,0,8,00,00,00,00,00,00,00,00
301297000,2C6,false,Rx,0,8,F4,01,84,03,00,00,00,00
301319000,54,false,Rx,0,8,00,00,FE,FF,FE,FF,00,00
301319000,55,false,Rx,0,8,10,27,00,00,00,00,00,00
301319000,56,false,Rx,0,8,10,27,00,00,00,00,00,00
301330000,57,false,Rx,0,8,00,00,FE,FF,FE,FF,00,00
301362000,625,false,Rx,0,8,25,10,11,43,FD,BB,E4,01
301462000,625,false,Rx,0,8,25,10,11,43,FD,BB,E4,01
301497000,2C4,false,Rx,0,8,03,08,00,00,E6,02,00,00
301497000,2C5,false,Rx,0,8,00,00,00,00,00,00,00,00
301497000,2C6,false,Rx,0,8,F4,01,84,03,00,00,00,00
301519000,54,false,Rx,0,8,00,00,FE,FF,FE,FF,00,00
301519000,55,false,Rx,0,8,10,27,00,00,00,00,00,00
301519000,56,false,Rx,0,8,10,27,00,00,00,00,00,00
301530000,57,false,Rx,0,8,00,00,FE,FF,FE,FF,00,00
301562000,625,false,Rx,0,8,25,10,11,43,FD,BB,E4,01
301662000,625,false,Rx,0,8,25,10,11,43,FD,BB,E4,01
301697000,2C4,false,Rx,0,8,03,08,00,00,E6,02,00,00
301697000,2C5,false,Rx,0,8,00,00,00,00,00,00,00,00
301697000,2C6,false,Rx,0,8,F4,01,84,03,00,00,00,00
301719000,54,false,Rx,0,8,00,00,FE,FF,FE,FF,00,00
301719000,55,false,Rx,0,8,10,27,00,00,00,00,00,00
301719000,56,false,Rx,0,8,10,27,00,00,00,00,00,00
301730000,57,false,Rx,0,8,00,00,FE,FF,FE,FF,00,00
301762000,625,false,Rx,0,8,25,10,11,43,FD,BB,E4,01
301862000,625,false,Rx,0,8,25,10,11,43,FD,BB,E4,01
301897000,2C4,false,Rx,0,8,03,08,00,00,E6,02,00,00
301897000,2C5,false,Rx,0,8,00,00,00,00,00,00,00,00
301897000,2C6,false,Rx,0,8,F4,01,84,03,00,00,00,00
301919000,54,false,Rx,0,8,00,00,FE,FF,FE,FF,00,00
301919000,55,false,Rx,0,8,10,27,00,00,00,00,00,00
301920000,56,false,Rx,0,8,10,27,00,00,00,00,00,00
301930000,57,false,Rx,0,8,00,00,FE,FF,FE,FF,00,00
301962000,625,false,Rx,0,8,25,10,11,43,FD,BB,E4,01
302062000,625,false,Rx,0,8,25,10,11,43,FD,BB,E4,01
302097000,2C4,false,Rx,0,8,03,08,00,00,E9,02,00,00
302097000,2C5,false,Rx,0,8,00,00,00,00,00,00,00,00
302097000,2C6,false,Rx,0,8,F4,01,84,03,00,00,00,00
302119000,54,false,Rx,0,8,00,00,FE,FF,FE,FF,00,00
302119000,55,false,Rx,0,8,10,27,00,00,00,00,00,00
302119000,56,false,Rx,0,8,10,27,00,00,00,00,00,00
302130000,57,false,Rx,0,8,00,00,FE,FF,FE,FF,00,00
302162000,625,false,Rx,0,8,25,10,11,43,FD,BB,E4,01
302262000,625,false,Rx,0,8,25,10,11,43,FD,BB,E4,01
302297000,2C4,false,Rx,0,8,03,08,00,00,E9,02,00,00
302297000,2C5,false,Rx,0,8,00,00,00,00,00,00,00,00
302297000,2C6,false,Rx,0,8,F4,01,84,03,00,00,00,00
302319000,54,false,Rx,0,8,00,00,FE,FF,FE,FF,00,00
302319000,55,false,Rx,0,8,10,27,00,00,00,00,00,00
302319000,56,false,Rx,0,8,10,27,00,00,00,00,00,00
302330000,57,false,Rx,0,8,00,00,FE,FF,FE,FF,00,00
302362000,625,false,Rx,0,8,25,10,11,43,FD,BB,E4,01
302462000,625,false,Rx,0,8,25,10,11,43,FD,BB,E4,01
302497000,2C4,false,Rx,0,8,03,08,00,00,E6,02,00,00
302497000,2C5,false,Rx,0,8,00,00,00,00,00,00,00,00
302497000,2C6,false,Rx,0,8,F4,01,84,03,00,00,00,00
302519000,54,false,Rx,0,8,00,00,FE,FF,FE,FF,00,00
302519000,55,false,Rx,0,8,10,27,00,00,00,00,00,00
302519000,56,false,Rx,0,8,10,27,00,00,00,00,00,00
302530000,57,false,Rx,0,8,00,00,FE,FF,FE,FF,00,00
302562000,625,false,Rx,0,8,25,10,11,43,FD,BB,E4,01
302662000,625,false,Rx,0,8,25,10,11,43,FD,BB,E4,01
302697000,2C4,false,Rx,0,8,03,08,00,00,E6,02,00,00
302697000,2C5,false,Rx,0,8,00,00,00,00,00,00,00,00
302697000,2C6,false,Rx,0,8,F4,01,84,03,00,00,00,00
302719000,54,false,Rx,0,8,00,00,FE,FF,FE,FF,00,00
302719000,55,false,Rx,0,8,10,27,00,00,00,00,00,00
302719000,56,false,Rx,0,8,10,27,00,00,00,00,00,00
302730000,57,false,Rx,0,8,00,00,FE,FF,FE,FF,00,00
302762000,625,false,Rx,0,8,25,10,11,43,FD,BB,E4,01
302862000,625,false,Rx,0,8,25,10,11,43,FD,BB,E4,01
302897000,2C4,false,Rx,0,8,03,08,00,00,E9,02,00,00
302897000,2C5,false,Rx,0,8,00,00,00,00,00,00,00,00
302897000,2C6,false,Rx,0,8,F4,01,84,03,00,00,00,00
302919000,54,false,Rx,0,8,00,00,FE,FF,FE,FF,00,00
302919000,55,false,Rx,0,8,10,27,00,00,00,00,00,00
302919000,56,false,Rx,0,8,10,27,00,00,00,00,00,00
302930000,57,false,Rx,0,8,00,00,FE,FF,FE,FF,00,00
302962000,625,false,Rx,0,8,25,10,11,43,FD,BB,E4,01
303062000,625,false,Rx,0,8,25,10,11,43,FD,BB,E4,01
303097000,2C4,false,Rx,0,8,03,08,00,00,E9,02,00,00
303097000,2C5,false,Rx,0,8,00,00,00,00,00,00,00,00
303097000,2C6,false,Rx,0,8,F4,01,84,03,00,00,00,00
303119000,54,false,Rx,0,8,00,00,FE,FF,FE,FF,00,00
303119000,55,false,Rx,0,8,10,27,00,00,00,00,00,00
303119000,56,false,Rx,0,8,10,27,00,00,00,00,00,00
303130000,57,false,Rx,0,8,00,00,FE,FF,FE,FF,00,00
303162000,625,false,Rx,0,8,25,10,11,43,FD,BB,E4,01
303262000,625,false,Rx,0,8,25,10,11,43,FD,BB,E4,01
303297000,2C4,false,Rx,0,8,03,08,00,00,E6,02,00,00
303297000,2C5,false,Rx,0,8,00,00,00,00,00,00,00,00
303297000,2C6,false,Rx,0,8,F4,01,84,03,00,00,00,00
303319000,54,false,Rx,0,8,00,00,FE,FF,FE,FF,00,00
303319000,55,false,Rx,0,8,10,27,00,00,00,00,00,00
303319000,56,false,Rx,0,8,10,27,00,00,00,00,00,00
303330000,57,false,Rx,0,8,00,00,FE,FF,FE,FF,00,00
303362000,625,false,Rx,0,8,25,10,11,43,FD,BB,E4,01
303462000,625,false,Rx,0,8,25,10,11,43,FD,BB,E4,01
303497000,2C4,false,Rx,0,8,03,08,00,00,E6,02,00,00
303497000,2C5,false,Rx,0,8,00,00,00,00,00,00,00,00
303497000,2C6,false,Rx,0,8,F4,01,84,03,00,00,00,00
303519000,54,false,Rx,0,8,00,00,FE,FF,FE,FF,00,00
303519000,55,false,Rx,0,8,10,27,00,00,00,00,00,00
303519000,56,false,Rx,0,8,10,27,00,00,00,00,00,00
303530000,57,false,Rx,0,8,00,00,FE,FF,FE,FF,00,00
303562000,625,false,Rx,0,8,25,10,11,43,FD,BB,E4,01
303662000,625,false,Rx,0,8,25,10,11,43,FD,BB,E4,01
303697000,2C4,false,Rx,0,8,03,08,00,00,E6,02,00,00
303697000,2C5,false,Rx,0,8,00,00,00,00,00,00,00,00
303697000,2C6,false,Rx,0,8,F4,01,84,03,00,00,00,00
303719000,54,false,Rx,0,8,00,00,FE,FF,FE,FF,00,00
303719000,55,false,Rx,0,8,10,27,00,00,00,00,00,00
303719000,56,false,Rx,0,8,10,27,00,00,00,00,00,00
303730000,57,false,Rx,0,8,00,00,FE,FF,FE,FF,00,00
303762000,625,false,Rx,0,8,25,10,11,43,FD,BB,E4,01
303862000,625,false,Rx,0,8,25,10,11,43,FD,BB,E4,01
303896000,2C4,false,Rx,0,8,03,08,00,00,E9,02,00,00
303897000,2C5,false,Rx,0,8,00,00,00,00,00,00,00,00
303897000,2C6,false,Rx,0,8,F4,01,84,03,00,00,00,00
303919000,54,false,Rx,0,8,00,00,FE,FF,FE,FF,00,00
303919000,55,false,Rx,0,8,10,27,00,00,00,00,00,00
303919000,56,false,Rx,0,8,10,27,00,00,00,00,00,00
303930000,57,false,Rx,0,8,00,00,FE,FF,FE,FF,00,00
303962000,625,false,Rx,0,8,25,10,11,43,FD,BB,E4,01
304062000,625,false,Rx,0,8,25,10,11,43,FD,BB,E4,01
304096000,2C4,false,Rx,0,8,03,08,00,00,E9,02,00,00
304097000,2C5,false,Rx,0,8,00,00,00,00,00,00,00,00
304097000,2C6,false,Rx,0,8,F4,01,84,03,00,00,00,00
304119000,54,false,Rx,0,8,00,00,FE,FF,FE,FF,00,00
304119000,55,false,Rx,0,8,10,27,00,00,00,00,00,00
304119000,56,false,Rx,0,8,10,27,00,00,00,00,00,00
304130000,57,false,Rx,0,8,00,00,FE,FF,FE,FF,00,00
304162000,625,false,Rx,0,8,25,10,11,43,FD,BB,E4,01
304262000,625,false,Rx,0,8,25,10,11,43,FD,BB,E4,01
304296000,2C4,false,Rx,0,8,03,08,00,00,E6,02,00,00
304297000,2C5,false,Rx,0,8,00,00,00,00,00,00,00,00
304297000,2C6,false,Rx,0,8,F4,01,84,03,00,00,00,00
304319000,54,false,Rx,0,8,00,00,FE,FF,FE,FF,00,00
304319000,55,false,Rx,0,8,10,27,00,00,00,00,00,00
304319000,56,false,Rx,0,8,10,27,00,00,00,00,00,00
304330000,57,false,Rx,0,8,00,00,FE,FF,FE,FF,00,00
304362000,625,false,Rx,0,8,25,10,11,43,FD,BB,E4,01
304462000,625,false,Rx,0,8,25,10,11,43,FD,BB,E4,01
304496000,2C4,false,Rx,0,8,03,08,00,00,E6,02,00,00
304497000,2C5,false,Rx,0,8,00,00,00,00,00,00,00,00
304497000,2C6,false,Rx,0,8,F4,01,84,03,00,00,00,00
304519000,54,false,Rx,0,8,00,00,FE,FF,FE,FF,00,00
304519000,55,false,Rx,0,8,10,27,00,00,00,00,00,00
304519000,56,false,Rx,0,8,10,27,00,00,00,00,00,00
304530000,57,false,Rx,0,8,00,00,FE,FF,FE,FF,00,00
304562000,625,false,Rx,0,8,25,10,11,43,FD,BB,E4,01
304662000,625,false,Rx,0,8,25,10,11,43,FD,BB,E4,01
304696000,2C4,false,Rx,0,8,03,08,00,00,E9,02,00,00
304697000,2C5,false,Rx,0,8,00,00,00,00,00,00,00,00
304697000,2C6,false,Rx,0,8,F4,01,84,03,00,00,00,00
304719000,54,false,Rx,0,8,00,00,FE,FF,FE,FF,00,00
304719000,55,false,Rx,0,8,10,27,00,00,00,00,00,00
304719000,56,false,Rx,0,8,10,27,00,00,00,00,00,00
304730000,57,false,Rx,0,8,00,00,FE,FF,FE,FF,00,00
304762000,625,false,Rx,0,8,25,10,11,43,FD,BB,E4,01
304862000,625,false,Rx,0,8,25,10,11,43,FD,BB,E4,01
304896000,2C4,false,Rx,0,8,03,08,00,00,E6,02,00,00
304897000,2C5,false,Rx,0,8,00,00,00,00,00,00,00,00
304897000,2C6,false,Rx,0,8,F4,01,84,03,00,00,00,00
304919000,54,false,Rx,0,8,00,00,FE,FF,FE,FF,00,00
304919000,55,false,Rx,0,8,10,27,00,00,00,00,00,00
304919000,56,false,Rx,0,8,10,27,00,00,00,00,00,00
304930000,57,false,Rx,0,8,00,00,FE,FF,FE,FF,00,00
304962000,625,false,Rx,0,8,25,10,11,43,FD,BB,E4,01
305062000,625,false,Rx,0,8,25,10,11,43,FD,BB,E4,01
305096000,2C4,false,Rx,0,8,03,08,00,00,E6,02,00,00
305097000,2C5,false,Rx,0,8,00,00,00,00,00,00,00,00
305097000,2C6,false,Rx,0,8,F4,01,84,03,00,00,00,00
305119000,54,false,Rx,0,8,00,00,FE,FF,FE,FF,00,00
305119000,55,false,Rx,0,8,10,27,00,00,00,00,00,00
305119000,56,false,Rx,0,8,10,27,00,00,00,00,00,00
305130000,57,false,Rx,0,8,00,00,FE,FF,FE,FF,00,00
305162000,625,false,Rx,0,8,25,10,11,43,FD,BB,E4,01
305262000,625,false,Rx,0,8,25,10,11,43,FD,BB,E4,01
305296000,2C4,false,Rx,0,8,03,08,00,00,E9,02,00,00
305297000,2C5,false,Rx,0,8,00,00,00,00,00,00,00,00
305297000,2C6,false,Rx,0,8,F4,01,84,03,00,00,00,00
305319000,54,false,Rx,0,8,00,00,FE,FF,FE,FF,00,00
305319000,55,false,Rx,0,8,10,27,00,00,00,00,00,00
305319000,56,false,Rx,0,8,10,27,00,00,00,00,00,00
305330000,57,false,Rx,0,8,00,00,FE,FF,FE,FF,00,00
305362000,625,false,Rx,0,8,25,10,11,43,FD,BB,E4,01
305462000,625,false,Rx,0,8,25,10,11,43,FD,BB,E4,01
305496000,2C4,false,Rx,0,8,03,08,00,00,E9,02,00,00
305497000,2C5,false,Rx,0,8,00,00,00,00,00,00,00,00
305497000,2C6,false,Rx,0,8,F4,01,84,03,00,00,00,00
305519000,54,false,Rx,0,8,00,00,FE,FF,FE,FF,00,00
305519000,55,false,Rx,0,8,10,27,00,00,00,00,00,00
305519000,56,false,Rx,0,8,10,27,00,00,00,00,00,00
305530000,57,false,Rx,0,8,00,00,FE,FF,FE,FF,00,00
305562000,625,false,Rx,0,8,25,10,11,43,FD,BB,E4,01
305662000,625,false,Rx,0,8,25,10,11,43,FD,BB,E4,01
305696000,2C4,false,Rx,0,8,03,08,00,00,E9,02,00,00
305697000,2C5,false,Rx,0,8,00,00,00,00,00,00,00,00
305697000,2C6,false,Rx,0,8,F4,01,84,03,00,00,00,00
305719000,54,false,Rx,0,8,00,00,FE,FF,FE,FF,00,00
305719000,55,false,Rx,0,8,10,27,00,00,00,00,00,00
305719000,56,false,Rx,0,8,10,27,00,00,00,00,00,00
305730000,57,false,Rx,0,8,00,00,FE,FF,FE,FF,00,00
305762000,625,false,Rx,0,8,25,10,11,43,FD,BB,E4,01
305862000,625,false,Rx,0,8,25,10,11,43,FD,BB,E4,01
305896000,2C4,false,Rx,0,8,03,08,00,00,E6,02,00,00
305897000,2C5,false,Rx,0,8,00,00,00,00,00,00,00,00
305897000,2C6,false,Rx,0,8,F4,01,84,03,00,00,00,00
305919000,54,false,Rx,0,8,00,00,FE,FF,FE,FF,00,00
305919000,55,false,Rx,0,8,10,27,00,00,00,00,00,00
305919000,56,false,Rx,0,8,10,27,00,00,00,00,00,00
305930000,57,false,Rx,0,8,00,00,FE,FF,FE,FF,00,00
305963000,625,false,Rx,0,8,25,10,11,43,FD,BB,E4,01
306062000,625,false,Rx,0,8,25,10,11,43,FD,BB,E4,01
306096000,2C4,false,Rx,0,8,03,08,00,00,E6,02,00,00
306097000,2C5,false,Rx,0,8,00,00,00,00,00,00,00,00
306097000,2C6,false,Rx,0,8,F4,01,84,03,00,00,00,00
306119000,54,false,Rx,0,8,00,00,FE,FF,FE,FF,00,00
306119000,55,false,Rx,0,8,10,27,00,00,00,00,00,00
306119000,56,false,Rx,0,8,10,27,00,00,00,00,00,00
306130000,57,false,Rx,0,8,00,00,FE,FF,FE,FF,00,00
306162000,625,false,Rx,0,8,25,10,11,43,FD,BB,E4,01
306262000,625,false,Rx,0,8,25,10,11,43,FD,BB,E4,01
306296000,2C4,false,Rx,0,8,03,08,00,00,E9,02,00,00
306297000,2C5,false,Rx,0,8,00,00,00,00,00,00,00,00
306297000,2C6,false,Rx,0,8,F4,01,84,03,00,00,00,00
306319000,54,false,Rx,0,8,00,00,FE,FF,FE,FF,00,00
306319000,55,false,Rx,0,8,10,27,00,00,00,00,00,00
306319000,56,false,Rx,0,8,10,27,00,00,00,00,00,00
306330000,57,false,Rx,0,8,00,00,FE,FF,FE,FF,00,00
306362000,625,false,Rx,0,8,25,10,11,43,FD,BB,E4,01
306462000,625,false,Rx,0,8,25,10,11,43,FD,BB,E4,01
306496000,2C4,false,Rx,0,8,03,08,00,00,E9,02,00,00
306497000,2C5,false,Rx,0,8,00,00,00,00,00,00,00,00
306497000,2C6,false,Rx,0,8,F4,01,84,03,00,00,00,00
306519000,54,false,Rx,0,8,00,00,FE,FF,FE,FF,00,00
306519000,55,false,Rx,0,8,10,27,00,00,00,00,00,00
306519000,56,false,Rx,0,8,10,27,00,00,00,00,00,00
306530000,57,false,Rx,0,8,00,00,FE,FF,FE,FF,00,00
306562000,625,false,Rx,0,8,25,10,11,43,FD,BB,E4,01
306662000,625,false,Rx,0,8,25,10,11,43,FD,BB,E4,01
306696000,2C4,false,Rx,0,8,03,08,00,00,E6,02,00,00
306697000,2C5,false,Rx,0,8,00,00,00,00,00,00,00,00
306697000,2C6,false,Rx,0,8,F4,01,84,03,00,00,00,00
306719000,54,false,Rx,0,8,00,00,FE,FF,FE,FF,00,00
306719000,55,false,Rx,0,8,10,27,00,00,00,00,00,00
306719000,56,false,Rx,0,8,10,27,00,00,00,00,00,00
306730000,57,false,Rx,0,8,00,00,FE,FF,FE,FF,00,00
306762000,625,false,Rx,0,8,25,10,11,43,FD,BB,E4,01
306862000,625,false,Rx,0,8,25,10,11,43,FD,BB,E4,01
306896000,2C4,false,Rx,0,8,03,08,00,00,E6,02,00,00
306897000,2C5,false,Rx,0,8,00,00,00,00,00,00,00,00
306897000,2C6,false,Rx,0,8,F4,01,84,03,00,00,00,00
306919000,54,false,Rx,0,8,00,00,FE,FF,FE,FF,00,00
306919000,55,false,Rx,0,8,10,27,00,00,00,00,00,00
306920000,56,false,Rx,0,8,10,27,00,00,00,00,00,00
306930000,57,false,Rx,0,8,00,00,FE,FF,FE,FF,00,00
306962000,625,false,Rx,0,8,25,10,11,43,FD,BB,E4,01
307062000,625,false,Rx,0,8,25,10,11,43,FD,BB,E4,01
307096000,2C4,false,Rx,0,8,03,08,00,00,E9,02,00,00
307097000,2C5,false,Rx,0,8,00,00,00,00,00,00,00,00
307097000,2C6,false,Rx,0,8,F4,01,84,03,00,00,00,00
307119000,54,false,Rx,0,8,00,00,FE,FF,FE,FF,00,00
307119000,55,false,Rx,0,8,10,27,00,00,00,00,00,00
307119000,56,false,Rx,0,8,10,27,00,00,00,00,00,00
307130000,57,false,Rx,0,8,00,00,FE,FF,FE,FF,00,00
307162000,625,false,Rx,0,8,25,10,11,43,FD,BB,E4,01
307262000,625,false,Rx,0,8,25,10,11,43,FD,BB,E4,01
307296000,2C4,false,Rx,0,8,03,08,00,00,E9,02,00,00
307297000,2C5,false,Rx,0,8,00,00,00,00,00,00,00,00
307297000,2C6,false,Rx,0,8,F4,01,84,03,00,00,00,00
307319000,54,false,Rx,0,8,00,00,FE,FF,FE,FF,00,00
307319000,55,false,Rx,0,8,10,27,00,00,00,00,00,00
307319000,56,false,Rx,0,8,10,27,00,00,00,00,00,00
307330000,57,false,Rx,0,8,00,00,FE,FF,FE,FF,00,00
307362000,625,false,Rx,0,8,25,10,11,43,FD,BB,E4,01
307462000,625,false,Rx,0,8,25,10,11,43,FD,BB,E4,01
307496000,2C4,false,Rx,0,8,03,08,00,00,E9,02,00,00
307497000,2C5,false,Rx,0,8,00,00,00,00,00,00,00,00
307497000,2C6,false,Rx,0,8,F4,01,84,03,00,00,00,00
307519000,54,false,Rx,0,8,00,00,FE,FF,FE,FF,00,00
307519000,55,false,Rx,0,8,10,27,00,00,00,00,00,00
307519000,56,false,Rx,0,8,10,27,00,00,00,00,00,00
307530000,57,false,Rx,0,8,00,00,FE,FF,FE,FF,00,00
307562000,625,false,Rx,0,8,25,10,11,43,FD,BB,E4,01
307662000,625,false,Rx,0,8,25,10,11,43,FD,BB,E4,01
307696000,2C4,false,Rx,0,8,03,08,00,00,E6,02,00,00
307697000,2C5,false,Rx,0,8,00,00,00,00,00,00,00,00
307697000,2C6,false,Rx,0,8,F4,01,84,03,00,00,00,00
307719000,54,false,Rx,0,8,00,00,FE,FF,FE,FF,00,00
307719000,55,false,Rx,0,8,10,27,00,00,00,00,00,00
307719000,56,false,Rx,0,8,10,27,00,00,00,00,00,00
307730000,57,false,Rx,0,8,00,00,FE,FF,FE,FF,00,00
307762000,625,false,Rx,0,8,25,10,11,43,FD,BB,E4,01
307862000,625,false,Rx,0,8,25,10,11,43,FD,BB,E4,01
307896000,2C4,false,Rx,0,8,03,08,00,00,E9,02,00,00
307897000,2C5,false,Rx,0,8,00,00,00,00,00,00,00,00
307897000,2C6,false,Rx,0,8,F4,01,84,03,00,00,00,00
307919000,54,false,Rx,0,8,00,00,FE,FF,FE,FF,00,00
307919000,55,false,Rx,0,8,10,27,00,00,00,00,00,00
307919000,56,false,Rx,0,8,10,27,00,00,00,00,00,00
307930000,57,false,Rx,0,8,00,00,FE,FF,FE,FF,00,00
307962000,625,false,Rx,0,8,25,10,11,43,FD,BB,E4,01
308062000,625,false,Rx,0,8,25,10,11,43,FD,BB,E4,01
308096000,2C4,false,Rx,0,8,03,08,00,00,E9,02,00,00
308097000,2C5,false,Rx,0,8,00,00,00,00,00,00,00,00
308097000,2C6,false,Rx,0,8,F4,01,84,03,00,00,00,00
308119000,54,false,Rx,0,8,00,00,FE,FF,FE,FF,00,00
308119000,55,false,Rx,0,8,10,27,00,00,00,00,00,00
308119000,56,false,Rx,0,8,10,27,00,00,00,00,00,00
308130000,57,false,Rx,0,8,00,00,FE,FF,FE,FF,00,00
308162000,625,false,Rx,0,8,25,10,11,43,FD,BB,E4,01
308262000,625,false,Rx,0,8,25,10,11,43,FD,BB,E4,01
308296000,2C4,false,Rx,0,8,03,08,00,00,E9,02,00,00
308296000,2C5,false,Rx,0,8,00,00,00,00,00,00,00,00
308297000,2C6,false,Rx,0,8,F4,01,84,03,00,00,00,00
308319000,54,false,Rx,0,8,00,00,FE,FF,FE,FF,00,00
308319000,55,false,Rx,0,8,10,27,00,00,00,00,00,00
308319000,56,false,Rx,0,8,10,27,00,00,00,00,00,00
308330000,57,false,Rx,0,8,00,00,FE,FF,FE,FF,00,00
308362000,625,false,Rx,0,8,25,10,11,43,FD,BB,E4,01
308462000,625,false,Rx,0,8,25,10,11,43,FD,BB,E4,01
308496000,2C4,false,Rx,0,8,03,08,00,00,E6,02,00,00
308496000,2C5,false,Rx,0,8,00,00,00,00,00,00,00,00
308497000,2C6,false,Rx,0,8,F4,01,84,03,00,00,00,00
308519000,54,false,Rx,0,8,00,00,FE,FF,FE,FF,00,00
308519000,55,false,Rx,0,8,10,27,00,00,00,00,00,00
308519000,56,false,Rx,0,8,10,27,00,00,00,00,00,00
308530000,57,false,Rx,0,8,00,00,FE,FF,FE,FF,00,00
308562000,625,false,Rx,0,8,25,10,11,43,FD,BB,E4,01
308662000,625,false,Rx,0,8,25,10,11,43,FD,BB,E4,01
308696000,2C4,false,Rx,0,8,03,08,00,00,E6,02,00,00
308696000,2C5,false,Rx,0,8,00,00,00,00,00,00,00,00
308697000,2C6,false,Rx,0,8,F4,01,84,03,00,00,00,00
308719000,54,false,Rx,0,8,00,00,FE,FF,FE,FF,00,00
308719000,55,false,Rx,0,8,10,27,00,00,00,00,00,00
308719000,56,false,Rx,0,8,10,27,00,00,00,00,00,00
308730000,57,false,Rx,0,8,00,00,FE,FF,FE,FF,00,00
308762000,625,false,Rx,0,8,25,10,11,43,FD,BB,E4,01
308862000,625,false,Rx,0,8,25,10,11,43,FD,BB,E4,01
308896000,2C4,false,Rx,0,8,03,08,00,00,E9,02,00,00
308896000,2C5,false,Rx,0,8,00,00,00,00,00,00,00,00
308897000,2C6,false,Rx,0,8,F4,01,84,03,00,00,00,00
308919000,54,false,Rx,0,8,00,00,FE,FF,FE,FF,00,00
308919000,55,false,Rx,0,8,10,27,00,00,00,00,00,00
308919000,56,false,Rx,0,8,10,27,00,00,00,00,00,00
308930000,57,false,Rx,0,8,00,00,FE,FF,FE,FF,00,00
308962000,625,false,Rx,0,8,25,10,11,43,FD,BB,E4,01
309062000,625,false,Rx,0,8,25,10,11,43,FD,BB,E4,01
309096000,2C4,false,Rx,0,8,03,08,00,00,E9,02,00,00
309096000,2C5,false,Rx,0,8,00,00,00,00,00,00,00,00
309097000,2C6,false,Rx,0,8,F4,01,84,03,00,00,00,00
309119000,54,false,Rx,0,8,00,00,FE,FF,FE,FF,00,00
309119000,55,false,Rx,0,8,10,27,00,00,00,00,00,00
309119000,56,false,Rx,0,8,10,27,00,00,00,00,00,00
309130000,57,false,Rx,0,8,00,00,FE,FF,FE,FF,00,00
309162000,625,false,Rx,0,8,25,10,11,43,FD,BB,E4,01
309262000,625,false,Rx,0,8,25,10,11,43,FD,BB,E4,01
309296000,2C4,false,Rx,0,8,03,08,00,00,E6,02,00,00
309296000,2C5,false,Rx,0,8,00,00,00,00,00,00,00,00
309297000,2C6,false,Rx,0,8,F4,01,84,03,00,00,00,00
309319000,54,false,Rx,0,8,00,00,FE,FF,FE,FF,00,00
309319000,55,false,Rx,0,8,10,27,00,00,00,00,00,00
309319000,56,false,Rx,0,8,10,27,00,00,00,00,00,00
309330000,57,false,Rx,0,8,00,00,FE,FF,FE,FF,00,00
309362000,625,false,Rx,0,8,25,10,11,43,FD,BB,E4,01
309462000,625,false,Rx,0,8,25,10,11,43,FD,BB,E4,01
309496000,2C4,false,Rx,0,8,03,08,00,00,E6,02,00,00
309496000,2C5,false,Rx,0,8,00,00,00,00,00,00,00,00
309497000,2C6,false,Rx,0,8,F4,01,84,03,00,00,00,00
309519000,54,false,Rx,0,8,00,00,FE,FF,FE,FF,00,00
309519000,55,false,Rx,0,8,10,27,00,00,00,00,00,00
309519000,56,false,Rx,0,8,10,27,00,00,00,00,00,00
309530000,57,false,Rx,0,8,00,00,FE,FF,FE,FF,00,00
309562000,625,false,Rx,0,8,25,10,11,43,FD,BB,E4,01
309662000,625,false,Rx,0,8,25,10,11,43,FD,BB,E4,01
309696000,2C4,false,Rx,0,8,03,08,00,00,E9,02,00,00
309696000,2C5,false,Rx,0,8,00,00,00,00,00,00,00,00
309697000,2C6,false,Rx,0,8,F4,01,84,03,00,00,00,00
309719000,54,false,Rx,0,8,00,00,FE,FF,FE,FF,00,00
309719000,55,false,Rx,0,8,10,27,00,00,00,00,00,00
309719000,56,false,Rx,0,8,10,27,00,00,00,00,00,00
309730000,57,false,Rx,0,8,00,00,FE,FF,FE,FF,00,00
309762000,625,false,Rx,0,8,25,10,11,43,FD,BB,E4,01
309862000,625,false,Rx,0,8,25,10,11,43,FD,BB,E4,01
309896000,2C4,false,Rx,0,8,03,08,00,00,E9,02,00,00
309896000,2C5,false,Rx,0,8,00,00,00,00,00,00,00,00
309897000,2C6,false,Rx,0,8,F4,01,84,03,00,00,00,00
309919000,54,false,Rx,0,8,00,00,FE,FF,FE,FF,00,00
309919000,55,false,Rx,0,8,10,27,00,00,00,00,00,00
309919000,56,false,Rx,0,8,10,27,00,00,00,00,00,00
309930000,57,false,Rx,0,8,00,00,FE,FF,FE,FF,00,00
309962000,625,false,Rx,0,8,25,10,11,43,FD,BB,E4,01
310062000,625,false,Rx,0,8,25,10,11,43,FD,BB,E4,01
310096000,2C4,false,Rx,0,8,03,08,00,00,E6,02,00,00
310096000,2C5,false,Rx,0,8,00,00,00,00,00,00,00,00
310097000,2C6,false,Rx,0,8,F4,01,84,03,00,00,00,00
310119000,54,false,Rx,0,8,00,00,FE,FF,FE,FF,00,00
310119000,55,false,Rx,0,8,10,27,00,00,00,00,00,00
310119000,56,false,Rx,0,8,10,27,00,00,00,00,00,00
310130000,57,false,Rx,0,8,00,00,FE,FF,FE,FF,00,00
310162000,625,false,Rx,0,8,25,10,11,43,FD,BB,E4,01
310262000,625,false,Rx,0,8,25,10,11,43,FD,BB,E4,01
310296000,2C4,false,Rx,0,8,03,08,00,00,E9,02,00,00
310296000,2C5,false,Rx,0,8,00,00,00,00,00,00,00,00
310297000,2C6,false,Rx,0,8,F4,01,84,03,00,00,00,00
310319000,54,false,Rx,0,8,00,00,FE,FF,FE,FF,00,00
310319000,55,false,Rx,0,8,10,27,00,00,00,00,00,00
310319000,56,false,Rx,0,8,10,27,00,00,00,00,00,00
310330000,57,false,Rx,0,8,00,00,FE,FF,FE,FF,00,00
310362000,625,false,Rx,0,8,25,10,11,43,FD,BB,E4,01
310462000,625,false,Rx,0,8,25,10,11,43,FD,BB,E4,01
310496000,2C4,false,Rx,0,8,03,08,00,00,E6,02,00,00
310496000,2C5,false,Rx,0,8,00,00,00,00,00,00,00,00
310497000,2C6,false,Rx,0,8,F4,01,84,03,00,00,00,00
310519000,54,false,Rx,0,8,00,00,FE,FF,FE,FF,00,00
310519000,55,false,Rx,0,8,10,27,00,00,00,00,00,00
310519000,56,false,Rx,0,8,10,27,00,00,00,00,00,00
310530000,57,false,Rx,0,8,00,00,FE,FF,FE,FF,00,00
310562000,625,false,Rx,0,8,25,10,11,43,FD,BB,E4,01
310662000,625,false,Rx,0,8,25,10,11,43,FD,BB,E4,01
310696000,2C4,false,Rx,0,8,03,08,00,00,E9,02,00,00
310696000,2C5,false,Rx,0,8,00,00,00,00,00,00,00,00
310697000,2C6,false,Rx,0,8,F4,01,84,03,00,00,00,00
310719000,54,false,Rx,0,8,00,00,FE,FF,FE,FF,00,00
310719000,55,false,Rx,0,8,10,27,00,00,00,00,00,00
310719000,56,false,Rx,0,8,10,27,00,00,00,00,00,00
310730000,57,false,Rx,0,8,00,00,FE,FF,FE,FF,00,00
310762000,625,false,Rx,0,8,25,10,11,43,FD,BB,E4,01
310862000,625,false,Rx,0,8,25,10,11,43,FD,BB,E4,01
310896000,2C4,false,Rx,0,8,03,08,00,00,E6,02,00,00
310896000,2C5,false,Rx,0,8,00,00,00,00,00,00,00,00
310897000,2C6,false,Rx,0,8,F4,01,84,03,00,00,00,00
310919000,54,false,Rx,0,8,00,00,FE,FF,FE,FF,00,00
310919000,55,false,Rx,0,8,10,27,00,00,00,00,00,00
310919000,56,false,Rx,0,8,10,27,00,00,00,00,00,00
310930000,57,false,Rx,0,8,00,00,FE,FF,FE,FF,00,00
310962000,625,false,Rx,0,8,25,10,11,43,FD,BB,E4,01
311062000,625,false,Rx,0,8,25,10,11,43,FD,BB,E4,01
311096000,2C4,false,Rx,0,8,03,08,00,00,E6,02,00,00
311096000,2C5,false,Rx,0,8,00,00,00,00,00,00,00,00
311097000,2C6,false,Rx,0,8,F4,01,84,03,00,00,00,00
311119000,54,false,Rx,0,8,00,00,FE,FF,FE,FF,00,00
311119000,55,false,Rx,0,8,10,27,00,00,00,00,00,00
311119000,56,false,Rx,0,8,10,27,00,00,00,00,00,00
311130000,57,false,Rx,0,8,00,00,FE,FF,FE,FF,00,00
311162000,625,false,Rx,0,8,25,10,11,43,FD,BB,E4,01
311262000,625,false,Rx,0,8,25,10,11,43,FD,BB,E4,01
311296000,2C4,false,Rx,0,8,03,08,00,00,E9,02,00,00
311296000,2C5,false,Rx,0,8,00,00,00,00,00,00,00,00
311297000,2C6,false,Rx,0,8,F4,01,84,03,00,00,00,00
311319000,54,false,Rx,0,8,00,00,FE,FF,FE,FF,00,00
311319000,55,false,Rx,0,8,10,27,00,00,00,00,00,00
311319000,56,false,Rx,0,8,10,27,00,00,00,00,00,00
311330000,57,false,Rx,0,8,00,00,FE,FF,FE,FF,00,00
311362000,625,false,Rx,0,8,25,10,11,43,FD,BB,E4,01
311462000,625,false,Rx,0,8,25,10,11,43,FD,BB,E4,01
311496000,2C4,false,Rx,0,8,03,08,00,00,E9,02,00,00
311496000,2C5,false,Rx,0,8,00,00,00,00,00,00,00,00
311497000,2C6,false,Rx,0,8,F4,01,84,03,00,00,00,00
311519000,54,false,Rx,0,8,00,00,FE,FF,FE,FF,00,00
311519000,55,false,Rx,0,8,10,27,00,00,00,00,00,00
311519000,56,false,Rx,0,8,10,27,00,00,00,00,00,00
311530000,57,false,Rx,0,8,00,00,FE,FF,FE,FF,00,00
311562000,625,false,Rx,0,8,25,10,11,43,FD,BB,E4,01
311662000,625,false,Rx,0,8,25,10,11,43,FD,BB,E4,01
311696000,2C4,false,Rx,0,8,03,08,00,00,E9,02,00,00
311696000,2C5,false,Rx,0,8,00,00,00,00,00,00,00,00
311697000,2C6,false,Rx,0,8,F4,01,84,03,00,00,00,00
311719000,54,false,Rx,0,8,00,00,FE,FF,FE,FF,00,00
311719000,55,false,Rx,0,8,10,27,00,00,00,00,00,00
311719000,56,false,Rx,0,8,10,27,00,00,00,00,00,00
311730000,57,false,Rx,0,8,00,00,FE,FF,FE,FF,00,00
311762000,625,false,Rx,0,8,25,10,11,43,FD,BB,E4,01
311862000,625,false,Rx,0,8,25,10,11,43,FD,BB,E4,01
311896000,2C4,false,Rx,0,8,03,08,00,00,E6,02,00,00
311896000,2C5,false,Rx,0,8,00,00,00,00,00,00,00,00
311897000,2C6,false,Rx,0,8,F4,01,84,03,00,00,00,00
311919000,54,false,Rx,0,8,00,00,FE,FF,FE,FF,00,00
311919000,55,false,Rx,0,8,10,27,00,00,00,00,00,00
311920000,56,false,Rx,0,8,10,27,00,00,00,00,00,00
311930000,57,false,Rx,0,8,00,00,FE,FF,FE,FF,00,00
311962000,625,false,Rx,0,8,25,10,11,43,FD,BB,E4,01
312062000,625,false,Rx,0,8,25,10,11,43,FD,BB,E4,01
312096000,2C4,false,Rx,0,8,03,08,00,00,E9,02,00,00
312096000,2C5,false,Rx,0,8,00,00,00,00,00,00,00,00
312097000,2C6,false,Rx,0,8,F4,01,84,03,00,00,00,00
312119000,54,false,Rx,0,8,00,00,FE,FF,FE,FF,00,00
312119000,55,false,Rx,0,8,10,27,00,00,00,00,00,00
312119000,56,false,Rx,0,8,10,27,00,00,00,00,00,00
312130000,57,false,Rx,0,8,00,00,FE,FF,FE,FF,00,00
312162000,625,false,Rx,0,8,25,10,11,43,FD,BB,E4,01
312262000,625,false,Rx,0,8,25,10,11,43,FD,BB,E4,01
312296000,2C4,false,Rx,0,8,03,08,00,00,E9,02,00,00
312296000,2C5,false,Rx,0,8,00,00,00,00,00,00,00,00
312297000,2C6,false,Rx,0,8,F4,01,84,03,00,00,00,00
312319000,54,false,Rx,0,8,00,00,FE,FF,FE,FF,00,00
312319000,55,false,Rx,0,8,10,27,00,00,00,00,00,00
312319000,56,false,Rx,0,8,10,27,00,00,00,00,00,00
312330000,57,false,Rx,0,8,00,00,FE,FF,FE,FF,00,00
312362000,625,false,Rx,0,8,25,10,11,43,FD,BB,E4,01
312462000,625,false,Rx,0,8,25,10,11,43,FD,BB,E4,01
312496000,2C4,false,Rx,0,8,03,08,00,00,E6,02,00,00
312496000,2C5,false,Rx,0,8,00,00,00,00,00,00,00,00
312497000,2C6,false,Rx,0,8,F4,01,84,03,00,00,00,00
312519000,54,false,Rx,0,8,00,00,FE,FF,FE,FF,00,00
312519000,55,false,Rx,0,8,10,27,00,00,00,00,00,00
312519000,56,false,Rx,0,8,10,27,00,00,00,00,00,00
312530000,57,false,Rx,0,8,00,00,FE,FF,FE,FF,00,00
312562000,625,false,Rx,0,8,25,10,11,43,FD,BB,E4,01
312662000,625,false,Rx,0,8,25,10,11,43,FD,BB,E4,01
312696000,2C4,false,Rx,0,8,03,08,00,00,E6,02,00,00
312696000,2C5,false,Rx,0,8,00,00,00,00,00,00,00,00
312697000,2C6,false,Rx,0,8,F4,01,84,03,00,00,00,00
312719000,54,false,Rx,0,8,00,00,FE,FF,FE,FF,00,00
312719000,55,false,Rx,0,8,10,27,00,00,00,00,00,00
312719000,56,false,Rx,0,8,10,27,00,00,00,00,00,00
312730000,57,false,Rx,0,8,00,00,FE,FF,FE,FF,00,00
312762000,625,false,Rx,0,8,25,10,11,43,FD,BB,E4,01
312862000,625,false,Rx,0,8,25,10,11,43,FD,BB,E4,01
312896000,2C4,false,Rx,0,8,03,08,00,00,E6,02,00,00
312896000,2C5,false,Rx,0,8,00,00,00,00,00,00,00,00
312896000,2C6,false,Rx,0,8,F4,01,84,03,00,00,00,00
312919000,54,false,Rx,0,8,00,00,FE,FF,FE,FF,00,00
312919000,55,false,Rx,0,8,10,27,00,00,00,00,00,00
312919000,56,false,Rx,0,8,10,27,00,00,00,00,00,00
312930000,57,false,Rx,0,8,00,00,FE,FF,FE,FF,00,00
312962000,625,false,Rx,0,8,25,10,11,43,FD,BB,E4,01
313062000,625,false,Rx,0,8,25,10,11,43,FD,BB,E4,01
313096000,2C4,false,Rx,0,8,03,08,00,00,E9,02,00,00
313096000,2C5,false,Rx,0,8,00,00,00,00,00,00,00,00
313097000,2C6,false,Rx,0,8,F4,01,84,03,00,00,00,00
313119000,54,false,Rx,0,8,00,00,FE,FF,FE,FF,00,00
313119000,55,false,Rx,0,8,10,27,00,00,00,00,00,00
313119000,56,false,Rx,0,8,10,27,00,00,00,00,00,00
313130000,57,false,Rx,0,8,00,00,FE,FF,FE,FF,00,00
313162000,625,false,Rx,0,8,25,10,11,43,FD,BB,E4,01
313262000,625,false,Rx,0,8,25,10,11,43,FD,BB,E4,01
313296000,2C4,false,Rx,0,8,03,08,00,00,E9,02,00,00
313296000,2C5,false,Rx,0,8,00,00,00,00,00,00,00,00
313296000,2C6,false,Rx,0,8,F4,01,84,03,00,00,00,00
313319000,54,false,Rx,0,8,00,00,FE,FF,FE,FF,00,00
313319000,55,false,Rx,0,8,10,27,00,00,00,00,00,00
313319000,56,false,Rx,0,8,10,27,00,00,00,00,00,00
313330000,57,false,Rx,0,8,00,00,FE,FF,FE,FF,00,00
313362000,625,false,Rx,0,8,25,10,11,43,FD,BB,E4,01
313462000,625,false,Rx,0,8,25,10,11,43,FD,BB,E4,01
313496000,2C4,false,Rx,0,8,03,08,00,00,E6,02,00,00
313496000,2C5,false,Rx,0,8,00,00,00,00,00,00,00,00
313496000,2C6,false,Rx,0,8,F4,01,84,03,00,00,00,00
313519000,54,false,Rx,0,8,00,00,FE,FF,FE,FF,00,00
313519000,55,false,Rx,0,8,10,27,00,00,00,00,00,00
313519000,56,false,Rx,0,8,10,27,00,00,00,00,00,00
313530000,57,false,Rx,0,8,00,00,FE,FF,FE,FF,00,00
313562000,625,false,Rx,0,8,25,10,11,43,FD,BB,E4,01
313662000,625,false,Rx,0,8,25,10,11,43,FD,BB,E4,01
313696000,2C4,false,Rx,0,8,03,08,00,00,E6,02,00,00
313696000,2C5,false,Rx,0,8,00,00,00,00,00,00,00,00
313696000,2C6,false,Rx,0,8,F4,01,84,03,00,00,00,00
313719000,54,false,Rx,0,8,00,00,FE,FF,FE,FF,00,00
313719000,55,false,Rx,0,8,10,27,00,00,00,00,00,00
313719000,56,false,Rx,0,8,10,27,00,00,00,00,00,00
313730000,57,false,Rx,0,8,00,00,FE,FF,FE,FF,00,00
313762000,625,false,Rx,0,8,25,10,11,43,FD,BB,E4,01
313862000,625,false,Rx,0,8,25,10,11,43,FD,BB,E4,01
313896000,2C4,false,Rx,0,8,03,08,00,00,E9,02,00,00
313896000,2C5,false,Rx,0,8,00,00,00,00,00,00,00,00
313896000,2C6,false,Rx,0,8,F4,01,84,03,00,00,00,00
313919000,54,false,Rx,0,8,00,00,FE,FF,FE,FF,00,00
313919000,55,false,Rx,0,8,10,27,00,00,00,00,00,00
313919000,56,false,Rx,0,8,10,27,00,00,00,00,00,00
313930000,57,false,Rx,0,8,00,00,FE,FF,FE,FF,00,00
313962000,625,false,Rx,0,8,25,10,11,43,FD,BB,E4,01
314062000,625,false,Rx,0,8,25,10,11,43,FD,BB,E4,01
314096000,2C4,false,Rx,0,8,03,08,00,00,E9,02,00,00
314096000,2C5,false,Rx,0,8,00,00,00,00,00,00,00,00
314096000,2C6,false,Rx,0,8,F4,01,84,03,00,00,00,00
314119000,54,false,Rx,0,8,00,00,FE,FF,FE,FF,00,00
314119000,55,false,Rx,0,8,10,27,00,00,00,00,00,00
314119000,56,false,Rx,0,8,10,27,00,00,00,00,00,00
314130000,57,false,Rx,0,8,00,00,FE,FF,FE,FF,00,00
314162000,625,false,Rx,0,8,25,10,11,43,FD,BB,E4,01
314262000,625,false,Rx,0,8,25,10,11,43,FD,BB,E4,01
314296000,2C4,false,Rx,0,8,03,08,00,00,E9,02,00,00
314296000,2C5,false,Rx,0,8,00,00,00,00,00,00,00,00
314296000,2C6,false,Rx,0,8,F4,01,84,03,00,00,00,00
314319000,54,false,Rx,0,8,00,00,FE,FF,FE,FF,00,00
314319000,55,false,Rx,0,8,10,27,00,00,00,00,00,00
314319000,56,false,Rx,0,8,10,27,00,00,00,00,00,00
314330000,57,false,Rx,0,8,00,00,FE,FF,FE,FF,00,00
314362000,625,false,Rx,0,8,25,10,11,43,FD,BB,E4,01
314462000,625,false,Rx,0,8,25,10,11,43,FD,BB,E4,01
314496000,2C4,false,Rx,0,8,03,08,00,00,E9,02,00,00
314496000,2C5,false,Rx,0,8,00,00,00,00,00,00,00,00
314496000,2C6,false,Rx,0,8,F4,01,84,03,00,00,00,00
314519000,54,false,Rx,0,8,00,00,FE,FF,FE,FF,00,00
314519000,55,false,Rx,0,8,10,27,00,00,00,00,00,00
314519000,56,false,Rx,0,8,10,27,00,00,00,00,00,00
314530000,57,false,Rx,0,8,00,00,FE,FF,FE,FF,00,00
314562000,625,false,Rx,0,8,25,10,11,43,FD,BB,E4,01
314662000,625,false,Rx,0,8,25,10,11,43,FD,BB,E4,01
314696000,2C4,false,Rx,0,8,03,08,00,00,E9,02,00,00
314696000,2C5,false,Rx,0,8,00,00,00,00,00,00,00,00
314696000,2C6,false,Rx,0,8,F4,01,84,03,00,00,00,00
314719000,54,false,Rx,0,8,00,00,FE,FF,FE,FF,00,00
314719000,55,false,Rx,0,8,10,27,00,00,00,00,00,00
314719000,56,false,Rx,0,8,10,27,00,00,00,00,00,00
314730000,57,false,Rx,0,8,00,00,FE,FF,FE,FF,00,00
314762000,625,false,Rx,0,8,25,10,11,43,FD,BB,E4,01
314862000,625,false,Rx,0,8,25,10,11,43,FD,BB,E4,01
314896000,2C4,false,Rx,0,8,03,08,00,00,E9,02,00,00
314896000,2C5,false,Rx,0,8,00,00,00,00,00,00,00,00
314896000,2C6,false,Rx,0,8,F4,01,84,03,00,00,00,00
314919000,54,false,Rx,0,8,00,00,FE,FF,FE,FF,00,00
314919000,55,false,Rx,0,8,10,27,00,00,00,00,00,00
314919000,56,false,Rx,0,8,10,27,00,00,00,00,00,00
314930000,57,false,Rx,0,8,00,00,FE,FF,FE,FF,00,00
314962000,625,false,Rx,0,8,25,10,11,43,FD,BB,E4,01
315062000,625,false,Rx,0,8,25,10,11,43,FD,BB,E4,01
315096000,2C4,false,Rx,0,8,03,08,00,00,E9,02,00,00
315096000,2C5,false,Rx,0,8,00,00,00,00,00,00,00,00
315096000,2C6,false,Rx,0,8,F4,01,84,03,00,00,00,00
315119000,54,false,Rx,0,8,00,00,FE,FF,FE,FF,00,00
315119000,55,false,Rx,0,8,10,27,00,00,00,00,00,00
315119000,56,false,Rx,0,8,10,27,00,00,00,00,00,00
315130000,57,false,Rx,0,8,00,00,FE,FF,FE,FF,00,00
315162000,625,false,Rx,0,8,25,10,11,43,FD,BB,E4,01
315262000,625,false,Rx,0,8,25,10,11,43,FD,BB,E4,01
315296000,2C4,false,Rx,0,8,03,08,00,00,E9,02,00,00
315296000,2C5,false,Rx,0,8,00,00,00,00,00,00,00,00
315296000,2C6,false,Rx,0,8,F4,01,84,03,00,00,00,00
315319000,54,false,Rx,0,8,00,00,FE,FF,FE,FF,00,00
315319000,55,false,Rx,0,8,10,27,00,00,00,00,00,00
315319000,56,false,Rx,0,8,10,27,00,00,00,00,00,00
315330000,57,false,Rx,0,8,00,00,FE,FF,FE,FF,00,00
315362000,625,false,Rx,0,8,25,10,11,43,FD,BB,E4,01
315462000,625,false,Rx,0,8,25,10,11,43,FD,BB,E4,01
315496000,2C4,false,Rx,0,8,03,08,00,00,E9,02,00,00
315496000,2C5,false,Rx,0,8,00,00,00,00,00,00,00,00
315496000,2C6,false,Rx,0,8,F4,01,84,03,00,00,00,00
315519000,54,false,Rx,0,8,00,00,FE,FF,FE,FF,00,00
315519000,55,false,Rx,0,8,10,27,00,00,00,00,00,00
315519000,56,false,Rx,0,8,10,27,00,00,00,00,00,00
315530000,57,false,Rx,0,8,00,00,FE,FF,FE,FF,00,00
315562000,625,false,Rx,0,8,25,10,11,43,FD,BB,E4,01
315662000,625,false,Rx,0,8,25,10,11,43,FD,BB,E4,01
315696000,2C4,false,Rx,0,8,03,08,00,00,E9,02,00,00
315696000,2C5,false,Rx,0,8,00,00,00,00,00,00,00,00
315696000,2C6,false,Rx,0,8,F4,01,84,03,00,00,00,00
315719000,54,false,Rx,0,8,00,00,FE,FF,FE,FF,00,00
315719000,55,false,Rx,0,8,10,27,00,00,00,00,00,00
315719000,56,false,Rx,0,8,10,27,00,00,00,00,00,00
315730000,57,false,Rx,0,8,00,00,FE,FF,FE,FF,00,00
315762000,625,false,Rx,0,8,25,10,11,43,FD,BB,E4,01
315862000,625,false,Rx,0,8,25,10,11,43,FD,BB,E4,01
315896000,2C4,false,Rx,0,8,03,08,00,00,E9,02,00,00
315896000,2C5,false,Rx,0,8,00,00,00,00,00,00,00,00
315896000,2C6,false,Rx,0,8,F4,01,84,03,00,00,00,00
315919000,54,false,Rx,0,8,00,00,FE,FF,FE,FF,00,00
315919000,55,false,Rx,0,8,10,27,00,00,00,00,00,00
315919000,56,false,Rx,0,8,10,27,00,00,00,00,00,00
315930000,57,false,Rx,0,8,00,00,FE,FF,FE,FF,00,00
315962000,625,false,Rx,0,8,25,10,11,43,FD,BB,E4,01
316062000,625,false,Rx,0,8,25,10,11,43,FD,BB,E4,01
316096000,2C4,false,Rx,0,8,03,08,00,00,E9,02,00,00
316096000,2C5,false,Rx,0,8,00,00,00,00,00,00,00,00
316096000,2C6,false,Rx,0,8,F4,01,84,03,00,00,00,00
316119000,54,false,Rx,0,8,00,00,FE,FF,FE,FF,00,00
316119000,55,false,Rx,0,8,10,27,00,00,00,00,00,00
316119000,56,false,Rx,0,8,10,27,00,00,00,00,00,00
316130000,57,false,Rx,0,8,00,00,FE,FF,FE,FF,00,00
316162000,625,false,Rx,0,8,25,10,11,43,FD,BB,E4,01
316262000,625,false,Rx,0,8,25,10,11,43,FD,BB,E4,01
316296000,2C4,false,Rx,0,8,03,08,00,00,E9,02,00,00
316296000,2C5,false,Rx,0,8,00,00,00,00,00,00,00,00
316296000,2C6,false,Rx,0,8,F4,01,84,03,00,00,00,00
316319000,54,false,Rx,0,8,00,00,FE,FF,FE,FF,00,00
316319000,55,false,Rx,0,8,10,27,00,00,00,00,00,00
316319000,56,false,Rx,0,8,10,27,00,00,00,00,00,00
316330000,57,false,Rx,0,8,00,00,FE,FF,FE,FF,00,00
316362000,625,false,Rx,0,8,25,10,11,43,FD,BB,E4,01
316462000,625,false,Rx,0,8,25,10,11,43,FD,BB,E4,01
316496000,2C4,false,Rx,0,8,03,08,00,00,E9,02,00,00
316496000,2C5,false,Rx,0,8,00,00,00,00,00,00,00,00
316496000,2C6,false,Rx,0,8,F4,01,84,03,00,00,00,00
316519000,54,false,Rx,0,8,00,00,FE,FF,FE,FF,00,00
316519000,55,false,Rx,0,8,10,27,00,00,00,00,00,00
316519000,56,false,Rx,0,8,10,27,00,00,00,00,00,00
316530000,57,false,Rx,0,8,00,00,FE,FF,FE,FF,00,00
316562000,625,false,Rx,0,8,25,10,11,43,FD,BB,E4,01
316662000,625,false,Rx,0,8,25,10,11,43,FD,BB,E4,01
316696000,2C4,false,Rx,0,8,03,08,00,00,E9,02,00,00
316696000,2C5,false,Rx,0,8,00,00,00,00,00,00,00,00
316696000,2C6,false,Rx,0,8,F4,01,84,03,00,00,00,00
316719000,54,false,Rx,0,8,00,00,FE,FF,FE,FF,00,00
316719000,55,false,Rx,0,8,10,27,00,00,00,00,00,00
316719000,56,false,Rx,0,8,10,27,00,00,00,00,00,00
316730000,57,false,Rx,0,8,00,00,FE,FF,FE,FF,00,00
316762000,625,false,Rx,0,8,25,10,11,43,FD,BB,E4,01
316862000,625,false,Rx,0,8,25,10,11,43,FD,BB,E4,01
316896000,2C4,false,Rx,0,8,03,08,00,00,E9,02,00,00
316896000,2C5,false,Rx,0,8,00,00,00,00,00,00,00,00
316896000,2C6,false,Rx,0,8,F4,01,84,03,00,00,00,00
316919000,54,false,Rx,0,8,00,00,FE,FF,FE,FF,00,00
316919000,55,false,Rx,0,8,10,27,00,00,00,00,00,00
316919000,56,false,Rx,0,8,10,27,00,00,00,00,00,00
316930000,57,false,Rx,0,8,00,00,FE,FF,FE,FF,00,00
316962000,625,false,Rx,0,8,25,10,11,43,FD,BB,E4,01
317062000,625,false,Rx,0,8,25,10,11,43,FD,BB,E4,01
317096000,2C4,false,Rx,0,8,03,08,00,00,E6,02,00,00
317096000,2C5,false,Rx,0,8,00,00,00,00,00,00,00,00
317096000,2C6,false,Rx,0,8,F4,01,84,03,00,00,00,00
317119000,54,false,Rx,0,8,00,00,FE,FF,FE,FF,00,00
317119000,55,false,Rx,0,8,10,27,00,00,00,00,00,00
317119000,56,false,Rx,0,8,10,27,00,00,00,00,00,00
317130000,57,false,Rx,0,8,00,00,FE,FF,FE,FF,00,00
317162000,625,false,Rx,0,8,25,10,11,43,FD,BB,E4,01
317262000,625,false,Rx,0,8,25,10,11,43,FD,BB,E4,01
317296000,2C4,false,Rx,0,8,03,08,00,00,E9,02,00,00
317296000,2C5,false,Rx,0,8,00,00,00,00,00,00,00,00
317296000,2C6,false,Rx,0,8,F4,01,84,03,00,00,00,00
317319000,54,false,Rx,0,8,00,00,FE,FF,FE,FF,00,00
317319000,55,false,Rx,0,8,10,27,00,00,00,00,00,00
317319000,56,false,Rx,0,8,10,27,00,00,00,00,00,00
317330000,57,false,Rx,0,8,00,00,FE,FF,FE,FF,00,00
317362000,625,false,Rx,0,8,25,10,11,43,FD,BB,E4,01
317462000,625,false,Rx,0,8,25,10,11,43,FD,BB,E4,01
317496000,2C4,false,Rx,0,8,03,08,00,00,E9,02,00,00
317496000,2C5,false,Rx,0,8,00,00,00,00,00,00,00,00
317496000,2C6,false,Rx,0,8,F4,01,84,03,00,00,00,00
317519000,54,false,Rx,0,8,00,00,FE,FF,FE,FF,00,00
317519000,55,false,Rx,0,8,10,27,00,00,00,00,00,00
317519000,56,false,Rx,0,8,10,27,00,00,00,00,00,00
317530000,57,false,Rx,0,8,00,00,FE,FF,FE,FF,00,00
317562000,625,false,Rx,0,8,25,10,11,43,FD,BB,E4,01
317662000,625,false,Rx,0,8,25,10,11,43,FD,BB,E4,01
317696000,2C4,false,Rx,0,8,03,08,00,00,E6,02,00,00
317696000,2C5,false,Rx,0,8,00,00,00,00,00,00,00,00
317696000,2C6,false,Rx,0,8,F4,01,84,03,00,00,00,00
317719000,54,false,Rx,0,8,00,00,FE,FF,FE,FF,00,00
317719000,55,false,Rx,0,8,10,27,00,00,00,00,00,00
317719000,56,false,Rx,0,8,10,27,00,00,00,00,00,00
317730000,57,false,Rx,0,8,00,00,FE,FF,FE,FF,00,00
317762000,625,false,Rx,0,8,25,10,11,43,FD,BB,E4,01
317862000,625,false,Rx,0,8,25,10,11,43,FD,BB,E4,01
317896000,2C4,false,Rx,0,8,03,08,00,00,E9,02,00,00
317896000,2C5,false,Rx,0,8,00,00,00,00,00,00,00,00
317896000,2C6,false,Rx,0,8,F4,01,84,03,00,00,00,00
317919000,54,false,Rx,0,8,00,00,FE,FF,FE,FF,00,00
317919000,55,false,Rx,0,8,10,27,00,00,00,00,00,00
317919000,56,false,Rx,0,8,10,27,00,00,00,00,00,00
317930000,57,false,Rx,0,8,00,00,FE,FF,FE,FF,00,00
317962000,625,false,Rx,0,8,25,00,11,43,FD,BB,E4,01
318096000,2C4,false,Rx,0,8,03,00,00,00,E9,02,00,00
318096000,2C5,false,Rx,0,8,00,00,00,00,00,00,00,00
318096000,2C6,false,Rx,0,8,F4,01,84,03,00,00,00,00
318119000,54,false,Rx,0,8,00,00,FE,FF,FE,FF,00,00
318119000,55,false,Rx,0,8,10,27,00,00,00,00,00,00
318119000,56,false,Rx,0,8,10,27,00,00,00,00,00,00
318130000,57,false,Rx,0,8,00,00,FE,FF,FE,FF,00,00
318296000,2C4,false,Rx,0,8,03,00,00,00,E9,02,00,00
318296000,2C5,false,Rx,0,8,00,00,00,00,00,00,00,00
318296000,2C6,false,Rx,0,8,F4,01,84,03,00,00,00,00
318319000,54,false,Rx,0,8,00,00,FE,FF,FE,FF,00,00
318319000,55,false,Rx,0,8,10,27,00,00,00,00,00,00
318319000,56,false,Rx,0,8,10,27,00,00,00,00,00,00
318330000,57,false,Rx,0,8,00,00,FE,FF,FE,FF,00,00
318496000,2C4,false,Rx,0,8,03,00,00,00,E9,02,00,00
318496000,2C5,false,Rx,0,8,00,00,00,00,00,00,00,00
318496000,2C6,false,Rx,0,8,F4,01,84,03,00,00,00,00
318519000,54,false,Rx,0,8,00,00,FE,FF,FE,FF,00,00
318519000,55,false,Rx,0,8,10,27,00,00,00,00,00,00
318519000,56,false,Rx,0,8,10,27,00,00,00,00,00,00
318530000,57,false,Rx,0,8,00,00,FE,FF,FE,FF,00,00
318696000,2C4,false,Rx,0,8,03,00,00,00,E9,02,00,00
318696000,2C5,false,Rx,0,8,00,00,00,00,00,00,00,00
318696000,2C6,false,Rx,0,8,F4,01,84,03,00,00,00,00
318719000,54,false,Rx,0,8,00,00,FE,FF,FE,FF,00,00
318719000,55,false,Rx,0,8,10,27,00,00,00,00,00,00
318719000,56,false,Rx,0,8,10,27,00,00,00,00,00,00
318730000,57,false,Rx,0,8,00,00,FE,FF,FE,FF,00,00
318896000,2C4,false,Rx,0,8,03,00,00,00,E9,02,00,00
318896000,2C5,false,Rx,0,8,00,00,00,00,00,00,00,00
318896000,2C6,false,Rx,0,8,F4,01,84,03,00,00,00,00
318919000,54,false,Rx,0,8,00,00,FE,FF,FE,FF,00,00
318919000,55,false,Rx,0,8,10,27,00,00,00,00,00,00
318919000,56,false,Rx,0,8,10,27,00,00,00,00,00,00
318930000,57,false,Rx,0,8,00,00,FE,FF,FE,FF,00,00
