Time Stamp,ID,Extended,Dir,Bus,LEN,D1,D2,D3,D4,D5,D6,D7,D8
6000,60D,false,Rx,0,8,0D,11,DE,23,02,20,70,00
48000,625,false,Rx,0,8,25,00,11,43,FD,BB,E4,01
106000,60D,false,Rx,0,8,0D,11,DE,23,02,20,70,00
148000,625,false,Rx,0,8,25,00,11,43,FD,BB,E4,01
180000,2C4,false,Rx,0,8,03,00,00,00,A8,02,00,00
181000,2C5,false,Rx,0,8,00,00,00,00,00,00,00,00
181000,2C6,false,Rx,0,8,F4,01,84,03,00,00,00,00
195000,54,false,Rx,0,8,00,00,FE,FF,FE,FF,00,00
196000,55,false,Rx,0,8,10,27,00,00,00,00,00,00
196000,56,false,Rx,0,8,10,27,00,00,00,00,00,00
206000,57,false,Rx,0,8,00,00,FE,FF,FE,FF,00,00
206000,60D,false,Rx,0,8,0D,11,DE,23,02,20,70,00
248000,625,false,Rx,0,8,25,00,11,43,FD,BB,E4,01
306000,60D,false,Rx,0,8,0D,11,DE,23,02,20,70,00
348000,625,false,Rx,0,8,25,00,11,43,FD,BB,E4,01
380000,2C4,false,Rx,0,8,03,00,00,00,A8,02,00,00
381000,2C5,false,Rx,0,8,00,00,00,00,00,00,00,00
381000,2C6,false,Rx,0,8,F4,01,84,03,00,00,00,00
395000,54,false,Rx,0,8,00,00,FE,FF,FE,FF,00,00
396000,55,false,Rx,0,8,10,27,00,00,00,00,00,00
396000,56,false,Rx,0,8,10,27,00,00,00,00,00,00
406000,57,false,Rx,0,8,00,00,FE,FF,FE,FF,00,00
406000,60D,false,Rx,0,8,0D,11,DE,23,02,20,70,00
448000,625,false,Rx,0,8,25,00,11,43,FD,BB,E4,01
506000,60D,false,Rx,0,8,0D,11,DE,23,02,20,70,00
548000,625,false,Rx,0,8,25,00,11,43,FD,BB,E4,01
580000,2C4,false,Rx,0,8,03,00,00,00,A5,02,00,00
581000,2C5,false,Rx,0,8,00,00,00,00,00,00,00,00
581000,2C6,false,Rx,0,8,F4,01,84,03,00,00,00,00
595000,54,false,Rx,0,8,00,00,FE,FF,FE,FF,00,00
596000,55,false,Rx,0,8,10,27,00,00,00,00,00,00
596000,56,false,Rx,0,8,10,27,00,00,00,00,00,00
606000,57,false,Rx,0,8,00,00,FE,FF,FE,FF,00,00
606000,60D,false,Rx,0,8,0D,11,DE,23,02,20,70,00
648000,625,false,Rx,0,8,25,00,11,43,FD,BB,E4,01
706000,60D,false,Rx,0,8,0D,11,DE,23,02,20,70,00
748000,625,false,Rx,0,8,25,00,11,43,FD,BB,E4,01
780000,2C4,false,Rx,0,8,03,00,00,00,A8,02,00,00
781000,2C5,false,Rx,0,8,00,00,00,00,00,00,00,00
781000,2C6,false,Rx,0,8,F4,01,84,03,00,00,00,00
795000,54,false,Rx,0,8,00,00,FE,FF,FE,FF,00,00
796000,55,false,Rx,0,8,10,27,00,00,00,00,00,00
796000,56,false,Rx,0,8,10,27,00,00,00,00,00,00
806000,57,false,Rx,0,8,00,00,FE,FF,FE,FF,00,00
806000,60D,false,Rx,0,8,0D,11,DE,23,02,20,70,00
848000,625,false,Rx,0,8,25,00,11,43,FD,BB,E4,01
906000,60D,false,Rx,0,8,0D,11,DE,23,02,20,70,00
948000,625,false,Rx,0,8,25,00,11,43,FD,BB,E4,01
980000,2C4,false,Rx,0,8,03,00,00,00,A8,02,00,00
981000,2C5,false,Rx,0,8,00,00,00,00,00,00,00,00
981000,2C6,false,Rx,0,8,F4,01,84,03,00,00,00,00
995000,54,false,Rx,0,8,00,00,FE,FF,FE,FF,00,00
996000,55,false,Rx,0,8,10,27,00,00,00,00,00,00
996000,56,false,Rx,0,8,10,27,00,00,00,00,00,00
1006000,57,false,Rx,0,8,00,00,FE,FF,FE,FF,00,00
1006000,60D,false,Rx,0,8,0D,11,DE,23,02,20,70,00
1048000,625,false,Rx,0,8,25,00,11,43,FD,BB,E4,01
1106000,60D,false,Rx,0,8,0D,11,DE,23,02,20,70,00
1148000,625,false,Rx,0,8,25,00,11,43,FD,BB,E4,01
1180000,2C4,false,Rx,0,8,03,00,00,00,A8,02,00,00
1180000,2C5,false,Rx,0,8,00,00,00,00,00,00,00,00
1181000,2C6,false,Rx,0,8,F4,01,84,03,00,00,00,00
1195000,54,false,Rx,0,8,00,00,FE,FF,FE,FF,00,00
1196000,55,false,Rx,0,8,10,27,00,00,00,00,00,00
1196000,56,false,Rx,0,8,10,27,00,00,00,00,00,00
1206000,57,false,Rx,0,8,00,00,FE,FF,FE,FF,00,00
1206000,60D,false,Rx,0,8,0D,11,DE,23,02,20,70,00
1248000,625,false,Rx,0,8,25,00,11,43,FD,BB,E4,01
1306000,60D,false,Rx,0,8,0D,11,DE,23,02,20,70,00
1348000,625,false,Rx,0,8,25,00,11,43,FD,BB,E4,01
1380000,2C4,false,Rx,0,8,03,00,00,00,A5,02,00,00
1380000,2C5,false,Rx,0,8,00,00,00,00,00,00,00,00
1381000,2C6,false,Rx,0,8,F4,01,84,03,00,00,00,00
1395000,54,false,Rx,0,8,00,00,FE,FF,FE,FF,00,00
1396000,55,false,Rx,0,8,10,27,00,00,00,00,00,00
1396000,56,false,Rx,0,8,10,27,00,00,00,00,00,00
1406000,57,false,Rx,0,8,00,00,FE,FF,FE,FF,00,00
1406000,60D,false,Rx,0,8,0D,11,DE,23,02,20,70,00
1448000,625,false,Rx,0,8,25,00,11,43,FD,BB,E4,01
1506000,60D,false,Rx,0,8,0D,11,DE,23,02,20,70,00
1548000,625,false,Rx,0,8,25,00,11,43,FD,BB,E4,01
1580000,2C4,false,Rx,0,8,03,00,00,00,A5,02,00,00
1580000,2C5,false,Rx,0,8,00,00,00,00,00,00,00,00
1581000,2C6,false,Rx,0,8,F4,01,84,03,00,00,00,00
1595000,54,false,Rx,0,8,00,00,FE,FF,FE,FF,00,00
1596000,55,false,Rx,0,8,10,27,00,00,00,00,00,00
1596000,56,false,Rx,0,8,10,27,00,00,00,00,00,00
1606000,57,false,Rx,0,8,00,00,FE,FF,FE,FF,00,00
1607000,60D,false,Rx,0,8,0D,11,DE,23,02,20,70,00
1648000,625,false,Rx,0,8,25,00,11,43,FD,BB,E4,01
1706000,60D,false,Rx,0,8,0D,11,DF,23,02,20,70,00
1748000,625,false,Rx,0,8,25,00,11,43,FD,BB,E4,01
1780000,2C4,false,Rx,0,8,03,00,00,00,A8,02,00,00
1780000,2C5,false,Rx,0,8,00,00,00,00,00,00,00,00
1781000,2C6,false,Rx,0,8,F4,01,84,03,00,00,00,00
1795000,54,false,Rx,0,8,00,00,FE,FF,FE,FF,00,00
1796000,55,false,Rx,0,8,10,27,00,00,00,00,00,00
1796000,56,false,Rx,0,8,10,27,00,00,00,00,00,00
1806000,57,false,Rx,0,8,00,00,FE,FF,FE,FF,00,00
1807000,60D,false,Rx,0,8,0D,11,DF,23,02,20,70,00
1848000,625,false,Rx,0,8,25,00,11,43,FD,BB,E4,01
1906000,60D,false,Rx,0,8,0D,11,DF,23,02,20,70,00
1948000,625,false,Rx,0,8,25,00,11,43,FD,BB,E4,01
1980000,2C4,false,Rx,0,8,03,00,00,00,A8,02,00,00
1980000,2C5,false,Rx,0,8,00,00,00,00,00,00,00,00
1981000,2C6,false,Rx,0,8,F4,01,84,03,00,00,00,00
1995000,54,false,Rx,0,8,00,00,FE,FF,FE,FF,00,00
1996000,55,false,Rx,0,8,10,27,00,00,00,00,00,00
1996000,56,false,Rx,0,8,10,27,00,00,00,00,00,00
2006000,57,false,Rx,0,8,00,00,FE,FF,FE,FF,00,00
2006000,60D,false,Rx,0,8,0D,11,DF,23,02,20,70,00
2048000,625,false,Rx,0,8,25,00,11,43,FD,BB,E4,01
2105000,60D,false,Rx,0,8,0D,11,DF,23,02,20,70,00
2148000,625,false,Rx,0,8,25,00,11,43,FD,BB,E4,01
2180000,2C4,false,Rx,0,8,03,00,00,00,A8,02,00,00
2180000,2C5,false,Rx,0,8,00,00,00,00,00,00,00,00
2181000,2C6,false,Rx,0,8,F4,01,84,03,00,00,00,00
2195000,54,false,Rx,0,8,00,00,FE,FF,FE,FF,00,00
2196000,55,false,Rx,0,8,10,27,00,00,00,00,00,00
2196000,56,false,Rx,0,8,10,27,00,00,00,00,00,00
2206000,57,false,Rx,0,8,00,00,FE,FF,FE,FF,00,00
2206000,60D,false,Rx,0,8,0D,11,DF,23,02,20,70,00
2248000,625,false,Rx,0,8,25,00,11,43,FD,BB,E4,01
2306000,60D,false,Rx,0,8,0D,11,DF,23,02,20,70,00
2348000,625,false,Rx,0,8,25,00,11,43,FD,BB,E4,01
2380000,2C4,false,Rx,0,8,03,00,00,00,A5,02,00,00
2380000,2C5,false,Rx,0,8,00,00,00,00,00,00,00,00
2381000,2C6,false,Rx,0,8,F4,01,84,03,00,00,00,00
2395000,54,false,Rx,0,8,00,00,FE,FF,FE,FF,00,00
2396000,55,false,Rx,0,8,10,27,00,00,00,00,00,00
2396000,56,false,Rx,0,8,10,27,00,00,00,00,00,00
2406000,57,false,Rx,0,8,00,00,FE,FF,FE,FF,00,00
2406000,60D,false,Rx,0,8,0D,11,DF,23,02,20,70,00
2448000,625,false,Rx,0,8,25,00,11,43,FD,BB,E4,01
2505000,60D,false,Rx,0,8,0D,11,DF,23,02,20,70,00
2548000,625,false,Rx,0,8,25,00,11,43,FD,BB,E4,01
2580000,2C4,false,Rx,0,8,03,00,00,00,A8,02,00,00
2580000,2C5,false,Rx,0,8,00,00,00,00,00,00,00,00
2581000,2C6,false,Rx,0,8,F4,01,84,03,00,00,00,00
2595000,54,false,Rx,0,8,00,00,FE,FF,FE,FF,00,00
2596000,55,false,Rx,0,8,10,27,00,00,00,00,00,00
2596000,56,false,Rx,0,8,10,27,00,00,00,00,00,00
2606000,57,false,Rx,0,8,00,00,FE,FF,FE,FF,00,00
2606000,60D,false,Rx,0,8,0D,11,DF,23,02,20,70,00
2648000,625,false,Rx,0,8,25,00,11,43,FD,BB,E4,01
2705000,60D,false,Rx,0,8,0D,11,DF,23,02,20,70,00
2748000,625,false,Rx,0,8,25,00,11,43,FD,BB,E4,01
2780000,2C4,false,Rx,0,8,03,00,00,00,A8,02,00,00
2780000,2C5,false,Rx,0,8,00,00,00,00,00,00,00,00
2781000,2C6,false,Rx,0,8,F4,01,84,03,00,00,00,00
2795000,54,false,Rx,0,8,00,00,FE,FF,FE,FF,00,00
2796000,55,false,Rx,0,8,10,27,00,00,00,00,00,00
2796000,56,false,Rx,0,8,10,27,00,00,00,00,00,00
2806000,57,false,Rx,0,8,00,00,FE,FF,FE,FF,00,00
2806000,60D,false,Rx,0,8,0D,11,DF,23,02,20,70,00
2848000,625,false,Rx,0,8,25,00,11,43,FD,BB,E4,01
2905000,60D,false,Rx,0,8,0D,11,DF,23,02,20,70,00
2948000,625,false,Rx,0,8,25,00,11,43,FD,BB,E4,01
2980000,2C4,false,Rx,0,8,03,00,00,00,A8,02,00,00
2980000,2C5,false,Rx,0,8,00,00,00,00,00,00,00,00
2981000,2C6,false,Rx,0,8,F4,01,84,03,00,00,00,00
2995000,54,false,Rx,0,8,00,00,FE,FF,FE,FF,00,00
2996000,55,false,Rx,0,8,10,27,00,00,00,00,00,00
2996000,56,false,Rx,0,8,10,27,00,00,00,00,00,00
3006000,57,false,Rx,0,8,00,00,FE,FF,FE,FF,00,00
3006000,60D,false,Rx,0,8,0D,11,DF,23,02,20,70,00
3048000,625,false,Rx,0,8,25,00,11,43,FD,BB,E4,01
3105000,60D,false,Rx,0,8,0D,11,DF,23,02,20,70,00
3148000,625,false,Rx,0,8,25,00,11,43,FD,BB,E4,01
3180000,2C4,false,Rx,0,8,03,00,00,00,A5,02,00,00
3180000,2C5,false,Rx,0,8,00,00,00,00,00,00,00,00
3181000,2C6,false,Rx,0,8,F4,01,84,03,00,00,00,00
3195000,54,false,Rx,0,8,00,00,FE,FF,FE,FF,00,00
3196000,55,false,Rx,0,8,10,27,00,00,00,00,00,00
3196000,56,false,Rx,0,8,10,27,00,00,00,00,00,00
3206000,57,false,Rx,0,8,00,00,FE,FF,FE,FF,00,00
3206000,60D,false,Rx,0,8,0D,11,DF,23,02,20,70,00
3248000,625,false,Rx,0,8,25,00,11,43,FD,BB,E4,01
3305000,60D,false,Rx,0,8,0D,11,DF,23,02,20,70,00
3348000,625,false,Rx,0,8,25,00,11,43,FD,BB,E4,01
3380000,2C4,false,Rx,0,8,03,00,00,00,A8,02,00,00
3380000,2C5,false,Rx,0,8,00,00,00,00,00,00,00,00
3381000,2C6,false,Rx,0,8,F4,01,84,03,00,00,00,00
3395000,54,false,Rx,0,8,00,00,FE,FF,FE,FF,00,00
3396000,55,false,Rx,0,8,10,27,00,00,00,00,00,00
3396000,56,false,Rx,0,8,10,27,00,00,00,00,00,00
3406000,57,false,Rx,0,8,00,00,FE,FF,FE,FF,00,00
3407000,60D,false,Rx,0,8,0D,11,DF,23,02,20,70,00
3448000,625,false,Rx,0,8,25,00,11,43,FD,BB,E4,01
3505000,60D,false,Rx,0,8,0D,11,DF,23,02,20,70,00
3548000,625,false,Rx,0,8,25,00,11,43,FD,BB,E4,01
3580000,2C4,false,Rx,0,8,03,00,00,00,A8,02,00,00
3580000,2C5,false,Rx,0,8,00,00,00,00,00,00,00,00
3581000,2C6,false,Rx,0,8,F4,01,84,03,00,00,00,00
3595000,54,false,Rx,0,8,00,00,FE,FF,FE,FF,00,00
3596000,55,false,Rx,0,8,10,27,00,00,00,00,00,00
3596000,56,false,Rx,0,8,10,27,00,00,00,00,00,00
3606000,57,false,Rx,0,8,00,00,FE,FF,FE,FF,00,00
3648000,625,false,Rx,0,8,25,00,11,43,FD,BB,E4,01
3748000,625,false,Rx,0,8,25,00,11,43,FD,BB,E4,01
3780000,2C4,false,Rx,0,8,03,00,00,00,A8,02,00,00
3780000,2C5,false,Rx,0,8,00,00,00,00,00,00,00,00
3781000,2C6,false,Rx,0,8,F4,01,84,03,00,00,00,00
3795000,54,false,Rx,0,8,00,00,FE,FF,FE,FF,00,00
3796000,55,false,Rx,0,8,10,27,00,00,00,00,00,00
3796000,56,false,Rx,0,8,10,27,00,00,00,00,00,00
3806000,57,false,Rx,0,8,00,00,FE,FF,FE,FF,00,00
3848000,625,false,Rx,0,8,25,00,11,43,FD,BB,E4,01
3948000,625,false,Rx,0,8,25,00,11,43,FD,BB,E4,01
3980000,2C4,false,Rx,0,8,03,00,00,00,A5,02,00,00
3980000,2C5,false,Rx,0,8,00,00,00,00,00,00,00,00
3981000,2C6,false,Rx,0,8,F4,01,84,03,00,00,00,00
3995000,54,false,Rx,0,8,00,00,FE,FF,FE,FF,00,00
3996000,55,false,Rx,0,8,10,27,00,00,00,00,00,00
3996000,56,false,Rx,0,8,10,27,00,00,00,00,00,00
4006000,57,false,Rx,0,8,00,00,FE,FF,FE,FF,00,00
4048000,625,false,Rx,0,8,25,00,11,43,FD,BB,E4,01
4148000,625,false,Rx,0,8,25,00,11,43,FD,BB,E4,01
4180000,2C4,false,Rx,0,8,03,00,00,00,A8,02,00,00
4180000,2C5,false,Rx,0,8,00,00,00,00,00,00,00,00
4181000,2C6,false,Rx,0,8,F4,01,84,03,00,00,00,00
4195000,54,false,Rx,0,8,00,00,FE,FF,FE,FF,00,00
4196000,55,false,Rx,0,8,10,27,00,00,00,00,00,00
4196000,56,false,Rx,0,8,10,27,00,00,00,00,00,00
4206000,57,false,Rx,0,8,00,00,FE,FF,FE,FF,00,00
4248000,625,false,Rx,0,8,25,00,11,43,FD,BB,E4,01
4348000,625,false,Rx,0,8,25,00,11,43,FD,BB,E4,01
4380000,2C4,false,Rx,0,8,03,00,00,00,A5,02,00,00
4380000,2C5,false,Rx,0,8,00,00,00,00,00,00,00,00
4381000,2C6,false,Rx,0,8,F4,01,84,03,00,00,00,00
4395000,54,false,Rx,0,8,00,00,FE,FF,FE,FF,00,00
4396000,55,false,Rx,0,8,10,27,00,00,00,00,00,00
4396000,56,false,Rx,0,8,10,27,00,00,00,00,00,00
4406000,57,false,Rx,0,8,00,00,FE,FF,FE,FF,00,00
4448000,625,false,Rx,0,8,25,00,11,43,FD,BB,E4,01
4548000,625,false,Rx,0,8,25,00,11,43,FD,BB,E4,01
4580000,2C4,false,Rx,0,8,03,00,00,00,A8,02,00,00
4580000,2C5,false,Rx,0,8,00,00,00,00,00,00,00,00
4581000,2C6,false,Rx,0,8,F4,01,84,03,00,00,00,00
4595000,54,false,Rx,0,8,00,00,FE,FF,FE,FF,00,00
4596000,55,false,Rx,0,8,10,27,00,00,00,00,00,00
4596000,56,false,Rx,0,8,10,27,00,00,00,00,00,00
4606000,57,false,Rx,0,8,00,00,FE,FF,FE,FF,00,00
4648000,625,false,Rx,0,8,25,00,11,43,FD,BB,E4,01
4748000,625,false,Rx,0,8,25,00,11,43,FD,BB,E4,01
4780000,2C4,false,Rx,0,8,03,00,00,00,A5,02,00,00
4780000,2C5,false,Rx,0,8,00,00,00,00,00,00,00,00
4781000,2C6,false,Rx,0,8,F4,01,84,03,00,00,00,00
4795000,54,false,Rx,0,8,00,00,FE,FF,FE,FF,00,00
4795000,55,false,Rx,0,8,10,27,00,00,00,00,00,00
4796000,56,false,Rx,0,8,10,27,00,00,00,00,00,00
4806000,57,false,Rx,0,8,00,00,FE,FF,FE,FF,00,00
4848000,625,false,Rx,0,8,25,00,11,43,FD,BB,E4,01
4948000,625,false,Rx,0,8,25,00,11,43,FD,BB,E4,01
4980000,2C4,false,Rx,0,8,03,00,00,00,A5,02,00,00
4980000,2C5,false,Rx,0,8,00,00,00,00,00,00,00,00
4981000,2C6,false,Rx,0,8,F4,01,84,03,00,00,00,00
4995000,54,false,Rx,0,8,00,00,FE,FF,FE,FF,00,00
4995000,55,false,Rx,0,8,10,27,00,00,00,00,00,00
4996000,56,false,Rx,0,8,10,27,00,00,00,00,00,00
5006000,57,false,Rx,0,8,00,00,FE,FF,FE,FF,00,00
5048000,625,false,Rx,0,8,25,00,11,43,FD,BB,E4,01
5148000,625,false,Rx,0,8,25,00,11,43,FD,BB,E4,01
5180000,2C4,false,Rx,0,8,03,00,00,00,A5,02,00,00
5180000,2C5,false,Rx,0,8,00,00,00,00,00,00,00,00
5181000,2C6,false,Rx,0,8,F4,01,84,03,00,00,00,00
5195000,54,false,Rx,0,8,00,00,FE,FF,FE,FF,00,00
5195000,55,false,Rx,0,8,10,27,00,00,00,00,00,00
5196000,56,false,Rx,0,8,10,27,00,00,00,00,00,00
5206000,57,false,Rx,0,8,00,00,FE,FF,FE,FF,00,00
5248000,625,false,Rx,0,8,25,00,11,43,FD,BB,E4,01
5348000,625,false,Rx,0,8,25,00,11,43,FD,BB,E4,01
5380000,2C4,false,Rx,0,8,03,00,00,00,A8,02,00,00
5380000,2C5,false,Rx,0,8,00,00,00,00,00,00,00,00
5381000,2C6,false,Rx,0,8,F4,01,84,03,00,00,00,00
5395000,54,false,Rx,0,8,00,00,FE,FF,FE,FF,00,00
5395000,55,false,Rx,0,8,10,27,00,00,00,00,00,00
5396000,56,false,Rx,0,8,10,27,00,00,00,00,00,00
5406000,57,false,Rx,0,8,00,00,FE,FF,FE,FF,00,00
5448000,625,false,Rx,0,8,25,00,11,43,FD,BB,E4,01
5548000,625,false,Rx,0,8,25,00,11,43,FD,BB,E4,01
5580000,2C4,false,Rx,0,8,03,00,00,00,A8,02,00,00
5580000,2C5,false,Rx,0,8,00,00,00,00,00,00,00,00
5581000,2C6,false,Rx,0,8,F4,01,84,03,00,00,00,00
5595000,54,false,Rx,0,8,00,00,FE,FF,FE,FF,00,00
5595000,55,false,Rx,0,8,10,27,00,00,00,00,00,00
5596000,56,false,Rx,0,8,10,27,00,00,00,00,00,00
5606000,57,false,Rx,0,8,00,00,FE,FF,FE,FF,00,00
5648000,625,false,Rx,0,8,25,00,11,43,FD,BB,E4,01
5748000,625,false,Rx,0,8,25,00,11,43,FD,BB,E4,01
5780000,2C4,false,Rx,0,8,03,00,00,00,A5,02,00,00
5780000,2C5,false,Rx,0,8,00,00,00,00,00,00,00,00
5780000,2C6,false,Rx,0,8,F4,01,84,03,00,00,00,00
5795000,54,false,Rx,0,8,00,00,FE,FF,FE,FF,00,00
5795000,55,false,Rx,0,8,10,27,00,00,00,00,00,00
5796000,56,false,Rx,0,8,10,27,00,00,00,00,00,00
5806000,57,false,Rx,0,8,00,00,FE,FF,FE,FF,00,00
5848000,625,false,Rx,0,8,25,00,11,43,FD,BB,E4,01
5948000,625,false,Rx,0,8,25,00,11,43,FD,BB,E4,01
5980000,2C4,false,Rx,0,8,03,00,00,00,A5,02,00,00
5980000,2C5,false,Rx,0,8,00,00,00,00,00,00,00,00
5980000,2C6,false,Rx,0,8,F4,01,84,03,00,00,00,00
5995000,54,false,Rx,0,8,00,00,FE,FF,FE,FF,00,00
5995000,55,false,Rx,0,8,10,27,00,00,00,00,00,00
5996000,56,false,Rx,0,8,10,27,00,00,00,00,00,00
6006000,57,false,Rx,0,8,00,00,FE,FF,FE,FF,00,00
6048000,625,false,Rx,0,8,25,00,11,43,FD,BB,E4,01
6148000,625,false,Rx,0,8,25,00,11,43,FD,BB,E4,01
6180000,2C4,false,Rx,0,8,03,00,00,00,A8,02,00,00
6180000,2C5,false,Rx,0,8,00,00,00,00,00,00,00,00
6180000,2C6,false,Rx,0,8,F4,01,84,03,00,00,00,00
6195000,54,false,Rx,0,8,00,00,FE,FF,FE,FF,00,00
6195000,55,false,Rx,0,8,10,27,00,00,00,00,00,00
6196000,56,false,Rx,0,8,10,27,00,00,00,00,00,00
6206000,57,false,Rx,0,8,00,00,FE,FF,FE,FF,00,00
6248000,625,false,Rx,0,8,25,00,11,43,FD,BB,E4,01
6348000,625,false,Rx,0,8,25,00,11,43,FD,BB,E4,01
6380000,2C4,false,Rx,0,8,03,00,00,00,A8,02,00,00
6380000,2C5,false,Rx,0,8,00,00,00,00,00,00,00,00
6380000,2C6,false,Rx,0,8,F4,01,84,03,00,00,00,00
6395000,54,false,Rx,0,8,00,00,FE,FF,FE,FF,00,00
6395000,55,false,Rx,0,8,10,27,00,00,00,00,00,00
6396000,56,false,Rx,0,8,10,27,00,00,00,00,00,00
6406000,57,false,Rx,0,8,00,00,FE,FF,FE,FF,00,00
6448000,625,false,Rx,0,8,25,00,11,43,FD,BB,E4,01
6548000,625,false,Rx,0,8,25,00,11,43,FD,BB,E4,01
6580000,2C4,false,Rx,0,8,03,00,00,00,A5,02,00,00
6580000,2C5,false,Rx,0,8,00,00,00,00,00,00,00,00
6580000,2C6,false,Rx,0,8,F4,01,84,03,00,00,00,00
6595000,54,false,Rx,0,8,00,00,FE,FF,FE,FF,00,00
6596000,55,false,Rx,0,8,10,27,00,00,00,00,00,00
6596000,56,false,Rx,0,8,10,27,00,00,00,00,00,00
6606000,57,false,Rx,0,8,00,00,FE,FF,FE,FF,00,00
6648000,625,false,Rx,0,8,25,00,11,43,FD,BB,E4,01
6748000,625,false,Rx,0,8,25,00,11,43,FD,BB,E4,01
6780000,2C4,false,Rx,0,8,03,00,00,00,A8,02,00,00
6780000,2C5,false,Rx,0,8,00,00,00,00,00,00,00,00
6780000,2C6,false,Rx,0,8,F4,01,84,03,00,00,00,00
6795000,54,false,Rx,0,8,00,00,FE,FF,FE,FF,00,00
6795000,55,false,Rx,0,8,10,27,00,00,00,00,00,00
6796000,56,false,Rx,0,8,10,27,00,00,00,00,00,00
6806000,57,false,Rx,0,8,00,00,FE,FF,FE,FF,00,00
6848000,625,false,Rx,0,8,25,00,11,43,FD,BB,E4,01
6948000,625,false,Rx,0,8,25,00,11,43,FD,BB,E4,01
6980000,2C4,false,Rx,0,8,03,00,00,00,A8,02,00,00
6980000,2C5,false,Rx,0,8,00,00,00,00,00,00,00,00
6980000,2C6,false,Rx,0,8,F4,01,84,03,00,00,00,00
6995000,54,false,Rx,0,8,00,00,FE,FF,FE,FF,00,00
6995000,55,false,Rx,0,8,10,27,00,00,00,00,00,00
6996000,56,false,Rx,0,8,10,27,00,00,00,00,00,00
7006000,57,false,Rx,0,8,00,00,FE,FF,FE,FF,00,00
7048000,625,false,Rx,0,8,25,00,11,43,FD,BB,E4,01
7148000,625,false,Rx,0,8,25,00,11,43,FD,BB,E4,01
7180000,2C4,false,Rx,0,8,03,00,00,00,A8,02,00,00
7180000,2C5,false,Rx,0,8,00,00,00,00,00,00,00,00
7180000,2C6,false,Rx,0,8,F4,01,84,03,00,00,00,00
7195000,54,false,Rx,0,8,00,00,FE,FF,FE,FF,00,00
7196000,55,false,Rx,0,8,10,27,00,00,00,00,00,00
7196000,56,false,Rx,0,8,10,27,00,00,00,00,00,00
7206000,57,false,Rx,0,8,00,00,FE,FF,FE,FF,00,00
7248000,625,false,Rx,0,8,25,00,11,43,FD,BB,E4,01
7348000,625,false,Rx,0,8,25,00,11,43,FD,BB,E4,01
7380000,2C4,false,Rx,0,8,03,00,00,00,A5,02,00,00
7380000,2C5,false,Rx,0,8,00,00,00,00,00,00,00,00
7380000,2C6,false,Rx,0,8,F4,01,84,03,00,00,00,00
7395000,54,false,Rx,0,8,00,00,FE,FF,FE,FF,00,00
7395000,55,false,Rx,0,8,10,27,00,00,00,00,00,00
7396000,56,false,Rx,0,8,10,27,00,00,00,00,00,00
7406000,57,false,Rx,0,8,00,00,FE,FF,FE,FF,00,00
7448000,625,false,Rx,0,8,25,00,11,43,FD,BB,E4,01
7548000,625,false,Rx,0,8,25,00,11,43,FD,BB,E4,01
7580000,2C4,false,Rx,0,8,03,00,00,00,A8,02,00,00
7580000,2C5,false,Rx,0,8,00,00,00,00,00,00,00,00
7580000,2C6,false,Rx,0,8,F4,01,84,03,00,00,00,00
7595000,54,false,Rx,0,8,00,00,FE,FF,FE,FF,00,00
7595000,55,false,Rx,0,8,10,27,00,00,00,00,00,00
7596000,56,false,Rx,0,8,10,27,00,00,00,00,00,00
7606000,57,false,Rx,0,8,00,00,FE,FF,FE,FF,00,00
7648000,625,false,Rx,0,8,25,00,11,43,FD,BB,E4,01
7748000,625,false,Rx,0,8,25,00,11,43,FD,BB,E4,01
7780000,2C4,false,Rx,0,8,03,00,00,00,A8,02,00,00
7780000,2C5,false,Rx,0,8,00,00,00,00,00,00,00,00
7780000,2C6,false,Rx,0,8,F4,01,84,03,00,00,00,00
7795000,54,false,Rx,0,8,00,00,FE,FF,FE,FF,00,00
7795000,55,false,Rx,0,8,10,27,00,00,00,00,00,00
7796000,56,false,Rx,0,8,10,27,00,00,00,00,00,00
7806000,57,false,Rx,0,8,00,00,FE,FF,FE,FF,00,00
7848000,625,false,Rx,0,8,25,00,11,43,FD,BB,E4,01
7948000,625,false,Rx,0,8,25,00,11,43,FD,BB,E4,01
7980000,2C4,false,Rx,0,8,03,00,00,00,A8,02,00,00
7980000,2C5,false,Rx,0,8,00,00,00,00,00,00,00,00
7980000,2C6,false,Rx,0,8,F4,01,84,03,00,00,00,00
7995000,54,false,Rx,0,8,00,00,FE,FF,FE,FF,00,00
7995000,55,false,Rx,0,8,10,27,00,00,00,00,00,00
7996000,56,false,Rx,0,8,10,27,00,00,00,00,00,00
8006000,57,false,Rx,0,8,00,00,FE,FF,FE,FF,00,00
8048000,625,false,Rx,0,8,25,00,11,43,FD,BB,E4,01
8148000,625,false,Rx,0,8,25,00,11,43,FD,BB,E4,01
8180000,2C4,false,Rx,0,8,03,00,00,00,A5,02,00,00
8180000,2C5,false,Rx,0,8,00,00,00,00,00,00,00,00
8180000,2C6,false,Rx,0,8,F4,01,84,03,00,00,00,00
8195000,54,false,Rx,0,8,00,00,FE,FF,FE,FF,00,00
8195000,55,false,Rx,0,8,10,27,00,00,00,00,00,00
8196000,56,false,Rx,0,8,10,27,00,00,00,00,00,00
8206000,57,false,Rx,0,8,00,00,FE,FF,FE,FF,00,00
8248000,625,false,Rx,0,8,25,00,11,43,FD,BB,E4,01
8348000,625,false,Rx,0,8,25,00,11,43,FD,BB,E4,01
8380000,2C4,false,Rx,0,8,03,00,00,00,A5,02,00,00
8380000,2C5,false,Rx,0,8,00,00,00,00,00,00,00,00
8380000,2C6,false,Rx,0,8,F4,01,84,03,00,00,00,00
8395000,54,false,Rx,0,8,00,00,FE,FF,FE,FF,00,00
8395000,55,false,Rx,0,8,10,27,00,00,00,00,00,00
8396000,56,false,Rx,0,8,10,27,00,00,00,00,00,00
8406000,57,false,Rx,0,8,00,00,FE,FF,FE,FF,00,00
8448000,625,false,Rx,0,8,25,00,11,43,FD,BB,E4,01
8548000,625,false,Rx,0,8,25,00,11,43,FD,BB,E4,01
8580000,2C4,false,Rx,0,8,03,00,00,00,A8,02,00,00
8580000,2C5,false,Rx,0,8,00,00,00,00,00,00,00,00
8580000,2C6,false,Rx,0,8,F4,01,84,03,00,00,00,00
8595000,54,false,Rx,0,8,00,00,FE,FF,FE,FF,00,00
8595000,55,false,Rx,0,8,10,27,00,00,00,00,00,00
8596000,56,false,Rx,0,8,10,27,00,00,00,00,00,00
8606000,57,false,Rx,0,8,00,00,FE,FF,FE,FF,00,00
8648000,625,false,Rx,0,8,25,00,11,43,FD,BB,E4,01
8748000,625,false,Rx,0,8,25,00,11,43,FD,BB,E4,01
8780000,2C4,false,Rx,0,8,03,00,00,00,A8,02,00,00
8780000,2C5,false,Rx,0,8,00,00,00,00,00,00,00,00
8780000,2C6,false,Rx,0,8,F4,01,84,03,00,00,00,00
8795000,54,false,Rx,0,8,00,00,FE,FF,FE,FF,00,00
8795000,55,false,Rx,0,8,10,27,00,00,00,00,00,00
8796000,56,false,Rx,0,8,10,27,00,00,00,00,00,00
8806000,57,false,Rx,0,8,00,00,FE,FF,FE,FF,00,00
8848000,625,false,Rx,0,8,25,00,11,43,FD,BB,E4,01
8948000,625,false,Rx,0,8,25,00,11,43,FD,BB,E4,01
8980000,2C4,false,Rx,0,8,03,00,00,00,A8,02,00,00
8980000,2C5,false,Rx,0,8,00,00,00,00,00,00,00,00
8980000,2C6,false,Rx,0,8,F4,01,84,03,00,00,00,00
8995000,54,false,Rx,0,8,00,00,FE,FF,FE,FF,00,00
8995000,55,false,Rx,0,8,10,27,00,00,00,00,00,00
8996000,56,false,Rx,0,8,10,27,00,00,00,00,00,00
9006000,57,false,Rx,0,8,00,00,FE,FF,FE,FF,00,00
9048000,625,false,Rx,0,8,25,00,11,43,FD,BB,E4,01
9148000,625,false,Rx,0,8,25,00,11,43,FD,BB,E4,01
9180000,2C4,false,Rx,0,8,03,00,00,00,A5,02,00,00
9180000,2C5,false,Rx,0,8,00,00,00,00,00,00,00,00
9180000,2C6,false,Rx,0,8,F4,01,84,03,00,00,00,00
9195000,54,false,Rx,0,8,00,00,FE,FF,FE,FF,00,00
9195000,55,false,Rx,0,8,10,27,00,00,00,00,00,00
9196000,56,false,Rx,0,8,10,27,00,00,00,00,00,00
9206000,57,false,Rx,0,8,00,00,FE,FF,FE,FF,00,00
9248000,625,false,Rx,0,8,25,00,11,43,FD,BB,E4,01
9348000,625,false,Rx,0,8,25,00,11,43,FD,BB,E4,01
9380000,2C4,false,Rx,0,8,03,00,00,00,A8,02,00,00
9380000,2C5,false,Rx,0,8,00,00,00,00,00,00,00,00
9380000,2C6,false,Rx,0,8,F4,01,84,03,00,00,00,00
9395000,54,false,Rx,0,8,00,00,FE,FF,FE,FF,00,00
9395000,55,false,Rx,0,8,10,27,00,00,00,00,00,00
9396000,56,false,Rx,0,8,10,27,00,00,00,00,00,00
9406000,57,false,Rx,0,8,00,00,FE,FF,FE,FF,00,00
9448000,625,false,Rx,0,8,25,00,11,43,FD,BB,E4,01
9548000,625,false,Rx,0,8,25,00,11,43,FD,BB,E4,01
9580000,2C4,false,Rx,0,8,03,00,00,00,A8,02,00,00
9580000,2C5,false,Rx,0,8,00,00,00,00,00,00,00,00
9580000,2C6,false,Rx,0,8,F4,01,84,03,00,00,00,00
9595000,54,false,Rx,0,8,00,00,FE,FF,FE,FF,00,00
9595000,55,false,Rx,0,8,10,27,00,00,00,00,00,00
9596000,56,false,Rx,0,8,10,27,00,00,00,00,00,00
9606000,57,false,Rx,0,8,00,00,FE,FF,FE,FF,00,00
9648000,625,false,Rx,0,8,25,00,11,43,FD,BB,E4,01
9748000,625,false,Rx,0,8,25,00,11,43,FD,BB,E4,01
9780000,2C4,false,Rx,0,8,03,00,00,00,A8,02,00,00
9780000,2C5,false,Rx,0,8,00,00,00,00,00,00,00,00
9780000,2C6,false,Rx,0,8,F4,01,84,03,00,00,00,00
9795000,54,false,Rx,0,8,00,00,FE,FF,FE,FF,00,00
9795000,55,false,Rx,0,8,10,27,00,00,00,00,00,00
9796000,56,false,Rx,0,8,10,27,00,00,00,00,00,00
9806000,57,false,Rx,0,8,00,00,FE,FF,FE,FF,00,00
9848000,625,false,Rx,0,8,25,00,11,43,FD,BB,E4,01
9948000,625,false,Rx,0,8,25,00,11,43,FD,BB,E4,01
9980000,2C4,false,Rx,0,8,03,00,00,00,A5,02,00,00
9980000,2C5,false,Rx,0,8,00,00,00,00,00,00,00,00
9980000,2C6,false,Rx,0,8,F4,01,84,03,00,00,00,00
9995000,54,false,Rx,0,8,00,00,FE,FF,FE,FF,00,00
9995000,55,false,Rx,0,8,10,27,00,00,00,00,00,00
9996000,56,false,Rx,0,8,10,27,00,00,00,00,00,00
10006000,57,false,Rx,0,8,00,00,FE,FF,FE,FF,00,00
10048000,625,false,Rx,0,8,25,00,11,43,FD,BB,E4,01
10148000,625,false,Rx,0,8,25,00,11,43,FD,BB,E4,01
10180000,2C4,false,Rx,0,8,03,00,00,00,A8,02,00,00
10180000,2C5,false,Rx,0,8,00,00,00,00,00,00,00,00
10180000,2C6,false,Rx,0,8,F4,01,84,03,00,00,00,00
10195000,54,false,Rx,0,8,00,00,FE,FF,FE,FF,00,00
10195000,55,false,Rx,0,8,10,27,00,00,00,00,00,00
10196000,56,false,Rx,0,8,10,27,00,00,00,00,00,00
10206000,57,false,Rx,0,8,00,00,FE,FF,FE,FF,00,00
10248000,625,false,Rx,0,8,25,00,11,43,FD,BB,E4,01
10348000,625,false,Rx,0,8,25,00,11,43,FD,BB,E4,01
10380000,2C4,false,Rx,0,8,03,00,00,00,A8,02,00,00
10380000,2C5,false,Rx,0,8,00,00,00,00,00,00,00,00
10380000,2C6,false,Rx,0,8,F4,01,84,03,00,00,00,00
10395000,54,false,Rx,0,8,00,00,FE,FF,FE,FF,00,00
10395000,55,false,Rx,0,8,10,27,00,00,00,00,00,00
10396000,56,false,Rx,0,8,10,27,00,00,00,00,00,00
10406000,57,false,Rx,0,8,00,00,FE,FF,FE,FF,00,00
10448000,625,false,Rx,0,8,25,00,11,43,FD,BB,E4,01
10548000,625,false,Rx,0,8,25,00,11,43,FD,BB,E4,01
10580000,2C4,false,Rx,0,8,03,00,00,00,A8,02,00,00
10580000,2C5,false,Rx,0,8,00,00,00,00,00,00,00,00
10580000,2C6,false,Rx,0,8,F4,01,84,03,00,00,00,00
10595000,54,false,Rx,0,8,00,00,FE,FF,FE,FF,00,00
10595000,55,false,Rx,0,8,10,27,00,00,00,00,00,00
10596000,56,false,Rx,0,8,10,27,00,00,00,00,00,00
10606000,57,false,Rx,0,8,00,00,FE,FF,FE,FF,00,00
10648000,625,false,Rx,0,8,25,00,11,43,FD,BB,E4,01
10748000,625,false,Rx,0,8,25,00,11,43,FD,BB,E4,01
10780000,2C4,false,Rx,0,8,03,00,00,00,A5,02,00,00
10780000,2C5,false,Rx,0,8,00,00,00,00,00,00,00,00
10780000,2C6,false,Rx,0,8,F4,01,84,03,00,00,00,00
10795000,54,false,Rx,0,8,00,00,FE,FF,FE,FF,00,00
10795000,55,false,Rx,0,8,10,27,00,00,00,00,00,00
10796000,56,false,Rx,0,8,10,27,00,00,00,00,00,00
10806000,57,false,Rx,0,8,00,00,FE,FF,FE,FF,00,00
10848000,625,false,Rx,0,8,25,00,11,43,FD,BB,E4,01
10948000,625,false,Rx,0,8,25,00,11,43,FD,BB,E4,01
10980000,2C4,false,Rx,0,8,03,00,00,00,A8,02,00,00
10980000,2C5,false,Rx,0,8,00,00,00,00,00,00,00,00
10980000,2C6,false,Rx,0,8,F4,01,84,03,00,00,00,00
10995000,54,false,Rx,0,8,00,00,FE,FF,FE,FF,00,00
10995000,55,false,Rx,0,8,10,27,00,00,00,00,00,00
10996000,56,false,Rx,0,8,10,27,00,00,00,00,00,00
11006000,57,false,Rx,0,8,00,00,FE,FF,FE,FF,00,00
11048000,625,false,Rx,0,8,25,00,11,43,FD,BB,E4,01
11148000,625,false,Rx,0,8,25,00,11,43,FD,BB,E4,01
11180000,2C4,false,Rx,0,8,03,00,00,00,A8,02,00,00
11180000,2C5,false,Rx,0,8,00,00,00,00,00,00,00,00
11180000,2C6,false,Rx,0,8,F4,01,84,03,00,00,00,00
11195000,54,false,Rx,0,8,00,00,FE,FF,FE,FF,00,00
11195000,55,false,Rx,0,8,10,27,00,00,00,00,00,00
11196000,56,false,Rx,0,8,10,27,00,00,00,00,00,00
11206000,57,false,Rx,0,8,00,00,FE,FF,FE,FF,00,00
11248000,625,false,Rx,0,8,25,00,11,43,FD,BB,E4,01
11348000,625,false,Rx,0,8,25,00,11,43,FD,BB,E4,01
11380000,2C4,false,Rx,0,8,03,00,00,00,A8,02,00,00
11380000,2C5,false,Rx,0,8,00,00,00,00,00,00,00,00
11380000,2C6,false,Rx,0,8,F4,01,84,03,00,00,00,00
11395000,54,false,Rx,0,8,00,00,FE,FF,FE,FF,00,00
11395000,55,false,Rx,0,8,10,27,00,00,00,00,00,00
11396000,56,false,Rx,0,8,10,27,00,00,00,00,00,00
11406000,57,false,Rx,0,8,00,00,FE,FF,FE,FF,00,00
11448000,625,false,Rx,0,8,25,00,11,43,FD,BB,E4,01
11548000,625,false,Rx,0,8,25,00,11,43,FD,BB,E4,01
11580000,2C4,false,Rx,0,8,03,00,00,00,A5,02,00,00
11580000,2C5,false,Rx,0,8,00,00,00,00,00,00,00,00
11580000,2C6,false,Rx,0,8,F4,01,84,03,00,00,00,00
11595000,54,false,Rx,0,8,00,00,FE,FF,FE,FF,00,00
11596000,55,false,Rx,0,8,10,27,00,00,00,00,00,00
11596000,56,false,Rx,0,8,10,27,00,00,00,00,00,00
11606000,57,false,Rx,0,8,00,00,FE,FF,FE,FF,00,00
11648000,625,false,Rx,0,8,25,00,11,43,FD,BB,E4,01
11748000,625,false,Rx,0,8,25,00,11,43,FD,BB,E4,01
11780000,2C4,false,Rx,0,8,03,00,00,00,A5,02,00,00
11780000,2C5,false,Rx,0,8,00,00,00,00,00,00,00,00
11780000,2C6,false,Rx,0,8,F4,01,84,03,00,00,00,00
11795000,54,false,Rx,0,8,00,00,FE,FF,FE,FF,00,00
11795000,55,false,Rx,0,8,10,27,00,00,00,00,00,00
11796000,56,false,Rx,0,8,10,27,00,00,00,00,00,00
11806000,57,false,Rx,0,8,00,00,FE,FF,FE,FF,00,00
11848000,625,false,Rx,0,8,25,00,11,43,FD,BB,E4,01
11948000,625,false,Rx,0,8,25,00,11,43,FD,BB,E4,01
11980000,2C4,false,Rx,0,8,03,00,00,00,A5,02,00,00
11980000,2C5,false,Rx,0,8,00,00,00,00,00,00,00,00
11980000,2C6,false,Rx,0,8,F4,01,84,03,00,00,00,00
11995000,54,false,Rx,0,8,00,00,FE,FF,FE,FF,00,00
11995000,55,false,Rx,0,8,10,27,00,00,00,00,00,00
11996000,56,false,Rx,0,8,10,27,00,00,00,00,00,00
12006000,57,false,Rx,0,8,00,00,FE,FF,FE,FF,00,00
12048000,625,false,Rx,0,8,25,00,11,43,FD,BB,E4,01
12148000,625,false,Rx,0,8,25,00,11,43,FD,BB,E4,01
12180000,2C4,false,Rx,0,8,03,00,00,00,A8,02,00,00
12180000,2C5,false,Rx,0,8,00,00,00,00,00,00,00,00
12180000,2C6,false,Rx,0,8,F4,01,84,03,00,00,00,00
12195000,54,false,Rx,0,8,00,00,FE,FF,FE,FF,00,00
12195000,55,false,Rx,0,8,10,27,00,00,00,00,00,00
12196000,56,false,Rx,0,8,10,27,00,00,00,00,00,00
12206000,57,false,Rx,0,8,00,00,FE,FF,FE,FF,00,00
12248000,625,false,Rx,0,8,25,00,11,43,FD,BB,E4,01
12348000,625,false,Rx,0,8,25,00,11,43,FD,BB,E4,01
12380000,2C4,false,Rx,0,8,03,00,00,00,A8,02,00,00
12380000,2C5,false,Rx,0,8,00,00,00,00,00,00,00,00
12380000,2C6,false,Rx,0,8,F4,01,84,03,00,00,00,00
12395000,54,false,Rx,0,8,00,00,FE,FF,FE,FF,00,00
12395000,55,false,Rx,0,8,10,27,00,00,00,00,00,00
12396000,56,false,Rx,0,8,10,27,00,00,00,00,00,00
12406000,57,false,Rx,0,8,00,00,FE,FF,FE,FF,00,00
12448000,625,false,Rx,0,8,25,00,11,43,FD,BB,E4,01
12548000,625,false,Rx,0,8,25,00,11,43,FD,BB,E4,01
12580000,2C4,false,Rx,0,8,03,00,00,00,A5,02,00,00
12580000,2C5,false,Rx,0,8,00,00,00,00,00,00,00,00
12580000,2C6,false,Rx,0,8,F4,01,84,03,00,00,00,00
12595000,54,false,Rx,0,8,00,00,FE,FF,FE,FF,00,00
12595000,55,false,Rx,0,8,10,27,00,00,00,00,00,00
12596000,56,false,Rx,0,8,10,27,00,00,00,00,00,00
12606000,57,false,Rx,0,8,00,00,FE,FF,FE,FF,00,00
12648000,625,false,Rx,0,8,25,00,11,43,FD,BB,E4,01
12748000,625,false,Rx,0,8,25,00,11,43,FD,BB,E4,01
12780000,2C4,false,Rx,0,8,03,00,00,00,A8,02,00,00
12780000,2C5,false,Rx,0,8,00,00,00,00,00,00,00,00
12780000,2C6,false,Rx,0,8,F4,01,84,03,00,00,00,00
12795000,54,false,Rx,0,8,00,00,FE,FF,FE,FF,00,00
12795000,55,false,Rx,0,8,10,27,00,00,00,00,00,00
12796000,56,false,Rx,0,8,10,27,00,00,00,00,00,00
12806000,57,false,Rx,0,8,00,00,FE,FF,FE,FF,00,00
12848000,625,false,Rx,0,8,25,00,11,43,FD,BB,E4,01
12948000,625,false,Rx,0,8,25,00,11,43,FD,BB,E4,01
12980000,2C4,false,Rx,0,8,03,00,00,00,A8,02,00,00
12980000,2C5,false,Rx,0,8,00,00,00,00,00,00,00,00
12980000,2C6,false,Rx,0,8,F4,01,84,03,00,00,00,00
12995000,54,false,Rx,0,8,00,00,FE,FF,FE,FF,00,00
12995000,55,false,Rx,0,8,10,27,00,00,00,00,00,00
12996000,56,false,Rx,0,8,10,27,00,00,00,00,00,00
13006000,57,false,Rx,0,8,00,00,FE,FF,FE,FF,00,00
13047000,625,false,Rx,0,8,25,00,11,43,FD,BB,E4,01
13147000,625,false,Rx,0,8,25,00,11,43,FD,BB,E4,01
13180000,2C4,false,Rx,0,8,03,00,00,00,A8,02,00,00
13180000,2C5,false,Rx,0,8,00,00,00,00,00,00,00,00
13180000,2C6,false,Rx,0,8,F4,01,84,03,00,00,00,00
13195000,54,false,Rx,0,8,00,00,FE,FF,FE,FF,00,00
13195000,55,false,Rx,0,8,10,27,00,00,00,00,00,00
13196000,56,false,Rx,0,8,10,27,00,00,00,00,00,00
13206000,57,false,Rx,0,8,00,00,FE,FF,FE,FF,00,00
13247000,625,false,Rx,0,8,25,00,11,43,FD,BB,E4,01
13347000,625,false,Rx,0,8,25,00,11,43,FD,BB,E4,01
13380000,2C4,false,Rx,0,8,03,00,00,00,A5,02,00,00
13380000,2C5,false,Rx,0,8,00,00,00,00,00,00,00,00
13380000,2C6,false,Rx,0,8,F4,01,84,03,00,00,00,00
13395000,54,false,Rx,0,8,00,00,FE,FF,FE,FF,00,00
13395000,55,false,Rx,0,8,10,27,00,00,00,00,00,00
13396000,56,false,Rx,0,8,10,27,00,00,00,00,00,00
13406000,57,false,Rx,0,8,00,00,FE,FF,FE,FF,00,00
13447000,625,false,Rx,0,8,25,00,11,43,FD,BB,E4,01
13547000,625,false,Rx,0,8,25,00,11,43,FD,BB,E4,01
13580000,2C4,false,Rx,0,8,03,00,00,00,A8,02,00,00
13580000,2C5,false,Rx,0,8,00,00,00,00,00,00,00,00
13580000,2C6,false,Rx,0,8,F4,01,84,03,00,00,00,00
13595000,54,false,Rx,0,8,00,00,FE,FF,FE,FF,00,00
13595000,55,false,Rx,0,8,10,27,00,00,00,00,00,00
13596000,56,false,Rx,0,8,10,27,00,00,00,00,00,00
13606000,57,false,Rx,0,8,00,00,FE,FF,FE,FF,00,00
13647000,625,false,Rx,0,8,25,00,11,43,FD,BB,E4,01
13747000,625,false,Rx,0,8,25,00,11,43,FD,BB,E4,01
13780000,2C4,false,Rx,0,8,03,00,00,00,A8,02,00,00
13780000,2C5,false,Rx,0,8,00,00,00,00,00,00,00,00
13780000,2C6,false,Rx,0,8,F4,01,84,03,00,00,00,00
13795000,54,false,Rx,0,8,00,00,FE,FF,FE,FF,00,00
13795000,55,false,Rx,0,8,10,27,00,00,00,00,00,00
13796000,56,false,Rx,0,8,10,27,00,00,00,00,00,00
13806000,57,false,Rx,0,8,00,00,FE,FF,FE,FF,00,00
13847000,625,false,Rx,0,8,25,00,11,43,FD,BB,E4,01
13947000,625,false,Rx,0,8,25,00,11,43,FD,BB,E4,01
13980000,2C4,false,Rx,0,8,03,00,00,00,A8,02,00,00
13980000,2C5,false,Rx,0,8,00,00,00,00,00,00,00,00
13980000,2C6,false,Rx,0,8,F4,01,84,03,00,00,00,00
13995000,54,false,Rx,0,8,00,00,FE,FF,FE,FF,00,00
13995000,55,false,Rx,0,8,10,27,00,00,00,00,00,00
13996000,56,false,Rx,0,8,10,27,00,00,00,00,00,00
14006000,57,false,Rx,0,8,00,00,FE,FF,FE,FF,00,00
14047000,625,false,Rx,0,8,25,00,11,43,FD,BB,E4,01
14147000,625,false,Rx,0,8,25,00,11,43,FD,BB,E4,01
14180000,2C4,false,Rx,0,8,03,00,00,00,A5,02,00,00
14180000,2C5,false,Rx,0,8,00,00,00,00,00,00,00,00
14180000,2C6,false,Rx,0,8,F4,01,84,03,00,00,00,00
14195000,54,false,Rx,0,8,00,00,FE,FF,FE,FF,00,00
14195000,55,false,Rx,0,8,10,27,00,00,00,00,00,00
14196000,56,false,Rx,0,8,10,27,00,00,00,00,00,00
14206000,57,false,Rx,0,8,00,00,FE,FF,FE,FF,00,00
14247000,625,false,Rx,0,8,25,00,11,43,FD,BB,E4,01
14347000,625,false,Rx,0,8,25,00,11,43,FD,BB,E4,01
14380000,2C4,false,Rx,0,8,03,00,00,00,A8,02,00,00
14380000,2C5,false,Rx,0,8,00,00,00,00,00,00,00,00
14380000,2C6,false,Rx,0,8,F4,01,84,03,00,00,00,00
14395000,54,false,Rx,0,8,00,00,FE,FF,FE,FF,00,00
14395000,55,false,Rx,0,8,10,27,00,00,00,00,00,00
14396000,56,false,Rx,0,8,10,27,00,00,00,00,00,00
14406000,57,false,Rx,0,8,00,00,FE,FF,FE,FF,00,00
14447000,625,false,Rx,0,8,25,00,11,43,FD,BB,E4,01
14547000,625,false,Rx,0,8,25,00,11,43,FD,BB,E4,01
14580000,2C4,false,Rx,0,8,03,00,00,00,A8,02,00,00
14580000,2C5,false,Rx,0,8,00,00,00,00,00,00,00,00
14580000,2C6,false,Rx,0,8,F4,01,84,03,00,00,00,00
14595000,54,false,Rx,0,8,00,00,FE,FF,FE,FF,00,00
14595000,55,false,Rx,0,8,10,27,00,00,00,00,00,00
14596000,56,false,Rx,0,8,10,27,00,00,00,00,00,00
14606000,57,false,Rx,0,8,00,00,FE,FF,FE,FF,00,00
14647000,625,false,Rx,0,8,25,00,11,43,FD,BB,E4,01
14747000,625,false,Rx,0,8,25,00,11,43,FD,BB,E4,01
14780000,2C4,false,Rx,0,8,03,00,00,00,A8,02,00,00
14780000,2C5,false,Rx,0,8,00,00,00,00,00,00,00,00
14780000,2C6,false,Rx,0,8,F4,01,84,03,00,00,00,00
14795000,54,false,Rx,0,8,00,00,FE,FF,FE,FF,00,00
14795000,55,false,Rx,0,8,10,27,00,00,00,00,00,00
14796000,56,false,Rx,0,8,10,27,00,00,00,00,00,00
14806000,57,false,Rx,0,8,00,00,FE,FF,FE,FF,00,00
14847000,625,false,Rx,0,8,25,00,11,43,FD,BB,E4,01
14947000,625,false,Rx,0,8,25,00,11,43,FD,BB,E4,01
14980000,2C4,false,Rx,0,8,03,00,00,00,A5,02,00,00
14980000,2C5,false,Rx,0,8,00,00,00,00,00,00,00,00
14980000,2C6,false,Rx,0,8,F4,01,84,03,00,00,00,00
14995000,54,false,Rx,0,8,00,00,FE,FF,FE,FF,00,00
14996000,55,false,Rx,0,8,10,27,00,00,00,00,00,00
14996000,56,false,Rx,0,8,10,27,00,00,00,00,00,00
15006000,57,false,Rx,0,8,00,00,FE,FF,FE,FF,00,00
15047000,625,false,Rx,0,8,25,00,11,43,FD,BB,E4,01
15147000,625,false,Rx,0,8,25,00,11,43,FD,BB,E4,01
15180000,2C4,false,Rx,0,8,03,00,00,00,A8,02,00,00
15180000,2C5,false,Rx,0,8,00,00,00,00,00,00,00,00
15180000,2C6,false,Rx,0,8,F4,01,84,03,00,00,00,00
15195000,54,false,Rx,0,8,00,00,FE,FF,FE,FF,00,00
15195000,55,false,Rx,0,8,10,27,00,00,00,00,00,00
15196000,56,false,Rx,0,8,10,27,00,00,00,00,00,00
15206000,57,false,Rx,0,8,00,00,FE,FF,FE,FF,00,00
15247000,625,false,Rx,0,8,25,00,11,43,FD,BB,E4,01
15347000,625,false,Rx,0,8,25,00,11,43,FD,BB,E4,01
15379000,2C4,false,Rx,0,8,03,00,00,00,A8,02,00,00
15380000,2C5,false,Rx,0,8,00,00,00,00,00,00,00,00
15380000,2C6,false,Rx,0,8,F4,01,84,03,00,00,00,00
15395000,54,false,Rx,0,8,00,00,FE,FF,FE,FF,00,00
15395000,55,false,Rx,0,8,10,27,00,00,00,00,00,00
15396000,56,false,Rx,0,8,10,27,00,00,00,00,00,00
15406000,57,false,Rx,0,8,00,00,FE,FF,FE,FF,00,00
15447000,625,false,Rx,0,8,25,00,11,43,FD,BB,E4,01
15547000,625,false,Rx,0,8,25,00,11,43,FD,BB,E4,01
15579000,2C4,false,Rx,0,8,03,00,00,00,A8,02,00,00
15580000,2C5,false,Rx,0,8,00,00,00,00,00,00,00,00
15580000,2C6,false,Rx,0,8,F4,01,84,03,00,00,00,00
15595000,54,false,Rx,0,8,00,00,FE,FF,FE,FF,00,00
15595000,55,false,Rx,0,8,10,27,00,00,00,00,00,00
15596000,56,false,Rx,0,8,10,27,00,00,00,00,00,00
15606000,57,false,Rx,0,8,00,00,FE,FF,FE,FF,00,00
15647000,625,false,Rx,0,8,25,00,11,43,FD,BB,E4,01
15747000,625,false,Rx,0,8,25,00,11,43,FD,BB,E4,01
15779000,2C4,false,Rx,0,8,03,00,00,00,A8,02,00,00
15780000,2C5,false,Rx,0,8,00,00,00,00,00,00,00,00
15780000,2C6,false,Rx,0,8,F4,01,84,03,00,00,00,00
15795000,54,false,Rx,0,8,00,00,FE,FF,FE,FF,00,00
15795000,55,false,Rx,0,8,10,27,00,00,00,00,00,00
15796000,56,false,Rx,0,8,10,27,00,00,00,00,00,00
15806000,57,false,Rx,0,8,00,00,FE,FF,FE,FF,00,00
15847000,625,false,Rx,0,8,25,00,11,43,FD,BB,E4,01
15947000,625,false,Rx,0,8,25,00,11,43,FD,BB,E4,01
15979000,2C4,false,Rx,0,8,03,00,00,00,A5,02,00,00
15980000,2C5,false,Rx,0,8,00,00,00,00,00,00,00,00
15980000,2C6,false,Rx,0,8,F4,01,84,03,00,00,00,00
15995000,54,false,Rx,0,8,00,00,FE,FF,FE,FF,00,00
15995000,55,false,Rx,0,8,10,27,00,00,00,00,00,00
15996000,56,false,Rx,0,8,10,27,00,00,00,00,00,00
16006000,57,false,Rx,0,8,00,00,FE,FF,FE,FF,00,00
16047000,625,false,Rx,0,8,25,00,11,43,FD,BB,E4,01
16147000,625,false,Rx,0,8,25,00,11,43,FD,BB,E4,01
16179000,2C4,false,Rx,0,8,03,00,00,00,A8,02,00,00
16180000,2C5,false,Rx,0,8,00,00,00,00,00,00,00,00
16180000,2C6,false,Rx,0,8,F4,01,84,03,00,00,00,00
16195000,54,false,Rx,0,8,00,00,FE,FF,FE,FF,00,00
16195000,55,false,Rx,0,8,10,27,00,00,00,00,00,00
16196000,56,false,Rx,0,8,10,27,00,00,00,00,00,00
16206000,57,false,Rx,0,8,00,00,FE,FF,FE,FF,00,00
16247000,625,false,Rx,0,8,25,00,11,43,FD,BB,E4,01
16347000,625,false,Rx,0,8,25,00,11,43,FD,BB,E4,01
16379000,2C4,false,Rx,0,8,03,00,00,00,A8,02,00,00
16380000,2C5,false,Rx,0,8,00,00,00,00,00,00,00,00
16380000,2C6,false,Rx,0,8,F4,01,84,03,00,00,00,00
16395000,54,false,Rx,0,8,00,00,FE,FF,FE,FF,00,00
16395000,55,false,Rx,0,8,10,27,00,00,00,00,00,00
16396000,56,false,Rx,0,8,10,27,00,00,00,00,00,00
16406000,57,false,Rx,0,8,00,00,FE,FF,FE,FF,00,00
16447000,625,false,Rx,0,8,25,00,11,43,FD,BB,E4,01
16547000,625,false,Rx,0,8,25,00,11,43,FD,BB,E4,01
16579000,2C4,false,Rx,0,8,03,00,00,00,A8,02,00,00
16580000,2C5,false,Rx,0,8,00,00,00,00,00,00,00,00
16580000,2C6,false,Rx,0,8,F4,01,84,03,00,00,00,00
16595000,54,false,Rx,0,8,00,00,FE,FF,FE,FF,00,00
16595000,55,false,Rx,0,8,10,27,00,00,00,00,00,00
16596000,56,false,Rx,0,8,10,27,00,00,00,00,00,00
16606000,57,false,Rx,0,8,00,00,FE,FF,FE,FF,00,00
16647000,625,false,Rx,0,8,25,00,11,43,FD,BB,E4,01
16747000,625,false,Rx,0,8,25,00,11,43,FD,BB,E4,01
16779000,2C4,false,Rx,0,8,03,00,00,00,A5,02,00,00
16780000,2C5,false,Rx,0,8,00,00,00,00,00,00,00,00
16780000,2C6,false,Rx,0,8,F4,01,84,03,00,00,00,00
16795000,54,false,Rx,0,8,00,00,FE,FF,FE,FF,00,00
16795000,55,false,Rx,0,8,10,27,00,00,00,00,00,00
16796000,56,false,Rx,0,8,10,27,00,00,00,00,00,00
16806000,57,false,Rx,0,8,00,00,FE,FF,FE,FF,00,00
16847000,625,false,Rx,0,8,25,00,11,43,FD,BB,E4,01
16947000,625,false,Rx,0,8,25,00,11,43,FD,BB,E4,01
16979000,2C4,false,Rx,0,8,03,00,00,00,A8,02,00,00
16980000,2C5,false,Rx,0,8,00,00,00,00,00,00,00,00
16980000,2C6,false,Rx,0,8,F4,01,84,03,00,00,00,00
16995000,54,false,Rx,0,8,00,00,FE,FF,FE,FF,00,00
16995000,55,false,Rx,0,8,10,27,00,00,00,00,00,00
16996000,56,false,Rx,0,8,10,27,00,00,00,00,00,00
17006000,57,false,Rx,0,8,00,00,FE,FF,FE,FF,00,00
17047000,625,false,Rx,0,8,25,00,11,43,FD,BB,E4,01
17147000,625,false,Rx,0,8,25,00,11,43,FD,BB,E4,01
17179000,2C4,false,Rx,0,8,03,00,00,00,A8,02,00,00
17180000,2C5,false,Rx,0,8,00,00,00,00,00,00,00,00
17180000,2C6,false,Rx,0,8,F4,01,84,03,00,00,00,00
17195000,54,false,Rx,0,8,00,00,FE,FF,FE,FF,00,00
17195000,55,false,Rx,0,8,10,27,00,00,00,00,00,00
17196000,56,false,Rx,0,8,10,27,00,00,00,00,00,00
17206000,57,false,Rx,0,8,00,00,FE,FF,FE,FF,00,00
17247000,625,false,Rx,0,8,25,00,11,43,FD,BB,E4,01
17347000,625,false,Rx,0,8,25,00,11,43,FD,BB,E4,01
17379000,2C4,false,Rx,0,8,03,00,00,00,A8,02,00,00
17380000,2C5,false,Rx,0,8,00,00,00,00,00,00,00,00
17380000,2C6,false,Rx,0,8,F4,01,84,03,00,00,00,00
17395000,54,false,Rx,0,8,00,00,FE,FF,FE,FF,00,00
17395000,55,false,Rx,0,8,10,27,00,00,00,00,00,00
17396000,56,false,Rx,0,8,10,27,00,00,00,00,00,00
17406000,57,false,Rx,0,8,00,00,FE,FF,FE,FF,00,00
17447000,625,false,Rx,0,8,25,00,11,43,FD,BB,E4,01
17547000,625,false,Rx,0,8,25,00,11,43,FD,BB,E4,01
17579000,2C4,false,Rx,0,8,03,00,00,00,A5,02,00,00
17580000,2C5,false,Rx,0,8,00,00,00,00,00,00,00,00
17580000,2C6,false,Rx,0,8,F4,01,84,03,00,00,00,00
17595000,54,false,Rx,0,8,00,00,FE,FF,FE,FF,00,00
17595000,55,false,Rx,0,8,10,27,00,00,00,00,00,00
17596000,56,false,Rx,0,8,10,27,00,00,00,00,00,00
17606000,57,false,Rx,0,8,00,00,FE,FF,FE,FF,00,00
17647000,625,false,Rx,0,8,25,00,11,43,FD,BB,E4,01
17747000,625,false,Rx,0,8,25,00,11,43,FD,BB,E4,01
17779000,2C4,false,Rx,0,8,03,00,00,00,A8,02,00,00
17780000,2C5,false,Rx,0,8,00,00,00,00,00,00,00,00
17780000,2C6,false,Rx,0,8,F4,01,84,03,00,00,00,00
17795000,54,false,Rx,0,8,00,00,FE,FF,FE,FF,00,00
17795000,55,false,Rx,0,8,10,27,00,00,00,00,00,00
17796000,56,false,Rx,0,8,10,27,00,00,00,00,00,00
17806000,57,false,Rx,0,8,00,00,FE,FF,FE,FF,00,00
17847000,625,false,Rx,0,8,25,00,11,43,FD,BB,E4,01
17947000,625,false,Rx,0,8,25,00,11,43,FD,BB,E4,01
17979000,2C4,false,Rx,0,8,03,00,00,00,A8,02,00,00
17980000,2C5,false,Rx,0,8,00,00,00,00,00,00,00,00
17980000,2C6,false,Rx,0,8,F4,01,84,03,00,00,00,00
17995000,54,false,Rx,0,8,00,00,FE,FF,FE,FF,00,00
17995000,55,false,Rx,0,8,10,27,00,00,00,00,00,00
17996000,56,false,Rx,0,8,10,27,00,00,00,00,00,00
18006000,57,false,Rx,0,8,00,00,FE,FF,FE,FF,00,00
18047000,625,false,Rx,0,8,25,00,11,43,FD,BB,E4,01
18147000,625,false,Rx,0,8,25,00,11,43,FD,BB,E4,01
18179000,2C4,false,Rx,0,8,03,00,00,00,A8,02,00,00
18180000,2C5,false,Rx,0,8,00,00,00,00,00,00,00,00
18180000,2C6,false,Rx,0,8,F4,01,84,03,00,00,00,00
18195000,54,false,Rx,0,8,00,00,FE,FF,FE,FF,00,00
18195000,55,false,Rx,0,8,10,27,00,00,00,00,00,00
18196000,56,false,Rx,0,8,10,27,00,00,00,00,00,00
18206000,57,false,Rx,0,8,00,00,FE,FF,FE,FF,00,00
18247000,625,false,Rx,0,8,25,00,11,43,FD,BB,E4,01
18347000,625,false,Rx,0,8,25,00,11,43,FD,BB,E4,01
18379000,2C4,false,Rx,0,8,03,00,00,00,A5,02,00,00
18380000,2C5,false,Rx,0,8,00,00,00,00,00,00,00,00
18380000,2C6,false,Rx,0,8,F4,01,84,03,00,00,00,00
18395000,54,false,Rx,0,8,00,00,FE,FF,FE,FF,00,00
18395000,55,false,Rx,0,8,10,27,00,00,00,00,00,00
18396000,56,false,Rx,0,8,10,27,00,00,00,00,00,00
18406000,57,false,Rx,0,8,00,00,FE,FF,FE,FF,00,00
18447000,625,false,Rx,0,8,25,00,11,43,FD,BB,E4,01
18547000,625,false,Rx,0,8,25,00,11,43,FD,BB,E4,01
18579000,2C4,false,Rx,0,8,03,00,00,00,A5,02,00,00
18580000,2C5,false,Rx,0,8,00,00,00,00,00,00,00,00
18580000,2C6,false,Rx,0,8,F4,01,84,03,00,00,00,00
18595000,54,false,Rx,0,8,00,00,FE,FF,FE,FF,00,00
18595000,55,false,Rx,0,8,10,27,00,00,00,00,00,00
18596000,56,false,Rx,0,8,10,27,00,00,00,00,00,00
18606000,57,false,Rx,0,8,00,00,FE,FF,FE,FF,00,00
18647000,625,false,Rx,0,8,25,00,11,43,FD,BB,E4,01
18747000,625,false,Rx,0,8,25,00,11,43,FD,BB,E4,01
18779000,2C4,false,Rx,0,8,03,00,00,00,A8,02,00,00
18780000,2C5,false,Rx,0,8,00,00,00,00,00,00,00,00
18780000,2C6,false,Rx,0,8,F4,01,84,03,00,00,00,00
18795000,54,false,Rx,0,8,00,00,FE,FF,FE,FF,00,00
18795000,55,false,Rx,0,8,10,27,00,00,00,00,00,00
18796000,56,false,Rx,0,8,10,27,00,00,00,00,00,00
18806000,57,false,Rx,0,8,00,00,FE,FF,FE,FF,00,00
18847000,625,false,Rx,0,8,25,00,11,43,FD,BB,E4,01
18947000,625,false,Rx,0,8,25,00,11,43,FD,BB,E4,01
18979000,2C4,false,Rx,0,8,03,00,00,00,A8,02,00,00
18980000,2C5,false,Rx,0,8,00,00,00,00,00,00,00,00
18980000,2C6,false,Rx,0,8,F4,01,84,03,00,00,00,00
18995000,54,false,Rx,0,8,00,00,FE,FF,FE,FF,00,00
18995000,55,false,Rx,0,8,10,27,00,00,00,00,00,00
18996000,56,false,Rx,0,8,10,27,00,00,00,00,00,00
19006000,57,false,Rx,0,8,00,00,FE,FF,FE,FF,00,00
19047000,625,false,Rx,0,8,25,00,11,43,FD,BB,E4,01
19147000,625,false,Rx,0,8,25,00,11,43,FD,BB,E4,01
19179000,2C4,false,Rx,0,8,03,00,00,00,A8,02,00,00
19180000,2C5,false,Rx,0,8,00,00,00,00,00,00,00,00
19180000,2C6,false,Rx,0,8,F4,01,84,03,00,00,00,00
19195000,54,false,Rx,0,8,00,00,FE,FF,FE,FF,00,00
19195000,55,false,Rx,0,8,10,27,00,00,00,00,00,00
19196000,56,false,Rx,0,8,10,27,00,00,00,00,00,00
19206000,57,false,Rx,0,8,00,00,FE,FF,FE,FF,00,00
19247000,625,false,Rx,0,8,25,00,11,43,FD,BB,E4,01
19347000,625,false,Rx,0,8,25,00,11,43,FD,BB,E4,01
19379000,2C4,false,Rx,0,8,03,00,00,00,A5,02,00,00
19380000,2C5,false,Rx,0,8,00,00,00,00,00,00,00,00
19380000,2C6,false,Rx,0,8,F4,01,84,03,00,00,00,00
19395000,54,false,Rx,0,8,00,00,FE,FF,FE,FF,00,00
19395000,55,false,Rx,0,8,10,27,00,00,00,00,00,00
19396000,56,false,Rx,0,8,10,27,00,00,00,00,00,00
19406000,57,false,Rx,0,8,00,00,FE,FF,FE,FF,00,00
19406000,60D,false,Rx,0,8,0D,10,DF,23,02,20,70,00
19447000,625,false,Rx,0,8,25,00,11,43,FD,BB,E4,01
19495000,60D,false,Rx,0,8,0D,10,DF,23,02,20,70,00
19547000,625,false,Rx,0,8,25,00,11,43,FD,BB,E4,01
19579000,2C4,false,Rx,0,8,03,00,00,00,A8,02,00,00
19580000,2C5,false,Rx,0,8,00,00,00,00,00,00,00,00
19580000,2C6,false,Rx,0,8,F4,01,84,03,00,00,00,00
19595000,54,false,Rx,0,8,00,00,FE,FF,FE,FF,00,00
19595000,55,false,Rx,0,8,10,27,00,00,00,00,00,00
19596000,56,false,Rx,0,8,10,27,00,00,00,00,00,00
19606000,57,false,Rx,0,8,00,00,FE,FF,FE,FF,00,00
19606000,60D,false,Rx,0,8,0D,10,DF,23,02,20,70,00
19647000,625,false,Rx,0,8,25,00,11,43,FD,BB,E4,01
19686000,7A0,false,Rx,0,8,02,10,61,AA,AA,AA,AA,AA
19689000,73C,false,Rx,0,8,06,50,61,00,32,01,F4,00
19695000,60D,false,Rx,0,8,0D,10,DF,23,02,20,70,00
19696000,7A0,false,Rx,0,8,02,27,65,AA,AA,AA,AA,AA
19699000,73C,false,Rx,0,8,06,67,65,AB,E9,BD,8B,00
19706000,7A0,false,Rx,0,8,06,27,66,00,00,10,61,AA
19709000,73C,false,Rx,0,8,02,67,66,AB,E9,BD,8B,00
19716000,7A0,false,Rx,0,8,04,14,FF,FF,FF,AA,AA,AA
19719000,73C,false,Rx,0,8,01,54,66,AB,E9,BD,8B,00
19747000,625,false,Rx,0,8,25,00,11,43,FD,BB,E4,01
19779000,2C4,false,Rx,0,8,03,00,00,00,A8,02,00,00
19780000,2C5,false,Rx,0,8,00,00,00,00,00,00,00,00
19780000,2C6,false,Rx,0,8,F4,01,84,03,00,00,00,00
19795000,54,false,Rx,0,8,00,00,FE,FF,FE,FF,00,00
19795000,55,false,Rx,0,8,10,27,00,00,00,00,00,00
19796000,56,false,Rx,0,8,10,27,00,00,00,00,00,00
19806000,57,false,Rx,0,8,00,00,FE,FF,FE,FF,00,00
19806000,60D,false,Rx,0,8,0D,10,DF,23,02,20,70,00
19847000,625,false,Rx,0,8,25,00,11,43,FD,BB,E4,01
19895000,60D,false,Rx,0,8,0D,10,DF,23,02,20,70,00
19947000,625,false,Rx,0,8,25,00,11,43,FD,BB,E4,01
19979000,2C4,false,Rx,0,8,03,00,00,00,A8,02,00,00
19980000,2C5,false,Rx,0,8,00,00,00,00,00,00,00,00
19980000,2C6,false,Rx,0,8,F4,01,84,03,00,00,00,00
19995000,54,false,Rx,0,8,00,00,FE,FF,FE,FF,00,00
19995000,55,false,Rx,0,8,10,27,00,00,00,00,00,00
19996000,56,false,Rx,0,8,10,27,00,00,00,00,00,00
20006000,57,false,Rx,0,8,00,00,FE,FF,FE,FF,00,00
20006000,60D,false,Rx,0,8,0D,10,DF,23,02,20,70,00
20047000,625,false,Rx,0,8,25,00,11,43,FD,BB,E4,01
20095000,60D,false,Rx,0,8,0D,10,DF,23,02,20,70,00
20147000,625,false,Rx,0,8,25,00,11,43,FD,BB,E4,01
20179000,2C4,false,Rx,0,8,03,00,00,00,A5,02,00,00
20179000,2C5,false,Rx,0,8,00,00,00,00,00,00,00,00
20180000,2C6,false,Rx,0,8,F4,01,84,03,00,00,00,00
20195000,54,false,Rx,0,8,00,00,FE,FF,FE,FF,00,00
20195000,55,false,Rx,0,8,10,27,00,00,00,00,00,00
20196000,56,false,Rx,0,8,10,27,00,00,00,00,00,00
20206000,57,false,Rx,0,8,00,00,FE,FF,FE,FF,00,00
20206000,60D,false,Rx,0,8,0D,10,DF,23,02,20,70,00
20247000,625,false,Rx,0,8,25,00,11,43,FD,BB,E4,01
20295000,60D,false,Rx,0,8,0D,10,DF,23,02,20,70,00
20347000,625,false,Rx,0,8,25,00,11,43,FD,BB,E4,01
20379000,2C4,false,Rx,0,8,03,00,00,00,A8,02,00,00
20379000,2C5,false,Rx,0,8,00,00,00,00,00,00,00,00
20380000,2C6,false,Rx,0,8,F4,01,84,03,00,00,00,00
20395000,54,false,Rx,0,8,00,00,FE,FF,FE,FF,00,00
20395000,55,false,Rx,0,8,10,27,00,00,00,00,00,00
20396000,56,false,Rx,0,8,10,27,00,00,00,00,00,00
20406000,57,false,Rx,0,8,00,00,FE,FF,FE,FF,00,00
20406000,60D,false,Rx,0,8,0D,10,DF,23,02,20,70,00
20447000,625,false,Rx,0,8,25,00,11,43,FD,BB,E4,01
20495000,60D,false,Rx,0,8,0D,10,DF,23,02,20,70,00
20547000,625,false,Rx,0,8,25,00,11,43,FD,BB,E4,01
20579000,2C4,false,Rx,0,8,03,00,00,00,A8,02,00,00
20579000,2C5,false,Rx,0,8,00,00,00,00,00,00,00,00
20580000,2C6,false,Rx,0,8,F4,01,84,03,00,00,00,00
20595000,54,false,Rx,0,8,00,00,FE,FF,FE,FF,00,00
20595000,55,false,Rx,0,8,10,27,00,00,00,00,00,00
20596000,56,false,Rx,0,8,10,27,00,00,00,00,00,00
20606000,57,false,Rx,0,8,00,00,FE,FF,FE,FF,00,00
20606000,60D,false,Rx,0,8,0D,10,DF,23,02,20,70,00
20647000,625,false,Rx,0,8,25,00,11,43,FD,BB,E4,01
20695000,60D,false,Rx,0,8,0D,10,DF,23,02,20,70,00
20747000,625,false,Rx,0,8,25,00,11,43,FD,BB,E4,01
20779000,2C4,false,Rx,0,8,03,00,00,00,A8,02,00,00
20779000,2C5,false,Rx,0,8,00,00,00,00,00,00,00,00
20780000,2C6,false,Rx,0,8,F4,01,84,03,00,00,00,00
20795000,54,false,Rx,0,8,00,00,FE,FF,FE,FF,00,00
20795000,55,false,Rx,0,8,10,27,00,00,00,00,00,00
20796000,56,false,Rx,0,8,10,27,00,00,00,00,00,00
20806000,57,false,Rx,0,8,00,00,FE,FF,FE,FF,00,00
20847000,625,false,Rx,0,8,25,00,11,43,FD,BB,E4,01
20947000,625,false,Rx,0,8,25,00,11,43,FD,BB,E4,01
20979000,2C4,false,Rx,0,8,03,00,00,00,A5,02,00,00
20979000,2C5,false,Rx,0,8,00,00,00,00,00,00,00,00
20980000,2C6,false,Rx,0,8,F4,01,84,03,00,00,00,00
20995000,54,false,Rx,0,8,00,00,FE,FF,FE,FF,00,00
20995000,55,false,Rx,0,8,10,27,00,00,00,00,00,00
20996000,56,false,Rx,0,8,10,27,00,00,00,00,00,00
21006000,57,false,Rx,0,8,00,00,FE,FF,FE,FF,00,00
21047000,625,false,Rx,0,8,25,00,11,43,FD,BB,E4,01
21147000,625,false,Rx,0,8,25,00,11,43,FD,BB,E4,01
21179000,2C4,false,Rx,0,8,03,00,00,00,A8,02,00,00
21179000,2C5,false,Rx,0,8,00,00,00,00,00,00,00,00
21180000,2C6,false,Rx,0,8,F4,01,84,03,00,00,00,00
21195000,54,false,Rx,0,8,00,00,FE,FF,FE,FF,00,00
21195000,55,false,Rx,0,8,10,27,00,00,00,00,00,00
21196000,56,false,Rx,0,8,10,27,00,00,00,00,00,00
21206000,57,false,Rx,0,8,00,00,FE,FF,FE,FF,00,00
21247000,625,false,Rx,0,8,25,00,11,43,FD,BB,E4,01
21347000,625,false,Rx,0,8,25,00,11,43,FD,BB,E4,01
21379000,2C4,false,Rx,0,8,03,00,00,00,A8,02,00,00
21379000,2C5,false,Rx,0,8,00,00,00,00,00,00,00,00
21380000,2C6,false,Rx,0,8,F4,01,84,03,00,00,00,00
21395000,54,false,Rx,0,8,00,00,FE,FF,FE,FF,00,00
21395000,55,false,Rx,0,8,10,27,00,00,00,00,00,00
21396000,56,false,Rx,0,8,10,27,00,00,00,00,00,00
21406000,57,false,Rx,0,8,00,00,FE,FF,FE,FF,00,00
21447000,625,false,Rx,0,8,25,00,11,43,FD,BB,E4,01
21547000,625,false,Rx,0,8,25,00,11,43,FD,BB,E4,01
21579000,2C4,false,Rx,0,8,03,00,00,00,A8,02,00,00
21579000,2C5,false,Rx,0,8,00,00,00,00,00,00,00,00
21580000,2C6,false,Rx,0,8,F4,01,84,03,00,00,00,00
21595000,54,false,Rx,0,8,00,00,FE,FF,FE,FF,00,00
21595000,55,false,Rx,0,8,10,27,00,00,00,00,00,00
21596000,56,false,Rx,0,8,10,27,00,00,00,00,00,00
21606000,57,false,Rx,0,8,00,00,FE,FF,FE,FF,00,00
21647000,625,false,Rx,0,8,25,00,11,43,FD,BB,E4,01
21747000,625,false,Rx,0,8,25,00,11,43,FD,BB,E4,01
21779000,2C4,false,Rx,0,8,03,00,00,00,A5,02,00,00
21779000,2C5,false,Rx,0,8,00,00,00,00,00,00,00,00
21780000,2C6,false,Rx,0,8,F4,01,84,03,00,00,00,00
21795000,54,false,Rx,0,8,00,00,FE,FF,FE,FF,00,00
21795000,55,false,Rx,0,8,10,27,00,00,00,00,00,00
21796000,56,false,Rx,0,8,10,27,00,00,00,00,00,00
21806000,57,false,Rx,0,8,00,00,FE,FF,FE,FF,00,00
21847000,625,false,Rx,0,8,25,00,11,43,FD,BB,E4,01
21947000,625,false,Rx,0,8,25,00,11,43,FD,BB,E4,01
21979000,2C4,false,Rx,0,8,03,00,00,00,A5,02,00,00
21979000,2C5,false,Rx,0,8,00,00,00,00,00,00,00,00
21980000,2C6,false,Rx,0,8,F4,01,84,03,00,00,00,00
21995000,54,false,Rx,0,8,00,00,FE,FF,FE,FF,00,00
21995000,55,false,Rx,0,8,10,27,00,00,00,00,00,00
21996000,56,false,Rx,0,8,10,27,00,00,00,00,00,00
22006000,57,false,Rx,0,8,00,00,FE,FF,FE,FF,00,00
22047000,625,false,Rx,0,8,25,00,11,43,FD,BB,E4,01
22147000,625,false,Rx,0,8,25,00,11,43,FD,BB,E4,01
22179000,2C4,false,Rx,0,8,03,00,00,00,A8,02,00,00
22179000,2C5,false,Rx,0,8,00,00,00,00,00,00,00,00
22180000,2C6,false,Rx,0,8,F4,01,84,03,00,00,00,00
22195000,54,false,Rx,0,8,00,00,FE,FF,FE,FF,00,00
22195000,55,false,Rx,0,8,10,27,00,00,00,00,00,00
22196000,56,false,Rx,0,8,10,27,00,00,00,00,00,00
22206000,57,false,Rx,0,8,00,00,FE,FF,FE,FF,00,00
22247000,625,false,Rx,0,8,25,00,11,43,FD,BB,E4,01
22347000,625,false,Rx,0,8,25,00,11,43,FD,BB,E4,01
22379000,2C4,false,Rx,0,8,03,00,00,00,A8,02,00,00
22379000,2C5,false,Rx,0,8,00,00,00,00,00,00,00,00
22380000,2C6,false,Rx,0,8,F4,01,84,03,00,00,00,00
22395000,54,false,Rx,0,8,00,00,FE,FF,FE,FF,00,00
22395000,55,false,Rx,0,8,10,27,00,00,00,00,00,00
22396000,56,false,Rx,0,8,10,27,00,00,00,00,00,00
22406000,57,false,Rx,0,8,00,00,FE,FF,FE,FF,00,00
22447000,625,false,Rx,0,8,25,00,11,43,FD,BB,E4,01
22547000,625,false,Rx,0,8,25,00,11,43,FD,BB,E4,01
22579000,2C4,false,Rx,0,8,03,00,00,00,A8,02,00,00
22579000,2C5,false,Rx,0,8,00,00,00,00,00,00,00,00
22580000,2C6,false,Rx,0,8,F4,01,84,03,00,00,00,00
22595000,54,false,Rx,0,8,00,00,FE,FF,FE,FF,00,00
22595000,55,false,Rx,0,8,10,27,00,00,00,00,00,00
22596000,56,false,Rx,0,8,10,27,00,00,00,00,00,00
22606000,57,false,Rx,0,8,00,00,FE,FF,FE,FF,00,00
22647000,625,false,Rx,0,8,25,00,11,43,FD,BB,E4,01
22747000,625,false,Rx,0,8,25,00,11,43,FD,BB,E4,01
22779000,2C4,false,Rx,0,8,03,00,00,00,A5,02,00,00
22779000,2C5,false,Rx,0,8,00,00,00,00,00,00,00,00
22780000,2C6,false,Rx,0,8,F4,01,84,03,00,00,00,00
22795000,54,false,Rx,0,8,00,00,FE,FF,FE,FF,00,00
22795000,55,false,Rx,0,8,10,27,00,00,00,00,00,00
22796000,56,false,Rx,0,8,10,27,00,00,00,00,00,00
22806000,57,false,Rx,0,8,00,00,FE,FF,FE,FF,00,00
22847000,625,false,Rx,0,8,25,00,11,43,FD,BB,E4,01
22947000,625,false,Rx,0,8,25,00,11,43,FD,BB,E4,01
22979000,2C4,false,Rx,0,8,03,00,00,00,A8,02,00,00
22979000,2C5,false,Rx,0,8,00,00,00,00,00,00,00,00
22980000,2C6,false,Rx,0,8,F4,01,84,03,00,00,00,00
22995000,54,false,Rx,0,8,00,00,FE,FF,FE,FF,00,00
22995000,55,false,Rx,0,8,10,27,00,00,00,00,00,00
22996000,56,false,Rx,0,8,10,27,00,00,00,00,00,00
23006000,57,false,Rx,0,8,00,00,FE,FF,FE,FF,00,00
23047000,625,false,Rx,0,8,25,00,11,43,FD,BB,E4,01
23147000,625,false,Rx,0,8,25,00,11,43,FD,BB,E4,01
23179000,2C4,false,Rx,0,8,03,00,00,00,A8,02,00,00
23179000,2C5,false,Rx,0,8,00,00,00,00,00,00,00,00
23180000,2C6,false,Rx,0,8,F4,01,84,03,00,00,00,00
23195000,54,false,Rx,0,8,00,00,FE,FF,FE,FF,00,00
23195000,55,false,Rx,0,8,10,27,00,00,00,00,00,00
23195000,56,false,Rx,0,8,10,27,00,00,00,00,00,00
23206000,57,false,Rx,0,8,00,00,FE,FF,FE,FF,00,00
23247000,625,false,Rx,0,8,25,00,11,43,FD,BB,E4,01
23347000,625,false,Rx,0,8,25,00,11,43,FD,BB,E4,01
23379000,2C4,false,Rx,0,8,03,00,00,00,A8,02,00,00
23379000,2C5,false,Rx,0,8,00,00,00,00,00,00,00,00
23380000,2C6,false,Rx,0,8,F4,01,84,03,00,00,00,00
23395000,54,false,Rx,0,8,00,00,FE,FF,FE,FF,00,00
23395000,55,false,Rx,0,8,10,27,00,00,00,00,00,00
23395000,56,false,Rx,0,8,10,27,00,00,00,00,00,00
23406000,57,false,Rx,0,8,00,00,FE,FF,FE,FF,00,00
23447000,625,false,Rx,0,8,25,00,11,43,FD,BB,E4,01
23547000,625,false,Rx,0,8,25,00,11,43,FD,BB,E4,01
23579000,2C4,false,Rx,0,8,03,00,00,00,A5,02,00,00
23579000,2C5,false,Rx,0,8,00,00,00,00,00,00,00,00
23580000,2C6,false,Rx,0,8,F4,01,84,03,00,00,00,00
23595000,54,false,Rx,0,8,00,00,FE,FF,FE,FF,00,00
23595000,55,false,Rx,0,8,10,27,00,00,00,00,00,00
23595000,56,false,Rx,0,8,10,27,00,00,00,00,00,00
23606000,57,false,Rx,0,8,00,00,FE,FF,FE,FF,00,00
23647000,625,false,Rx,0,8,25,00,11,43,FD,BB,E4,01
23747000,625,false,Rx,0,8,25,00,11,43,FD,BB,E4,01
23779000,2C4,false,Rx,0,8,03,00,00,00,A8,02,00,00
23779000,2C5,false,Rx,0,8,00,00,00,00,00,00,00,00
23780000,2C6,false,Rx,0,8,F4,01,84,03,00,00,00,00
23795000,54,false,Rx,0,8,00,00,FE,FF,FE,FF,00,00
23795000,55,false,Rx,0,8,10,27,00,00,00,00,00,00
23796000,56,false,Rx,0,8,10,27,00,00,00,00,00,00
23806000,57,false,Rx,0,8,00,00,FE,FF,FE,FF,00,00
23847000,625,false,Rx,0,8,25,00,11,43,FD,BB,E4,01
23947000,625,false,Rx,0,8,25,00,11,43,FD,BB,E4,01
23979000,2C4,false,Rx,0,8,03,00,00,00,A8,02,00,00
23979000,2C5,false,Rx,0,8,00,00,00,00,00,00,00,00
23980000,2C6,false,Rx,0,8,F4,01,84,03,00,00,00,00
23995000,54,false,Rx,0,8,00,00,FE,FF,FE,FF,00,00
23995000,55,false,Rx,0,8,10,27,00,00,00,00,00,00
23995000,56,false,Rx,0,8,10,27,00,00,00,00,00,00
24006000,57,false,Rx,0,8,00,00,FE,FF,FE,FF,00,00
24047000,625,false,Rx,0,8,25,00,11,43,FD,BB,E4,01
24147000,625,false,Rx,0,8,25,00,11,43,FD,BB,E4,01
24179000,2C4,false,Rx,0,8,03,00,00,00,A8,02,00,00
24179000,2C5,false,Rx,0,8,00,00,00,00,00,00,00,00
24180000,2C6,false,Rx,0,8,F4,01,84,03,00,00,00,00
24195000,54,false,Rx,0,8,00,00,FE,FF,FE,FF,00,00
24195000,55,false,Rx,0,8,10,27,00,00,00,00,00,00
24195000,56,false,Rx,0,8,10,27,00,00,00,00,00,00
24206000,57,false,Rx,0,8,00,00,FE,FF,FE,FF,00,00
24247000,625,false,Rx,0,8,25,00,11,43,FD,BB,E4,01
24347000,625,false,Rx,0,8,25,00,11,43,FD,BB,E4,01
24379000,2C4,false,Rx,0,8,03,00,00,00,A5,02,00,00
24379000,2C5,false,Rx,0,8,00,00,00,00,00,00,00,00
24380000,2C6,false,Rx,0,8,F4,01,84,03,00,00,00,00
24395000,54,false,Rx,0,8,00,00,FE,FF,FE,FF,00,00
24395000,55,false,Rx,0,8,10,27,00,00,00,00,00,00
24395000,56,false,Rx,0,8,10,27,00,00,00,00,00,00
24406000,57,false,Rx,0,8,00,00,FE,FF,FE,FF,00,00
24447000,625,false,Rx,0,8,25,00,11,43,FD,BB,E4,01
24547000,625,false,Rx,0,8,25,00,11,43,FD,BB,E4,01
24579000,2C4,false,Rx,0,8,03,00,00,00,A8,02,00,00
24579000,2C5,false,Rx,0,8,00,00,00,00,00,00,00,00
24580000,2C6,false,Rx,0,8,F4,01,84,03,00,00,00,00
24595000,54,false,Rx,0,8,00,00,FE,FF,FE,FF,00,00
24596000,55,false,Rx,0,8,10,27,00,00,00,00,00,00
24596000,56,false,Rx,0,8,10,27,00,00,00,00,00,00
24606000,57,false,Rx,0,8,00,00,FE,FF,FE,FF,00,00
24647000,625,false,Rx,0,8,25,00,11,43,FD,BB,E4,01
24747000,625,false,Rx,0,8,25,00,11,43,FD,BB,E4,01
24779000,2C4,false,Rx,0,8,03,00,00,00,A8,02,00,00
24779000,2C5,false,Rx,0,8,00,00,00,00,00,00,00,00
24779000,2C6,false,Rx,0,8,F4,01,84,03,00,00,00,00
24795000,54,false,Rx,0,8,00,00,FE,FF,FE,FF,00,00
24795000,55,false,Rx,0,8,10,27,00,00,00,00,00,00
24795000,56,false,Rx,0,8,10,27,00,00,00,00,00,00
24806000,57,false,Rx,0,8,00,00,FE,FF,FE,FF,00,00
24847000,625,false,Rx,0,8,25,00,11,43,FD,BB,E4,01
24947000,625,false,Rx,0,8,25,00,11,43,FD,BB,E4,01
24979000,2C4,false,Rx,0,8,03,00,00,00,A8,02,00,00
24979000,2C5,false,Rx,0,8,00,00,00,00,00,00,00,00
24979000,2C6,false,Rx,0,8,F4,01,84,03,00,00,00,00
24995000,54,false,Rx,0,8,00,00,FE,FF,FE,FF,00,00
24995000,55,false,Rx,0,8,10,27,00,00,00,00,00,00
24996000,56,false,Rx,0,8,10,27,00,00,00,00,00,00
25006000,57,false,Rx,0,8,00,00,FE,FF,FE,FF,00,00
25047000,625,false,Rx,0,8,25,00,11,43,FD,BB,E4,01
25147000,625,false,Rx,0,8,25,00,11,43,FD,BB,E4,01
25179000,2C4,false,Rx,0,8,03,00,00,00,A5,02,00,00
25179000,2C5,false,Rx,0,8,00,00,00,00,00,00,00,00
25179000,2C6,false,Rx,0,8,F4,01,84,03,00,00,00,00
25195000,54,false,Rx,0,8,00,00,FE,FF,FE,FF,00,00
25195000,55,false,Rx,0,8,10,27,00,00,00,00,00,00
25195000,56,false,Rx,0,8,10,27,00,00,00,00,00,00
25206000,57,false,Rx,0,8,00,00,FE,FF,FE,FF,00,00
25247000,625,false,Rx,0,8,25,00,11,43,FD,BB,E4,01
25347000,625,false,Rx,0,8,25,00,11,43,FD,BB,E4,01
25379000,2C4,false,Rx,0,8,03,00,00,00,A5,02,00,00
25379000,2C5,false,Rx,0,8,00,00,00,00,00,00,00,00
25379000,2C6,false,Rx,0,8,F4,01,84,03,00,00,00,00
25395000,54,false,Rx,0,8,00,00,FE,FF,FE,FF,00,00
25395000,55,false,Rx,0,8,10,27,00,00,00,00,00,00
25395000,56,false,Rx,0,8,10,27,00,00,00,00,00,00
25406000,57,false,Rx,0,8,00,00,FE,FF,FE,FF,00,00
25447000,625,false,Rx,0,8,25,00,11,43,FD,BB,E4,01
25547000,625,false,Rx,0,8,25,00,11,43,FD,BB,E4,01
25579000,2C4,false,Rx,0,8,03,00,00,00,A8,02,00,00
25579000,2C5,false,Rx,0,8,00,00,00,00,00,00,00,00
25579000,2C6,false,Rx,0,8,F4,01,84,03,00,00,00,00
25595000,54,false,Rx,0,8,00,00,FE,FF,FE,FF,00,00
25595000,55,false,Rx,0,8,10,27,00,00,00,00,00,00
25595000,56,false,Rx,0,8,10,27,00,00,00,00,00,00
25606000,57,false,Rx,0,8,00,00,FE,FF,FE,FF,00,00
25647000,625,false,Rx,0,8,25,00,11,43,FD,BB,E4,01
25747000,625,false,Rx,0,8,25,00,11,43,FD,BB,E4,01
25779000,2C4,false,Rx,0,8,03,00,00,00,A8,02,00,00
25779000,2C5,false,Rx,0,8,00,00,00,00,00,00,00,00
25779000,2C6,false,Rx,0,8,F4,01,84,03,00,00,00,00
25795000,54,false,Rx,0,8,00,00,FE,FF,FE,FF,00,00
25795000,55,false,Rx,0,8,10,27,00,00,00,00,00,00
25795000,56,false,Rx,0,8,10,27,00,00,00,00,00,00
25806000,57,false,Rx,0,8,00,00,FE,FF,FE,FF,00,00
25847000,625,false,Rx,0,8,25,00,11,43,FD,BB,E4,01
25947000,625,false,Rx,0,8,25,00,11,43,FD,BB,E4,01
25979000,2C4,false,Rx,0,8,03,00,00,00,A8,02,00,00
25979000,2C5,false,Rx,0,8,00,00,00,00,00,00,00,00
25979000,2C6,false,Rx,0,8,F4,01,84,03,00,00,00,00
25995000,54,false,Rx,0,8,00,00,FE,FF,FE,FF,00,00
25995000,55,false,Rx,0,8,10,27,00,00,00,00,00,00
25996000,56,false,Rx,0,8,10,27,00,00,00,00,00,00
26006000,57,false,Rx,0,8,00,00,FE,FF,FE,FF,00,00
26047000,625,false,Rx,0,8,25,00,11,43,FD,BB,E4,01
26147000,625,false,Rx,0,8,25,00,11,43,FD,BB,E4,01
26179000,2C4,false,Rx,0,8,03,00,00,00,A5,02,00,00
26179000,2C5,false,Rx,0,8,00,00,00,00,00,00,00,00
26179000,2C6,false,Rx,0,8,F4,01,84,03,00,00,00,00
26195000,54,false,Rx,0,8,00,00,FE,FF,FE,FF,00,00
26195000,55,false,Rx,0,8,10,27,00,00,00,00,00,00
26195000,56,false,Rx,0,8,10,27,00,00,00,00,00,00
26206000,57,false,Rx,0,8,00,00,FE,FF,FE,FF,00,00
26247000,625,false,Rx,0,8,25,00,11,43,FD,BB,E4,01
26347000,625,false,Rx,0,8,25,00,11,43,FD,BB,E4,01
26379000,2C4,false,Rx,0,8,03,00,00,00,A5,02,00,00
26379000,2C5,false,Rx,0,8,00,00,00,00,00,00,00,00
26379000,2C6,false,Rx,0,8,F4,01,84,03,00,00,00,00
26395000,54,false,Rx,0,8,00,00,FE,FF,FE,FF,00,00
26395000,55,false,Rx,0,8,10,27,00,00,00,00,00,00
26395000,56,false,Rx,0,8,10,27,00,00,00,00,00,00
26406000,57,false,Rx,0,8,00,00,FE,FF,FE,FF,00,00
26447000,625,false,Rx,0,8,25,00,11,43,FD,BB,E4,01
26547000,625,false,Rx,0,8,25,00,11,43,FD,BB,E4,01
26579000,2C4,false,Rx,0,8,03,00,00,00,A8,02,00,00
26579000,2C5,false,Rx,0,8,00,00,00,00,00,00,00,00
26579000,2C6,false,Rx,0,8,F4,01,84,03,00,00,00,00
26595000,54,false,Rx,0,8,00,00,FE,FF,FE,FF,00,00
26595000,55,false,Rx,0,8,10,27,00,00,00,00,00,00
26596000,56,false,Rx,0,8,10,27,00,00,00,00,00,00
26606000,57,false,Rx,0,8,00,00,FE,FF,FE,FF,00,00
26647000,625,false,Rx,0,8,25,00,11,43,FD,BB,E4,01
26747000,625,false,Rx,0,8,25,00,11,43,FD,BB,E4,01
26779000,2C4,false,Rx,0,8,03,00,00,00,A8,02,00,00
26779000,2C5,false,Rx,0,8,00,00,00,00,00,00,00,00
26779000,2C6,false,Rx,0,8,F4,01,84,03,00,00,00,00
26795000,54,false,Rx,0,8,00,00,FE,FF,FE,FF,00,00
26795000,55,false,Rx,0,8,10,27,00,00,00,00,00,00
26795000,56,false,Rx,0,8,10,27,00,00,00,00,00,00
26806000,57,false,Rx,0,8,00,00,FE,FF,FE,FF,00,00
26847000,625,false,Rx,0,8,25,00,11,43,FD,BB,E4,01
26947000,625,false,Rx,0,8,25,00,11,43,FD,BB,E4,01
26979000,2C4,false,Rx,0,8,03,00,00,00,A5,02,00,00
26979000,2C5,false,Rx,0,8,00,00,00,00,00,00,00,00
26979000,2C6,false,Rx,0,8,F4,01,84,03,00,00,00,00
26995000,54,false,Rx,0,8,00,00,FE,FF,FE,FF,00,00
26995000,55,false,Rx,0,8,10,27,00,00,00,00,00,00
26995000,56,false,Rx,0,8,10,27,00,00,00,00,00,00
27006000,57,false,Rx,0,8,00,00,FE,FF,FE,FF,00,00
27047000,625,false,Rx,0,8,25,00,11,43,FD,BB,E4,01
27147000,625,false,Rx,0,8,25,00,11,43,FD,BB,E4,01
27179000,2C4,false,Rx,0,8,03,00,00,00,A8,02,00,00
27179000,2C5,false,Rx,0,8,00,00,00,00,00,00,00,00
27179000,2C6,false,Rx,0,8,F4,01,84,03,00,00,00,00
27195000,54,false,Rx,0,8,00,00,FE,FF,FE,FF,00,00
27195000,55,false,Rx,0,8,10,27,00,00,00,00,00,00
27195000,56,false,Rx,0,8,10,27,00,00,00,00,00,00
27206000,57,false,Rx,0,8,00,00,FE,FF,FE,FF,00,00
27247000,625,false,Rx,0,8,25,00,11,43,FD,BB,E4,01
27347000,625,false,Rx,0,8,25,00,11,43,FD,BB,E4,01
27379000,2C4,false,Rx,0,8,03,00,00,00,A8,02,00,00
27379000,2C5,false,Rx,0,8,00,00,00,00,00,00,00,00
27379000,2C6,false,Rx,0,8,F4,01,84,03,00,00,00,00
27395000,54,false,Rx,0,8,00,00,FE,FF,FE,FF,00,00
27395000,55,false,Rx,0,8,10,27,00,00,00,00,00,00
27395000,56,false,Rx,0,8,10,27,00,00,00,00,00,00
27406000,57,false,Rx,0,8,00,00,FE,FF,FE,FF,00,00
27447000,625,false,Rx,0,8,25,00,11,43,FD,BB,E4,01
27547000,625,false,Rx,0,8,25,00,11,43,FD,BB,E4,01
27579000,2C4,false,Rx,0,8,03,00,00,00,A8,02,00,00
27579000,2C5,false,Rx,0,8,00,00,00,00,00,00,00,00
27579000,2C6,false,Rx,0,8,F4,01,84,03,00,00,00,00
27595000,54,false,Rx,0,8,00,00,FE,FF,FE,FF,00,00
27595000,55,false,Rx,0,8,10,27,00,00,00,00,00,00
27595000,56,false,Rx,0,8,10,27,00,00,00,00,00,00
27606000,57,false,Rx,0,8,00,00,FE,FF,FE,FF,00,00
27647000,625,false,Rx,0,8,25,00,11,43,FD,BB,E4,01
27747000,625,false,Rx,0,8,25,00,11,43,FD,BB,E4,01
27779000,2C4,false,Rx,0,8,03,00,00,00,A5,02,00,00
27779000,2C5,false,Rx,0,8,00,00,00,00,00,00,00,00
27779000,2C6,false,Rx,0,8,F4,01,84,03,00,00,00,00
27795000,54,false,Rx,0,8,00,00,FE,FF,FE,FF,00,00
27795000,55,false,Rx,0,8,10,27,00,00,00,00,00,00
27795000,56,false,Rx,0,8,10,27,00,00,00,00,00,00
27806000,57,false,Rx,0,8,00,00,FE,FF,FE,FF,00,00
27847000,625,false,Rx,0,8,25,00,11,43,FD,BB,E4,01
27947000,625,false,Rx,0,8,25,00,11,43,FD,BB,E4,01
27979000,2C4,false,Rx,0,8,03,00,00,00,A8,02,00,00
27979000,2C5,false,Rx,0,8,00,00,00,00,00,00,00,00
27979000,2C6,false,Rx,0,8,F4,01,84,03,00,00,00,00
27995000,54,false,Rx,0,8,00,00,FE,FF,FE,FF,00,00
27995000,55,false,Rx,0,8,10,27,00,00,00,00,00,00
27995000,56,false,Rx,0,8,10,27,00,00,00,00,00,00
28006000,57,false,Rx,0,8,00,00,FE,FF,FE,FF,00,00
28047000,625,false,Rx,0,8,25,00,11,43,FD,BB,E4,01
28147000,625,false,Rx,0,8,25,00,11,43,FD,BB,E4,01
28179000,2C4,false,Rx,0,8,03,00,00,00,A8,02,00,00
28179000,2C5,false,Rx,0,8,00,00,00,00,00,00,00,00
28179000,2C6,false,Rx,0,8,F4,01,84,03,00,00,00,00
28195000,54,false,Rx,0,8,00,00,FE,FF,FE,FF,00,00
28195000,55,false,Rx,0,8,10,27,00,00,00,00,00,00
28195000,56,false,Rx,0,8,10,27,00,00,00,00,00,00
28206000,57,false,Rx,0,8,00,00,FE,FF,FE,FF,00,00
28247000,625,false,Rx,0,8,25,00,11,43,FD,BB,E4,01
28347000,625,false,Rx,0,8,25,00,11,43,FD,BB,E4,01
28379000,2C4,false,Rx,0,8,03,00,00,00,A8,02,00,00
28379000,2C5,false,Rx,0,8,00,00,00,00,00,00,00,00
28379000,2C6,false,Rx,0,8,F4,01,84,03,00,00,00,00
28395000,54,false,Rx,0,8,00,00,FE,FF,FE,FF,00,00
28395000,55,false,Rx,0,8,10,27,00,00,00,00,00,00
28395000,56,false,Rx,0,8,10,27,00,00,00,00,00,00
28406000,57,false,Rx,0,8,00,00,FE,FF,FE,FF,00,00
28447000,625,false,Rx,0,8,25,00,11,43,FD,BB,E4,01
28547000,625,false,Rx,0,8,25,00,11,43,FD,BB,E4,01
28579000,2C4,false,Rx,0,8,03,00,00,00,A5,02,00,00
28579000,2C5,false,Rx,0,8,00,00,00,00,00,00,00,00
28579000,2C6,false,Rx,0,8,F4,01,84,03,00,00,00,00
28595000,54,false,Rx,0,8,00,00,FE,FF,FE,FF,00,00
28595000,55,false,Rx,0,8,10,27,00,00,00,00,00,00
28595000,56,false,Rx,0,8,10,27,00,00,00,00,00,00
28606000,57,false,Rx,0,8,00,00,FE,FF,FE,FF,00,00
28647000,625,false,Rx,0,8,25,00,11,43,FD,BB,E4,01
28747000,625,false,Rx,0,8,25,00,11,43,FD,BB,E4,01
28779000,2C4,false,Rx,0,8,03,00,00,00,A8,02,00,00
28779000,2C5,false,Rx,0,8,00,00,00,00,00,00,00,00
28779000,2C6,false,Rx,0,8,F4,01,84,03,00,00,00,00
28795000,54,false,Rx,0,8,00,00,FE,FF,FE,FF,00,00
28795000,55,false,Rx,0,8,10,27,00,00,00,00,00,00
28795000,56,false,Rx,0,8,10,27,00,00,00,00,00,00
28806000,57,false,Rx,0,8,00,00,FE,FF,FE,FF,00,00
28847000,625,false,Rx,0,8,25,00,11,43,FD,BB,E4,01
28947000,625,false,Rx,0,8,25,00,11,43,FD,BB,E4,01
28979000,2C4,false,Rx,0,8,03,00,00,00,A8,02,00,00
28979000,2C5,false,Rx,0,8,00,00,00,00,00,00,00,00
28979000,2C6,false,Rx,0,8,F4,01,84,03,00,00,00,00
28995000,54,false,Rx,0,8,00,00,FE,FF,FE,FF,00,00
28995000,55,false,Rx,0,8,10,27,00,00,00,00,00,00
28995000,56,false,Rx,0,8,10,27,00,00,00,00,00,00
29006000,57,false,Rx,0,8,00,00,FE,FF,FE,FF,00,00
29047000,625,false,Rx,0,8,25,00,11,43,FD,BB,E4,01
29147000,625,false,Rx,0,8,25,00,11,43,FD,BB,E4,01
29179000,2C4,false,Rx,0,8,03,00,00,00,A8,02,00,00
29179000,2C5,false,Rx,0,8,00,00,00,00,00,00,00,00
29179000,2C6,false,Rx,0,8,F4,01,84,03,00,00,00,00
29195000,54,false,Rx,0,8,00,00,FE,FF,FE,FF,00,00
29195000,55,false,Rx,0,8,10,27,00,00,00,00,00,00
29195000,56,false,Rx,0,8,10,27,00,00,00,00,00,00
29206000,57,false,Rx,0,8,00,00,FE,FF,FE,FF,00,00
29247000,625,false,Rx,0,8,25,00,11,43,FD,BB,E4,01
29347000,625,false,Rx,0,8,25,00,11,43,FD,BB,E4,01
29379000,2C4,false,Rx,0,8,03,00,00,00,A8,02,00,00
29379000,2C5,false,Rx,0,8,00,00,00,00,00,00,00,00
29379000,2C6,false,Rx,0,8,F4,01,84,03,00,00,00,00
29395000,54,false,Rx,0,8,00,00,FE,FF,FE,FF,00,00
29395000,55,false,Rx,0,8,10,27,00,00,00,00,00,00
29395000,56,false,Rx,0,8,10,27,00,00,00,00,00,00
29406000,57,false,Rx,0,8,00,00,FE,FF,FE,FF,00,00
29447000,625,false,Rx,0,8,25,00,11,43,FD,BB,E4,01
29547000,625,false,Rx,0,8,25,00,11,43,FD,BB,E4,01
29579000,2C4,false,Rx,0,8,03,00,00,00,A5,02,00,00
29579000,2C5,false,Rx,0,8,00,00,00,00,00,00,00,00
29579000,2C6,false,Rx,0,8,F4,01,84,03,00,00,00,00
29595000,54,false,Rx,0,8,00,00,FE,FF,FE,FF,00,00
29595000,55,false,Rx,0,8,10,27,00,00,00,00,00,00
29595000,56,false,Rx,0,8,10,27,00,00,00,00,00,00
29606000,57,false,Rx,0,8,00,00,FE,FF,FE,FF,00,00
29647000,625,false,Rx,0,8,25,00,11,43,FD,BB,E4,01
29747000,625,false,Rx,0,8,25,00,11,43,FD,BB,E4,01
29779000,2C4,false,Rx,0,8,03,00,00,00,A8,02,00,00
29779000,2C5,false,Rx,0,8,00,00,00,00,00,00,00,00
29779000,2C6,false,Rx,0,8,F4,01,84,03,00,00,00,00
29795000,54,false,Rx,0,8,00,00,FE,FF,FE,FF,00,00
29795000,55,false,Rx,0,8,10,27,00,00,00,00,00,00
29795000,56,false,Rx,0,8,10,27,00,00,00,00,00,00
29806000,57,false,Rx,0,8,00,00,FE,FF,FE,FF,00,00
29847000,625,false,Rx,0,8,25,00,11,43,FD,BB,E4,01
29947000,625,false,Rx,0,8,25,00,11,43,FD,BB,E4,01
29979000,2C4,false,Rx,0,8,03,00,00,00,A8,02,00,00
29979000,2C5,false,Rx,0,8,00,00,00,00,00,00,00,00
29979000,2C6,false,Rx,0,8,F4,01,84,03,00,00,00,00
29995000,54,false,Rx,0,8,00,00,FE,FF,FE,FF,00,00
29995000,55,false,Rx,0,8,10,27,00,00,00,00,00,00
29995000,56,false,Rx,0,8,10,27,00,00,00,00,00,00
30006000,57,false,Rx,0,8,00,00,FE,FF,FE,FF,00,00
30047000,625,false,Rx,0,8,25,00,11,43,FD,BB,E4,01
30147000,625,false,Rx,0,8,25,00,11,43,FD,BB,E4,01
30179000,2C4,false,Rx,0,8,03,00,00,00,A8,02,00,00
30179000,2C5,false,Rx,0,8,00,00,00,00,00,00,00,00
30179000,2C6,false,Rx,0,8,F4,01,84,03,00,00,00,00
30195000,54,false,Rx,0,8,00,00,FE,FF,FE,FF,00,00
30195000,55,false,Rx,0,8,10,27,00,00,00,00,00,00
30195000,56,false,Rx,0,8,10,27,00,00,00,00,00,00
30206000,57,false,Rx,0,8,00,00,FE,FF,FE,FF,00,00
30247000,625,false,Rx,0,8,25,00,11,43,FD,BB,E4,01
30347000,625,false,Rx,0,8,25,00,11,43,FD,BB,E4,01
30379000,2C4,false,Rx,0,8,03,00,00,00,A5,02,00,00
30379000,2C5,false,Rx,0,8,00,00,00,00,00,00,00,00
30379000,2C6,false,Rx,0,8,F4,01,84,03,00,00,00,00
30395000,54,false,Rx,0,8,00,00,FE,FF,FE,FF,00,00
30395000,55,false,Rx,0,8,10,27,00,00,00,00,00,00
30395000,56,false,Rx,0,8,10,27,00,00,00,00,00,00
30406000,57,false,Rx,0,8,00,00,FE,FF,FE,FF,00,00
30447000,625,false,Rx,0,8,25,00,11,43,FD,BB,E4,01
30547000,625,false,Rx,0,8,25,00,11,43,FD,BB,E4,01
30579000,2C4,false,Rx,0,8,03,00,00,00,A8,02,00,00
30579000,2C5,false,Rx,0,8,00,00,00,00,00,00,00,00
30579000,2C6,false,Rx,0,8,F4,01,84,03,00,00,00,00
30595000,54,false,Rx,0,8,00,00,FE,FF,FE,FF,00,00
30595000,55,false,Rx,0,8,10,27,00,00,00,00,00,00
30595000,56,false,Rx,0,8,10,27,00,00,00,00,00,00
30606000,57,false,Rx,0,8,00,00,FE,FF,FE,FF,00,00
30647000,625,false,Rx,0,8,25,00,11,43,FD,BB,E4,01
30747000,625,false,Rx,0,8,25,00,11,43,FD,BB,E4,01
30779000,2C4,false,Rx,0,8,03,00,00,00,A8,02,00,00
30779000,2C5,false,Rx,0,8,00,00,00,00,00,00,00,00
30779000,2C6,false,Rx,0,8,F4,01,84,03,00,00,00,00
30795000,54,false,Rx,0,8,00,00,FE,FF,FE,FF,00,00
30795000,55,false,Rx,0,8,10,27,00,00,00,00,00,00
30795000,56,false,Rx,0,8,10,27,00,00,00,00,00,00
30806000,57,false,Rx,0,8,00,00,FE,FF,FE,FF,00,00
30847000,625,false,Rx,0,8,25,00,11,43,FD,BB,E4,01
30947000,625,false,Rx,0,8,25,00,11,43,FD,BB,E4,01
30979000,2C4,false,Rx,0,8,03,00,00,00,A8,02,00,00
30979000,2C5,false,Rx,0,8,00,00,00,00,00,00,00,00
30979000,2C6,false,Rx,0,8,F4,01,84,03,00,00,00,00
30995000,54,false,Rx,0,8,00,00,FE,FF,FE,FF,00,00
30995000,55,false,Rx,0,8,10,27,00,00,00,00,00,00
30995000,56,false,Rx,0,8,10,27,00,00,00,00,00,00
31006000,57,false,Rx,0,8,00,00,FE,FF,FE,FF,00,00
31047000,625,false,Rx,0,8,25,00,11,43,FD,BB,E4,01
31147000,625,false,Rx,0,8,25,00,11,43,FD,BB,E4,01
31155000,65,false,Rx,0,8,DA,02,02,00,00,00,00,00
31165000,60D,false,Rx,0,8,0D,10,DF,23,02,20,70,00
31179000,2C4,false,Rx,0,8,03,00,00,00,A5,02,00,00
31179000,2C5,false,Rx,0,8,00,00,00,00,00,00,00,00
31179000,2C6,false,Rx,0,8,F4,01,84,03,00,00,00,00
31195000,54,false,Rx,0,8,00,00,FE,FF,FE,FF,00,00
31195000,55,false,Rx,0,8,10,27,00,00,00,00,00,00
31195000,56,false,Rx,0,8,10,27,00,00,00,00,00,00
31206000,57,false,Rx,0,8,00,00,FE,FF,FE,FF,00,00
31247000,625,false,Rx,0,8,25,00,11,43,FD,BB,E4,01
31265000,60D,false,Rx,0,8,0D,10,DF,23,02,20,70,00
31305000,65,false,Rx,0,8,DA,02,02,00,00,00,00,00
31347000,625,false,Rx,0,8,25,00,11,43,FD,BB,E4,01
31365000,60D,false,Rx,0,8,0D,10,DF,23,02,20,70,00
31379000,2C4,false,Rx,0,8,03,00,00,00,A8,02,00,00
31379000,2C5,false,Rx,0,8,00,00,00,00,00,00,00,00
31379000,2C6,false,Rx,0,8,F4,01,84,03,00,00,00,00
31395000,54,false,Rx,0,8,00,00,FE,FF,FE,FF,00,00
31395000,55,false,Rx,0,8,10,27,00,00,00,00,00,00
31395000,56,false,Rx,0,8,10,27,00,00,00,00,00,00
31406000,57,false,Rx,0,8,00,00,FE,FF,FE,FF,00,00
31447000,625,false,Rx,0,8,25,00,11,43,FD,BB,E4,01
31455000,65,false,Rx,0,8,DA,02,02,00,00,00,00,00
31465000,60D,false,Rx,0,8,0D,10,DF,23,02,20,70,00
31547000,625,false,Rx,0,8,25,00,11,43,FD,BB,E4,01
31565000,60D,false,Rx,0,8,0D,10,DF,23,02,20,70,00
31579000,2C4,false,Rx,0,8,03,00,00,00,A8,02,00,00
31579000,2C5,false,Rx,0,8,00,00,00,00,00,00,00,00
31579000,2C6,false,Rx,0,8,F4,01,84,03,00,00,00,00
31595000,54,false,Rx,0,8,00,00,FE,FF,FE,FF,00,00
31595000,55,false,Rx,0,8,10,27,00,00,00,00,00,00
31596000,56,false,Rx,0,8,10,27,00,00,00,00,00,00
31606000,57,false,Rx,0,8,00,00,FE,FF,FE,FF,00,00
31606000,65,false,Rx,0,8,DA,02,02,00,00,00,00,00
31647000,625,false,Rx,0,8,25,00,11,43,FD,BB,E4,01
31665000,60D,false,Rx,0,8,0D,10,DF,23,02,20,70,00
31747000,625,false,Rx,0,8,25,00,11,43,FD,BB,E4,01
31765000,60D,false,Rx,0,8,0D,10,DF,23,02,20,70,00
31779000,2C4,false,Rx,0,8,03,00,00,00,A8,02,00,00
31779000,2C5,false,Rx,0,8,00,00,00,00,00,00,00,00
31779000,2C6,false,Rx,0,8,F4,01,84,03,00,00,00,00
31795000,54,false,Rx,0,8,00,00,FE,FF,FE,FF,00,00
31795000,55,false,Rx,0,8,10,27,00,00,00,00,00,00
31795000,56,false,Rx,0,8,10,27,00,00,00,00,00,00
31806000,57,false,Rx,0,8,00,00,FE,FF,FE,FF,00,00
31847000,625,false,Rx,0,8,25,00,11,43,FD,BB,E4,01
31865000,60D,false,Rx,0,8,0D,10,DF,23,02,20,70,00
31947000,625,false,Rx,0,8,25,00,11,43,FD,BB,E4,01
31965000,60D,false,Rx,0,8,0D,10,DF,23,02,20,70,00
31979000,2C4,false,Rx,0,8,03,00,00,00,A5,02,00,00
31979000,2C5,false,Rx,0,8,00,00,00,00,00,00,00,00
31979000,2C6,false,Rx,0,8,F4,01,84,03,00,00,00,00
31995000,54,false,Rx,0,8,00,00,FE,FF,FE,FF,00,00
31995000,55,false,Rx,0,8,10,27,00,00,00,00,00,00
31996000,56,false,Rx,0,8,10,27,00,00,00,00,00,00
32006000,57,false,Rx,0,8,00,00,FE,FF,FE,FF,00,00
32047000,625,false,Rx,0,8,25,00,11,43,FD,BB,E4,01
32065000,60D,false,Rx,0,8,0D,10,DF,23,02,20,70,00
32146000,625,false,Rx,0,8,25,00,11,43,FD,BB,E4,01
32179000,2C4,false,Rx,0,8,03,00,00,00,A5,02,00,00
32179000,2C5,false,Rx,0,8,00,00,00,00,00,00,00,00
32179000,2C6,false,Rx,0,8,F4,01,84,03,00,00,00,00
32195000,54,false,Rx,0,8,00,00,FE,FF,FE,FF,00,00
32196000,55,false,Rx,0,8,10,27,00,00,00,00,00,00
32196000,56,false,Rx,0,8,10,27,00,00,00,00,00,00
32206000,57,false,Rx,0,8,00,00,FE,FF,FE,FF,00,00
32246000,625,false,Rx,0,8,25,00,11,43,FD,BB,E4,01
32285000,60D,false,Rx,0,8,0D,10,DF,23,02,20,70,00
32346000,625,false,Rx,0,8,25,00,11,43,FD,BB,E4,01
32379000,2C4,false,Rx,0,8,03,00,00,00,A8,02,00,00
32379000,2C5,false,Rx,0,8,00,00,00,00,00,00,00,00
32379000,2C6,false,Rx,0,8,F4,01,84,03,00,00,00,00
32390000,60D,false,Rx,0,8,0D,10,DF,23,02,20,70,00
32395000,54,false,Rx,0,8,00,00,FE,FF,FE,FF,00,00
32395000,55,false,Rx,0,8,10,27,00,00,00,00,00,00
32405000,56,false,Rx,0,8,10,27,00,00,00,00,00,00
32406000,57,false,Rx,0,8,00,00,FE,FF,FE,FF,00,00
32446000,625,false,Rx,0,8,25,00,11,43,FD,BB,E4,01
32485000,60D,false,Rx,0,8,0D,10,DF,23,02,20,70,00
32546000,625,false,Rx,0,8,25,00,11,43,FD,BB,E4,01
32579000,2C4,false,Rx,0,8,03,00,00,00,A8,02,00,00
32579000,2C5,false,Rx,0,8,00,00,00,00,00,00,00,00
32579000,2C6,false,Rx,0,8,F4,01,84,03,00,00,00,00
32590000,60D,false,Rx,0,8,0D,10,DF,23,02,20,70,00
32595000,54,false,Rx,0,8,01,01,FE,FF,FE,FF,00,00
32595000,55,false,Rx,0,8,10,27,00,00,00,00,00,00
32605000,56,false,Rx,0,8,10,27,00,00,00,00,00,00
32606000,57,false,Rx,0,8,00,00,FE,FF,FE,FF,00,00
32646000,625,false,Rx,0,8,25,00,11,43,FD,BB,E4,01
32685000,60D,false,Rx,0,8,0D,10,DF,23,02,20,70,00
32746000,625,false,Rx,0,8,25,00,11,43,FD,BB,E4,01
32779000,2C4,false,Rx,0,8,05,00,00,00,A8,02,00,00
32779000,2C5,false,Rx,0,8,00,00,00,00,00,00,00,00
32779000,2C6,false,Rx,0,8,F4,01,84,03,00,00,00,00
32790000,60D,false,Rx,0,8,0D,10,DF,23,02,20,70,00
32795000,54,false,Rx,0,8,01,01,FE,FF,FE,FF,00,00
32795000,55,false,Rx,0,8,10,27,00,00,00,00,00,00
32805000,56,false,Rx,0,8,10,27,00,00,00,00,00,00
32806000,57,false,Rx,0,8,00,00,FE,FF,FE,FF,00,00
32846000,625,false,Rx,0,8,25,00,11,43,FD,BB,E4,01
32885000,60D,false,Rx,0,8,0D,10,DF,23,02,20,70,00
32946000,625,false,Rx,0,8,25,00,11,43,FD,BB,E4,01
32979000,2C4,false,Rx,0,8,05,00,00,00,A8,02,00,00
32979000,2C5,false,Rx,0,8,00,00,00,00,00,00,00,00
32979000,2C6,false,Rx,0,8,F4,01,84,03,00,00,00,00
32989000,60D,false,Rx,0,8,0D,10,DF,23,02,20,70,00
32995000,54,false,Rx,0,8,01,01,FE,FF,FE,FF,00,00
32995000,55,false,Rx,0,8,10,27,00,00,00,00,00,00
33005000,56,false,Rx,0,8,10,27,00,00,00,00,00,00
33006000,57,false,Rx,0,8,00,00,FE,FF,FE,FF,00,00
33046000,625,false,Rx,0,8,25,00,11,43,FD,BB,E4,01
33085000,60D,false,Rx,0,8,0D,10,DF,23,02,20,70,00
33146000,625,false,Rx,0,8,25,00,11,43,FD,BB,E4,01
33179000,2C4,false,Rx,0,8,05,00,00,00,A5,02,00,00
33179000,2C5,false,Rx,0,8,00,00,00,00,00,00,00,00
33179000,2C6,false,Rx,0,8,F4,01,84,03,00,00,00,00
33189000,60D,false,Rx,0,8,0D,10,DF,23,02,20,70,00
33195000,54,false,Rx,0,8,01,01,FE,FF,FE,FF,00,00
33195000,55,false,Rx,0,8,10,27,00,00,00,00,00,00
33205000,56,false,Rx,0,8,10,27,00,00,00,00,00,00
33206000,57,false,Rx,0,8,00,00,FE,FF,FE,FF,00,00
33246000,625,false,Rx,0,8,25,00,11,43,FD,BB,E4,01
33285000,60D,false,Rx,0,8,0D,10,DF,23,02,20,70,00
33346000,625,false,Rx,0,8,25,00,11,43,FD,BB,E4,01
33379000,2C4,false,Rx,0,8,05,00,00,00,A8,02,00,00
33379000,2C5,false,Rx,0,8,00,00,00,00,00,00,00,00
33379000,2C6,false,Rx,0,8,F4,01,84,03,00,00,00,00
33389000,60D,false,Rx,0,8,0D,10,DF,23,02,20,70,00
33395000,54,false,Rx,0,8,01,01,FE,FF,FE,FF,00,00
33395000,55,false,Rx,0,8,10,27,00,00,00,00,00,00
33405000,56,false,Rx,0,8,10,27,00,00,00,00,00,00
33406000,57,false,Rx,0,8,00,00,FE,FF,FE,FF,00,00
33446000,625,false,Rx,0,8,25,00,11,43,FD,BB,E4,01
33485000,60D,false,Rx,0,8,0D,10,DF,23,02,20,70,00
33546000,625,false,Rx,0,8,25,00,11,43,FD,BB,E4,01
33579000,2C4,false,Rx,0,8,05,00,00,00,A8,02,00,00
33579000,2C5,false,Rx,0,8,00,00,00,00,00,00,00,00
33579000,2C6,false,Rx,0,8,F4,01,84,03,00,00,00,00
33589000,60D,false,Rx,0,8,0D,10,DF,23,02,20,70,00
33595000,54,false,Rx,0,8,01,01,FE,FF,FE,FF,00,00
33595000,55,false,Rx,0,8,10,27,00,00,00,00,00,00
33605000,56,false,Rx,0,8,10,27,00,00,00,00,00,00
33606000,57,false,Rx,0,8,00,00,FE,FF,FE,FF,00,00
33646000,625,false,Rx,0,8,25,00,11,43,FD,BB,E4,01
33685000,60D,false,Rx,0,8,0D,10,DF,23,02,20,70,00
33746000,625,false,Rx,0,8,25,00,11,43,FD,BB,E4,01
33779000,2C4,false,Rx,0,8,05,00,00,00,A8,02,00,00
33779000,2C5,false,Rx,0,8,00,00,00,00,00,00,00,00
33779000,2C6,false,Rx,0,8,F4,01,84,03,00,00,00,00
33789000,60D,false,Rx,0,8,0D,10,DF,23,02,20,70,00
33795000,54,false,Rx,0,8,01,01,FE,FF,FE,FF,00,00
33795000,55,false,Rx,0,8,10,27,00,00,00,00,00,00
33805000,56,false,Rx,0,8,10,27,00,00,00,00,00,00
33806000,57,false,Rx,0,8,00,00,FE,FF,FE,FF,00,00
33846000,625,false,Rx,0,8,25,00,11,43,FD,BB,E4,01
33885000,60D,false,Rx,0,8,0D,10,DF,23,02,20,70,00
33946000,625,false,Rx,0,8,25,00,11,43,FD,BB,E4,01
33979000,2C4,false,Rx,0,8,05,00,00,00,A5,02,00,00
33979000,2C5,false,Rx,0,8,00,00,00,00,00,00,00,00
33979000,2C6,false,Rx,0,8,F4,01,84,03,00,00,00,00
33989000,60D,false,Rx,0,8,0D,10,DF,23,02,20,70,00
33995000,54,false,Rx,0,8,01,01,FE,FF,FE,FF,00,00
33995000,55,false,Rx,0,8,10,27,00,00,00,00,00,00
34005000,56,false,Rx,0,8,10,27,00,00,00,00,00,00
34006000,57,false,Rx,0,8,00,00,FE,FF,FE,FF,00,00
34046000,625,false,Rx,0,8,25,00,11,43,FD,BB,E4,01
34085000,60D,false,Rx,0,8,0D,10,DF,23,02,20,70,00
34146000,625,false,Rx,0,8,25,00,11,43,FD,BB,E4,01
34179000,2C4,false,Rx,0,8,05,00,00,00,A5,02,00,00
34179000,2C5,false,Rx,0,8,00,00,00,00,00,00,00,00
34179000,2C6,false,Rx,0,8,F4,01,84,03,00,00,00,00
34189000,60D,false,Rx,0,8,0D,10,DF,23,02,20,70,00
34195000,54,false,Rx,0,8,01,01,FE,FF,FE,FF,00,00
34195000,55,false,Rx,0,8,10,27,00,00,00,00,00,00
34205000,56,false,Rx,0,8,10,27,00,00,00,00,00,00
34206000,57,false,Rx,0,8,00,00,FE,FF,FE,FF,00,00
34246000,625,false,Rx,0,8,25,00,11,43,FD,BB,E4,01
34285000,60D,false,Rx,0,8,0D,10,DF,23,02,20,70,00
34346000,625,false,Rx,0,8,25,00,11,43,FD,BB,E4,01
34379000,2C4,false,Rx,0,8,05,00,00,00,A8,02,00,00
34379000,2C5,false,Rx,0,8,00,00,00,00,00,00,00,00
34379000,2C6,false,Rx,0,8,F4,01,84,03,00,00,00,00
34389000,60D,false,Rx,0,8,0D,10,DF,23,02,20,70,00
34395000,54,false,Rx,0,8,01,01,FE,FF,FE,FF,00,00
34395000,55,false,Rx,0,8,10,27,00,00,00,00,00,00
34405000,56,false,Rx,0,8,10,27,00,00,00,00,00,00
34406000,57,false,Rx,0,8,00,00,FE,FF,FE,FF,00,00
34446000,625,false,Rx,0,8,25,00,11,43,FD,BB,E4,01
34485000,60D,false,Rx,0,8,0D,10,DF,23,02,20,70,00
34546000,625,false,Rx,0,8,25,00,11,43,FD,BB,E4,01
34578000,2C4,false,Rx,0,8,05,00,00,00,A8,02,00,00
34579000,2C5,false,Rx,0,8,00,00,00,00,00,00,00,00
34579000,2C6,false,Rx,0,8,F4,01,84,03,00,00,00,00
34589000,60D,false,Rx,0,8,0D,10,DF,23,02,20,70,00
34595000,54,false,Rx,0,8,01,01,FE,FF,FE,FF,00,00
34595000,55,false,Rx,0,8,10,27,00,00,00,00,00,00
34605000,56,false,Rx,0,8,10,27,00,00,00,00,00,00
34606000,57,false,Rx,0,8,00,00,FE,FF,FE,FF,00,00
34646000,625,false,Rx,0,8,25,00,11,43,FD,BB,E4,01
34685000,60D,false,Rx,0,8,0D,10,DF,23,02,20,70,00
34746000,625,false,Rx,0,8,25,00,11,43,FD,BB,E4,01
34778000,2C4,false,Rx,0,8,05,00,00,00,A8,02,00,00
34779000,2C5,false,Rx,0,8,00,00,00,00,00,00,00,00
34779000,2C6,false,Rx,0,8,F4,01,84,03,00,00,00,00
34789000,60D,false,Rx,0,8,0D,10,DF,23,02,20,70,00
34795000,54,false,Rx,0,8,01,01,FE,FF,FE,FF,00,00
34795000,55,false,Rx,0,8,10,27,00,00,00,00,00,00
34805000,56,false,Rx,0,8,10,27,00,00,00,00,00,00
34806000,57,false,Rx,0,8,00,00,FE,FF,FE,FF,00,00
34846000,625,false,Rx,0,8,25,00,11,43,FD,BB,E4,01
34885000,60D,false,Rx,0,8,0D,10,DF,23,02,20,70,00
34946000,625,false,Rx,0,8,25,00,11,43,FD,BB,E4,01
34978000,2C4,false,Rx,0,8,05,00,00,00,A5,02,00,00
34979000,2C5,false,Rx,0,8,00,00,00,00,00,00,00,00
34979000,2C6,false,Rx,0,8,F4,01,84,03,00,00,00,00
34989000,60D,false,Rx,0,8,0D,10,DF,23,02,20,70,00
34995000,54,false,Rx,0,8,01,01,FE,FF,FE,FF,00,00
34995000,55,false,Rx,0,8,10,27,00,00,00,00,00,00
35006000,56,false,Rx,0,8,10,27,00,00,00,00,00,00
35006000,57,false,Rx,0,8,00,00,FE,FF,FE,FF,00,00
35046000,625,false,Rx,0,8,25,00,11,43,FD,BB,E4,01
35085000,60D,false,Rx,0,8,0D,10,DF,23,02,20,70,00
35146000,625,false,Rx,0,8,25,00,11,43,FD,BB,E4,01
35178000,2C4,false,Rx,0,8,05,00,00,00,A5,02,00,00
35179000,2C5,false,Rx,0,8,00,00,00,00,00,00,00,00
35179000,2C6,false,Rx,0,8,F4,01,84,03,00,00,00,00
35189000,60D,false,Rx,0,8,0D,10,DF,23,02,20,70,00
35195000,54,false,Rx,0,8,01,01,FE,FF,FE,FF,00,00
35195000,55,false,Rx,0,8,10,27,00,00,00,00,00,00
35205000,56,false,Rx,0,8,10,27,00,00,00,00,00,00
35206000,57,false,Rx,0,8,00,00,FE,FF,FE,FF,00,00
35246000,625,false,Rx,0,8,25,00,11,43,FD,BB,E4,01
35285000,60D,false,Rx,0,8,0D,10,DF,23,02,20,70,00
35346000,625,false,Rx,0,8,25,00,11,43,FD,BB,E4,01
35378000,2C4,false,Rx,0,8,05,00,00,00,A8,02,00,00
35379000,2C5,false,Rx,0,8,00,00,00,00,00,00,00,00
35379000,2C6,false,Rx,0,8,F4,01,84,03,00,00,00,00
35389000,60D,false,Rx,0,8,0D,10,DF,23,02,20,70,00
35395000,54,false,Rx,0,8,01,01,FE,FF,FE,FF,00,00
35395000,55,false,Rx,0,8,10,27,00,00,00,00,00,00
35406000,56,false,Rx,0,8,10,27,00,00,00,00,00,00
35406000,57,false,Rx,0,8,00,00,FE,FF,FE,FF,00,00
35446000,625,false,Rx,0,8,25,00,11,43,FD,BB,E4,01
35485000,60D,false,Rx,0,8,0D,10,DF,23,02,20,70,00
35546000,625,false,Rx,0,8,25,00,11,43,FD,BB,E4,01
35578000,2C4,false,Rx,0,8,05,00,00,00,A5,02,00,00
35579000,2C5,false,Rx,0,8,00,00,00,00,00,00,00,00
35579000,2C6,false,Rx,0,8,F4,01,84,03,00,00,00,00
35589000,60D,false,Rx,0,8,0D,10,DF,23,02,20,70,00
35595000,54,false,Rx,0,8,01,01,FE,FF,FE,FF,00,00
35595000,55,false,Rx,0,8,10,27,00,00,00,00,00,00
35605000,56,false,Rx,0,8,10,27,00,00,00,00,00,00
35606000,57,false,Rx,0,8,00,00,FE,FF,FE,FF,00,00
35646000,625,false,Rx,0,8,25,00,11,43,FD,BB,E4,01
35685000,60D,false,Rx,0,8,0D,10,DF,23,02,20,70,00
35746000,625,false,Rx,0,8,25,00,11,43,FD,BB,E4,01
35778000,2C4,false,Rx,0,8,05,00,00,00,A5,02,00,00
35779000,2C5,false,Rx,0,8,00,00,00,00,00,00,00,00
35779000,2C6,false,Rx,0,8,F4,01,84,03,00,00,00,00
35789000,60D,false,Rx,0,8,0D,10,DF,23,02,20,70,00
35795000,54,false,Rx,0,8,01,01,FE,FF,FE,FF,00,00
35795000,55,false,Rx,0,8,10,27,00,00,00,00,00,00
35806000,56,false,Rx,0,8,10,27,00,00,00,00,00,00
35806000,57,false,Rx,0,8,00,00,FE,FF,FE,FF,00,00
35846000,625,false,Rx,0,8,25,00,11,43,FD,BB,E4,01
35885000,60D,false,Rx,0,8,0D,10,DF,23,02,20,70,00
35946000,625,false,Rx,0,8,25,00,11,43,FD,BB,E4,01
35978000,2C4,false,Rx,0,8,05,00,00,00,A8,02,00,00
35979000,2C5,false,Rx,0,8,00,00,00,00,00,00,00,00
35979000,2C6,false,Rx,0,8,F4,01,84,03,00,00,00,00
35989000,60D,false,Rx,0,8,0D,10,DF,23,02,20,70,00
35995000,54,false,Rx,0,8,01,01,FE,FF,FE,FF,00,00
35995000,55,false,Rx,0,8,10,27,00,00,00,00,00,00
36005000,56,false,Rx,0,8,10,27,00,00,00,00,00,00
36006000,57,false,Rx,0,8,00,00,FE,FF,FE,FF,00,00
36046000,625,false,Rx,0,8,25,00,11,43,FD,BB,E4,01
36085000,60D,false,Rx,0,8,0D,10,DF,23,02,20,70,00
36146000,625,false,Rx,0,8,25,00,11,43,FD,BB,E4,01
36178000,2C4,false,Rx,0,8,05,00,00,00,A8,02,00,00
36179000,2C5,false,Rx,0,8,00,00,00,00,00,00,00,00
36179000,2C6,false,Rx,0,8,F4,01,84,03,00,00,00,00
36189000,60D,false,Rx,0,8,0D,10,DF,23,02,20,70,00
36195000,54,false,Rx,0,8,01,01,FE,FF,FE,FF,00,00
36195000,55,false,Rx,0,8,10,27,00,00,00,00,00,00
36206000,56,false,Rx,0,8,10,27,00,00,00,00,00,00
36206000,57,false,Rx,0,8,00,00,FE,FF,FE,FF,00,00
36246000,625,false,Rx,0,8,25,00,11,43,FD,BB,E4,01
36285000,60D,false,Rx,0,8,0D,10,DF,23,02,20,70,00
36346000,625,false,Rx,0,8,25,00,11,43,FD,BB,E4,01
36378000,2C4,false,Rx,0,8,05,00,00,00,A8,02,00,00
36379000,2C5,false,Rx,0,8,00,00,00,00,00,00,00,00
36379000,2C6,false,Rx,0,8,F4,01,84,03,00,00,00,00
36389000,60D,false,Rx,0,8,0D,10,DF,23,02,20,70,00
36395000,54,false,Rx,0,8,01,01,FE,FF,FE,FF,00,00
36395000,55,false,Rx,0,8,10,27,00,00,00,00,00,00
36405000,56,false,Rx,0,8,10,27,00,00,00,00,00,00
36406000,57,false,Rx,0,8,00,00,FE,FF,FE,FF,00,00
36446000,625,false,Rx,0,8,25,00,11,43,FD,BB,E4,01
36485000,60D,false,Rx,0,8,0D,10,DF,23,02,20,70,00
36546000,625,false,Rx,0,8,25,00,11,43,FD,BB,E4,01
36578000,2C4,false,Rx,0,8,05,00,00,00,A5,02,00,00
36579000,2C5,false,Rx,0,8,00,00,00,00,00,00,00,00
36579000,2C6,false,Rx,0,8,F4,01,84,03,00,00,00,00
36589000,60D,false,Rx,0,8,0D,10,DF,23,02,20,70,00
36595000,54,false,Rx,0,8,01,01,FE,FF,FE,FF,00,00
36595000,55,false,Rx,0,8,10,27,00,00,00,00,00,00
36606000,56,false,Rx,0,8,10,27,00,00,00,00,00,00
36606000,57,false,Rx,0,8,00,00,FE,FF,FE,FF,00,00
36646000,625,false,Rx,0,8,25,00,11,43,FD,BB,E4,01
36685000,60D,false,Rx,0,8,0D,10,DF,23,02,20,70,00
36746000,625,false,Rx,0,8,25,00,11,43,FD,BB,E4,01
36778000,2C4,false,Rx,0,8,05,00,00,00,A8,02,00,00
36779000,2C5,false,Rx,0,8,00,00,00,00,00,00,00,00
36779000,2C6,false,Rx,0,8,F4,01,84,03,00,00,00,00
36789000,60D,false,Rx,0,8,0D,10,DF,23,02,20,70,00
36795000,54,false,Rx,0,8,01,01,FE,FF,FE,FF,00,00
36795000,55,false,Rx,0,8,10,27,00,00,00,00,00,00
36805000,56,false,Rx,0,8,10,27,00,00,00,00,00,00
36806000,57,false,Rx,0,8,00,00,FE,FF,FE,FF,00,00
36846000,625,false,Rx,0,8,25,00,11,43,FD,BB,E4,01
36885000,60D,false,Rx,0,8,0D,10,DF,23,02,20,70,00
36946000,625,false,Rx,0,8,25,00,11,43,FD,BB,E4,01
36978000,2C4,false,Rx,0,8,05,00,00,00,A8,02,00,00
36979000,2C5,false,Rx,0,8,00,00,00,00,00,00,00,00
36979000,2C6,false,Rx,0,8,F4,01,84,03,00,00,00,00
36989000,60D,false,Rx,0,8,0D,10,DF,23,02,20,70,00
36995000,54,false,Rx,0,8,01,01,FE,FF,FE,FF,00,00
36995000,55,false,Rx,0,8,10,27,00,00,00,00,00,00
37006000,56,false,Rx,0,8,10,27,00,00,00,00,00,00
37006000,57,false,Rx,0,8,00,00,FE,FF,FE,FF,00,00
37046000,625,false,Rx,0,8,25,00,11,43,FD,BB,E4,01
37085000,60D,false,Rx,0,8,0D,10,DF,23,02,20,70,00
37146000,625,false,Rx,0,8,25,00,11,43,FD,BB,E4,01
37178000,2C4,false,Rx,0,8,05,00,00,00,A8,02,00,00
37179000,2C5,false,Rx,0,8,00,00,00,00,00,00,00,00
37179000,2C6,false,Rx,0,8,F4,01,84,03,00,00,00,00
37189000,60D,false,Rx,0,8,0D,10,DF,23,02,20,70,00
37195000,54,false,Rx,0,8,01,01,FE,FF,FE,FF,00,00
37195000,55,false,Rx,0,8,10,27,00,00,00,00,00,00
37206000,56,false,Rx,0,8,10,27,00,00,00,00,00,00
37206000,57,false,Rx,0,8,00,00,FE,FF,FE,FF,00,00
37246000,625,false,Rx,0,8,25,00,11,43,FD,BB,E4,01
37285000,60D,false,Rx,0,8,0D,10,DF,23,02,20,70,00
37346000,625,false,Rx,0,8,25,00,11,43,FD,BB,E4,01
37378000,2C4,false,Rx,0,8,05,00,00,00,A5,02,00,00
37379000,2C5,false,Rx,0,8,00,00,00,00,00,00,00,00
37379000,2C6,false,Rx,0,8,F4,01,84,03,00,00,00,00
37389000,60D,false,Rx,0,8,0D,10,DF,23,02,20,70,00
37395000,54,false,Rx,0,8,01,01,FE,FF,FE,FF,00,00
37395000,55,false,Rx,0,8,10,27,00,00,00,00,00,00
37405000,56,false,Rx,0,8,10,27,00,00,00,00,00,00
37406000,57,false,Rx,0,8,00,00,FE,FF,FE,FF,00,00
37446000,625,false,Rx,0,8,25,00,11,43,FD,BB,E4,01
37485000,60D,false,Rx,0,8,0D,10,DF,23,02,20,70,00
37546000,625,false,Rx,0,8,25,00,11,43,FD,BB,E4,01
37578000,2C4,false,Rx,0,8,05,00,00,00,A5,02,00,00
37579000,2C5,false,Rx,0,8,00,00,00,00,00,00,00,00
37579000,2C6,false,Rx,0,8,F4,01,84,03,00,00,00,00
37589000,60D,false,Rx,0,8,0D,10,DF,23,02,20,70,00
37595000,54,false,Rx,0,8,01,01,FE,FF,FE,FF,00,00
37595000,55,false,Rx,0,8,10,27,00,00,00,00,00,00
37605000,56,false,Rx,0,8,10,27,00,00,00,00,00,00
37606000,57,false,Rx,0,8,00,00,FE,FF,FE,FF,00,00
37646000,625,false,Rx,0,8,25,00,11,43,FD,BB,E4,01
37685000,60D,false,Rx,0,8,0D,10,DF,23,02,20,70,00
37746000,625,false,Rx,0,8,25,00,11,43,FD,BB,E4,01
37778000,2C4,false,Rx,0,8,05,00,00,00,A8,02,00,00
37779000,2C5,false,Rx,0,8,00,00,00,00,00,00,00,00
37779000,2C6,false,Rx,0,8,F4,01,84,03,00,00,00,00
37789000,60D,false,Rx,0,8,0D,10,DF,23,02,20,70,00
37795000,54,false,Rx,0,8,01,01,FE,FF,FE,FF,00,00
37795000,55,false,Rx,0,8,10,27,00,00,00,00,00,00
37805000,56,false,Rx,0,8,10,27,00,00,00,00,00,00
37806000,57,false,Rx,0,8,00,00,FE,FF,FE,FF,00,00
37846000,625,false,Rx,0,8,25,00,11,43,FD,BB,E4,01
37885000,60D,false,Rx,0,8,0D,10,DF,23,02,20,70,00
37946000,625,false,Rx,0,8,25,00,11,43,FD,BB,E4,01
37978000,2C4,false,Rx,0,8,05,00,00,00,A8,02,00,00
37979000,2C5,false,Rx,0,8,00,00,00,00,00,00,00,00
37979000,2C6,false,Rx,0,8,F4,01,84,03,00,00,00,00
37989000,60D,false,Rx,0,8,0D,10,DF,23,02,20,70,00
37995000,54,false,Rx,0,8,01,01,FE,FF,FE,FF,00,00
37995000,55,false,Rx,0,8,10,27,00,00,00,00,00,00
38005000,56,false,Rx,0,8,10,27,00,00,00,00,00,00
38006000,57,false,Rx,0,8,00,00,FE,FF,FE,FF,00,00
38046000,625,false,Rx,0,8,25,00,11,43,FD,BB,E4,01
38085000,60D,false,Rx,0,8,0D,10,DF,23,02,20,70,00
38146000,625,false,Rx,0,8,25,00,11,43,FD,BB,E4,01
38178000,2C4,false,Rx,0,8,05,00,00,00,A5,02,00,00
38179000,2C5,false,Rx,0,8,00,00,00,00,00,00,00,00
38179000,2C6,false,Rx,0,8,F4,01,84,03,00,00,00,00
38189000,60D,false,Rx,0,8,0D,10,DF,23,02,20,70,00
38195000,54,false,Rx,0,8,01,01,FE,FF,FE,FF,00,00
38195000,55,false,Rx,0,8,10,27,00,00,00,00,00,00
38205000,56,false,Rx,0,8,10,27,00,00,00,00,00,00
38206000,57,false,Rx,0,8,00,00,FE,FF,FE,FF,00,00
38246000,625,false,Rx,0,8,25,00,11,43,FD,BB,E4,01
38285000,60D,false,Rx,0,8,0D,10,DF,23,02,20,70,00
38346000,625,false,Rx,0,8,25,00,11,43,FD,BB,E4,01
38378000,2C4,false,Rx,0,8,05,00,00,00,A5,02,00,00
38379000,2C5,false,Rx,0,8,00,00,00,00,00,00,00,00
38379000,2C6,false,Rx,0,8,F4,01,84,03,00,00,00,00
38389000,60D,false,Rx,0,8,0D,10,DF,23,02,20,70,00
38395000,54,false,Rx,0,8,01,01,FE,FF,FE,FF,00,00
38395000,55,false,Rx,0,8,10,27,00,00,00,00,00,00
38405000,56,false,Rx,0,8,10,27,00,00,00,00,00,00
38406000,57,false,Rx,0,8,00,00,FE,FF,FE,FF,00,00
38446000,625,false,Rx,0,8,25,00,11,43,FD,BB,E4,01
38485000,60D,false,Rx,0,8,0D,10,DF,23,02,20,70,00
38546000,625,false,Rx,0,8,25,00,11,43,FD,BB,E4,01
38578000,2C4,false,Rx,0,8,05,00,00,00,A8,02,00,00
38579000,2C5,false,Rx,0,8,00,00,00,00,00,00,00,00
38579000,2C6,false,Rx,0,8,F4,01,84,03,00,00,00,00
38589000,60D,false,Rx,0,8,0D,10,DF,23,02,20,70,00
38595000,54,false,Rx,0,8,01,01,FE,FF,FE,FF,00,00
38595000,55,false,Rx,0,8,10,27,00,00,00,00,00,00
38605000,56,false,Rx,0,8,10,27,00,00,00,00,00,00
38606000,57,false,Rx,0,8,00,00,FE,FF,FE,FF,00,00
38646000,625,false,Rx,0,8,25,00,11,43,FD,BB,E4,01
38685000,60D,false,Rx,0,8,0D,10,DF,23,02,20,70,00
38746000,625,false,Rx,0,8,25,00,11,43,FD,BB,E4,01
38778000,2C4,false,Rx,0,8,05,00,00,00,A8,02,00,00
38779000,2C5,false,Rx,0,8,00,00,00,00,00,00,00,00
38779000,2C6,false,Rx,0,8,F4,01,84,03,00,00,00,00
38789000,60D,false,Rx,0,8,0D,10,DF,23,02,20,70,00
38795000,54,false,Rx,0,8,01,01,FE,FF,FE,FF,00,00
38795000,55,false,Rx,0,8,10,27,00,00,00,00,00,00
38806000,56,false,Rx,0,8,10,27,00,00,00,00,00,00
38806000,57,false,Rx,0,8,00,00,FE,FF,FE,FF,00,00
38846000,625,false,Rx,0,8,25,00,11,43,FD,BB,E4,01
38885000,60D,false,Rx,0,8,0D,10,DF,23,02,20,70,00
38946000,625,false,Rx,0,8,25,00,11,43,FD,BB,E4,01
38978000,2C4,false,Rx,0,8,05,00,00,00,A5,02,00,00
38979000,2C5,false,Rx,0,8,00,00,00,00,00,00,00,00
38979000,2C6,false,Rx,0,8,F4,01,84,03,00,00,00,00
38989000,60D,false,Rx,0,8,0D,10,DF,23,02,20,70,00
38995000,54,false,Rx,0,8,01,01,FE,FF,FE,FF,00,00
38995000,55,false,Rx,0,8,10,27,00,00,00,00,00,00
39006000,56,false,Rx,0,8,10,27,00,00,00,00,00,00
39006000,57,false,Rx,0,8,00,00,FE,FF,FE,FF,00,00
39046000,625,false,Rx,0,8,25,00,11,43,FD,BB,E4,01
39085000,60D,false,Rx,0,8,0D,10,DF,23,02,20,70,00
39146000,625,false,Rx,0,8,25,00,11,43,FD,BB,E4,01
39178000,2C4,false,Rx,0,8,05,00,00,00,A5,02,00,00
39179000,2C5,false,Rx,0,8,00,00,00,00,00,00,00,00
39179000,2C6,false,Rx,0,8,F4,01,84,03,00,00,00,00
39189000,60D,false,Rx,0,8,0D,10,DF,23,02,20,70,00
39195000,54,false,Rx,0,8,01,01,FE,FF,FE,FF,00,00
39195000,55,false,Rx,0,8,10,27,00,00,00,00,00,00
39205000,56,false,Rx,0,8,10,27,00,00,00,00,00,00
39206000,57,false,Rx,0,8,00,00,FE,FF,FE,FF,00,00
39246000,625,false,Rx,0,8,25,00,11,43,FD,BB,E4,01
39285000,60D,false,Rx,0,8,0D,10,DF,23,02,20,70,00
39346000,625,false,Rx,0,8,25,00,11,43,FD,BB,E4,01
39378000,2C4,false,Rx,0,8,05,00,00,00,A8,02,00,00
39379000,2C5,false,Rx,0,8,00,00,00,00,00,00,00,00
39379000,2C6,false,Rx,0,8,F4,01,84,03,00,00,00,00
39389000,60D,false,Rx,0,8,0D,10,DF,23,02,20,70,00
39395000,54,false,Rx,0,8,01,01,FE,FF,FE,FF,00,00
39395000,55,false,Rx,0,8,10,27,00,00,00,00,00,00
39405000,56,false,Rx,0,8,10,27,00,00,00,00,00,00
39406000,57,false,Rx,0,8,00,00,FE,FF,FE,FF,00,00
39446000,625,false,Rx,0,8,25,00,11,43,FD,BB,E4,01
39485000,60D,false,Rx,0,8,0D,10,DF,23,02,20,70,00
39546000,625,false,Rx,0,8,25,00,11,43,FD,BB,E4,01
39578000,2C4,false,Rx,0,8,05,00,00,00,A8,02,00,00
39579000,2C5,false,Rx,0,8,00,00,00,00,00,00,00,00
39579000,2C6,false,Rx,0,8,F4,01,84,03,00,00,00,00
39589000,60D,false,Rx,0,8,0D,10,DF,23,02,20,70,00
39595000,54,false,Rx,0,8,01,01,FE,FF,FE,FF,00,00
39595000,55,false,Rx,0,8,10,27,00,00,00,00,00,00
39605000,56,false,Rx,0,8,10,27,00,00,00,00,00,00
39606000,57,false,Rx,0,8,00,00,FE,FF,FE,FF,00,00
39646000,625,false,Rx,0,8,25,00,11,43,FD,BB,E4,01
39685000,60D,false,Rx,0,8,0D,10,DF,23,02,20,70,00
39746000,625,false,Rx,0,8,25,00,11,43,FD,BB,E4,01
39778000,2C4,false,Rx,0,8,05,00,00,00,A8,02,00,00
39778000,2C5,false,Rx,0,8,00,00,00,00,00,00,00,00
39779000,2C6,false,Rx,0,8,F4,01,84,03,00,00,00,00
39789000,60D,false,Rx,0,8,0D,10,DF,23,02,20,70,00
39795000,54,false,Rx,0,8,01,01,FE,FF,FE,FF,00,00
39795000,55,false,Rx,0,8,10,27,00,00,00,00,00,00
39805000,56,false,Rx,0,8,10,27,00,00,00,00,00,00
39806000,57,false,Rx,0,8,00,00,FE,FF,FE,FF,00,00
39846000,625,false,Rx,0,8,25,00,11,43,FD,BB,E4,01
39885000,60D,false,Rx,0,8,0D,10,DF,23,02,20,70,00
39946000,625,false,Rx,0,8,25,00,11,43,FD,BB,E4,01
39978000,2C4,false,Rx,0,8,05,00,00,00,A5,02,00,00
39978000,2C5,false,Rx,0,8,00,00,00,00,00,00,00,00
39979000,2C6,false,Rx,0,8,F4,01,84,03,00,00,00,00
39989000,60D,false,Rx,0,8,0D,10,DF,23,02,20,70,00
39995000,54,false,Rx,0,8,01,01,FE,FF,FE,FF,00,00
39995000,55,false,Rx,0,8,10,27,00,00,00,00,00,00
40005000,56,false,Rx,0,8,10,27,00,00,00,00,00,00
40006000,57,false,Rx,0,8,00,00,FE,FF,FE,FF,00,00
40046000,625,false,Rx,0,8,25,00,11,43,FD,BB,E4,01
40085000,60D,false,Rx,0,8,0D,10,DF,23,02,20,70,00
40146000,625,false,Rx,0,8,25,00,11,43,FD,BB,E4,01
40178000,2C4,false,Rx,0,8,05,00,00,00,A8,02,00,00
40178000,2C5,false,Rx,0,8,00,00,00,00,00,00,00,00
40179000,2C6,false,Rx,0,8,F4,01,84,03,00,00,00,00
40189000,60D,false,Rx,0,8,0D,10,DF,23,02,20,70,00
40195000,54,false,Rx,0,8,01,01,FE,FF,FE,FF,00,00
40195000,55,false,Rx,0,8,10,27,00,00,00,00,00,00
40205000,56,false,Rx,0,8,10,27,00,00,00,00,00,00
40206000,57,false,Rx,0,8,00,00,FE,FF,FE,FF,00,00
40246000,625,false,Rx,0,8,25,00,11,43,FD,BB,E4,01
40285000,60D,false,Rx,0,8,0D,10,DF,23,02,20,70,00
40346000,625,false,Rx,0,8,25,00,11,43,FD,BB,E4,01
40378000,2C4,false,Rx,0,8,05,00,00,00,A8,02,00,00
40378000,2C5,false,Rx,0,8,00,00,00,00,00,00,00,00
40379000,2C6,false,Rx,0,8,F4,01,84,03,00,00,00,00
40389000,60D,false,Rx,0,8,0D,10,DF,23,02,20,70,00
40395000,54,false,Rx,0,8,01,01,FE,FF,FE,FF,00,00
40395000,55,false,Rx,0,8,10,27,00,00,00,00,00,00
40405000,56,false,Rx,0,8,10,27,00,00,00,00,00,00
40406000,57,false,Rx,0,8,00,00,FE,FF,FE,FF,00,00
40446000,625,false,Rx,0,8,25,00,11,43,FD,BB,E4,01
40485000,60D,false,Rx,0,8,0D,10,DF,23,02,20,70,00
40546000,625,false,Rx,0,8,25,00,11,43,FD,BB,E4,01
40578000,2C4,false,Rx,0,8,05,00,00,00,A8,02,00,00
40578000,2C5,false,Rx,0,8,00,00,00,00,00,00,00,00
40579000,2C6,false,Rx,0,8,F4,01,84,03,00,00,00,00
40589000,60D,false,Rx,0,8,0D,10,DF,23,02,20,70,00
40595000,54,false,Rx,0,8,01,01,FE,FF,FE,FF,00,00
40595000,55,false,Rx,0,8,10,27,00,00,00,00,00,00
40605000,56,false,Rx,0,8,10,27,00,00,00,00,00,00
40606000,57,false,Rx,0,8,00,00,FE,FF,FE,FF,00,00
40646000,625,false,Rx,0,8,25,00,11,43,FD,BB,E4,01
40685000,60D,false,Rx,0,8,0D,10,DF,23,02,20,70,00
40746000,625,false,Rx,0,8,25,00,11,43,FD,BB,E4,01
40778000,2C4,false,Rx,0,8,05,00,00,00,A5,02,00,00
40778000,2C5,false,Rx,0,8,00,00,00,00,00,00,00,00
40779000,2C6,false,Rx,0,8,F4,01,84,03,00,00,00,00
40789000,60D,false,Rx,0,8,0D,10,DF,23,02,20,70,00
40795000,54,false,Rx,0,8,01,01,FE,FF,FE,FF,00,00
40795000,55,false,Rx,0,8,10,27,00,00,00,00,00,00
40805000,56,false,Rx,0,8,10,27,00,00,00,00,00,00
40806000,57,false,Rx,0,8,00,00,FE,FF,FE,FF,00,00
40846000,625,false,Rx,0,8,25,00,11,43,FD,BB,E4,01
40885000,60D,false,Rx,0,8,0D,10,DF,23,02,20,70,00
40946000,625,false,Rx,0,8,25,00,11,43,FD,BB,E4,01
40978000,2C4,false,Rx,0,8,05,00,00,00,A5,02,00,00
40978000,2C5,false,Rx,0,8,00,00,00,00,00,00,00,00
40979000,2C6,false,Rx,0,8,F4,01,84,03,00,00,00,00
40989000,60D,false,Rx,0,8,0D,10,DF,23,02,20,70,00
40995000,54,false,Rx,0,8,01,01,FE,FF,FE,FF,00,00
40995000,55,false,Rx,0,8,10,27,00,00,00,00,00,00
41005000,56,false,Rx,0,8,10,27,00,00,00,00,00,00
41006000,57,false,Rx,0,8,00,00,FE,FF,FE,FF,00,00
41046000,625,false,Rx,0,8,25,00,11,43,FD,BB,E4,01
41085000,60D,false,Rx,0,8,0D,10,DF,23,02,20,70,00
41146000,625,false,Rx,0,8,25,00,11,43,FD,BB,E4,01
41178000,2C4,false,Rx,0,8,05,00,00,00,A8,02,00,00
41178000,2C5,false,Rx,0,8,00,00,00,00,00,00,00,00
41179000,2C6,false,Rx,0,8,F4,01,84,03,00,00,00,00
41189000,60D,false,Rx,0,8,0D,10,DF,23,02,20,70,00
41195000,54,false,Rx,0,8,01,01,FE,FF,FE,FF,00,00
41195000,55,false,Rx,0,8,10,27,00,00,00,00,00,00
41205000,56,false,Rx,0,8,10,27,00,00,00,00,00,00
41205000,57,false,Rx,0,8,00,00,FE,FF,FE,FF,00,00
41246000,625,false,Rx,0,8,25,00,11,43,FD,BB,E4,01
41285000,60D,false,Rx,0,8,0D,10,DF,23,02,20,70,00
41346000,625,false,Rx,0,8,25,00,11,43,FD,BB,E4,01
41378000,2C4,false,Rx,0,8,05,00,00,00,A8,02,00,00
41378000,2C5,false,Rx,0,8,00,00,00,00,00,00,00,00
41379000,2C6,false,Rx,0,8,F4,01,84,03,00,00,00,00
41389000,60D,false,Rx,0,8,0D,10,DF,23,02,20,70,00
41395000,54,false,Rx,0,8,01,01,FE,FF,FE,FF,00,00
41395000,55,false,Rx,0,8,10,27,00,00,00,00,00,00
41405000,56,false,Rx,0,8,10,27,00,00,00,00,00,00
41405000,57,false,Rx,0,8,00,00,FE,FF,FE,FF,00,00
41446000,625,false,Rx,0,8,25,00,11,43,FD,BB,E4,01
41485000,60D,false,Rx,0,8,0D,10,DF,23,02,20,70,00
41546000,625,false,Rx,0,8,25,00,11,43,FD,BB,E4,01
41578000,2C4,false,Rx,0,8,05,00,00,00,A5,02,00,00
41578000,2C5,false,Rx,0,8,00,00,00,00,00,00,00,00
41579000,2C6,false,Rx,0,8,F4,01,84,03,00,00,00,00
41589000,60D,false,Rx,0,8,0D,10,DF,23,02,20,70,00
41595000,54,false,Rx,0,8,01,01,FE,FF,FE,FF,00,00
41595000,55,false,Rx,0,8,10,27,00,00,00,00,00,00
41605000,56,false,Rx,0,8,10,27,00,00,00,00,00,00
41606000,57,false,Rx,0,8,00,00,FE,FF,FE,FF,00,00
41646000,625,false,Rx,0,8,25,00,11,43,FD,BB,E4,01
41686000,60D,false,Rx,0,8,0D,10,DF,23,02,20,70,00
41746000,625,false,Rx,0,8,25,00,11,43,FD,BB,E4,01
41778000,2C4,false,Rx,0,8,05,00,00,00,A5,02,00,00
41778000,2C5,false,Rx,0,8,00,00,00,00,00,00,00,00
41779000,2C6,false,Rx,0,8,F4,01,84,03,00,00,00,00
41789000,60D,false,Rx,0,8,0D,10,DF,23,02,20,70,00
41795000,54,false,Rx,0,8,01,01,FE,FF,FE,FF,00,00
41795000,55,false,Rx,0,8,10,27,00,00,00,00,00,00
41805000,56,false,Rx,0,8,10,27,00,00,00,00,00,00
41806000,57,false,Rx,0,8,00,00,FE,FF,FE,FF,00,00
41846000,625,false,Rx,0,8,25,00,11,43,FD,BB,E4,01
41885000,60D,false,Rx,0,8,0D,10,DF,23,02,20,70,00
41946000,625,false,Rx,0,8,25,00,11,43,FD,BB,E4,01
41978000,2C4,false,Rx,0,8,05,00,00,00,A8,02,00,00
41978000,2C5,false,Rx,0,8,00,00,00,00,00,00,00,00
41979000,2C6,false,Rx,0,8,F4,01,84,03,00,00,00,00
41989000,60D,false,Rx,0,8,0D,10,DF,23,02,20,70,00
41995000,54,false,Rx,0,8,01,01,FE,FF,FE,FF,00,00
41995000,55,false,Rx,0,8,10,27,00,00,00,00,00,00
42005000,56,false,Rx,0,8,10,27,00,00,00,00,00,00
42005000,57,false,Rx,0,8,00,00,FE,FF,FE,FF,00,00
42046000,625,false,Rx,0,8,25,00,11,43,FD,BB,E4,01
42085000,60D,false,Rx,0,8,0D,10,DF,23,02,20,70,00
42146000,625,false,Rx,0,8,25,00,11,43,FD,BB,E4,01
42178000,2C4,false,Rx,0,8,05,00,00,00,A8,02,00,00
42178000,2C5,false,Rx,0,8,00,00,00,00,00,00,00,00
42179000,2C6,false,Rx,0,8,F4,01,84,03,00,00,00,00
42189000,60D,false,Rx,0,8,0D,10,DF,23,02,20,70,00
42195000,54,false,Rx,0,8,01,01,FE,FF,FE,FF,00,00
42195000,55,false,Rx,0,8,10,27,00,00,00,00,00,00
42205000,56,false,Rx,0,8,10,27,00,00,00,00,00,00
42206000,57,false,Rx,0,8,00,00,FE,FF,FE,FF,00,00
42246000,625,false,Rx,0,8,25,00,11,43,FD,BB,E4,01
42285000,60D,false,Rx,0,8,0D,10,DF,23,02,20,70,00
42346000,625,false,Rx,0,8,25,00,11,43,FD,BB,E4,01
42378000,2C4,false,Rx,0,8,05,00,00,00,A5,02,00,00
42378000,2C5,false,Rx,0,8,00,00,00,00,00,00,00,00
42379000,2C6,false,Rx,0,8,F4,01,84,03,00,00,00,00
42389000,60D,false,Rx,0,8,0D,10,DF,23,02,20,70,00
42395000,54,false,Rx,0,8,01,01,FE,FF,FE,FF,00,00
42395000,55,false,Rx,0,8,10,27,00,00,00,00,00,00
42405000,56,false,Rx,0,8,10,27,00,00,00,00,00,00
42405000,57,false,Rx,0,8,00,00,FE,FF,FE,FF,00,00
42446000,625,false,Rx,0,8,25,00,11,43,FD,BB,E4,01
42485000,60D,false,Rx,0,8,0D,10,DF,23,02,20,70,00
42546000,625,false,Rx,0,8,25,00,11,43,FD,BB,E4,01
42578000,2C4,false,Rx,0,8,05,00,00,00,A5,02,00,00
42578000,2C5,false,Rx,0,8,00,00,00,00,00,00,00,00
42579000,2C6,false,Rx,0,8,F4,01,84,03,00,00,00,00
42589000,60D,false,Rx,0,8,0D,10,DF,23,02,20,70,00
42595000,54,false,Rx,0,8,01,01,FE,FF,FE,FF,00,00
42595000,55,false,Rx,0,8,10,27,00,00,00,00,00,00
42605000,56,false,Rx,0,8,10,27,00,00,00,00,00,00
42605000,57,false,Rx,0,8,00,00,FE,FF,FE,FF,00,00
42646000,625,false,Rx,0,8,25,00,11,43,FD,BB,E4,01
42685000,60D,false,Rx,0,8,0D,10,DF,23,02,20,70,00
42746000,625,false,Rx,0,8,25,00,11,43,FD,BB,E4,01
42778000,2C4,false,Rx,0,8,05,00,00,00,A8,02,00,00
42778000,2C5,false,Rx,0,8,00,00,00,00,00,00,00,00
42779000,2C6,false,Rx,0,8,F4,01,84,03,00,00,00,00
42789000,60D,false,Rx,0,8,0D,10,DF,23,02,20,70,00
42795000,54,false,Rx,0,8,01,01,FE,FF,FE,FF,00,00
42795000,55,false,Rx,0,8,10,27,00,00,00,00,00,00
42805000,56,false,Rx,0,8,10,27,00,00,00,00,00,00
42805000,57,false,Rx,0,8,00,00,FE,FF,FE,FF,00,00
42846000,625,false,Rx,0,8,25,00,11,43,FD,BB,E4,01
42885000,60D,false,Rx,0,8,0D,10,DF,23,02,20,70,00
42946000,625,false,Rx,0,8,25,00,11,43,FD,BB,E4,01
42978000,2C4,false,Rx,0,8,05,00,00,00,A8,02,00,00
42978000,2C5,false,Rx,0,8,00,00,00,00,00,00,00,00
42979000,2C6,false,Rx,0,8,F4,01,84,03,00,00,00,00
42989000,60D,false,Rx,0,8,0D,10,DF,23,02,20,70,00
42995000,54,false,Rx,0,8,01,01,FE,FF,FE,FF,00,00
42995000,55,false,Rx,0,8,10,27,00,00,00,00,00,00
43005000,56,false,Rx,0,8,10,27,00,00,00,00,00,00
43006000,57,false,Rx,0,8,00,00,FE,FF,FE,FF,00,00
43046000,625,false,Rx,0,8,25,00,11,43,FD,BB,E4,01
43085000,60D,false,Rx,0,8,0D,10,DF,23,02,20,70,00
43146000,625,false,Rx,0,8,25,00,11,43,FD,BB,E4,01
43178000,2C4,false,Rx,0,8,05,00,00,00,A5,02,00,00
43178000,2C5,false,Rx,0,8,00,00,00,00,00,00,00,00
43179000,2C6,false,Rx,0,8,F4,01,84,03,00,00,00,00
43189000,60D,false,Rx,0,8,0D,10,DF,23,02,20,70,00
43195000,54,false,Rx,0,8,01,01,FE,FF,FE,FF,00,00
43195000,55,false,Rx,0,8,10,27,00,00,00,00,00,00
43205000,56,false,Rx,0,8,10,27,00,00,00,00,00,00
43206000,57,false,Rx,0,8,00,00,FE,FF,FE,FF,00,00
43246000,625,false,Rx,0,8,25,00,11,43,FD,BB,E4,01
43285000,60D,false,Rx,0,8,0D,10,DF,23,02,20,70,00
43346000,625,false,Rx,0,8,25,00,11,43,FD,BB,E4,01
43378000,2C4,false,Rx,0,8,05,00,00,00,A5,02,00,00
43378000,2C5,false,Rx,0,8,00,00,00,00,00,00,00,00
43379000,2C6,false,Rx,0,8,F4,01,84,03,00,00,00,00
43389000,60D,false,Rx,0,8,0D,10,DF,23,02,20,70,00
43395000,54,false,Rx,0,8,01,01,FE,FF,FE,FF,00,00
43395000,55,false,Rx,0,8,10,27,00,00,00,00,00,00
43405000,56,false,Rx,0,8,10,27,00,00,00,00,00,00
43405000,57,false,Rx,0,8,00,00,FE,FF,FE,FF,00,00
43446000,625,false,Rx,0,8,25,00,11,43,FD,BB,E4,01
43485000,60D,false,Rx,0,8,0D,10,DF,23,02,20,70,00
43546000,625,false,Rx,0,8,25,00,11,43,FD,BB,E4,01
43578000,2C4,false,Rx,0,8,05,00,00,00,A8,02,00,00
43578000,2C5,false,Rx,0,8,00,00,00,00,00,00,00,00
43579000,2C6,false,Rx,0,8,F4,01,84,03,00,00,00,00
43589000,60D,false,Rx,0,8,0D,10,DF,23,02,20,70,00
43595000,54,false,Rx,0,8,01,01,FE,FF,FE,FF,00,00
43595000,55,false,Rx,0,8,10,27,00,00,00,00,00,00
43605000,56,false,Rx,0,8,10,27,00,00,00,00,00,00
43605000,57,false,Rx,0,8,00,00,FE,FF,FE,FF,00,00
43646000,625,false,Rx,0,8,25,00,11,43,FD,BB,E4,01
43685000,60D,false,Rx,0,8,0D,10,DF,23,02,20,70,00
43746000,625,false,Rx,0,8,25,00,11,43,FD,BB,E4,01
43778000,2C4,false,Rx,0,8,05,00,00,00,A8,02,00,00
43778000,2C5,false,Rx,0,8,00,00,00,00,00,00,00,00
43779000,2C6,false,Rx,0,8,F4,01,84,03,00,00,00,00
43789000,60D,false,Rx,0,8,0D,10,DF,23,02,20,70,00
43795000,54,false,Rx,0,8,01,01,FE,FF,FE,FF,00,00
43795000,55,false,Rx,0,8,10,27,00,00,00,00,00,00
43805000,56,false,Rx,0,8,10,27,00,00,00,00,00,00
43806000,57,false,Rx,0,8,00,00,FE,FF,FE,FF,00,00
43846000,625,false,Rx,0,8,25,00,11,43,FD,BB,E4,01
43885000,60D,false,Rx,0,8,0D,10,DF,23,02,20,70,00
43946000,625,false,Rx,0,8,25,00,11,43,FD,BB,E4,01
43978000,2C4,false,Rx,0,8,05,00,00,00,A5,02,00,00
43978000,2C5,false,Rx,0,8,00,00,00,00,00,00,00,00
43979000,2C6,false,Rx,0,8,F4,01,84,03,00,00,00,00
43989000,60D,false,Rx,0,8,0D,10,DF,23,02,20,70,00
43995000,54,false,Rx,0,8,01,01,FE,FF,FE,FF,00,00
43995000,55,false,Rx,0,8,10,27,00,00,00,00,00,00
44005000,56,false,Rx,0,8,10,27,00,00,00,00,00,00
44005000,57,false,Rx,0,8,00,00,FE,FF,FE,FF,00,00
44046000,625,false,Rx,0,8,25,00,11,43,FD,BB,E4,01
44085000,60D,false,Rx,0,8,0D,10,DF,23,02,20,70,00
44146000,625,false,Rx,0,8,25,00,11,43,FD,BB,E4,01
44178000,2C4,false,Rx,0,8,05,00,00,00,A5,02,00,00
44178000,2C5,false,Rx,0,8,00,00,00,00,00,00,00,00
44179000,2C6,false,Rx,0,8,F4,01,84,03,00,00,00,00
44189000,60D,false,Rx,0,8,0D,10,DF,23,02,20,70,00
44195000,54,false,Rx,0,8,01,01,FE,FF,FE,FF,00,00
44195000,55,false,Rx,0,8,10,27,00,00,00,00,00,00
44205000,56,false,Rx,0,8,10,27,00,00,00,00,00,00
44205000,57,false,Rx,0,8,00,00,FE,FF,FE,FF,00,00
44246000,625,false,Rx,0,8,25,00,11,43,FD,BB,E4,01
44285000,60D,false,Rx,0,8,0D,10,DF,23,02,20,70,00
44346000,625,false,Rx,0,8,25,00,11,43,FD,BB,E4,01
44378000,2C4,false,Rx,0,8,05,00,00,00,A5,02,00,00
44378000,2C5,false,Rx,0,8,00,00,00,00,00,00,00,00
44379000,2C6,false,Rx,0,8,F4,01,84,03,00,00,00,00
44389000,60D,false,Rx,0,8,0D,10,DF,23,02,20,70,00
44395000,54,false,Rx,0,8,01,01,FE,FF,FE,FF,00,00
44395000,55,false,Rx,0,8,10,27,00,00,00,00,00,00
44405000,56,false,Rx,0,8,10,27,00,00,00,00,00,00
44405000,57,false,Rx,0,8,00,00,FE,FF,FE,FF,00,00
44446000,625,false,Rx,0,8,25,00,11,43,FD,BB,E4,01
44485000,60D,false,Rx,0,8,0D,10,DF,23,02,20,70,00
44546000,625,false,Rx,0,8,25,00,11,43,FD,BB,E4,01
44578000,2C4,false,Rx,0,8,05,00,00,00,A8,02,00,00
44578000,2C5,false,Rx,0,8,00,00,00,00,00,00,00,00
44579000,2C6,false,Rx,0,8,F4,01,84,03,00,00,00,00
44589000,60D,false,Rx,0,8,0D,10,DF,23,02,20,70,00
44595000,54,false,Rx,0,8,01,01,FE,FF,FE,FF,00,00
44595000,55,false,Rx,0,8,10,27,00,00,00,00,00,00
44605000,56,false,Rx,0,8,10,27,00,00,00,00,00,00
44606000,57,false,Rx,0,8,00,00,FE,FF,FE,FF,00,00
44646000,625,false,Rx,0,8,25,00,11,43,FD,BB,E4,01
44685000,60D,false,Rx,0,8,0D,10,DF,23,02,20,70,00
44746000,625,false,Rx,0,8,25,00,11,43,FD,BB,E4,01
44778000,2C4,false,Rx,0,8,05,00,00,00,A8,02,00,00
44778000,2C5,false,Rx,0,8,00,00,00,00,00,00,00,00
44778000,2C6,false,Rx,0,8,F4,01,84,03,00,00,00,00
44789000,60D,false,Rx,0,8,0D,10,DF,23,02,20,70,00
44795000,54,false,Rx,0,8,01,01,FE,FF,FE,FF,00,00
44795000,55,false,Rx,0,8,10,27,00,00,00,00,00,00
44805000,56,false,Rx,0,8,10,27,00,00,00,00,00,00
44805000,57,false,Rx,0,8,00,00,FE,FF,FE,FF,00,00
44846000,625,false,Rx,0,8,25,00,11,43,FD,BB,E4,01
44885000,60D,false,Rx,0,8,0D,10,DF,23,02,20,70,00
44946000,625,false,Rx,0,8,25,00,11,43,FD,BB,E4,01
44978000,2C4,false,Rx,0,8,05,00,00,00,A5,02,00,00
44978000,2C5,false,Rx,0,8,00,00,00,00,00,00,00,00
44978000,2C6,false,Rx,0,8,F4,01,84,03,00,00,00,00
44989000,60D,false,Rx,0,8,0D,10,DF,23,02,20,70,00
44995000,54,false,Rx,0,8,01,01,FE,FF,FE,FF,00,00
44995000,55,false,Rx,0,8,10,27,00,00,00,00,00,00
45005000,56,false,Rx,0,8,10,27,00,00,00,00,00,00
45005000,57,false,Rx,0,8,00,00,FE,FF,FE,FF,00,00
45046000,625,false,Rx,0,8,25,00,11,43,FD,BB,E4,01
45085000,60D,false,Rx,0,8,0D,10,DF,23,02,20,70,00
45146000,625,false,Rx,0,8,25,00,11,43,FD,BB,E4,01
45178000,2C4,false,Rx,0,8,05,00,00,00,A5,02,00,00
45178000,2C5,false,Rx,0,8,00,00,00,00,00,00,00,00
45178000,2C6,false,Rx,0,8,F4,01,84,03,00,00,00,00
45189000,60D,false,Rx,0,8,0D,10,DF,23,02,20,70,00
45195000,54,false,Rx,0,8,01,01,FE,FF,FE,FF,00,00
45195000,55,false,Rx,0,8,10,27,00,00,00,00,00,00
45205000,56,false,Rx,0,8,10,27,00,00,00,00,00,00
45205000,57,false,Rx,0,8,00,00,FE,FF,FE,FF,00,00
45246000,625,false,Rx,0,8,25,00,11,43,FD,BB,E4,01
45285000,60D,false,Rx,0,8,0D,10,DF,23,02,20,70,00
45346000,625,false,Rx,0,8,25,00,11,43,FD,BB,E4,01
45378000,2C4,false,Rx,0,8,05,00,00,00,A8,02,00,00
45378000,2C5,false,Rx,0,8,00,00,00,00,00,00,00,00
45378000,2C6,false,Rx,0,8,F4,01,84,03,00,00,00,00
45389000,60D,false,Rx,0,8,0D,10,DF,23,02,20,70,00
45395000,54,false,Rx,0,8,01,01,FE,FF,FE,FF,00,00
45395000,55,false,Rx,0,8,10,27,00,00,00,00,00,00
45405000,56,false,Rx,0,8,10,27,00,00,00,00,00,00
45406000,57,false,Rx,0,8,00,00,FE,FF,FE,FF,00,00
45446000,625,false,Rx,0,8,25,00,11,43,FD,BB,E4,01
45485000,60D,false,Rx,0,8,0D,10,DF,23,02,20,70,00
45546000,625,false,Rx,0,8,25,00,11,43,FD,BB,E4,01
45578000,2C4,false,Rx,0,8,05,00,00,00,A8,02,00,00
45578000,2C5,false,Rx,0,8,00,00,00,00,00,00,00,00
45578000,2C6,false,Rx,0,8,F4,01,84,03,00,00,00,00
45589000,60D,false,Rx,0,8,0D,10,DF,23,02,20,70,00
45595000,54,false,Rx,0,8,01,01,FE,FF,FE,FF,00,00
45595000,55,false,Rx,0,8,10,27,00,00,00,00,00,00
45605000,56,false,Rx,0,8,10,27,00,00,00,00,00,00
45605000,57,false,Rx,0,8,00,00,FE,FF,FE,FF,00,00
45646000,625,false,Rx,0,8,25,00,11,43,FD,BB,E4,01
45685000,60D,false,Rx,0,8,0D,10,DF,23,02,20,70,00
45746000,625,false,Rx,0,8,25,00,11,43,FD,BB,E4,01
45778000,2C4,false,Rx,0,8,05,00,00,00,A5,02,00,00
45778000,2C5,false,Rx,0,8,00,00,00,00,00,00,00,00
45778000,2C6,false,Rx,0,8,F4,01,84,03,00,00,00,00
45789000,60D,false,Rx,0,8,0D,10,DF,23,02,20,70,00
45795000,54,false,Rx,0,8,01,01,FE,FF,FE,FF,00,00
45795000,55,false,Rx,0,8,10,27,00,00,00,00,00,00
45805000,56,false,Rx,0,8,10,27,00,00,00,00,00,00
45806000,57,false,Rx,0,8,00,00,FE,FF,FE,FF,00,00
45846000,625,false,Rx,0,8,25,00,11,43,FD,BB,E4,01
45885000,60D,false,Rx,0,8,0D,10,DF,23,02,20,70,00
45946000,625,false,Rx,0,8,25,00,11,43,FD,BB,E4,01
45978000,2C4,false,Rx,0,8,05,00,00,00,A5,02,00,00
45978000,2C5,false,Rx,0,8,00,00,00,00,00,00,00,00
45978000,2C6,false,Rx,0,8,F4,01,84,03,00,00,00,00
45989000,60D,false,Rx,0,8,0D,10,DF,23,02,20,70,00
45995000,54,false,Rx,0,8,01,01,FE,FF,FE,FF,00,00
45995000,55,false,Rx,0,8,10,27,00,00,00,00,00,00
46005000,56,false,Rx,0,8,10,27,00,00,00,00,00,00
46005000,57,false,Rx,0,8,00,00,FE,FF,FE,FF,00,00
46046000,625,false,Rx,0,8,25,00,11,43,FD,BB,E4,01
46085000,60D,false,Rx,0,8,0D,10,DF,23,02,20,70,00
46146000,625,false,Rx,0,8,25,00,11,43,FD,BB,E4,01
46178000,2C4,false,Rx,0,8,05,00,00,00,A8,02,00,00
46178000,2C5,false,Rx,0,8,00,00,00,00,00,00,00,00
46178000,2C6,false,Rx,0,8,F4,01,84,03,00,00,00,00
46189000,60D,false,Rx,0,8,0D,10,DF,23,02,20,70,00
46195000,54,false,Rx,0,8,01,01,FE,FF,FE,FF,00,00
46195000,55,false,Rx,0,8,10,27,00,00,00,00,00,00
46205000,56,false,Rx,0,8,10,27,00,00,00,00,00,00
46206000,57,false,Rx,0,8,00,00,FE,FF,FE,FF,00,00
46246000,625,false,Rx,0,8,25,00,11,43,FD,BB,E4,01
46285000,60D,false,Rx,0,8,0D,10,DF,23,02,20,70,00
46346000,625,false,Rx,0,8,25,00,11,43,FD,BB,E4,01
46378000,2C4,false,Rx,0,8,05,00,00,00,A8,02,00,00
46378000,2C5,false,Rx,0,8,00,00,00,00,00,00,00,00
46378000,2C6,false,Rx,0,8,F4,01,84,03,00,00,00,00
46389000,60D,false,Rx,0,8,0D,10,DF,23,02,20,70,00
46395000,54,false,Rx,0,8,01,01,FE,FF,FE,FF,00,00
46395000,55,false,Rx,0,8,10,27,00,00,00,00,00,00
46405000,56,false,Rx,0,8,10,27,00,00,00,00,00,00
46405000,57,false,Rx,0,8,00,00,FE,FF,FE,FF,00,00
46446000,625,false,Rx,0,8,25,00,11,43,FD,BB,E4,01
46485000,60D,false,Rx,0,8,0D,10,DF,23,02,20,70,00
46546000,625,false,Rx,0,8,25,00,11,43,FD,BB,E4,01
46578000,2C4,false,Rx,0,8,05,00,00,00,A5,02,00,00
46578000,2C5,false,Rx,0,8,00,00,00,00,00,00,00,00
46578000,2C6,false,Rx,0,8,F4,01,84,03,00,00,00,00
46589000,60D,false,Rx,0,8,0D,10,DF,23,02,20,70,00
46595000,54,false,Rx,0,8,01,01,FE,FF,FE,FF,00,00
46595000,55,false,Rx,0,8,10,27,00,00,00,00,00,00
46605000,56,false,Rx,0,8,10,27,00,00,00,00,00,00
46606000,57,false,Rx,0,8,00,00,FE,FF,FE,FF,00,00
46646000,625,false,Rx,0,8,25,00,11,43,FD,BB,E4,01
46685000,60D,false,Rx,0,8,0D,10,DF,23,02,20,70,00
46746000,625,false,Rx,0,8,25,00,11,43,FD,BB,E4,01
46778000,2C4,false,Rx,0,8,05,00,00,00,A5,02,00,00
46778000,2C5,false,Rx,0,8,00,00,00,00,00,00,00,00
46778000,2C6,false,Rx,0,8,F4,01,84,03,00,00,00,00
46789000,60D,false,Rx,0,8,0D,10,DF,23,02,20,70,00
46795000,54,false,Rx,0,8,01,01,FE,FF,FE,FF,00,00
46795000,55,false,Rx,0,8,10,27,00,00,00,00,00,00
46805000,56,false,Rx,0,8,10,27,00,00,00,00,00,00
46805000,57,false,Rx,0,8,00,00,FE,FF,FE,FF,00,00
46846000,625,false,Rx,0,8,25,00,11,43,FD,BB,E4,01
46885000,60D,false,Rx,0,8,0D,10,DF,23,02,20,70,00
46946000,625,false,Rx,0,8,25,00,11,43,FD,BB,E4,01
46978000,2C4,false,Rx,0,8,05,00,00,00,A8,02,00,00
46978000,2C5,false,Rx,0,8,00,00,00,00,00,00,00,00
46978000,2C6,false,Rx,0,8,F4,01,84,03,00,00,00,00
46989000,60D,false,Rx,0,8,0D,10,DF,23,02,20,70,00
46995000,54,false,Rx,0,8,01,01,FE,FF,FE,FF,00,00
46995000,55,false,Rx,0,8,10,27,00,00,00,00,00,00
47005000,56,false,Rx,0,8,10,27,00,00,00,00,00,00
47006000,57,false,Rx,0,8,00,00,FE,FF,FE,FF,00,00
47046000,625,false,Rx,0,8,25,00,11,43,FD,BB,E4,01
47085000,60D,false,Rx,0,8,0D,10,DF,23,02,20,70,00
47146000,625,false,Rx,0,8,25,00,11,43,FD,BB,E4,01
47178000,2C4,false,Rx,0,8,05,00,00,00,A8,02,00,00
47178000,2C5,false,Rx,0,8,00,00,00,00,00,00,00,00
47178000,2C6,false,Rx,0,8,F4,01,84,03,00,00,00,00
47189000,60D,false,Rx,0,8,0D,10,DF,23,02,20,70,00
47195000,54,false,Rx,0,8,01,01,FE,FF,FE,FF,00,00
47195000,55,false,Rx,0,8,10,27,00,00,00,00,00,00
47205000,56,false,Rx,0,8,10,27,00,00,00,00,00,00
47205000,57,false,Rx,0,8,00,00,FE,FF,FE,FF,00,00
47246000,625,false,Rx,0,8,25,00,11,43,FD,BB,E4,01
47285000,60D,false,Rx,0,8,0D,10,DF,23,02,20,70,00
47346000,625,false,Rx,0,8,25,00,11,43,FD,BB,E4,01
47378000,2C4,false,Rx,0,8,05,00,00,00,A5,02,00,00
47378000,2C5,false,Rx,0,8,00,00,00,00,00,00,00,00
47378000,2C6,false,Rx,0,8,F4,01,84,03,00,00,00,00
47389000,60D,false,Rx,0,8,0D,10,DF,23,02,20,70,00
47395000,54,false,Rx,0,8,01,01,FE,FF,FE,FF,00,00
47395000,55,false,Rx,0,8,10,27,00,00,00,00,00,00
47405000,56,false,Rx,0,8,10,27,00,00,00,00,00,00
47406000,57,false,Rx,0,8,00,00,FE,FF,FE,FF,00,00
47446000,625,false,Rx,0,8,25,00,11,43,FD,BB,E4,01
47485000,60D,false,Rx,0,8,0D,10,DF,23,02,20,70,00
47546000,625,false,Rx,0,8,25,00,11,43,FD,BB,E4,01
47578000,2C4,false,Rx,0,8,05,00,00,00,A5,02,00,00
47578000,2C5,false,Rx,0,8,00,00,00,00,00,00,00,00
47578000,2C6,false,Rx,0,8,F4,01,84,03,00,00,00,00
47589000,60D,false,Rx,0,8,0D,10,DF,23,02,20,70,00
47595000,54,false,Rx,0,8,01,01,FE,FF,FE,FF,00,00
47595000,55,false,Rx,0,8,10,27,00,00,00,00,00,00
47605000,56,false,Rx,0,8,10,27,00,00,00,00,00,00
47606000,57,false,Rx,0,8,00,00,FE,FF,FE,FF,00,00
47646000,625,false,Rx,0,8,25,00,11,43,FD,BB,E4,01
47685000,60D,false,Rx,0,8,0D,10,DF,23,02,20,70,00
47746000,625,false,Rx,0,8,25,00,11,43,FD,BB,E4,01
47778000,2C4,false,Rx,0,8,05,00,00,00,A8,02,00,00
47778000,2C5,false,Rx,0,8,00,00,00,00,00,00,00,00
47778000,2C6,false,Rx,0,8,F4,01,84,03,00,00,00,00
47789000,60D,false,Rx,0,8,0D,10,DF,23,02,20,70,00
47795000,54,false,Rx,0,8,01,01,FE,FF,FE,FF,00,00
47795000,55,false,Rx,0,8,10,27,00,00,00,00,00,00
47805000,56,false,Rx,0,8,10,27,00,00,00,00,00,00
47806000,57,false,Rx,0,8,00,00,FE,FF,FE,FF,00,00
47846000,625,false,Rx,0,8,25,00,11,43,FD,BB,E4,01
47885000,60D,false,Rx,0,8,0D,10,DF,23,02,20,70,00
47946000,625,false,Rx,0,8,25,00,11,43,FD,BB,E4,01
47978000,2C4,false,Rx,0,8,05,00,00,00,A8,02,00,00
47978000,2C5,false,Rx,0,8,00,00,00,00,00,00,00,00
47978000,2C6,false,Rx,0,8,F4,01,84,03,00,00,00,00
47989000,60D,false,Rx,0,8,0D,10,DF,23,02,20,70,00
47995000,54,false,Rx,0,8,01,01,FE,FF,FE,FF,00,00
47995000,55,false,Rx,0,8,10,27,00,00,00,00,00,00
48005000,56,false,Rx,0,8,10,27,00,00,00,00,00,00
48005000,57,false,Rx,0,8,00,00,FE,FF,FE,FF,00,00
48046000,625,false,Rx,0,8,25,00,11,43,FD,BB,E4,01
48085000,60D,false,Rx,0,8,0D,10,DF,23,02,20,70,00
48146000,625,false,Rx,0,8,25,00,11,43,FD,BB,E4,01
48178000,2C4,false,Rx,0,8,05,00,00,00,A8,02,00,00
48178000,2C5,false,Rx,0,8,00,00,00,00,00,00,00,00
48178000,2C6,false,Rx,0,8,F4,01,84,03,00,00,00,00
48189000,60D,false,Rx,0,8,0D,10,DF,23,02,20,70,00
48195000,54,false,Rx,0,8,01,01,FE,FF,FE,FF,00,00
48195000,55,false,Rx,0,8,10,27,00,00,00,00,00,00
48205000,56,false,Rx,0,8,10,27,00,00,00,00,00,00
48205000,57,false,Rx,0,8,00,00,FE,FF,FE,FF,00,00
48246000,625,false,Rx,0,8,25,00,11,43,FD,BB,E4,01
48285000,60D,false,Rx,0,8,0D,10,DF,23,02,20,70,00
48346000,625,false,Rx,0,8,25,00,11,43,FD,BB,E4,01
48378000,2C4,false,Rx,0,8,05,00,00,00,A5,02,00,00
48378000,2C5,false,Rx,0,8,00,00,00,00,00,00,00,00
48378000,2C6,false,Rx,0,8,F4,01,84,03,00,00,00,00
48389000,60D,false,Rx,0,8,0D,10,DF,23,02,20,70,00
48395000,54,false,Rx,0,8,01,01,FE,FF,FE,FF,00,00
48395000,55,false,Rx,0,8,10,27,00,00,00,00,00,00
48405000,56,false,Rx,0,8,10,27,00,00,00,00,00,00
48406000,57,false,Rx,0,8,00,00,FE,FF,FE,FF,00,00
48446000,625,false,Rx,0,8,25,00,11,43,FD,BB,E4,01
48485000,60D,false,Rx,0,8,0D,10,DF,23,02,20,70,00
48546000,625,false,Rx,0,8,25,00,11,43,FD,BB,E4,01
48578000,2C4,false,Rx,0,8,05,00,00,00,A8,02,00,00
48578000,2C5,false,Rx,0,8,00,00,00,00,00,00,00,00
48578000,2C6,false,Rx,0,8,F4,01,84,03,00,00,00,00
48589000,60D,false,Rx,0,8,0D,10,DF,23,02,20,70,00
48595000,54,false,Rx,0,8,01,01,FE,FF,FE,FF,00,00
48595000,55,false,Rx,0,8,10,27,00,00,00,00,00,00
48605000,56,false,Rx,0,8,10,27,00,00,00,00,00,00
48606000,57,false,Rx,0,8,00,00,FE,FF,FE,FF,00,00
48646000,625,false,Rx,0,8,25,00,11,43,FD,BB,E4,01
48685000,60D,false,Rx,0,8,0D,10,DF,23,02,20,70,00
48746000,625,false,Rx,0,8,25,00,11,43,FD,BB,E4,01
48778000,2C4,false,Rx,0,8,05,00,00,00,A8,02,00,00
48778000,2C5,false,Rx,0,8,00,00,00,00,00,00,00,00
48778000,2C6,false,Rx,0,8,F4,01,84,03,00,00,00,00
48789000,60D,false,Rx,0,8,0D,10,DF,23,02,20,70,00
48795000,54,false,Rx,0,8,01,01,FE,FF,FE,FF,00,00
48795000,55,false,Rx,0,8,10,27,00,00,00,00,00,00
48805000,56,false,Rx,0,8,10,27,00,00,00,00,00,00
48805000,57,false,Rx,0,8,00,00,FE,FF,FE,FF,00,00
48846000,625,false,Rx,0,8,25,00,11,43,FD,BB,E4,01
48885000,60D,false,Rx,0,8,0D,10,DF,23,02,20,70,00
48946000,625,false,Rx,0,8,25,00,11,43,FD,BB,E4,01
48978000,2C4,false,Rx,0,8,05,00,00,00,A8,02,00,00
48978000,2C5,false,Rx,0,8,00,00,00,00,00,00,00,00
48978000,2C6,false,Rx,0,8,F4,01,84,03,00,00,00,00
48989000,60D,false,Rx,0,8,0D,10,DF,23,02,20,70,00
48995000,54,false,Rx,0,8,01,01,FE,FF,FE,FF,00,00
48995000,55,false,Rx,0,8,10,27,00,00,00,00,00,00
49005000,56,false,Rx,0,8,10,27,00,00,00,00,00,00
49005000,57,false,Rx,0,8,00,00,FE,FF,FE,FF,00,00
49046000,625,false,Rx,0,8,25,00,11,43,FD,BB,E4,01
49085000,60D,false,Rx,0,8,0D,10,DF,23,02,20,70,00
49146000,625,false,Rx,0,8,25,00,11,43,FD,BB,E4,01
49178000,2C4,false,Rx,0,8,05,00,00,00,A5,02,00,00
49178000,2C5,false,Rx,0,8,00,00,00,00,00,00,00,00
49178000,2C6,false,Rx,0,8,F4,01,84,03,00,00,00,00
49189000,60D,false,Rx,0,8,0D,10,DF,23,02,20,70,00
49195000,54,false,Rx,0,8,01,01,FE,FF,FE,FF,00,00
49195000,55,false,Rx,0,8,10,27,00,00,00,00,00,00
49205000,56,false,Rx,0,8,10,27,00,00,00,00,00,00
49205000,57,false,Rx,0,8,00,00,FE,FF,FE,FF,00,00
49246000,625,false,Rx,0,8,25,00,11,43,FD,BB,E4,01
49285000,60D,false,Rx,0,8,0D,10,DF,23,02,20,70,00
49346000,625,false,Rx,0,8,25,00,11,43,FD,BB,E4,01
49378000,2C4,false,Rx,0,8,05,00,00,00,A8,02,00,00
49378000,2C5,false,Rx,0,8,00,00,00,00,00,00,00,00
49378000,2C6,false,Rx,0,8,F4,01,84,03,00,00,00,00
49389000,60D,false,Rx,0,8,0D,10,DF,23,02,20,70,00
49395000,54,false,Rx,0,8,01,01,FE,FF,FE,FF,00,00
49395000,55,false,Rx,0,8,10,27,00,00,00,00,00,00
49405000,56,false,Rx,0,8,10,27,00,00,00,00,00,00
49406000,57,false,Rx,0,8,00,00,FE,FF,FE,FF,00,00
49446000,625,false,Rx,0,8,25,00,11,43,FD,BB,E4,01
49485000,60D,false,Rx,0,8,0D,10,DF,23,02,20,70,00
49546000,625,false,Rx,0,8,25,00,11,43,FD,BB,E4,01
49578000,2C4,false,Rx,0,8,05,00,00,00,A8,02,00,00
49578000,2C5,false,Rx,0,8,00,00,00,00,00,00,00,00
49578000,2C6,false,Rx,0,8,F4,01,84,03,00,00,00,00
49589000,60D,false,Rx,0,8,0D,10,DF,23,02,20,70,00
49595000,54,false,Rx,0,8,01,01,FE,FF,FE,FF,00,00
49595000,55,false,Rx,0,8,10,27,00,00,00,00,00,00
49605000,56,false,Rx,0,8,10,27,00,00,00,00,00,00
49605000,57,false,Rx,0,8,00,00,FE,FF,FE,FF,00,00
49646000,625,false,Rx,0,8,25,00,11,43,FD,BB,E4,01
49685000,60D,false,Rx,0,8,0D,10,DF,23,02,20,70,00
49746000,625,false,Rx,0,8,25,00,11,43,FD,BB,E4,01
49778000,2C4,false,Rx,0,8,05,00,00,00,A8,02,00,00
49778000,2C5,false,Rx,0,8,00,00,00,00,00,00,00,00
49778000,2C6,false,Rx,0,8,F4,01,84,03,00,00,00,00
49789000,60D,false,Rx,0,8,0D,10,DF,23,02,20,70,00
49795000,54,false,Rx,0,8,01,01,FE,FF,FE,FF,00,00
49795000,55,false,Rx,0,8,10,27,00,00,00,00,00,00
49805000,56,false,Rx,0,8,10,27,00,00,00,00,00,00
49805000,57,false,Rx,0,8,00,00,FE,FF,FE,FF,00,00
49846000,625,false,Rx,0,8,25,00,11,43,FD,BB,E4,01
49885000,60D,false,Rx,0,8,0D,10,DF,23,02,20,70,00
49946000,625,false,Rx,0,8,25,00,11,43,FD,BB,E4,01
49978000,2C4,false,Rx,0,8,05,00,00,00,A5,02,00,00
49978000,2C5,false,Rx,0,8,00,00,00,00,00,00,00,00
49978000,2C6,false,Rx,0,8,F4,01,84,03,00,00,00,00
49989000,60D,false,Rx,0,8,0D,10,DF,23,02,20,70,00
49995000,54,false,Rx,0,8,01,01,FE,FF,FE,FF,00,00
49995000,55,false,Rx,0,8,10,27,00,00,00,00,00,00
50005000,56,false,Rx,0,8,10,27,00,00,00,00,00,00
50005000,57,false,Rx,0,8,00,00,FE,FF,FE,FF,00,00
50046000,625,false,Rx,0,8,25,00,11,43,FD,BB,E4,01
50085000,60D,false,Rx,0,8,0D,10,DF,23,02,20,70,00
50146000,625,false,Rx,0,8,25,00,11,43,FD,BB,E4,01
50178000,2C4,false,Rx,0,8,05,00,00,00,A8,02,00,00
50178000,2C5,false,Rx,0,8,00,00,00,00,00,00,00,00
50178000,2C6,false,Rx,0,8,F4,01,84,03,00,00,00,00
50189000,60D,false,Rx,0,8,0D,10,DF,23,02,20,70,00
50195000,54,false,Rx,0,8,01,01,FE,FF,FE,FF,00,00
50195000,55,false,Rx,0,8,10,27,00,00,00,00,00,00
50205000,56,false,Rx,0,8,10,27,00,00,00,00,00,00
50205000,57,false,Rx,0,8,00,00,FE,FF,FE,FF,00,00
50246000,625,false,Rx,0,8,25,00,11,43,FD,BB,E4,01
50285000,60D,false,Rx,0,8,0D,10,DF,23,02,20,70,00
50346000,625,false,Rx,0,8,25,00,11,43,FD,BB,E4,01
50378000,2C4,false,Rx,0,8,05,00,00,00,A8,02,00,00
50378000,2C5,false,Rx,0,8,00,00,00,00,00,00,00,00
50378000,2C6,false,Rx,0,8,F4,01,84,03,00,00,00,00
50389000,60D,false,Rx,0,8,0D,10,DF,23,02,20,70,00
50395000,54,false,Rx,0,8,01,01,FE,FF,FE,FF,00,00
50395000,55,false,Rx,0,8,10,27,00,00,00,00,00,00
50405000,56,false,Rx,0,8,10,27,00,00,00,00,00,00
50405000,57,false,Rx,0,8,00,00,FE,FF,FE,FF,00,00
50446000,625,false,Rx,0,8,25,00,11,43,FD,BB,E4,01
50485000,60D,false,Rx,0,8,0D,10,DF,23,02,20,70,00
50546000,625,false,Rx,0,8,25,00,11,43,FD,BB,E4,01
50578000,2C4,false,Rx,0,8,05,00,00,00,A8,02,00,00
50578000,2C5,false,Rx,0,8,00,00,00,00,00,00,00,00
50578000,2C6,false,Rx,0,8,F4,01,84,03,00,00,00,00
50589000,60D,false,Rx,0,8,0D,10,DF,23,02,20,70,00
50594000,54,false,Rx,0,8,01,01,FE,FF,FE,FF,00,00
50595000,55,false,Rx,0,8,10,27,00,00,00,00,00,00
50605000,56,false,Rx,0,8,10,27,00,00,00,00,00,00
50605000,57,false,Rx,0,8,00,00,FE,FF,FE,FF,00,00
50646000,625,false,Rx,0,8,25,00,11,43,FD,BB,E4,01
50685000,60D,false,Rx,0,8,0D,10,DF,23,02,20,70,00
50746000,625,false,Rx,0,8,25,00,11,43,FD,BB,E4,01
50778000,2C4,false,Rx,0,8,05,00,00,00,A8,02,00,00
50778000,2C5,false,Rx,0,8,00,00,00,00,00,00,00,00
50778000,2C6,false,Rx,0,8,F4,01,84,03,00,00,00,00
50789000,60D,false,Rx,0,8,0D,10,DF,23,02,20,70,00
50795000,54,false,Rx,0,8,01,01,FE,FF,FE,FF,00,00
50795000,55,false,Rx,0,8,10,27,00,00,00,00,00,00
50805000,56,false,Rx,0,8,10,27,00,00,00,00,00,00
50806000,57,false,Rx,0,8,00,00,FE,FF,FE,FF,00,00
50846000,625,false,Rx,0,8,25,00,11,43,FD,BB,E4,01
50885000,60D,false,Rx,0,8,0D,10,DF,23,02,20,70,00
50946000,625,false,Rx,0,8,25,00,11,43,FD,BB,E4,01
50978000,2C4,false,Rx,0,8,05,00,00,00,A8,02,00,00
50978000,2C5,false,Rx,0,8,00,00,00,00,00,00,00,00
50978000,2C6,false,Rx,0,8,F4,01,84,03,00,00,00,00
50989000,60D,false,Rx,0,8,0D,10,DF,23,02,20,70,00
50995000,54,false,Rx,0,8,01,01,FE,FF,FE,FF,00,00
50995000,55,false,Rx,0,8,10,27,00,00,00,00,00,00
51005000,56,false,Rx,0,8,10,27,00,00,00,00,00,00
51005000,57,false,Rx,0,8,00,00,FE,FF,FE,FF,00,00
51046000,625,false,Rx,0,8,25,00,11,43,FD,BB,E4,01
51085000,60D,false,Rx,0,8,0D,10,DF,23,02,20,70,00
51146000,625,false,Rx,0,8,25,00,11,43,FD,BB,E4,01
51178000,2C4,false,Rx,0,8,05,00,00,00,A8,02,00,00
51178000,2C5,false,Rx,0,8,00,00,00,00,00,00,00,00
51178000,2C6,false,Rx,0,8,F4,01,84,03,00,00,00,00
51189000,60D,false,Rx,0,8,0D,10,DF,23,02,20,70,00
51194000,54,false,Rx,0,8,01,01,FE,FF,FE,FF,00,00
51195000,55,false,Rx,0,8,10,27,00,00,00,00,00,00
51205000,56,false,Rx,0,8,10,27,00,00,00,00,00,00
51205000,57,false,Rx,0,8,00,00,FE,FF,FE,FF,00,00
51246000,625,false,Rx,0,8,25,00,11,43,FD,BB,E4,01
51285000,60D,false,Rx,0,8,0D,10,DF,23,02,20,70,00
51346000,625,false,Rx,0,8,25,00,11,43,FD,BB,E4,01
51378000,2C4,false,Rx,0,8,05,00,00,00,A8,02,00,00
51378000,2C5,false,Rx,0,8,00,00,00,00,00,00,00,00
51378000,2C6,false,Rx,0,8,F4,01,84,03,00,00,00,00
51389000,60D,false,Rx,0,8,0D,10,DF,23,02,20,70,00
51394000,54,false,Rx,0,8,01,01,FE,FF,FE,FF,00,00
51395000,55,false,Rx,0,8,10,27,00,00,00,00,00,00
51405000,56,false,Rx,0,8,10,27,00,00,00,00,00,00
51405000,57,false,Rx,0,8,00,00,FE,FF,FE,FF,00,00
51446000,625,false,Rx,0,8,25,00,11,43,FD,BB,E4,01
51485000,60D,false,Rx,0,8,0D,10,DF,23,02,20,70,00
51546000,625,false,Rx,0,8,25,00,11,43,FD,BB,E4,01
51578000,2C4,false,Rx,0,8,05,00,00,00,A8,02,00,00
51578000,2C5,false,Rx,0,8,00,00,00,00,00,00,00,00
51578000,2C6,false,Rx,0,8,F4,01,84,03,00,00,00,00
51589000,60D,false,Rx,0,8,0D,10,DF,23,02,20,70,00
51595000,54,false,Rx,0,8,01,01,FE,FF,FE,FF,00,00
51595000,55,false,Rx,0,8,10,27,00,00,00,00,00,00
51605000,56,false,Rx,0,8,10,27,00,00,00,00,00,00
51605000,57,false,Rx,0,8,00,00,FE,FF,FE,FF,00,00
51646000,625,false,Rx,0,8,25,00,11,43,FD,BB,E4,01
51685000,60D,false,Rx,0,8,0D,10,DF,23,02,20,70,00
51746000,625,false,Rx,0,8,25,00,11,43,FD,BB,E4,01
51778000,2C4,false,Rx,0,8,05,00,00,00,A8,02,00,00
51778000,2C5,false,Rx,0,8,00,00,00,00,00,00,00,00
51778000,2C6,false,Rx,0,8,F4,01,84,03,00,00,00,00
51789000,60D,false,Rx,0,8,0D,10,DF,23,02,20,70,00
51795000,54,false,Rx,0,8,01,01,FE,FF,FE,FF,00,00
51795000,55,false,Rx,0,8,10,27,00,00,00,00,00,00
51805000,56,false,Rx,0,8,10,27,00,00,00,00,00,00
51805000,57,false,Rx,0,8,00,00,FE,FF,FE,FF,00,00
51846000,625,false,Rx,0,8,25,00,11,43,FD,BB,E4,01
51885000,60D,false,Rx,0,8,0D,10,DF,23,02,20,70,00
51945000,625,false,Rx,0,8,25,00,11,43,FD,BB,E4,01
51978000,2C4,false,Rx,0,8,05,00,00,00,A8,02,00,00
51978000,2C5,false,Rx,0,8,00,00,00,00,00,00,00,00
51978000,2C6,false,Rx,0,8,F4,01,84,03,00,00,00,00
51989000,60D,false,Rx,0,8,0D,10,DF,23,02,20,70,00
51994000,54,false,Rx,0,8,01,01,FE,FF,FE,FF,00,00
51995000,55,false,Rx,0,8,10,27,00,00,00,00,00,00
52005000,56,false,Rx,0,8,10,27,00,00,00,00,00,00
52005000,57,false,Rx,0,8,00,00,FE,FF,FE,FF,00,00
52045000,625,false,Rx,0,8,25,00,11,43,FD,BB,E4,01
52085000,60D,false,Rx,0,8,0D,10,DF,23,02,20,70,00
52145000,625,false,Rx,0,8,25,00,11,43,FD,BB,E4,01
52178000,2C4,false,Rx,0,8,05,00,00,00,A8,02,00,00
52178000,2C5,false,Rx,0,8,00,00,00,00,00,00,00,00
52178000,2C6,false,Rx,0,8,F4,01,84,03,00,00,00,00
52189000,60D,false,Rx,0,8,0D,10,DF,23,02,20,70,00
52195000,54,false,Rx,0,8,01,01,FE,FF,FE,FF,00,00
52195000,55,false,Rx,0,8,10,27,00,00,00,00,00,00
52205000,56,false,Rx,0,8,10,27,00,00,00,00,00,00
52205000,57,false,Rx,0,8,00,00,FE,FF,FE,FF,00,00
52245000,625,false,Rx,0,8,25,00,11,43,FD,BB,E4,01
52285000,60D,false,Rx,0,8,0D,10,DF,23,02,20,70,00
52345000,625,false,Rx,0,8,25,00,11,43,FD,BB,E4,01
52378000,2C4,false,Rx,0,8,05,00,00,00,A8,02,00,00
52378000,2C5,false,Rx,0,8,00,00,00,00,00,00,00,00
52378000,2C6,false,Rx,0,8,F4,01,84,03,00,00,00,00
52389000,60D,false,Rx,0,8,0D,10,DF,23,02,20,70,00
52394000,54,false,Rx,0,8,01,01,FE,FF,FE,FF,00,00
52395000,55,false,Rx,0,8,10,27,00,00,00,00,00,00
52405000,56,false,Rx,0,8,10,27,00,00,00,00,00,00
52405000,57,false,Rx,0,8,00,00,FE,FF,FE,FF,00,00
52445000,625,false,Rx,0,8,25,00,11,43,FD,BB,E4,01
52485000,60D,false,Rx,0,8,0D,10,DF,23,02,20,70,00
52545000,625,false,Rx,0,8,25,00,11,43,FD,BB,E4,01
52578000,2C4,false,Rx,0,8,05,00,00,00,A8,02,00,00
52578000,2C5,false,Rx,0,8,00,00,00,00,00,00,00,00
52578000,2C6,false,Rx,0,8,F4,01,84,03,00,00,00,00
52589000,60D,false,Rx,0,8,0D,10,DF,23,02,20,70,00
52595000,54,false,Rx,0,8,01,01,FE,FF,FE,FF,00,00
52595000,55,false,Rx,0,8,10,27,00,00,00,00,00,00
52605000,56,false,Rx,0,8,10,27,00,00,00,00,00,00
52605000,57,false,Rx,0,8,00,00,FE,FF,FE,FF,00,00
52645000,625,false,Rx,0,8,25,00,11,43,FD,BB,E4,01
52685000,60D,false,Rx,0,8,0D,10,DF,23,02,20,70,00
52745000,625,false,Rx,0,8,25,00,11,43,FD,BB,E4,01
52778000,2C4,false,Rx,0,8,05,00,00,00,A8,02,00,00
52778000,2C5,false,Rx,0,8,00,00,00,00,00,00,00,00
52778000,2C6,false,Rx,0,8,F4,01,84,03,00,00,00,00
52788000,60D,false,Rx,0,8,0D,10,DF,23,02,20,70,00
52794000,54,false,Rx,0,8,01,01,FE,FF,FE,FF,00,00
52795000,55,false,Rx,0,8,10,27,00,00,00,00,00,00
52805000,56,false,Rx,0,8,10,27,00,00,00,00,00,00
52805000,57,false,Rx,0,8,00,00,FE,FF,FE,FF,00,00
52845000,625,false,Rx,0,8,25,00,11,43,FD,BB,E4,01
52885000,60D,false,Rx,0,8,0D,10,DF,23,02,20,70,00
52945000,625,false,Rx,0,8,25,00,11,43,FD,BB,E4,01
52978000,2C4,false,Rx,0,8,05,00,00,00,A8,02,00,00
52978000,2C5,false,Rx,0,8,00,00,00,00,00,00,00,00
52978000,2C6,false,Rx,0,8,F4,01,84,03,00,00,00,00
52988000,60D,false,Rx,0,8,0D,10,DF,23,02,20,70,00
52994000,54,false,Rx,0,8,01,01,FE,FF,FE,FF,00,00
52995000,55,false,Rx,0,8,10,27,00,00,00,00,00,00
53005000,56,false,Rx,0,8,10,27,00,00,00,00,00,00
53005000,57,false,Rx,0,8,00,00,FE,FF,FE,FF,00,00
53045000,625,false,Rx,0,8,25,00,11,43,FD,BB,E4,01
53085000,60D,false,Rx,0,8,0D,10,DF,23,02,20,70,00
53145000,625,false,Rx,0,8,25,00,11,43,FD,BB,E4,01
53178000,2C4,false,Rx,0,8,05,00,00,00,A8,02,00,00
53178000,2C5,false,Rx,0,8,00,00,00,00,00,00,00,00
53178000,2C6,false,Rx,0,8,F4,01,84,03,00,00,00,00
53188000,60D,false,Rx,0,8,0D,10,DF,23,02,20,70,00
53194000,54,false,Rx,0,8,01,01,FE,FF,FE,FF,00,00
53195000,55,false,Rx,0,8,10,27,00,00,00,00,00,00
53205000,56,false,Rx,0,8,10,27,00,00,00,00,00,00
53205000,57,false,Rx,0,8,00,00,FE,FF,FE,FF,00,00
53245000,625,false,Rx,0,8,25,00,11,43,FD,BB,E4,01
53285000,60D,false,Rx,0,8,0D,10,DF,23,02,20,70,00
53345000,625,false,Rx,0,8,25,00,11,43,FD,BB,E4,01
53378000,2C4,false,Rx,0,8,05,00,00,00,A8,02,00,00
53378000,2C5,false,Rx,0,8,00,00,00,00,00,00,00,00
53378000,2C6,false,Rx,0,8,F4,01,84,03,00,00,00,00
53388000,60D,false,Rx,0,8,0D,10,DF,23,02,20,70,00
53395000,54,false,Rx,0,8,01,01,FE,FF,FE,FF,00,00
53395000,55,false,Rx,0,8,10,27,00,00,00,00,00,00
53405000,56,false,Rx,0,8,10,27,00,00,00,00,00,00
53405000,57,false,Rx,0,8,00,00,FE,FF,FE,FF,00,00
53445000,625,false,Rx,0,8,25,00,11,43,FD,BB,E4,01
53485000,60D,false,Rx,0,8,0D,10,DF,23,02,20,70,00
53545000,625,false,Rx,0,8,25,00,11,43,FD,BB,E4,01
53578000,2C4,false,Rx,0,8,05,00,00,00,A8,02,00,00
53578000,2C5,false,Rx,0,8,00,00,00,00,00,00,00,00
53578000,2C6,false,Rx,0,8,F4,01,84,03,00,00,00,00
53588000,60D,false,Rx,0,8,0D,10,DF,23,02,20,70,00
53594000,54,false,Rx,0,8,01,01,FE,FF,FE,FF,00,00
53595000,55,false,Rx,0,8,10,27,00,00,00,00,00,00
53605000,56,false,Rx,0,8,10,27,00,00,00,00,00,00
53605000,57,false,Rx,0,8,00,00,FE,FF,FE,FF,00,00
53645000,625,false,Rx,0,8,25,00,11,43,FD,BB,E4,01
53685000,60D,false,Rx,0,8,0D,10,DF,23,02,20,70,00
53745000,625,false,Rx,0,8,25,00,11,43,FD,BB,E4,01
53778000,2C4,false,Rx,0,8,05,00,00,00,A8,02,00,00
53778000,2C5,false,Rx,0,8,00,00,00,00,00,00,00,00
53778000,2C6,false,Rx,0,8,F4,01,84,03,00,00,00,00
53788000,60D,false,Rx,0,8,0D,10,DF,23,02,20,70,00
53794000,54,false,Rx,0,8,01,01,FE,FF,FE,FF,00,00
53795000,55,false,Rx,0,8,10,27,00,00,00,00,00,00
53805000,56,false,Rx,0,8,10,27,00,00,00,00,00,00
53805000,57,false,Rx,0,8,00,00,FE,FF,FE,FF,00,00
53845000,625,false,Rx,0,8,25,00,11,43,FD,BB,E4,01
53885000,60D,false,Rx,0,8,0D,10,DF,23,02,20,70,00
53945000,625,false,Rx,0,8,25,00,11,43,FD,BB,E4,01
53978000,2C4,false,Rx,0,8,05,00,00,00,A8,02,00,00
53978000,2C5,false,Rx,0,8,00,00,00,00,00,00,00,00
53978000,2C6,false,Rx,0,8,F4,01,84,03,00,00,00,00
53988000,60D,false,Rx,0,8,0D,10,DF,23,02,20,70,00
53994000,54,false,Rx,0,8,01,01,FE,FF,FE,FF,00,00
53995000,55,false,Rx,0,8,10,27,00,00,00,00,00,00
54005000,56,false,Rx,0,8,10,27,00,00,00,00,00,00
54005000,57,false,Rx,0,8,00,00,FE,FF,FE,FF,00,00
54045000,625,false,Rx,0,8,25,00,11,43,FD,BB,E4,01
54085000,60D,false,Rx,0,8,0D,10,DF,23,02,20,70,00
54145000,625,false,Rx,0,8,25,00,11,43,FD,BB,E4,01
54178000,2C4,false,Rx,0,8,05,00,00,00,A8,02,00,00
54178000,2C5,false,Rx,0,8,00,00,00,00,00,00,00,00
54178000,2C6,false,Rx,0,8,F4,01,84,03,00,00,00,00
54188000,60D,false,Rx,0,8,0D,10,DF,23,02,20,70,00
54195000,54,false,Rx,0,8,01,01,FE,FF,FE,FF,00,00
54195000,55,false,Rx,0,8,10,27,00,00,00,00,00,00
54205000,56,false,Rx,0,8,10,27,00,00,00,00,00,00
54205000,57,false,Rx,0,8,00,00,FE,FF,FE,FF,00,00
54245000,625,false,Rx,0,8,25,00,11,43,FD,BB,E4,01
54285000,60D,false,Rx,0,8,0D,10,DF,23,02,20,70,00
54345000,625,false,Rx,0,8,25,00,11,43,FD,BB,E4,01
54378000,2C4,false,Rx,0,8,05,00,00,00,A8,02,00,00
54378000,2C5,false,Rx,0,8,00,00,00,00,00,00,00,00
54378000,2C6,false,Rx,0,8,F4,01,84,03,00,00,00,00
54388000,60D,false,Rx,0,8,0D,10,DF,23,02,20,70,00
54394000,54,false,Rx,0,8,01,01,FE,FF,FE,FF,00,00
54395000,55,false,Rx,0,8,10,27,00,00,00,00,00,00
54405000,56,false,Rx,0,8,10,27,00,00,00,00,00,00
54405000,57,false,Rx,0,8,00,00,FE,FF,FE,FF,00,00
54445000,625,false,Rx,0,8,25,00,11,43,FD,BB,E4,01
54485000,60D,false,Rx,0,8,0D,10,DF,23,02,20,70,00
54545000,625,false,Rx,0,8,25,00,11,43,FD,BB,E4,01
54578000,2C4,false,Rx,0,8,05,00,00,00,A8,02,00,00
54578000,2C5,false,Rx,0,8,00,00,00,00,00,00,00,00
54578000,2C6,false,Rx,0,8,F4,01,84,03,00,00,00,00
54588000,60D,false,Rx,0,8,0D,10,DF,23,02,20,70,00
54594000,54,false,Rx,0,8,01,01,FE,FF,FE,FF,00,00
54595000,55,false,Rx,0,8,10,27,00,00,00,00,00,00
54605000,56,false,Rx,0,8,10,27,00,00,00,00,00,00
54605000,57,false,Rx,0,8,00,00,FE,FF,FE,FF,00,00
54645000,625,false,Rx,0,8,25,00,11,43,FD,BB,E4,01
54685000,60D,false,Rx,0,8,0D,10,DF,23,02,20,70,00
54745000,625,false,Rx,0,8,25,00,11,43,FD,BB,E4,01
54777000,2C4,false,Rx,0,8,05,00,00,00,A8,02,00,00
54778000,2C5,false,Rx,0,8,00,00,00,00,00,00,00,00
54778000,2C6,false,Rx,0,8,F4,01,84,03,00,00,00,00
54788000,60D,false,Rx,0,8,0D,10,DF,23,02,20,70,00
54794000,54,false,Rx,0,8,01,01,FE,FF,FE,FF,00,00
54795000,55,false,Rx,0,8,10,27,00,00,00,00,00,00
54805000,56,false,Rx,0,8,10,27,00,00,00,00,00,00
54805000,57,false,Rx,0,8,00,00,FE,FF,FE,FF,00,00
54845000,625,false,Rx,0,8,25,00,11,43,FD,BB,E4,01
54885000,60D,false,Rx,0,8,0D,10,DF,23,02,20,70,00
54945000,625,false,Rx,0,8,25,00,11,43,FD,BB,E4,01
54977000,2C4,false,Rx,0,8,05,00,00,00,A8,02,00,00
54978000,2C5,false,Rx,0,8,00,00,00,00,00,00,00,00
54978000,2C6,false,Rx,0,8,F4,01,84,03,00,00,00,00
54988000,60D,false,Rx,0,8,0D,10,DF,23,02,20,70,00
54995000,54,false,Rx,0,8,01,01,FE,FF,FE,FF,00,00
54995000,55,false,Rx,0,8,10,27,00,00,00,00,00,00
55005000,56,false,Rx,0,8,10,27,00,00,00,00,00,00
55005000,57,false,Rx,0,8,00,00,FE,FF,FE,FF,00,00
55045000,625,false,Rx,0,8,25,00,11,43,FD,BB,E4,01
55085000,60D,false,Rx,0,8,0D,10,DF,23,02,20,70,00
55145000,625,false,Rx,0,8,25,00,11,43,FD,BB,E4,01
55177000,2C4,false,Rx,0,8,05,00,00,00,AA,02,00,00
55178000,2C5,false,Rx,0,8,00,00,00,00,00,00,00,00
55178000,2C6,false,Rx,0,8,F4,01,84,03,00,00,00,00
55188000,60D,false,Rx,0,8,0D,10,DF,23,02,20,70,00
55194000,54,false,Rx,0,8,01,01,FE,FF,FE,FF,00,00
55195000,55,false,Rx,0,8,10,27,00,00,00,00,00,00
55205000,56,false,Rx,0,8,10,27,00,00,00,00,00,00
55205000,57,false,Rx,0,8,00,00,FE,FF,FE,FF,00,00
55245000,625,false,Rx,0,8,25,00,11,43,FD,BB,E4,01
55285000,60D,false,Rx,0,8,0D,10,DF,23,02,20,70,00
55345000,625,false,Rx,0,8,25,00,11,43,FD,BB,E4,01
55377000,2C4,false,Rx,0,8,05,00,00,00,A8,02,00,00
55378000,2C5,false,Rx,0,8,00,00,00,00,00,00,00,00
55378000,2C6,false,Rx,0,8,F4,01,84,03,00,00,00,00
55388000,60D,false,Rx,0,8,0D,10,DF,23,02,20,70,00
55395000,54,false,Rx,0,8,01,01,FE,FF,FE,FF,00,00
55395000,55,false,Rx,0,8,10,27,00,00,00,00,00,00
55405000,56,false,Rx,0,8,10,27,00,00,00,00,00,00
55405000,57,false,Rx,0,8,00,00,FE,FF,FE,FF,00,00
55445000,625,false,Rx,0,8,25,00,11,43,FD,BB,E4,01
55485000,60D,false,Rx,0,8,0D,10,DF,23,02,20,70,00
55545000,625,false,Rx,0,8,25,00,11,43,FD,BB,E4,01
55577000,2C4,false,Rx,0,8,05,00,00,00,A8,02,00,00
55578000,2C5,false,Rx,0,8,00,00,00,00,00,00,00,00
55578000,2C6,false,Rx,0,8,F4,01,84,03,00,00,00,00
55588000,60D,false,Rx,0,8,0D,10,DF,23,02,20,70,00
55594000,54,false,Rx,0,8,01,01,FE,FF,FE,FF,00,00
55595000,55,false,Rx,0,8,10,27,00,00,00,00,00,00
55605000,56,false,Rx,0,8,10,27,00,00,00,00,00,00
55605000,57,false,Rx,0,8,00,00,FE,FF,FE,FF,00,00
55645000,625,false,Rx,0,8,25,00,11,43,FD,BB,E4,01
55685000,60D,false,Rx,0,8,0D,10,DF,23,02,20,70,00
55745000,625,false,Rx,0,8,25,00,11,43,FD,BB,E4,01
55777000,2C4,false,Rx,0,8,05,00,00,00,AA,02,00,00
55778000,2C5,false,Rx,0,8,00,00,00,00,00,00,00,00
55778000,2C6,false,Rx,0,8,F4,01,84,03,00,00,00,00
55788000,60D,false,Rx,0,8,0D,10,DF,23,02,20,70,00
55795000,54,false,Rx,0,8,01,01,FE,FF,FE,FF,00,00
55795000,55,false,Rx,0,8,10,27,00,00,00,00,00,00
55805000,56,false,Rx,0,8,10,27,00,00,00,00,00,00
55805000,57,false,Rx,0,8,00,00,FE,FF,FE,FF,00,00
55845000,625,false,Rx,0,8,25,00,11,43,FD,BB,E4,01
55885000,60D,false,Rx,0,8,0D,10,DF,23,02,20,70,00
55945000,625,false,Rx,0,8,25,00,11,43,FD,BB,E4,01
55977000,2C4,false,Rx,0,8,05,00,00,00,A8,02,00,00
55978000,2C5,false,Rx,0,8,00,00,00,00,00,00,00,00
55978000,2C6,false,Rx,0,8,F4,01,84,03,00,00,00,00
55988000,60D,false,Rx,0,8,0D,10,DF,23,02,20,70,00
55994000,54,false,Rx,0,8,01,01,FE,FF,FE,FF,00,00
55995000,55,false,Rx,0,8,10,27,00,00,00,00,00,00
56005000,56,false,Rx,0,8,10,27,00,00,00,00,00,00
56005000,57,false,Rx,0,8,00,00,FE,FF,FE,FF,00,00
56045000,625,false,Rx,0,8,25,00,11,43,FD,BB,E4,01
56085000,60D,false,Rx,0,8,0D,10,DF,23,02,20,70,00
56145000,625,false,Rx,0,8,25,00,11,43,FD,BB,E4,01
56177000,2C4,false,Rx,0,8,05,00,00,00,AA,02,00,00
56178000,2C5,false,Rx,0,8,00,00,00,00,00,00,00,00
56178000,2C6,false,Rx,0,8,F4,01,84,03,00,00,00,00
56188000,60D,false,Rx,0,8,0D,10,DF,23,02,20,70,00
56194000,54,false,Rx,0,8,01,01,FE,FF,FE,FF,00,00
56195000,55,false,Rx,0,8,10,27,00,00,00,00,00,00
56205000,56,false,Rx,0,8,10,27,00,00,00,00,00,00
56205000,57,false,Rx,0,8,00,00,FE,FF,FE,FF,00,00
56245000,625,false,Rx,0,8,25,00,11,43,FD,BB,E4,01
56285000,60D,false,Rx,0,8,0D,10,DF,23,02,20,70,00
56345000,625,false,Rx,0,8,25,00,11,43,FD,BB,E4,01
56377000,2C4,false,Rx,0,8,05,00,00,00,AA,02,00,00
56378000,2C5,false,Rx,0,8,00,00,00,00,00,00,00,00
56378000,2C6,false,Rx,0,8,F4,01,84,03,00,00,00,00
56388000,60D,false,Rx,0,8,0D,10,DF,23,02,20,70,00
56394000,54,false,Rx,0,8,01,01,FE,FF,FE,FF,00,00
56395000,55,false,Rx,0,8,10,27,00,00,00,00,00,00
56405000,56,false,Rx,0,8,10,27,00,00,00,00,00,00
56405000,57,false,Rx,0,8,00,00,FE,FF,FE,FF,00,00
56445000,625,false,Rx,0,8,25,00,11,43,FD,BB,E4,01
56485000,60D,false,Rx,0,8,0D,10,DF,23,02,20,70,00
56545000,625,false,Rx,0,8,25,00,11,43,FD,BB,E4,01
56577000,2C4,false,Rx,0,8,05,00,00,00,A8,02,00,00
56578000,2C5,false,Rx,0,8,00,00,00,00,00,00,00,00
56578000,2C6,false,Rx,0,8,F4,01,84,03,00,00,00,00
56588000,60D,false,Rx,0,8,0D,10,DF,23,02,20,70,00
56595000,54,false,Rx,0,8,01,01,FE,FF,FE,FF,00,00
56595000,55,false,Rx,0,8,10,27,00,00,00,00,00,00
56605000,56,false,Rx,0,8,10,27,00,00,00,00,00,00
56605000,57,false,Rx,0,8,00,00,FE,FF,FE,FF,00,00
56645000,625,false,Rx,0,8,25,00,11,43,FD,BB,E4,01
56685000,60D,false,Rx,0,8,0D,10,DF,23,02,20,70,00
56745000,625,false,Rx,0,8,25,00,11,43,FD,BB,E4,01
56777000,2C4,false,Rx,0,8,05,00,00,00,AA,02,00,00
56778000,2C5,false,Rx,0,8,00,00,00,00,00,00,00,00
56778000,2C6,false,Rx,0,8,F4,01,84,03,00,00,00,00
56788000,60D,false,Rx,0,8,0D,10,DF,23,02,20,70,00
56794000,54,false,Rx,0,8,01,01,FE,FF,FE,FF,00,00
56795000,55,false,Rx,0,8,10,27,00,00,00,00,00,00
56805000,56,false,Rx,0,8,10,27,00,00,00,00,00,00
56805000,57,false,Rx,0,8,00,00,FE,FF,FE,FF,00,00
56845000,625,false,Rx,0,8,25,00,11,43,FD,BB,E4,01
56885000,60D,false,Rx,0,8,0D,10,DF,23,02,20,70,00
56945000,625,false,Rx,0,8,25,00,11,43,FD,BB,E4,01
56977000,2C4,false,Rx,0,8,05,00,00,00,AA,02,00,00
56978000,2C5,false,Rx,0,8,00,00,00,00,00,00,00,00
56978000,2C6,false,Rx,0,8,F4,01,84,03,00,00,00,00
56988000,60D,false,Rx,0,8,0D,10,DF,23,02,20,70,00
56994000,54,false,Rx,0,8,01,01,FE,FF,FE,FF,00,00
56995000,55,false,Rx,0,8,10,27,00,00,00,00,00,00
57005000,56,false,Rx,0,8,10,27,00,00,00,00,00,00
57005000,57,false,Rx,0,8,00,00,FE,FF,FE,FF,00,00
57045000,625,false,Rx,0,8,25,00,11,43,FD,BB,E4,01
57085000,60D,false,Rx,0,8,0D,10,DF,23,02,20,70,00
57145000,625,false,Rx,0,8,25,00,11,43,FD,BB,E4,01
57177000,2C4,false,Rx,0,8,05,00,00,00,AA,02,00,00
57178000,2C5,false,Rx,0,8,00,00,00,00,00,00,00,00
57178000,2C6,false,Rx,0,8,F4,01,84,03,00,00,00,00
57188000,60D,false,Rx,0,8,0D,10,DF,23,02,20,70,00
57194000,54,false,Rx,0,8,01,01,FE,FF,FE,FF,00,00
57195000,55,false,Rx,0,8,10,27,00,00,00,00,00,00
57205000,56,false,Rx,0,8,10,27,00,00,00,00,00,00
57205000,57,false,Rx,0,8,00,00,FE,FF,FE,FF,00,00
57245000,625,false,Rx,0,8,25,00,11,43,FD,BB,E4,01
57285000,60D,false,Rx,0,8,0D,10,DF,23,02,20,70,00
57345000,625,false,Rx,0,8,25,00,11,43,FD,BB,E4,01
57377000,2C4,false,Rx,0,8,05,00,00,00,AA,02,00,00
57378000,2C5,false,Rx,0,8,00,00,00,00,00,00,00,00
57378000,2C6,false,Rx,0,8,F4,01,84,03,00,00,00,00
57388000,60D,false,Rx,0,8,0D,10,DF,23,02,20,70,00
57395000,54,false,Rx,0,8,01,01,FE,FF,FE,FF,00,00
57395000,55,false,Rx,0,8,10,27,00,00,00,00,00,00
57405000,56,false,Rx,0,8,10,27,00,00,00,00,00,00
57405000,57,false,Rx,0,8,00,00,FE,FF,FE,FF,00,00
57445000,625,false,Rx,0,8,25,00,11,43,FD,BB,E4,01
57485000,60D,false,Rx,0,8,0D,10,DF,23,02,20,70,00
57545000,625,false,Rx,0,8,25,00,11,43,FD,BB,E4,01
57577000,2C4,false,Rx,0,8,05,00,00,00,AA,02,00,00
57578000,2C5,false,Rx,0,8,00,00,00,00,00,00,00,00
57578000,2C6,false,Rx,0,8,F4,01,84,03,00,00,00,00
57588000,60D,false,Rx,0,8,0D,10,DF,23,02,20,70,00
57594000,54,false,Rx,0,8,01,01,FE,FF,FE,FF,00,00
57595000,55,false,Rx,0,8,10,27,00,00,00,00,00,00
57605000,56,false,Rx,0,8,10,27,00,00,00,00,00,00
57605000,57,false,Rx,0,8,00,00,FE,FF,FE,FF,00,00
57645000,625,false,Rx,0,8,25,00,11,43,FD,BB,E4,01
57685000,60D,false,Rx,0,8,0D,10,DF,23,02,20,70,00
57745000,625,false,Rx,0,8,25,00,11,43,FD,BB,E4,01
57777000,2C4,false,Rx,0,8,05,00,00,00,AA,02,00,00
57778000,2C5,false,Rx,0,8,00,00,00,00,00,00,00,00
57778000,2C6,false,Rx,0,8,F4,01,84,03,00,00,00,00
57788000,60D,false,Rx,0,8,0D,10,DF,23,02,20,70,00
57795000,54,false,Rx,0,8,01,01,FE,FF,FE,FF,00,00
57795000,55,false,Rx,0,8,10,27,00,00,00,00,00,00
57805000,56,false,Rx,0,8,10,27,00,00,00,00,00,00
57805000,57,false,Rx,0,8,00,00,FE,FF,FE,FF,00,00
57845000,625,false,Rx,0,8,25,00,11,43,FD,BB,E4,01
57885000,60D,false,Rx,0,8,0D,10,DF,23,02,20,70,00
57945000,625,false,Rx,0,8,25,00,11,43,FD,BB,E4,01
57977000,2C4,false,Rx,0,8,05,00,00,00,AA,02,00,00
57978000,2C5,false,Rx,0,8,00,00,00,00,00,00,00,00
57978000,2C6,false,Rx,0,8,F4,01,84,03,00,00,00,00
57988000,60D,false,Rx,0,8,0D,10,DF,23,02,20,70,00
57995000,54,false,Rx,0,8,01,01,FE,FF,FE,FF,00,00
57995000,55,false,Rx,0,8,10,27,00,00,00,00,00,00
58005000,56,false,Rx,0,8,10,27,00,00,00,00,00,00
58005000,57,false,Rx,0,8,00,00,FE,FF,FE,FF,00,00
58045000,625,false,Rx,0,8,25,00,11,43,FD,BB,E4,01
58085000,60D,false,Rx,0,8,0D,10,DF,23,02,20,70,00
58145000,625,false,Rx,0,8,25,00,11,43,FD,BB,E4,01
58177000,2C4,false,Rx,0,8,05,00,00,00,AA,02,00,00
58178000,2C5,false,Rx,0,8,00,00,00,00,00,00,00,00
58178000,2C6,false,Rx,0,8,F4,01,84,03,00,00,00,00
58188000,60D,false,Rx,0,8,0D,10,DF,23,02,20,70,00
58195000,54,false,Rx,0,8,01,01,FE,FF,FE,FF,00,00
58195000,55,false,Rx,0,8,10,27,00,00,00,00,00,00
58205000,56,false,Rx,0,8,10,27,00,00,00,00,00,00
58205000,57,false,Rx,0,8,00,00,FE,FF,FE,FF,00,00
58245000,625,false,Rx,0,8,25,00,11,43,FD,BB,E4,01
58285000,60D,false,Rx,0,8,0D,10,DF,23,02,20,70,00
58345000,625,false,Rx,0,8,25,00,11,43,FD,BB,E4,01
58377000,2C4,false,Rx,0,8,05,00,00,00,AA,02,00,00
58378000,2C5,false,Rx,0,8,00,00,00,00,00,00,00,00
58378000,2C6,false,Rx,0,8,F4,01,84,03,00,00,00,00
58388000,60D,false,Rx,0,8,0D,10,DF,23,02,20,70,00
58394000,54,false,Rx,0,8,01,01,FE,FF,FE,FF,00,00
58395000,55,false,Rx,0,8,10,27,00,00,00,00,00,00
58405000,56,false,Rx,0,8,10,27,00,00,00,00,00,00
58405000,57,false,Rx,0,8,00,00,FE,FF,FE,FF,00,00
58445000,625,false,Rx,0,8,25,00,11,43,FD,BB,E4,01
58485000,60D,false,Rx,0,8,0D,10,DF,23,02,20,70,00
58545000,625,false,Rx,0,8,25,00,11,43,FD,BB,E4,01
58577000,2C4,false,Rx,0,8,05,00,00,00,AA,02,00,00
58578000,2C5,false,Rx,0,8,00,00,00,00,00,00,00,00
58578000,2C6,false,Rx,0,8,F4,01,84,03,00,00,00,00
58588000,60D,false,Rx,0,8,0D,10,DF,23,02,20,70,00
58595000,54,false,Rx,0,8,01,01,FE,FF,FE,FF,00,00
58595000,55,false,Rx,0,8,10,27,00,00,00,00,00,00
58605000,56,false,Rx,0,8,10,27,00,00,00,00,00,00
58605000,57,false,Rx,0,8,00,00,FE,FF,FE,FF,00,00
58645000,625,false,Rx,0,8,25,00,11,43,FD,BB,E4,01
58685000,60D,false,Rx,0,8,0D,10,DF,23,02,20,70,00
58745000,625,false,Rx,0,8,25,00,11,43,FD,BB,E4,01
58777000,2C4,false,Rx,0,8,05,00,00,00,AA,02,00,00
58778000,2C5,false,Rx,0,8,00,00,00,00,00,00,00,00
58778000,2C6,false,Rx,0,8,F4,01,84,03,00,00,00,00
58788000,60D,false,Rx,0,8,0D,10,DF,23,02,20,70,00
58795000,54,false,Rx,0,8,01,01,FE,FF,FE,FF,00,00
58795000,55,false,Rx,0,8,10,27,00,00,00,00,00,00
58805000,56,false,Rx,0,8,10,27,00,00,00,00,00,00
58805000,57,false,Rx,0,8,00,00,FE,FF,FE,FF,00,00
58845000,625,false,Rx,0,8,25,00,11,43,FD,BB,E4,01
58885000,60D,false,Rx,0,8,0D,10,DF,23,02,20,70,00
58945000,625,false,Rx,0,8,25,00,11,43,FD,BB,E4,01
58977000,2C4,false,Rx,0,8,05,00,00,00,AA,02,00,00
58978000,2C5,false,Rx,0,8,00,00,00,00,00,00,00,00
58978000,2C6,false,Rx,0,8,F4,01,84,03,00,00,00,00
58988000,60D,false,Rx,0,8,0D,10,DF,23,02,20,70,00
58994000,54,false,Rx,0,8,01,01,FE,FF,FE,FF,00,00
58995000,55,false,Rx,0,8,10,27,00,00,00,00,00,00
59005000,56,false,Rx,0,8,10,27,00,00,00,00,00,00
59005000,57,false,Rx,0,8,00,00,FE,FF,FE,FF,00,00
59045000,625,false,Rx,0,8,25,00,11,43,FD,BB,E4,01
59085000,60D,false,Rx,0,8,0D,10,DF,23,02,20,70,00
59145000,625,false,Rx,0,8,25,00,11,43,FD,BB,E4,01
59177000,2C4,false,Rx,0,8,05,00,00,00,AA,02,00,00
59178000,2C5,false,Rx,0,8,00,00,00,00,00,00,00,00
59178000,2C6,false,Rx,0,8,F4,01,84,03,00,00,00,00
59188000,60D,false,Rx,0,8,0D,10,DF,23,02,20,70,00
59194000,54,false,Rx,0,8,01,01,FE,FF,FE,FF,00,00
59195000,55,false,Rx,0,8,10,27,00,00,00,00,00,00
59205000,56,false,Rx,0,8,10,27,00,00,00,00,00,00
59205000,57,false,Rx,0,8,00,00,FE,FF,FE,FF,00,00
59245000,625,false,Rx,0,8,25,00,11,43,FD,BB,E4,01
59285000,60D,false,Rx,0,8,0D,10,DF,23,02,20,70,00
59345000,625,false,Rx,0,8,25,00,11,43,FD,BB,E4,01
59377000,2C4,false,Rx,0,8,05,00,00,00,AA,02,00,00
59378000,2C5,false,Rx,0,8,00,00,00,00,00,00,00,00
59378000,2C6,false,Rx,0,8,F4,01,84,03,00,00,00,00
59388000,60D,false,Rx,0,8,0D,10,DF,23,02,20,70,00
59395000,54,false,Rx,0,8,01,01,FE,FF,FE,FF,00,00
59395000,55,false,Rx,0,8,10,27,00,00,00,00,00,00
59405000,56,false,Rx,0,8,10,27,00,00,00,00,00,00
59405000,57,false,Rx,0,8,00,00,FE,FF,FE,FF,00,00
59445000,625,false,Rx,0,8,25,00,11,43,FD,BB,E4,01
59485000,60D,false,Rx,0,8,0D,10,DF,23,02,20,70,00
59545000,625,false,Rx,0,8,25,00,11,43,FD,BB,E4,01
59577000,2C4,false,Rx,0,8,05,00,00,00,AA,02,00,00
59577000,2C5,false,Rx,0,8,00,00,00,00,00,00,00,00
59578000,2C6,false,Rx,0,8,F4,01,84,03,00,00,00,00
59588000,60D,false,Rx,0,8,0D,10,DF,23,02,20,70,00
59594000,54,false,Rx,0,8,01,01,FE,FF,FE,FF,00,00
59595000,55,false,Rx,0,8,10,27,00,00,00,00,00,00
59605000,56,false,Rx,0,8,10,27,00,00,00,00,00,00
59605000,57,false,Rx,0,8,00,00,FE,FF,FE,FF,00,00
59645000,625,false,Rx,0,8,25,00,11,43,FD,BB,E4,01
59685000,60D,false,Rx,0,8,0D,10,DF,23,02,20,70,00
59745000,625,false,Rx,0,8,25,00,11,43,FD,BB,E4,01
59777000,2C4,false,Rx,0,8,05,00,00,00,AA,02,00,00
