Time Stamp,ID,Extended,Dir,Bus,LEN,D1,D2,D3,D4,D5,D6,D7,D8
25000,625,false,Rx,0,8,25,00,11,43,FD,BB,E4,01
125000,625,false,Rx,0,8,25,00,11,43,FD,BB,E4,01
163000,2C4,false,Rx,0,8,03,00,00,00,DF,02,00,00
163000,2C5,false,Rx,0,8,00,00,00,00,00,00,00,00
164000,2C6,false,Rx,0,8,F4,01,84,03,00,00,00,00
174000,54,false,Rx,0,8,00,00,FE,FF,FE,FF,00,00
174000,55,false,Rx,0,8,10,27,00,00,00,00,00,00
185000,56,false,Rx,0,8,10,27,00,00,00,00,00,00
185000,57,false,Rx,0,8,00,00,FE,FF,FE,FF,00,00
225000,625,false,Rx,0,8,25,00,11,43,FD,BB,E4,01
325000,625,false,Rx,0,8,25,00,11,43,FD,BB,E4,01
363000,2C4,false,Rx,0,8,03,00,00,00,DF,02,00,00
363000,2C5,false,Rx,0,8,00,00,00,00,00,00,00,00
364000,2C6,false,Rx,0,8,F4,01,84,03,00,00,00,00
374000,54,false,Rx,0,8,00,00,FE,FF,FE,FF,00,00
374000,55,false,Rx,0,8,10,27,00,00,00,00,00,00
385000,56,false,Rx,0,8,10,27,00,00,00,00,00,00
385000,57,false,Rx,0,8,00,00,FE,FF,FE,FF,00,00
425000,625,false,Rx,0,8,25,00,11,43,FD,BB,E4,01
525000,625,false,Rx,0,8,25,00,11,43,FD,BB,E4,01
563000,2C4,false,Rx,0,8,03,00,00,00,DF,02,00,00
563000,2C5,false,Rx,0,8,00,00,00,00,00,00,00,00
564000,2C6,false,Rx,0,8,F4,01,84,03,00,00,00,00
574000,54,false,Rx,0,8,00,00,FE,FF,FE,FF,00,00
574000,55,false,Rx,0,8,10,27,00,00,00,00,00,00
584000,56,false,Rx,0,8,10,27,00,00,00,00,00,00
585000,57,false,Rx,0,8,00,00,FE,FF,FE,FF,00,00
625000,625,false,Rx,0,8,25,00,11,43,FD,BB,E4,01
725000,625,false,Rx,0,8,25,00,11,43,FD,BB,E4,01
763000,2C4,false,Rx,0,8,03,00,00,00,DF,02,00,00
763000,2C5,false,Rx,0,8,00,00,00,00,00,00,00,00
764000,2C6,false,Rx,0,8,F4,01,84,03,00,00,00,00
774000,54,false,Rx,0,8,00,00,FE,FF,FE,FF,00,00
774000,55,false,Rx,0,8,10,27,00,00,00,00,00,00
785000,56,false,Rx,0,8,10,27,00,00,00,00,00,00
785000,57,false,Rx,0,8,00,00,FE,FF,FE,FF,00,00
825000,625,false,Rx,0,8,25,00,11,43,FD,BB,E4,01
925000,625,false,Rx,0,8,25,00,11,43,FD,BB,E4,01
963000,2C4,false,Rx,0,8,03,00,00,00,DF,02,00,00
963000,2C5,false,Rx,0,8,00,00,00,00,00,00,00,00
964000,2C6,false,Rx,0,8,F4,01,84,03,00,00,00,00
974000,54,false,Rx,0,8,00,00,FE,FF,FE,FF,00,00
974000,55,false,Rx,0,8,10,27,00,00,00,00,00,00
984000,56,false,Rx,0,8,10,27,00,00,00,00,00,00
985000,57,false,Rx,0,8,00,00,FE,FF,FE,FF,00,00
1025000,625,false,Rx,0,8,25,00,11,43,FD,BB,E4,01
1125000,625,false,Rx,0,8,25,00,11,43,FD,BB,E4,01
1163000,2C4,false,Rx,0,8,03,00,00,00,DF,02,00,00
1163000,2C5,false,Rx,0,8,00,00,00,00,00,00,00,00
1164000,2C6,false,Rx,0,8,F4,01,84,03,00,00,00,00
1174000,54,false,Rx,0,8,00,00,FE,FF,FE,FF,00,00
1174000,55,false,Rx,0,8,10,27,00,00,00,00,00,00
1184000,56,false,Rx,0,8,10,27,00,00,00,00,00,00
1185000,57,false,Rx,0,8,00,00,FE,FF,FE,FF,00,00
1225000,625,false,Rx,0,8,25,00,11,43,FD,BB,E4,01
1325000,625,false,Rx,0,8,25,00,11,43,FD,BB,E4,01
1363000,2C4,false,Rx,0,8,03,00,00,00,DF,02,00,00
1363000,2C5,false,Rx,0,8,00,00,00,00,00,00,00,00
1364000,2C6,false,Rx,0,8,F4,01,84,03,00,00,00,00
1374000,54,false,Rx,0,8,00,00,FE,FF,FE,FF,00,00
1374000,55,false,Rx,0,8,10,27,00,00,00,00,00,00
1384000,56,false,Rx,0,8,10,27,00,00,00,00,00,00
1385000,57,false,Rx,0,8,00,00,FE,FF,FE,FF,00,00
1425000,625,false,Rx,0,8,25,00,11,43,FD,BB,E4,01
1525000,625,false,Rx,0,8,25,00,11,43,FD,BB,E4,01
1563000,2C4,false,Rx,0,8,03,00,00,00,DF,02,00,00
1563000,2C5,false,Rx,0,8,00,00,00,00,00,00,00,00
1564000,2C6,false,Rx,0,8,F4,01,84,03,00,00,00,00
1574000,54,false,Rx,0,8,00,00,FE,FF,FE,FF,00,00
1574000,55,false,Rx,0,8,10,27,00,00,00,00,00,00
1585000,56,false,Rx,0,8,10,27,00,00,00,00,00,00
1585000,57,false,Rx,0,8,00,00,FE,FF,FE,FF,00,00
1625000,625,false,Rx,0,8,25,00,11,43,FD,BB,E4,01
1725000,625,false,Rx,0,8,25,00,11,43,FD,BB,E4,01
1763000,2C4,false,Rx,0,8,03,00,00,00,DF,02,00,00
1763000,2C5,false,Rx,0,8,00,00,00,00,00,00,00,00
1764000,2C6,false,Rx,0,8,F4,01,84,03,00,00,00,00
1774000,54,false,Rx,0,8,00,00,FE,FF,FE,FF,00,00
1774000,55,false,Rx,0,8,10,27,00,00,00,00,00,00
1785000,56,false,Rx,0,8,10,27,00,00,00,00,00,00
1785000,57,false,Rx,0,8,00,00,FE,FF,FE,FF,00,00
1825000,625,false,Rx,0,8,25,00,11,43,FD,BB,E4,01
1925000,625,false,Rx,0,8,25,00,11,43,FD,BB,E4,01
1963000,2C4,false,Rx,0,8,03,00,00,00,DF,02,00,00
1963000,2C5,false,Rx,0,8,00,00,00,00,00,00,00,00
1964000,2C6,false,Rx,0,8,F4,01,84,03,00,00,00,00
1974000,54,false,Rx,0,8,00,00,FE,FF,FE,FF,00,00
1974000,55,false,Rx,0,8,10,27,00,00,00,00,00,00
1985000,56,false,Rx,0,8,10,27,00,00,00,00,00,00
1985000,57,false,Rx,0,8,00,00,FE,FF,FE,FF,00,00
2025000,625,false,Rx,0,8,25,00,11,43,FD,BB,E4,01
2125000,625,false,Rx,0,8,25,00,11,43,FD,BB,E4,01
2163000,2C4,false,Rx,0,8,03,00,00,00,DF,02,00,00
2163000,2C5,false,Rx,0,8,00,00,00,00,00,00,00,00
2163000,2C6,false,Rx,0,8,F4,01,84,03,00,00,00,00
2174000,54,false,Rx,0,8,00,00,FE,FF,FE,FF,00,00
2174000,55,false,Rx,0,8,10,27,00,00,00,00,00,00
2185000,56,false,Rx,0,8,10,27,00,00,00,00,00,00
2185000,57,false,Rx,0,8,00,00,FE,FF,FE,FF,00,00
2225000,625,false,Rx,0,8,25,00,11,43,FD,BB,E4,01
2325000,625,false,Rx,0,8,25,00,11,43,FD,BB,E4,01
2363000,2C4,false,Rx,0,8,03,00,00,00,DF,02,00,00
2363000,2C5,false,Rx,0,8,00,00,00,00,00,00,00,00
2363000,2C6,false,Rx,0,8,F4,01,84,03,00,00,00,00
2374000,54,false,Rx,0,8,00,00,FE,FF,FE,FF,00,00
2374000,55,false,Rx,0,8,10,27,00,00,00,00,00,00
2384000,56,false,Rx,0,8,10,27,00,00,00,00,00,00
2385000,57,false,Rx,0,8,00,00,FE,FF,FE,FF,00,00
2425000,625,false,Rx,0,8,25,00,11,43,FD,BB,E4,01
2525000,625,false,Rx,0,8,25,00,11,43,FD,BB,E4,01
2563000,2C4,false,Rx,0,8,03,00,00,00,DF,02,00,00
2563000,2C5,false,Rx,0,8,00,00,00,00,00,00,00,00
2563000,2C6,false,Rx,0,8,F4,01,84,03,00,00,00,00
2574000,54,false,Rx,0,8,00,00,FE,FF,FE,FF,00,00
2574000,55,false,Rx,0,8,10,27,00,00,00,00,00,00
2584000,56,false,Rx,0,8,10,27,00,00,00,00,00,00
2585000,57,false,Rx,0,8,00,00,FE,FF,FE,FF,00,00
2625000,625,false,Rx,0,8,25,00,11,43,FD,BB,E4,01
2725000,625,false,Rx,0,8,25,00,11,43,FD,BB,E4,01
2763000,2C4,false,Rx,0,8,03,00,00,00,DF,02,00,00
2763000,2C5,false,Rx,0,8,00,00,00,00,00,00,00,00
2763000,2C6,false,Rx,0,8,F4,01,84,03,00,00,00,00
2774000,54,false,Rx,0,8,00,00,FE,FF,FE,FF,00,00
2774000,55,false,Rx,0,8,10,27,00,00,00,00,00,00
2784000,56,false,Rx,0,8,10,27,00,00,00,00,00,00
2785000,57,false,Rx,0,8,00,00,FE,FF,FE,FF,00,00
2825000,625,false,Rx,0,8,25,00,11,43,FD,BB,E4,01
2925000,625,false,Rx,0,8,25,00,11,43,FD,BB,E4,01
2963000,2C4,false,Rx,0,8,03,00,00,00,DF,02,00,00
2963000,2C5,false,Rx,0,8,00,00,00,00,00,00,00,00
2963000,2C6,false,Rx,0,8,F4,01,84,03,00,00,00,00
2974000,54,false,Rx,0,8,00,00,FE,FF,FE,FF,00,00
2974000,55,false,Rx,0,8,10,27,00,00,00,00,00,00
2984000,56,false,Rx,0,8,10,27,00,00,00,00,00,00
2985000,57,false,Rx,0,8,00,00,FE,FF,FE,FF,00,00
3025000,625,false,Rx,0,8,25,00,11,43,FD,BB,E4,01
3125000,625,false,Rx,0,8,25,00,11,43,FD,BB,E4,01
3163000,2C4,false,Rx,0,8,03,00,00,00,DF,02,00,00
3163000,2C5,false,Rx,0,8,00,00,00,00,00,00,00,00
3163000,2C6,false,Rx,0,8,F4,01,84,03,00,00,00,00
3174000,54,false,Rx,0,8,00,00,FE,FF,FE,FF,00,00
3174000,55,false,Rx,0,8,10,27,00,00,00,00,00,00
3184000,56,false,Rx,0,8,10,27,00,00,00,00,00,00
3185000,57,false,Rx,0,8,00,00,FE,FF,FE,FF,00,00
3225000,625,false,Rx,0,8,25,00,11,43,FD,BB,E4,01
3325000,625,false,Rx,0,8,25,00,11,43,FD,BB,E4,01
3363000,2C4,false,Rx,0,8,03,00,00,00,DF,02,00,00
3363000,2C5,false,Rx,0,8,00,00,00,00,00,00,00,00
3363000,2C6,false,Rx,0,8,F4,01,84,03,00,00,00,00
3374000,54,false,Rx,0,8,00,00,FE,FF,FE,FF,00,00
3374000,55,false,Rx,0,8,10,27,00,00,00,00,00,00
3384000,56,false,Rx,0,8,10,27,00,00,00,00,00,00
3385000,57,false,Rx,0,8,00,00,FE,FF,FE,FF,00,00
3425000,625,false,Rx,0,8,25,00,11,43,FD,BB,E4,01
3525000,625,false,Rx,0,8,25,00,11,43,FD,BB,E4,01
3563000,2C4,false,Rx,0,8,03,00,00,00,DF,02,00,00
3563000,2C5,false,Rx,0,8,00,00,00,00,00,00,00,00
3563000,2C6,false,Rx,0,8,F4,01,84,03,00,00,00,00
3574000,54,false,Rx,0,8,00,00,FE,FF,FE,FF,00,00
3574000,55,false,Rx,0,8,10,27,00,00,00,00,00,00
3584000,56,false,Rx,0,8,10,27,00,00,00,00,00,00
3585000,57,false,Rx,0,8,00,00,FE,FF,FE,FF,00,00
3625000,625,false,Rx,0,8,25,00,11,43,FD,BB,E4,01
3725000,625,false,Rx,0,8,25,00,11,43,FD,BB,E4,01
3763000,2C4,false,Rx,0,8,03,00,00,00,DF,02,00,00
3763000,2C5,false,Rx,0,8,00,00,00,00,00,00,00,00
3763000,2C6,false,Rx,0,8,F4,01,84,03,00,00,00,00
3774000,54,false,Rx,0,8,00,00,FE,FF,FE,FF,00,00
3774000,55,false,Rx,0,8,10,27,00,00,00,00,00,00
3784000,56,false,Rx,0,8,10,27,00,00,00,00,00,00
3785000,57,false,Rx,0,8,00,00,FE,FF,FE,FF,00,00
3825000,625,false,Rx,0,8,25,00,11,43,FD,BB,E4,01
3925000,625,false,Rx,0,8,25,00,11,43,FD,BB,E4,01
3963000,2C4,false,Rx,0,8,03,00,00,00,DF,02,00,00
3963000,2C5,false,Rx,0,8,00,00,00,00,00,00,00,00
3963000,2C6,false,Rx,0,8,F4,01,84,03,00,00,00,00
3974000,54,false,Rx,0,8,00,00,FE,FF,FE,FF,00,00
3974000,55,false,Rx,0,8,10,27,00,00,00,00,00,00
3984000,56,false,Rx,0,8,10,27,00,00,00,00,00,00
3985000,57,false,Rx,0,8,00,00,FE,FF,FE,FF,00,00
4025000,625,false,Rx,0,8,25,00,11,43,FD,BB,E4,01
4125000,625,false,Rx,0,8,25,00,11,43,FD,BB,E4,01
4163000,2C4,false,Rx,0,8,03,00,00,00,DF,02,00,00
4163000,2C5,false,Rx,0,8,00,00,00,00,00,00,00,00
4163000,2C6,false,Rx,0,8,F4,01,84,03,00,00,00,00
4174000,54,false,Rx,0,8,00,00,FE,FF,FE,FF,00,00
4174000,55,false,Rx,0,8,10,27,00,00,00,00,00,00
4184000,56,false,Rx,0,8,10,27,00,00,00,00,00,00
4185000,57,false,Rx,0,8,00,00,FE,FF,FE,FF,00,00
4225000,625,false,Rx,0,8,25,00,11,43,FD,BB,E4,01
4325000,625,false,Rx,0,8,25,00,11,43,FD,BB,E4,01
4363000,2C4,false,Rx,0,8,03,00,00,00,DF,02,00,00
4363000,2C5,false,Rx,0,8,00,00,00,00,00,00,00,00
4363000,2C6,false,Rx,0,8,F4,01,84,03,00,00,00,00
4374000,54,false,Rx,0,8,00,00,FE,FF,FE,FF,00,00
4374000,55,false,Rx,0,8,10,27,00,00,00,00,00,00
4384000,56,false,Rx,0,8,10,27,00,00,00,00,00,00
4385000,57,false,Rx,0,8,00,00,FE,FF,FE,FF,00,00
4425000,625,false,Rx,0,8,25,00,11,43,FD,BB,E4,01
4525000,625,false,Rx,0,8,25,00,11,43,FD,BB,E4,01
4563000,2C4,false,Rx,0,8,03,00,00,00,DF,02,00,00
4563000,2C5,false,Rx,0,8,00,00,00,00,00,00,00,00
4563000,2C6,false,Rx,0,8,F4,01,84,03,00,00,00,00
4574000,54,false,Rx,0,8,00,00,FE,FF,FE,FF,00,00
4574000,55,false,Rx,0,8,10,27,00,00,00,00,00,00
4585000,56,false,Rx,0,8,10,27,00,00,00,00,00,00
4585000,57,false,Rx,0,8,00,00,FE,FF,FE,FF,00,00
4625000,625,false,Rx,0,8,25,00,11,43,FD,BB,E4,01
4725000,625,false,Rx,0,8,25,00,11,43,FD,BB,E4,01
4763000,2C4,false,Rx,0,8,03,00,00,00,DF,02,00,00
4763000,2C5,false,Rx,0,8,00,00,00,00,00,00,00,00
4763000,2C6,false,Rx,0,8,F4,01,84,03,00,00,00,00
4774000,54,false,Rx,0,8,00,00,FE,FF,FE,FF,00,00
4774000,55,false,Rx,0,8,10,27,00,00,00,00,00,00
4784000,56,false,Rx,0,8,10,27,00,00,00,00,00,00
4785000,57,false,Rx,0,8,00,00,FE,FF,FE,FF,00,00
4825000,625,false,Rx,0,8,25,00,11,43,FD,BB,E4,01
4925000,625,false,Rx,0,8,25,00,11,43,FD,BB,E4,01
4963000,2C4,false,Rx,0,8,03,00,00,00,DF,02,00,00
4963000,2C5,false,Rx,0,8,00,00,00,00,00,00,00,00
4963000,2C6,false,Rx,0,8,F4,01,84,03,00,00,00,00
4974000,54,false,Rx,0,8,00,00,FE,FF,FE,FF,00,00
4974000,55,false,Rx,0,8,10,27,00,00,00,00,00,00
4984000,56,false,Rx,0,8,10,27,00,00,00,00,00,00
4985000,57,false,Rx,0,8,00,00,FE,FF,FE,FF,00,00
5025000,625,false,Rx,0,8,25,00,11,43,FD,BB,E4,01
5125000,625,false,Rx,0,8,25,00,11,43,FD,BB,E4,01
5163000,2C4,false,Rx,0,8,03,00,00,00,DF,02,00,00
5163000,2C5,false,Rx,0,8,00,00,00,00,00,00,00,00
5163000,2C6,false,Rx,0,8,F4,01,84,03,00,00,00,00
5174000,54,false,Rx,0,8,00,00,FE,FF,FE,FF,00,00
5174000,55,false,Rx,0,8,10,27,00,00,00,00,00,00
5184000,56,false,Rx,0,8,10,27,00,00,00,00,00,00
5185000,57,false,Rx,0,8,00,00,FE,FF,FE,FF,00,00
5225000,625,false,Rx,0,8,25,00,11,43,FD,BB,E4,01
5325000,625,false,Rx,0,8,25,00,11,43,FD,BB,E4,01
5363000,2C4,false,Rx,0,8,03,00,00,00,DF,02,00,00
5363000,2C5,false,Rx,0,8,00,00,00,00,00,00,00,00
5363000,2C6,false,Rx,0,8,F4,01,84,03,00,00,00,00
5374000,54,false,Rx,0,8,00,00,FE,FF,FE,FF,00,00
5374000,55,false,Rx,0,8,10,27,00,00,00,00,00,00
5384000,56,false,Rx,0,8,10,27,00,00,00,00,00,00
5385000,57,false,Rx,0,8,00,00,FE,FF,FE,FF,00,00
5425000,625,false,Rx,0,8,25,00,11,43,FD,BB,E4,01
5525000,625,false,Rx,0,8,25,00,11,43,FD,BB,E4,01
5563000,2C4,false,Rx,0,8,03,00,00,00,DF,02,00,00
5563000,2C5,false,Rx,0,8,00,00,00,00,00,00,00,00
5563000,2C6,false,Rx,0,8,F4,01,84,03,00,00,00,00
5574000,54,false,Rx,0,8,00,00,FE,FF,FE,FF,00,00
5574000,55,false,Rx,0,8,10,27,00,00,00,00,00,00
5584000,56,false,Rx,0,8,10,27,00,00,00,00,00,00
5584000,57,false,Rx,0,8,00,00,FE,FF,FE,FF,00,00
5625000,625,false,Rx,0,8,25,00,11,43,FD,BB,E4,01
5725000,625,false,Rx,0,8,25,00,11,43,FD,BB,E4,01
5763000,2C4,false,Rx,0,8,03,00,00,00,DF,02,00,00
5763000,2C5,false,Rx,0,8,00,00,00,00,00,00,00,00
5763000,2C6,false,Rx,0,8,F4,01,84,03,00,00,00,00
5774000,54,false,Rx,0,8,00,00,FE,FF,FE,FF,00,00
5774000,55,false,Rx,0,8,10,27,00,00,00,00,00,00
5784000,56,false,Rx,0,8,10,27,00,00,00,00,00,00
5784000,57,false,Rx,0,8,00,00,FE,FF,FE,FF,00,00
5825000,625,false,Rx,0,8,25,00,11,43,FD,BB,E4,01
5925000,625,false,Rx,0,8,25,00,11,43,FD,BB,E4,01
5963000,2C4,false,Rx,0,8,03,00,00,00,DF,02,00,00
5963000,2C5,false,Rx,0,8,00,00,00,00,00,00,00,00
5963000,2C6,false,Rx,0,8,F4,01,84,03,00,00,00,00
5974000,54,false,Rx,0,8,00,00,FE,FF,FE,FF,00,00
5974000,55,false,Rx,0,8,10,27,00,00,00,00,00,00
5984000,56,false,Rx,0,8,10,27,00,00,00,00,00,00
5984000,57,false,Rx,0,8,00,00,FE,FF,FE,FF,00,00
6025000,625,false,Rx,0,8,25,00,11,43,FD,BB,E4,01
6125000,625,false,Rx,0,8,25,00,11,43,FD,BB,E4,01
6163000,2C4,false,Rx,0,8,03,00,00,00,DF,02,00,00
6163000,2C5,false,Rx,0,8,00,00,00,00,00,00,00,00
6163000,2C6,false,Rx,0,8,F4,01,84,03,00,00,00,00
6174000,54,false,Rx,0,8,00,00,FE,FF,FE,FF,00,00
6174000,55,false,Rx,0,8,10,27,00,00,00,00,00,00
6184000,56,false,Rx,0,8,10,27,00,00,00,00,00,00
6184000,57,false,Rx,0,8,00,00,FE,FF,FE,FF,00,00
6225000,625,false,Rx,0,8,25,00,11,43,FD,BB,E4,01
6325000,625,false,Rx,0,8,25,00,11,43,FD,BB,E4,01
6363000,2C4,false,Rx,0,8,03,00,00,00,DF,02,00,00
6363000,2C5,false,Rx,0,8,00,00,00,00,00,00,00,00
6363000,2C6,false,Rx,0,8,F4,01,84,03,00,00,00,00
6374000,54,false,Rx,0,8,00,00,FE,FF,FE,FF,00,00
6374000,55,false,Rx,0,8,10,27,00,00,00,00,00,00
6384000,56,false,Rx,0,8,10,27,00,00,00,00,00,00
6384000,57,false,Rx,0,8,00,00,FE,FF,FE,FF,00,00
6425000,625,false,Rx,0,8,25,00,11,43,FD,BB,E4,01
6525000,625,false,Rx,0,8,25,00,11,43,FD,BB,E4,01
6563000,2C4,false,Rx,0,8,03,00,00,00,DF,02,00,00
6563000,2C5,false,Rx,0,8,00,00,00,00,00,00,00,00
6563000,2C6,false,Rx,0,8,F4,01,84,03,00,00,00,00
6574000,54,false,Rx,0,8,00,00,FE,FF,FE,FF,00,00
6574000,55,false,Rx,0,8,10,27,00,00,00,00,00,00
6584000,56,false,Rx,0,8,10,27,00,00,00,00,00,00
6584000,57,false,Rx,0,8,00,00,FE,FF,FE,FF,00,00
6625000,625,false,Rx,0,8,25,00,11,43,FD,BB,E4,01
6725000,625,false,Rx,0,8,25,00,11,43,FD,BB,E4,01
6763000,2C4,false,Rx,0,8,03,00,00,00,DF,02,00,00
6763000,2C5,false,Rx,0,8,00,00,00,00,00,00,00,00
6763000,2C6,false,Rx,0,8,F4,01,84,03,00,00,00,00
6774000,54,false,Rx,0,8,00,00,FE,FF,FE,FF,00,00
6774000,55,false,Rx,0,8,10,27,00,00,00,00,00,00
6784000,56,false,Rx,0,8,10,27,00,00,00,00,00,00
6784000,57,false,Rx,0,8,00,00,FE,FF,FE,FF,00,00
6825000,625,false,Rx,0,8,25,00,11,43,FD,BB,E4,01
6925000,625,false,Rx,0,8,25,00,11,43,FD,BB,E4,01
6963000,2C4,false,Rx,0,8,03,00,00,00,DF,02,00,00
6963000,2C5,false,Rx,0,8,00,00,00,00,00,00,00,00
6963000,2C6,false,Rx,0,8,F4,01,84,03,00,00,00,00
6974000,54,false,Rx,0,8,00,00,FE,FF,FE,FF,00,00
6974000,55,false,Rx,0,8,10,27,00,00,00,00,00,00
6984000,56,false,Rx,0,8,10,27,00,00,00,00,00,00
6984000,57,false,Rx,0,8,00,00,FE,FF,FE,FF,00,00
7025000,625,false,Rx,0,8,25,00,11,43,FD,BB,E4,01
7125000,625,false,Rx,0,8,25,00,11,43,FD,BB,E4,01
7163000,2C4,false,Rx,0,8,03,00,00,00,DF,02,00,00
7163000,2C5,false,Rx,0,8,00,00,00,00,00,00,00,00
7163000,2C6,false,Rx,0,8,F4,01,84,03,00,00,00,00
7174000,54,false,Rx,0,8,00,00,FE,FF,FE,FF,00,00
7174000,55,false,Rx,0,8,10,27,00,00,00,00,00,00
7184000,56,false,Rx,0,8,10,27,00,00,00,00,00,00
7184000,57,false,Rx,0,8,00,00,FE,FF,FE,FF,00,00
7225000,625,false,Rx,0,8,25,00,11,43,FD,BB,E4,01
7325000,625,false,Rx,0,8,25,00,11,43,FD,BB,E4,01
7363000,2C4,false,Rx,0,8,03,00,00,00,DF,02,00,00
7363000,2C5,false,Rx,0,8,00,00,00,00,00,00,00,00
7363000,2C6,false,Rx,0,8,F4,01,84,03,00,00,00,00
7374000,54,false,Rx,0,8,00,00,FE,FF,FE,FF,00,00
7374000,55,false,Rx,0,8,10,27,00,00,00,00,00,00
7384000,56,false,Rx,0,8,10,27,00,00,00,00,00,00
7384000,57,false,Rx,0,8,00,00,FE,FF,FE,FF,00,00
7425000,625,false,Rx,0,8,25,00,11,43,FD,BB,E4,01
7525000,625,false,Rx,0,8,25,00,11,43,FD,BB,E4,01
7563000,2C4,false,Rx,0,8,03,00,00,00,DF,02,00,00
7563000,2C5,false,Rx,0,8,00,00,00,00,00,00,00,00
7563000,2C6,false,Rx,0,8,F4,01,84,03,00,00,00,00
7574000,54,false,Rx,0,8,00,00,FE,FF,FE,FF,00,00
7574000,55,false,Rx,0,8,10,27,00,00,00,00,00,00
7584000,56,false,Rx,0,8,10,27,00,00,00,00,00,00
7584000,57,false,Rx,0,8,00,00,FE,FF,FE,FF,00,00
7625000,625,false,Rx,0,8,25,00,11,43,FD,BB,E4,01
7725000,625,false,Rx,0,8,25,00,11,43,FD,BB,E4,01
7763000,2C4,false,Rx,0,8,03,00,00,00,DF,02,00,00
7763000,2C5,false,Rx,0,8,00,00,00,00,00,00,00,00
7763000,2C6,false,Rx,0,8,F4,01,84,03,00,00,00,00
7774000,54,false,Rx,0,8,00,00,FE,FF,FE,FF,00,00
7774000,55,false,Rx,0,8,10,27,00,00,00,00,00,00
7784000,56,false,Rx,0,8,10,27,00,00,00,00,00,00
7784000,57,false,Rx,0,8,00,00,FE,FF,FE,FF,00,00
7825000,625,false,Rx,0,8,25,00,11,43,FD,BB,E4,01
7925000,625,false,Rx,0,8,25,00,11,43,FD,BB,E4,01
7963000,2C4,false,Rx,0,8,03,00,00,00,DF,02,00,00
7963000,2C5,false,Rx,0,8,00,00,00,00,00,00,00,00
7963000,2C6,false,Rx,0,8,F4,01,84,03,00,00,00,00
7974000,54,false,Rx,0,8,00,00,FE,FF,FE,FF,00,00
7974000,55,false,Rx,0,8,10,27,00,00,00,00,00,00
7984000,56,false,Rx,0,8,10,27,00,00,00,00,00,00
7984000,57,false,Rx,0,8,00,00,FE,FF,FE,FF,00,00
8025000,625,false,Rx,0,8,25,00,11,43,FD,BB,E4,01
8125000,625,false,Rx,0,8,25,00,11,43,FD,BB,E4,01
8163000,2C4,false,Rx,0,8,03,00,00,00,DF,02,00,00
8163000,2C5,false,Rx,0,8,00,00,00,00,00,00,00,00
8163000,2C6,false,Rx,0,8,F4,01,84,03,00,00,00,00
8174000,54,false,Rx,0,8,00,00,FE,FF,FE,FF,00,00
8174000,55,false,Rx,0,8,10,27,00,00,00,00,00,00
8184000,56,false,Rx,0,8,10,27,00,00,00,00,00,00
8184000,57,false,Rx,0,8,00,00,FE,FF,FE,FF,00,00
8225000,625,false,Rx,0,8,25,00,11,43,FD,BB,E4,01
8325000,625,false,Rx,0,8,25,00,11,43,FD,BB,E4,01
8363000,2C4,false,Rx,0,8,03,00,00,00,DF,02,00,00
8363000,2C5,false,Rx,0,8,00,00,00,00,00,00,00,00
8363000,2C6,false,Rx,0,8,F4,01,84,03,00,00,00,00
8374000,54,false,Rx,0,8,00,00,FE,FF,FE,FF,00,00
8374000,55,false,Rx,0,8,10,27,00,00,00,00,00,00
8384000,56,false,Rx,0,8,10,27,00,00,00,00,00,00
8384000,57,false,Rx,0,8,00,00,FE,FF,FE,FF,00,00
8425000,625,false,Rx,0,8,25,00,11,43,FD,BB,E4,01
8525000,625,false,Rx,0,8,25,00,11,43,FD,BB,E4,01
8563000,2C4,false,Rx,0,8,03,00,00,00,DF,02,00,00
8563000,2C5,false,Rx,0,8,00,00,00,00,00,00,00,00
8563000,2C6,false,Rx,0,8,F4,01,84,03,00,00,00,00
8574000,54,false,Rx,0,8,00,00,FE,FF,FE,FF,00,00
8574000,55,false,Rx,0,8,10,27,00,00,00,00,00,00
8584000,56,false,Rx,0,8,10,27,00,00,00,00,00,00
8584000,57,false,Rx,0,8,00,00,FE,FF,FE,FF,00,00
8625000,625,false,Rx,0,8,25,00,11,43,FD,BB,E4,01
8725000,625,false,Rx,0,8,25,00,11,43,FD,BB,E4,01
8763000,2C4,false,Rx,0,8,03,00,00,00,DF,02,00,00
8763000,2C5,false,Rx,0,8,00,00,00,00,00,00,00,00
8763000,2C6,false,Rx,0,8,F4,01,84,03,00,00,00,00
8774000,54,false,Rx,0,8,00,00,FE,FF,FE,FF,00,00
8774000,55,false,Rx,0,8,10,27,00,00,00,00,00,00
8784000,56,false,Rx,0,8,10,27,00,00,00,00,00,00
8784000,57,false,Rx,0,8,00,00,FE,FF,FE,FF,00,00
8825000,625,false,Rx,0,8,25,00,11,43,FD,BB,E4,01
8925000,625,false,Rx,0,8,25,00,11,43,FD,BB,E4,01
8963000,2C4,false,Rx,0,8,03,00,00,00,DF,02,00,00
8963000,2C5,false,Rx,0,8,00,00,00,00,00,00,00,00
8963000,2C6,false,Rx,0,8,F4,01,84,03,00,00,00,00
8974000,54,false,Rx,0,8,00,00,FE,FF,FE,FF,00,00
8974000,55,false,Rx,0,8,10,27,00,00,00,00,00,00
8984000,56,false,Rx,0,8,10,27,00,00,00,00,00,00
8984000,57,false,Rx,0,8,00,00,FE,FF,FE,FF,00,00
8995000,60D,false,Rx,0,8,0D,10,DF,23,02,20,70,00
9025000,625,false,Rx,0,8,25,00,11,43,FD,BB,E4,01
9084000,60D,false,Rx,0,8,0D,10,DF,23,02,20,70,00
9125000,625,false,Rx,0,8,25,00,11,43,FD,BB,E4,01
9163000,2C4,false,Rx,0,8,03,00,00,00,DF,02,00,00
9163000,2C5,false,Rx,0,8,00,00,00,00,00,00,00,00
9163000,2C6,false,Rx,0,8,F4,01,84,03,00,00,00,00
9174000,54,false,Rx,0,8,00,01,FE,FF,FE,FF,00,00
9174000,55,false,Rx,0,8,10,27,00,00,00,00,00,00
9184000,56,false,Rx,0,8,10,27,00,00,00,00,00,00
9184000,57,false,Rx,0,8,00,00,FE,FF,FE,FF,00,00
9195000,60D,false,Rx,0,8,0D,10,DF,23,02,20,70,00
9225000,625,false,Rx,0,8,25,00,11,43,FD,BB,E4,01
9284000,60D,false,Rx,0,8,0D,10,DF,23,02,20,70,00
9324000,625,false,Rx,0,8,25,00,11,43,FD,BB,E4,01
9363000,2C4,false,Rx,0,8,03,00,00,00,DF,02,00,00
9363000,2C5,false,Rx,0,8,00,00,00,00,00,00,00,00
9363000,2C6,false,Rx,0,8,F4,01,84,03,00,00,00,00
9374000,54,false,Rx,0,8,01,01,FE,FF,FE,FF,00,00
9374000,55,false,Rx,0,8,10,27,00,00,00,00,00,00
9384000,56,false,Rx,0,8,10,27,00,00,00,00,00,00
9384000,57,false,Rx,0,8,00,00,FE,FF,FE,FF,00,00
9395000,60D,false,Rx,0,8,0D,10,DF,23,02,20,70,00
9424000,625,false,Rx,0,8,25,00,11,43,FD,BB,E4,01
9484000,60D,false,Rx,0,8,0D,10,DF,23,02,20,70,00
9524000,625,false,Rx,0,8,25,00,11,43,FD,BB,E4,01
9563000,2C4,false,Rx,0,8,05,00,00,00,DF,02,00,00
9563000,2C5,false,Rx,0,8,00,00,00,00,00,00,00,00
9563000,2C6,false,Rx,0,8,F4,01,84,03,00,00,00,00
9574000,54,false,Rx,0,8,01,01,FE,FF,FE,FF,00,00
9574000,55,false,Rx,0,8,10,27,00,00,00,00,00,00
9584000,56,false,Rx,0,8,10,27,00,00,00,00,00,00
9584000,57,false,Rx,0,8,00,00,FE,FF,FE,FF,00,00
9595000,60D,false,Rx,0,8,0D,10,DF,23,02,20,70,00
9624000,625,false,Rx,0,8,25,00,11,43,FD,BB,E4,01
9684000,60D,false,Rx,0,8,0D,10,DF,23,02,20,70,00
9724000,625,false,Rx,0,8,25,00,11,43,FD,BB,E4,01
9763000,2C4,false,Rx,0,8,05,00,00,00,DF,02,00,00
9763000,2C5,false,Rx,0,8,00,00,00,00,00,00,00,00
9763000,2C6,false,Rx,0,8,F4,01,84,03,00,00,00,00
9774000,54,false,Rx,0,8,01,01,FE,FF,FE,FF,00,00
9774000,55,false,Rx,0,8,10,27,00,00,00,00,00,00
9784000,56,false,Rx,0,8,10,27,00,00,00,00,00,00
9784000,57,false,Rx,0,8,00,00,FE,FF,FE,FF,00,00
9795000,60D,false,Rx,0,8,0D,10,DF,23,02,20,70,00
9824000,625,false,Rx,0,8,25,00,11,43,FD,BB,E4,01
9884000,60D,false,Rx,0,8,0D,10,DF,23,02,20,70,00
9924000,625,false,Rx,0,8,25,00,11,43,FD,BB,E4,01
9963000,2C4,false,Rx,0,8,05,00,00,00,DF,02,00,00
9963000,2C5,false,Rx,0,8,00,00,00,00,00,00,00,00
9963000,2C6,false,Rx,0,8,F4,01,84,03,00,00,00,00
9974000,54,false,Rx,0,8,01,01,FE,FF,FE,FF,00,00
9974000,55,false,Rx,0,8,10,27,00,00,00,00,00,00
9984000,56,false,Rx,0,8,10,27,00,00,00,00,00,00
9984000,57,false,Rx,0,8,00,00,FE,FF,FE,FF,00,00
9995000,60D,false,Rx,0,8,0D,10,DF,23,02,20,70,00
10024000,625,false,Rx,0,8,25,00,11,43,FD,BB,E4,01
10084000,60D,false,Rx,0,8,0D,10,DF,23,02,20,70,00
10124000,625,false,Rx,0,8,25,00,11,43,FD,BB,E4,01
10163000,2C4,false,Rx,0,8,05,00,00,00,DF,02,00,00
10163000,2C5,false,Rx,0,8,00,00,00,00,00,00,00,00
10163000,2C6,false,Rx,0,8,F4,01,84,03,00,00,00,00
10174000,54,false,Rx,0,8,01,01,FE,FF,FE,FF,00,00
10174000,55,false,Rx,0,8,10,27,00,00,00,00,00,00
10184000,56,false,Rx,0,8,10,27,00,00,00,00,00,00
10184000,57,false,Rx,0,8,00,00,FE,FF,FE,FF,00,00
10195000,60D,false,Rx,0,8,0D,10,DF,23,02,20,70,00
10224000,625,false,Rx,0,8,25,00,11,43,FD,BB,E4,01
10284000,60D,false,Rx,0,8,0D,10,DF,23,02,20,70,00
10324000,625,false,Rx,0,8,25,00,11,43,FD,BB,E4,01
10363000,2C4,false,Rx,0,8,05,00,00,00,DF,02,00,00
10363000,2C5,false,Rx,0,8,00,00,00,00,00,00,00,00
10363000,2C6,false,Rx,0,8,F4,01,84,03,00,00,00,00
10373000,54,false,Rx,0,8,01,01,FE,FF,FE,FF,00,00
10374000,55,false,Rx,0,8,10,27,00,00,00,00,00,00
10384000,56,false,Rx,0,8,10,27,00,00,00,00,00,00
10384000,57,false,Rx,0,8,00,00,FE,FF,FE,FF,00,00
10395000,60D,false,Rx,0,8,0D,10,DF,23,02,20,70,00
10424000,625,false,Rx,0,8,25,00,11,43,FD,BB,E4,01
10484000,60D,false,Rx,0,8,0D,10,DF,23,02,20,70,00
10524000,625,false,Rx,0,8,25,00,11,43,FD,BB,E4,01
10563000,2C4,false,Rx,0,8,05,00,00,00,DF,02,00,00
10563000,2C5,false,Rx,0,8,00,00,00,00,00,00,00,00
10563000,2C6,false,Rx,0,8,F4,01,84,03,00,00,00,00
10573000,54,false,Rx,0,8,01,01,FE,FF,FE,FF,00,00
10574000,55,false,Rx,0,8,10,27,00,00,00,00,00,00
10584000,56,false,Rx,0,8,10,27,00,00,00,00,00,00
10584000,57,false,Rx,0,8,00,00,FE,FF,FE,FF,00,00
10595000,60D,false,Rx,0,8,0D,10,DF,23,02,20,70,00
10624000,625,false,Rx,0,8,25,00,11,43,FD,BB,E4,01
10684000,60D,false,Rx,0,8,0D,10,DF,23,02,20,70,00
10724000,625,false,Rx,0,8,25,00,11,43,FD,BB,E4,01
10763000,2C4,false,Rx,0,8,05,00,00,00,DF,02,00,00
10763000,2C5,false,Rx,0,8,00,00,00,00,00,00,00,00
10763000,2C6,false,Rx,0,8,F4,01,84,03,00,00,00,00
10773000,54,false,Rx,0,8,01,01,FE,FF,FE,FF,00,00
10774000,55,false,Rx,0,8,10,27,00,00,00,00,00,00
10784000,56,false,Rx,0,8,10,27,00,00,00,00,00,00
10784000,57,false,Rx,0,8,00,00,FE,FF,FE,FF,00,00
10795000,60D,false,Rx,0,8,0D,10,DF,23,02,20,70,00
10824000,625,false,Rx,0,8,25,00,11,43,FD,BB,E4,01
10884000,60D,false,Rx,0,8,0D,10,DF,23,02,20,70,00
10924000,625,false,Rx,0,8,25,00,11,43,FD,BB,E4,01
10963000,2C4,false,Rx,0,8,05,00,00,00,DF,02,00,00
10963000,2C5,false,Rx,0,8,00,00,00,00,00,00,00,00
10963000,2C6,false,Rx,0,8,F4,01,84,03,00,00,00,00
10973000,54,false,Rx,0,8,01,01,FE,FF,FE,FF,00,00
10974000,55,false,Rx,0,8,10,27,00,00,00,00,00,00
10984000,56,false,Rx,0,8,10,27,00,00,00,00,00,00
10984000,57,false,Rx,0,8,00,00,FE,FF,FE,FF,00,00
10995000,60D,false,Rx,0,8,0D,10,DF,23,02,20,70,00
11024000,625,false,Rx,0,8,25,00,11,43,FD,BB,E4,01
11084000,60D,false,Rx,0,8,0D,10,DF,23,02,20,70,00
11124000,625,false,Rx,0,8,25,00,11,43,FD,BB,E4,01
11163000,2C4,false,Rx,0,8,05,00,00,00,DF,02,00,00
11163000,2C5,false,Rx,0,8,00,00,00,00,00,00,00,00
11163000,2C6,false,Rx,0,8,F4,01,84,03,00,00,00,00
11173000,54,false,Rx,0,8,01,01,FE,FF,FE,FF,00,00
11174000,55,false,Rx,0,8,10,27,00,00,00,00,00,00
11184000,56,false,Rx,0,8,10,27,00,00,00,00,00,00
11184000,57,false,Rx,0,8,00,00,FE,FF,FE,FF,00,00
11195000,60D,false,Rx,0,8,0D,10,DF,23,02,20,70,00
11224000,625,false,Rx,0,8,25,00,11,43,FD,BB,E4,01
11284000,60D,false,Rx,0,8,0D,10,DF,23,02,20,70,00
11324000,625,false,Rx,0,8,25,00,11,43,FD,BB,E4,01
11363000,2C4,false,Rx,0,8,05,00,00,00,DF,02,00,00
11363000,2C5,false,Rx,0,8,00,00,00,00,00,00,00,00
11363000,2C6,false,Rx,0,8,F4,01,84,03,00,00,00,00
11374000,54,false,Rx,0,8,01,01,FE,FF,FE,FF,00,00
11374000,55,false,Rx,0,8,10,27,00,00,00,00,00,00
11384000,56,false,Rx,0,8,10,27,00,00,00,00,00,00
11384000,57,false,Rx,0,8,00,00,FE,FF,FE,FF,00,00
11395000,60D,false,Rx,0,8,0D,10,DF,23,02,20,70,00
11424000,625,false,Rx,0,8,25,00,11,43,FD,BB,E4,01
11484000,60D,false,Rx,0,8,0D,10,DF,23,02,20,70,00
11524000,625,false,Rx,0,8,25,00,11,43,FD,BB,E4,01
11563000,2C4,false,Rx,0,8,05,00,00,00,DF,02,00,00
11563000,2C5,false,Rx,0,8,00,00,00,00,00,00,00,00
11563000,2C6,false,Rx,0,8,F4,01,84,03,00,00,00,00
11573000,54,false,Rx,0,8,01,01,FE,FF,FE,FF,00,00
11574000,55,false,Rx,0,8,10,27,00,00,00,00,00,00
11584000,56,false,Rx,0,8,10,27,00,00,00,00,00,00
11584000,57,false,Rx,0,8,00,00,FE,FF,FE,FF,00,00
11595000,60D,false,Rx,0,8,0D,10,DF,23,02,20,70,00
11624000,625,false,Rx,0,8,25,00,11,43,FD,BB,E4,01
11684000,60D,false,Rx,0,8,0D,10,DF,23,02,20,70,00
11724000,625,false,Rx,0,8,25,00,11,43,FD,BB,E4,01
11763000,2C4,false,Rx,0,8,05,00,00,00,DF,02,00,00
11763000,2C5,false,Rx,0,8,00,00,00,00,00,00,00,00
11763000,2C6,false,Rx,0,8,F4,01,84,03,00,00,00,00
11773000,54,false,Rx,0,8,01,01,FE,FF,FE,FF,00,00
11774000,55,false,Rx,0,8,10,27,00,00,00,00,00,00
11784000,56,false,Rx,0,8,10,27,00,00,00,00,00,00
11784000,57,false,Rx,0,8,00,00,FE,FF,FE,FF,00,00
11795000,60D,false,Rx,0,8,0D,10,DF,23,02,20,70,00
11824000,625,false,Rx,0,8,25,00,11,43,FD,BB,E4,01
11884000,60D,false,Rx,0,8,0D,10,DF,23,02,20,70,00
11924000,625,false,Rx,0,8,25,00,11,43,FD,BB,E4,01
11962000,2C4,false,Rx,0,8,05,00,00,00,DF,02,00,00
11963000,2C5,false,Rx,0,8,00,00,00,00,00,00,00,00
11963000,2C6,false,Rx,0,8,F4,01,84,03,00,00,00,00
11973000,54,false,Rx,0,8,01,01,FE,FF,FE,FF,00,00
11974000,55,false,Rx,0,8,10,27,00,00,00,00,00,00
11984000,56,false,Rx,0,8,10,27,00,00,00,00,00,00
11984000,57,false,Rx,0,8,00,00,FE,FF,FE,FF,00,00
11995000,60D,false,Rx,0,8,0D,10,DF,23,02,20,70,00
12024000,625,false,Rx,0,8,25,00,11,43,FD,BB,E4,01
12084000,60D,false,Rx,0,8,0D,10,DF,23,02,20,70,00
12124000,625,false,Rx,0,8,25,00,11,43,FD,BB,E4,01
12162000,2C4,false,Rx,0,8,05,00,00,00,DF,02,00,00
12163000,2C5,false,Rx,0,8,00,00,00,00,00,00,00,00
12163000,2C6,false,Rx,0,8,F4,01,84,03,00,00,00,00
12173000,54,false,Rx,0,8,01,01,FE,FF,FE,FF,00,00
12174000,55,false,Rx,0,8,10,27,00,00,00,00,00,00
12184000,56,false,Rx,0,8,10,27,00,00,00,00,00,00
12184000,57,false,Rx,0,8,00,00,FE,FF,FE,FF,00,00
12195000,60D,false,Rx,0,8,0D,10,DF,23,02,20,70,00
12224000,625,false,Rx,0,8,25,00,11,43,FD,BB,E4,01
12284000,60D,false,Rx,0,8,0D,10,DF,23,02,20,70,00
12324000,625,false,Rx,0,8,25,00,11,43,FD,BB,E4,01
12362000,2C4,false,Rx,0,8,05,00,00,00,DF,02,00,00
12363000,2C5,false,Rx,0,8,00,00,00,00,00,00,00,00
12363000,2C6,false,Rx,0,8,F4,01,84,03,00,00,00,00
12374000,54,false,Rx,0,8,01,01,FE,FF,FE,FF,00,00
12374000,55,false,Rx,0,8,10,27,00,00,00,00,00,00
12384000,56,false,Rx,0,8,10,27,00,00,00,00,00,00
12384000,57,false,Rx,0,8,00,00,FE,FF,FE,FF,00,00
12395000,60D,false,Rx,0,8,0D,10,DF,23,02,20,70,00
12424000,625,false,Rx,0,8,25,00,11,43,FD,BB,E4,01
12484000,60D,false,Rx,0,8,0D,10,DF,23,02,20,70,00
12524000,625,false,Rx,0,8,25,00,11,43,FD,BB,E4,01
12562000,2C4,false,Rx,0,8,05,00,00,00,DF,02,00,00
12563000,2C5,false,Rx,0,8,00,00,00,00,00,00,00,00
12563000,2C6,false,Rx,0,8,F4,01,84,03,00,00,00,00
12573000,54,false,Rx,0,8,01,01,FE,FF,FE,FF,00,00
12574000,55,false,Rx,0,8,10,27,00,00,00,00,00,00
12584000,56,false,Rx,0,8,10,27,00,00,00,00,00,00
12584000,57,false,Rx,0,8,00,00,FE,FF,FE,FF,00,00
12594000,60D,false,Rx,0,8,0D,10,DF,23,02,20,70,00
12624000,625,false,Rx,0,8,25,00,11,43,FD,BB,E4,01
12684000,60D,false,Rx,0,8,0D,10,DF,23,02,20,70,00
12724000,625,false,Rx,0,8,25,00,11,43,FD,BB,E4,01
12762000,2C4,false,Rx,0,8,05,00,00,00,DF,02,00,00
12763000,2C5,false,Rx,0,8,00,00,00,00,00,00,00,00
12763000,2C6,false,Rx,0,8,F4,01,84,03,00,00,00,00
12773000,54,false,Rx,0,8,01,01,FE,FF,FE,FF,00,00
12774000,55,false,Rx,0,8,10,27,00,00,00,00,00,00
12784000,56,false,Rx,0,8,10,27,00,00,00,00,00,00
12784000,57,false,Rx,0,8,00,00,FE,FF,FE,FF,00,00
12794000,60D,false,Rx,0,8,0D,10,DF,23,02,20,70,00
12824000,625,false,Rx,0,8,25,00,11,43,FD,BB,E4,01
12884000,60D,false,Rx,0,8,0D,10,DF,23,02,20,70,00
12924000,625,false,Rx,0,8,25,00,11,43,FD,BB,E4,01
12962000,2C4,false,Rx,0,8,05,00,00,00,DF,02,00,00
12963000,2C5,false,Rx,0,8,00,00,00,00,00,00,00,00
12963000,2C6,false,Rx,0,8,F4,01,84,03,00,00,00,00
12973000,54,false,Rx,0,8,01,01,FE,FF,FE,FF,00,00
12974000,55,false,Rx,0,8,10,27,00,00,00,00,00,00
12984000,56,false,Rx,0,8,10,27,00,00,00,00,00,00
12984000,57,false,Rx,0,8,00,00,FE,FF,FE,FF,00,00
12994000,60D,false,Rx,0,8,0D,10,DF,23,02,20,70,00
13024000,625,false,Rx,0,8,25,00,11,43,FD,BB,E4,01
13084000,60D,false,Rx,0,8,0D,10,DF,23,02,20,70,00
13124000,625,false,Rx,0,8,25,00,11,43,FD,BB,E4,01
13162000,2C4,false,Rx,0,8,05,00,00,00,DF,02,00,00
13163000,2C5,false,Rx,0,8,00,00,00,00,00,00,00,00
13163000,2C6,false,Rx,0,8,F4,01,84,03,00,00,00,00
13173000,54,false,Rx,0,8,01,01,FE,FF,FE,FF,00,00
13174000,55,false,Rx,0,8,10,27,00,00,00,00,00,00
13184000,56,false,Rx,0,8,10,27,00,00,00,00,00,00
13184000,57,false,Rx,0,8,00,00,FE,FF,FE,FF,00,00
13194000,60D,false,Rx,0,8,0D,10,DF,23,02,20,70,00
13224000,625,false,Rx,0,8,25,00,11,43,FD,BB,E4,01
13284000,60D,false,Rx,0,8,0D,10,DF,23,02,20,70,00
13324000,625,false,Rx,0,8,25,00,11,43,FD,BB,E4,01
13362000,2C4,false,Rx,0,8,05,00,00,00,DF,02,00,00
13363000,2C5,false,Rx,0,8,00,00,00,00,00,00,00,00
13363000,2C6,false,Rx,0,8,F4,01,84,03,00,00,00,00
13373000,54,false,Rx,0,8,01,01,FE,FF,FE,FF,00,00
13374000,55,false,Rx,0,8,10,27,00,00,00,00,00,00
13384000,56,false,Rx,0,8,10,27,00,00,00,00,00,00
13384000,57,false,Rx,0,8,00,00,FE,FF,FE,FF,00,00
13394000,60D,false,Rx,0,8,0D,10,DF,23,02,20,70,00
13424000,625,false,Rx,0,8,25,00,11,43,FD,BB,E4,01
13484000,60D,false,Rx,0,8,0D,10,DF,23,02,20,70,00
13524000,625,false,Rx,0,8,25,00,11,43,FD,BB,E4,01
13562000,2C4,false,Rx,0,8,05,00,00,00,DF,02,00,00
13563000,2C5,false,Rx,0,8,00,00,00,00,00,00,00,00
13563000,2C6,false,Rx,0,8,F4,01,84,03,00,00,00,00
13573000,54,false,Rx,0,8,01,01,FE,FF,FE,FF,00,00
13574000,55,false,Rx,0,8,10,27,00,00,00,00,00,00
13584000,56,false,Rx,0,8,10,27,00,00,00,00,00,00
13584000,57,false,Rx,0,8,00,00,FE,FF,FE,FF,00,00
13595000,60D,false,Rx,0,8,0D,10,DF,23,02,20,70,00
13624000,625,false,Rx,0,8,25,00,11,43,FD,BB,E4,01
13684000,60D,false,Rx,0,8,0D,10,DF,23,02,20,70,00
13724000,625,false,Rx,0,8,25,00,11,43,FD,BB,E4,01
13762000,2C4,false,Rx,0,8,05,00,00,00,DF,02,00,00
13763000,2C5,false,Rx,0,8,00,00,00,00,00,00,00,00
13763000,2C6,false,Rx,0,8,F4,01,84,03,00,00,00,00
13773000,54,false,Rx,0,8,01,01,FE,FF,FE,FF,00,00
13774000,55,false,Rx,0,8,10,27,00,00,00,00,00,00
13784000,56,false,Rx,0,8,10,27,00,00,00,00,00,00
13784000,57,false,Rx,0,8,00,00,FE,FF,FE,FF,00,00
13794000,60D,false,Rx,0,8,0D,10,DF,23,02,20,70,00
13824000,625,false,Rx,0,8,25,00,11,43,FD,BB,E4,01
13884000,60D,false,Rx,0,8,0D,10,DF,23,02,20,70,00
13924000,625,false,Rx,0,8,25,00,11,43,FD,BB,E4,01
13962000,2C4,false,Rx,0,8,05,00,00,00,DF,02,00,00
13963000,2C5,false,Rx,0,8,00,00,00,00,00,00,00,00
13963000,2C6,false,Rx,0,8,F4,01,84,03,00,00,00,00
13973000,54,false,Rx,0,8,01,01,FE,FF,FE,FF,00,00
13974000,55,false,Rx,0,8,10,27,00,00,00,00,00,00
13984000,56,false,Rx,0,8,10,27,00,00,00,00,00,00
13984000,57,false,Rx,0,8,00,00,FE,FF,FE,FF,00,00
13995000,60D,false,Rx,0,8,0D,10,DF,23,02,20,70,00
14024000,625,false,Rx,0,8,25,00,11,43,FD,BB,E4,01
14084000,60D,false,Rx,0,8,0D,10,DF,23,02,20,70,00
14124000,625,false,Rx,0,8,25,00,11,43,FD,BB,E4,01
14162000,2C4,false,Rx,0,8,05,00,00,00,DF,02,00,00
14163000,2C5,false,Rx,0,8,00,00,00,00,00,00,00,00
14163000,2C6,false,Rx,0,8,F4,01,84,03,00,00,00,00
14173000,54,false,Rx,0,8,01,01,FE,FF,FE,FF,00,00
14174000,55,false,Rx,0,8,10,27,00,00,00,00,00,00
14184000,56,false,Rx,0,8,10,27,00,00,00,00,00,00
14184000,57,false,Rx,0,8,00,00,FE,FF,FE,FF,00,00
14195000,60D,false,Rx,0,8,0D,10,DF,23,02,20,70,00
14224000,625,false,Rx,0,8,25,00,11,43,FD,BB,E4,01
14284000,60D,false,Rx,0,8,0D,10,DF,23,02,20,70,00
14324000,625,false,Rx,0,8,25,00,11,43,FD,BB,E4,01
14362000,2C4,false,Rx,0,8,05,00,00,00,DF,02,00,00
14363000,2C5,false,Rx,0,8,00,00,00,00,00,00,00,00
14363000,2C6,false,Rx,0,8,F4,01,84,03,00,00,00,00
14373000,54,false,Rx,0,8,01,01,FE,FF,FE,FF,00,00
14374000,55,false,Rx,0,8,10,27,00,00,00,00,00,00
14384000,56,false,Rx,0,8,10,27,00,00,00,00,00,00
14384000,57,false,Rx,0,8,00,00,FE,FF,FE,FF,00,00
14394000,60D,false,Rx,0,8,0D,10,DF,23,02,20,70,00
14424000,625,false,Rx,0,8,25,00,11,43,FD,BB,E4,01
14484000,60D,false,Rx,0,8,0D,10,DF,23,02,20,70,00
14524000,625,false,Rx,0,8,25,00,11,43,FD,BB,E4,01
14562000,2C4,false,Rx,0,8,05,00,00,00,DF,02,00,00
14563000,2C5,false,Rx,0,8,00,00,00,00,00,00,00,00
14563000,2C6,false,Rx,0,8,F4,01,84,03,00,00,00,00
14573000,54,false,Rx,0,8,01,01,FE,FF,FE,FF,00,00
14574000,55,false,Rx,0,8,10,27,00,00,00,00,00,00
14584000,56,false,Rx,0,8,10,27,00,00,00,00,00,00
14584000,57,false,Rx,0,8,00,00,FE,FF,FE,FF,00,00
14594000,60D,false,Rx,0,8,0D,10,DF,23,02,20,70,00
14624000,625,false,Rx,0,8,25,00,11,43,FD,BB,E4,01
14684000,60D,false,Rx,0,8,0D,10,DF,23,02,20,70,00
14724000,625,false,Rx,0,8,25,00,11,43,FD,BB,E4,01
14762000,2C4,false,Rx,0,8,05,00,00,00,DF,02,00,00
14763000,2C5,false,Rx,0,8,00,00,00,00,00,00,00,00
14763000,2C6,false,Rx,0,8,F4,01,84,03,00,00,00,00
14773000,54,false,Rx,0,8,01,01,FE,FF,FE,FF,00,00
14774000,55,false,Rx,0,8,10,27,00,00,00,00,00,00
14784000,56,false,Rx,0,8,10,27,00,00,00,00,00,00
14784000,57,false,Rx,0,8,00,00,FE,FF,FE,FF,00,00
14794000,60D,false,Rx,0,8,0D,10,DF,23,02,20,70,00
14824000,625,false,Rx,0,8,25,00,11,43,FD,BB,E4,01
14884000,60D,false,Rx,0,8,0D,10,DF,23,02,20,70,00
14924000,625,false,Rx,0,8,25,00,11,43,FD,BB,E4,01
14962000,2C4,false,Rx,0,8,05,00,00,00,DF,02,00,00
14963000,2C5,false,Rx,0,8,00,00,00,00,00,00,00,00
14963000,2C6,false,Rx,0,8,F4,01,84,03,00,00,00,00
14973000,54,false,Rx,0,8,01,01,FE,FF,FE,FF,00,00
14974000,55,false,Rx,0,8,10,27,00,00,00,00,00,00
14984000,56,false,Rx,0,8,10,27,00,00,00,00,00,00
14984000,57,false,Rx,0,8,00,00,FE,FF,FE,FF,00,00
14995000,60D,false,Rx,0,8,0D,10,DF,23,02,20,70,00
15024000,625,false,Rx,0,8,25,00,11,43,FD,BB,E4,01
15084000,60D,false,Rx,0,8,0D,10,DF,23,02,20,70,00
15124000,625,false,Rx,0,8,25,00,11,43,FD,BB,E4,01
15162000,2C4,false,Rx,0,8,05,00,00,00,DF,02,00,00
15163000,2C5,false,Rx,0,8,00,00,00,00,00,00,00,00
15163000,2C6,false,Rx,0,8,F4,01,84,03,00,00,00,00
15173000,54,false,Rx,0,8,01,01,FE,FF,FE,FF,00,00
15174000,55,false,Rx,0,8,10,27,00,00,00,00,00,00
15184000,56,false,Rx,0,8,10,27,00,00,00,00,00,00
15184000,57,false,Rx,0,8,00,00,FE,FF,FE,FF,00,00
15195000,60D,false,Rx,0,8,0D,10,DF,23,02,20,70,00
15224000,625,false,Rx,0,8,25,00,11,43,FD,BB,E4,01
15283000,60D,false,Rx,0,8,0D,10,DF,23,02,20,70,00
15324000,625,false,Rx,0,8,25,00,11,43,FD,BB,E4,01
15362000,2C4,false,Rx,0,8,05,00,00,00,DF,02,00,00
15363000,2C5,false,Rx,0,8,00,00,00,00,00,00,00,00
15363000,2C6,false,Rx,0,8,F4,01,84,03,00,00,00,00
15373000,54,false,Rx,0,8,01,01,FE,FF,FE,FF,00,00
15374000,55,false,Rx,0,8,10,27,00,00,00,00,00,00
15384000,56,false,Rx,0,8,10,27,00,00,00,00,00,00
15384000,57,false,Rx,0,8,00,00,FE,FF,FE,FF,00,00
15394000,60D,false,Rx,0,8,0D,10,DF,23,02,20,70,00
15424000,625,false,Rx,0,8,25,00,11,43,FD,BB,E4,01
15483000,60D,false,Rx,0,8,0D,10,DF,23,02,20,70,00
15524000,625,false,Rx,0,8,25,00,11,43,FD,BB,E4,01
15562000,2C4,false,Rx,0,8,05,00,00,00,DF,02,00,00
15563000,2C5,false,Rx,0,8,00,00,00,00,00,00,00,00
15563000,2C6,false,Rx,0,8,F4,01,84,03,00,00,00,00
15573000,54,false,Rx,0,8,01,01,FE,FF,FE,FF,00,00
15574000,55,false,Rx,0,8,10,27,00,00,00,00,00,00
15584000,56,false,Rx,0,8,10,27,00,00,00,00,00,00
15584000,57,false,Rx,0,8,00,00,FE,FF,FE,FF,00,00
15595000,60D,false,Rx,0,8,0D,10,DF,23,02,20,70,00
15624000,625,false,Rx,0,8,25,00,11,43,FD,BB,E4,01
15683000,60D,false,Rx,0,8,0D,10,DF,23,02,20,70,00
15724000,625,false,Rx,0,8,25,00,11,43,FD,BB,E4,01
15762000,2C4,false,Rx,0,8,05,00,00,00,DF,02,00,00
15763000,2C5,false,Rx,0,8,00,00,00,00,00,00,00,00
15763000,2C6,false,Rx,0,8,F4,01,84,03,00,00,00,00
15773000,54,false,Rx,0,8,01,01,FE,FF,FE,FF,00,00
15774000,55,false,Rx,0,8,10,27,00,00,00,00,00,00
15784000,56,false,Rx,0,8,10,27,00,00,00,00,00,00
15784000,57,false,Rx,0,8,00,00,FE,FF,FE,FF,00,00
15795000,60D,false,Rx,0,8,0D,10,DF,23,02,20,70,00
15824000,625,false,Rx,0,8,25,00,11,43,FD,BB,E4,01
15884000,60D,false,Rx,0,8,0D,10,DF,23,02,20,70,00
15924000,625,false,Rx,0,8,25,00,11,43,FD,BB,E4,01
15962000,2C4,false,Rx,0,8,05,00,00,00,DF,02,00,00
15963000,2C5,false,Rx,0,8,00,00,00,00,00,00,00,00
15963000,2C6,false,Rx,0,8,F4,01,84,03,00,00,00,00
15973000,54,false,Rx,0,8,01,01,FE,FF,FE,FF,00,00
15974000,55,false,Rx,0,8,10,27,00,00,00,00,00,00
15984000,56,false,Rx,0,8,10,27,00,00,00,00,00,00
15984000,57,false,Rx,0,8,00,00,FE,FF,FE,FF,00,00
15994000,60D,false,Rx,0,8,0D,10,DF,23,02,20,70,00
16024000,625,false,Rx,0,8,25,00,11,43,FD,BB,E4,01
16083000,60D,false,Rx,0,8,0D,10,DF,23,02,20,70,00
16124000,625,false,Rx,0,8,25,00,11,43,FD,BB,E4,01
16162000,2C4,false,Rx,0,8,05,00,00,00,DF,02,00,00
16163000,2C5,false,Rx,0,8,00,00,00,00,00,00,00,00
16163000,2C6,false,Rx,0,8,F4,01,84,03,00,00,00,00
16173000,54,false,Rx,0,8,01,01,FE,FF,FE,FF,00,00
16174000,55,false,Rx,0,8,10,27,00,00,00,00,00,00
16184000,56,false,Rx,0,8,10,27,00,00,00,00,00,00
16184000,57,false,Rx,0,8,00,00,FE,FF,FE,FF,00,00
16194000,60D,false,Rx,0,8,0D,10,DF,23,02,20,70,00
16224000,625,false,Rx,0,8,25,00,11,43,FD,BB,E4,01
16283000,60D,false,Rx,0,8,0D,10,DF,23,02,20,70,00
16324000,625,false,Rx,0,8,25,00,11,43,FD,BB,E4,01
16362000,2C4,false,Rx,0,8,05,00,00,00,DF,02,00,00
16363000,2C5,false,Rx,0,8,00,00,00,00,00,00,00,00
16363000,2C6,false,Rx,0,8,F4,01,84,03,00,00,00,00
16373000,54,false,Rx,0,8,01,01,FE,FF,FE,FF,00,00
16374000,55,false,Rx,0,8,10,27,00,00,00,00,00,00
16384000,56,false,Rx,0,8,10,27,00,00,00,00,00,00
16384000,57,false,Rx,0,8,00,00,FE,FF,FE,FF,00,00
16395000,60D,false,Rx,0,8,0D,10,DF,23,02,20,70,00
16424000,625,false,Rx,0,8,25,00,11,43,FD,BB,E4,01
16483000,60D,false,Rx,0,8,0D,10,DF,23,02,20,70,00
16524000,625,false,Rx,0,8,25,00,11,43,FD,BB,E4,01
16562000,2C4,false,Rx,0,8,05,00,00,00,DF,02,00,00
16563000,2C5,false,Rx,0,8,00,00,00,00,00,00,00,00
16563000,2C6,false,Rx,0,8,F4,01,84,03,00,00,00,00
16573000,54,false,Rx,0,8,01,01,FE,FF,FE,FF,00,00
16574000,55,false,Rx,0,8,10,27,00,00,00,00,00,00
16584000,56,false,Rx,0,8,10,27,00,00,00,00,00,00
16584000,57,false,Rx,0,8,00,00,FE,FF,FE,FF,00,00
16595000,60D,false,Rx,0,8,0D,10,DF,23,02,20,70,00
16624000,625,false,Rx,0,8,25,00,11,43,FD,BB,E4,01
16683000,60D,false,Rx,0,8,0D,10,DF,23,02,20,70,00
16724000,625,false,Rx,0,8,25,00,11,43,FD,BB,E4,01
16762000,2C4,false,Rx,0,8,05,00,00,00,DF,02,00,00
16762000,2C5,false,Rx,0,8,00,00,00,00,00,00,00,00
16763000,2C6,false,Rx,0,8,F4,01,84,03,00,00,00,00
16773000,54,false,Rx,0,8,01,01,FE,FF,FE,FF,00,00
16774000,55,false,Rx,0,8,10,27,00,00,00,00,00,00
16784000,56,false,Rx,0,8,10,27,00,00,00,00,00,00
16784000,57,false,Rx,0,8,00,00,FE,FF,FE,FF,00,00
16794000,60D,false,Rx,0,8,0D,10,DF,23,02,20,70,00
16824000,625,false,Rx,0,8,25,00,11,43,FD,BB,E4,01
16884000,60D,false,Rx,0,8,0D,10,DF,23,02,20,70,00
16924000,625,false,Rx,0,8,25,00,11,43,FD,BB,E4,01
16962000,2C4,false,Rx,0,8,05,00,00,00,DF,02,00,00
16962000,2C5,false,Rx,0,8,00,00,00,00,00,00,00,00
16963000,2C6,false,Rx,0,8,F4,01,84,03,00,00,00,00
16973000,54,false,Rx,0,8,01,01,FE,FF,FE,FF,00,00
16974000,55,false,Rx,0,8,10,27,00,00,00,00,00,00
16984000,56,false,Rx,0,8,10,27,00,00,00,00,00,00
16984000,57,false,Rx,0,8,00,00,FE,FF,FE,FF,00,00
16994000,60D,false,Rx,0,8,0D,10,DF,23,02,20,70,00
17024000,625,false,Rx,0,8,25,00,11,43,FD,BB,E4,01
17083000,60D,false,Rx,0,8,0D,10,DF,23,02,20,70,00
17124000,625,false,Rx,0,8,25,00,11,43,FD,BB,E4,01
17162000,2C4,false,Rx,0,8,05,00,00,00,DF,02,00,00
17162000,2C5,false,Rx,0,8,00,00,00,00,00,00,00,00
17163000,2C6,false,Rx,0,8,F4,01,84,03,00,00,00,00
17173000,54,false,Rx,0,8,01,01,FE,FF,FE,FF,00,00
17174000,55,false,Rx,0,8,10,27,00,00,00,00,00,00
17184000,56,false,Rx,0,8,10,27,00,00,00,00,00,00
17184000,57,false,Rx,0,8,00,00,FE,FF,FE,FF,00,00
17195000,60D,false,Rx,0,8,0D,10,DF,23,02,20,70,00
17224000,625,false,Rx,0,8,25,00,11,43,FD,BB,E4,01
17283000,60D,false,Rx,0,8,0D,10,DF,23,02,20,70,00
17324000,625,false,Rx,0,8,25,00,11,43,FD,BB,E4,01
17362000,2C4,false,Rx,0,8,05,00,00,00,DF,02,00,00
17362000,2C5,false,Rx,0,8,00,00,00,00,00,00,00,00
17363000,2C6,false,Rx,0,8,F4,01,84,03,00,00,00,00
17373000,54,false,Rx,0,8,01,01,FE,FF,FE,FF,00,00
17374000,55,false,Rx,0,8,10,27,00,00,00,00,00,00
17384000,56,false,Rx,0,8,10,27,00,00,00,00,00,00
17384000,57,false,Rx,0,8,00,00,FE,FF,FE,FF,00,00
17395000,60D,false,Rx,0,8,0D,10,DF,23,02,20,70,00
17424000,625,false,Rx,0,8,25,00,11,43,FD,BB,E4,01
17484000,60D,false,Rx,0,8,0D,10,DF,23,02,20,70,00
17524000,625,false,Rx,0,8,25,00,11,43,FD,BB,E4,01
17562000,2C4,false,Rx,0,8,05,00,00,00,DF,02,00,00
17562000,2C5,false,Rx,0,8,00,00,00,00,00,00,00,00
17563000,2C6,false,Rx,0,8,F4,01,84,03,00,00,00,00
17573000,54,false,Rx,0,8,01,01,FE,FF,FE,FF,00,00
17574000,55,false,Rx,0,8,10,27,00,00,00,00,00,00
17584000,56,false,Rx,0,8,10,27,00,00,00,00,00,00
17584000,57,false,Rx,0,8,00,00,FE,FF,FE,FF,00,00
17595000,60D,false,Rx,0,8,0D,10,DF,23,02,20,70,00
17624000,625,false,Rx,0,8,25,00,11,43,FD,BB,E4,01
17683000,60D,false,Rx,0,8,0D,10,DF,23,02,20,70,00
17724000,625,false,Rx,0,8,25,00,11,43,FD,BB,E4,01
17762000,2C4,false,Rx,0,8,05,00,00,00,DF,02,00,00
17762000,2C5,false,Rx,0,8,00,00,00,00,00,00,00,00
17763000,2C6,false,Rx,0,8,F4,01,84,03,00,00,00,00
17773000,54,false,Rx,0,8,01,01,FE,FF,FE,FF,00,00
17774000,55,false,Rx,0,8,10,27,00,00,00,00,00,00
17784000,56,false,Rx,0,8,10,27,00,00,00,00,00,00
17784000,57,false,Rx,0,8,00,00,FE,FF,FE,FF,00,00
17794000,60D,false,Rx,0,8,0D,10,DF,23,02,20,70,00
17824000,625,false,Rx,0,8,25,00,11,43,FD,BB,E4,01
17884000,60D,false,Rx,0,8,0D,10,DF,23,02,20,70,00
17924000,625,false,Rx,0,8,25,00,11,43,FD,BB,E4,01
17962000,2C4,false,Rx,0,8,05,00,00,00,DF,02,00,00
17962000,2C5,false,Rx,0,8,00,00,00,00,00,00,00,00
17963000,2C6,false,Rx,0,8,F4,01,84,03,00,00,00,00
17973000,54,false,Rx,0,8,01,01,FE,FF,FE,FF,00,00
17974000,55,false,Rx,0,8,10,27,00,00,00,00,00,00
17984000,56,false,Rx,0,8,10,27,00,00,00,00,00,00
17984000,57,false,Rx,0,8,00,00,FE,FF,FE,FF,00,00
17994000,60D,false,Rx,0,8,0D,10,DF,23,02,20,70,00
18024000,625,false,Rx,0,8,25,00,11,43,FD,BB,E4,01
18083000,60D,false,Rx,0,8,0D,10,DF,23,02,20,70,00
18124000,625,false,Rx,0,8,25,00,11,43,FD,BB,E4,01
18162000,2C4,false,Rx,0,8,05,00,00,00,DF,02,00,00
18162000,2C5,false,Rx,0,8,00,00,00,00,00,00,00,00
18163000,2C6,false,Rx,0,8,F4,01,84,03,00,00,00,00
18173000,54,false,Rx,0,8,01,01,FE,FF,FE,FF,00,00
18174000,55,false,Rx,0,8,10,27,00,00,00,00,00,00
18184000,56,false,Rx,0,8,10,27,00,00,00,00,00,00
18184000,57,false,Rx,0,8,00,00,FE,FF,FE,FF,00,00
18194000,60D,false,Rx,0,8,0D,10,DF,23,02,20,70,00
18224000,625,false,Rx,0,8,25,00,11,43,FD,BB,E4,01
18283000,60D,false,Rx,0,8,0D,10,DF,23,02,20,70,00
18324000,625,false,Rx,0,8,25,00,11,43,FD,BB,E4,01
18362000,2C4,false,Rx,0,8,05,00,00,00,DF,02,00,00
18362000,2C5,false,Rx,0,8,00,00,00,00,00,00,00,00
18363000,2C6,false,Rx,0,8,F4,01,84,03,00,00,00,00
18373000,54,false,Rx,0,8,01,01,FE,FF,FE,FF,00,00
18374000,55,false,Rx,0,8,10,27,00,00,00,00,00,00
18384000,56,false,Rx,0,8,10,27,00,00,00,00,00,00
18384000,57,false,Rx,0,8,00,00,FE,FF,FE,FF,00,00
18394000,60D,false,Rx,0,8,0D,10,DF,23,02,20,70,00
18424000,625,false,Rx,0,8,25,00,11,43,FD,BB,E4,01
18483000,60D,false,Rx,0,8,0D,10,DF,23,02,20,70,00
18524000,625,false,Rx,0,8,25,00,11,43,FD,BB,E4,01
18562000,2C4,false,Rx,0,8,05,00,00,00,DF,02,00,00
18562000,2C5,false,Rx,0,8,00,00,00,00,00,00,00,00
18563000,2C6,false,Rx,0,8,F4,01,84,03,00,00,00,00
18573000,54,false,Rx,0,8,01,01,FE,FF,FE,FF,00,00
18574000,55,false,Rx,0,8,10,27,00,00,00,00,00,00
18584000,56,false,Rx,0,8,10,27,00,00,00,00,00,00
18584000,57,false,Rx,0,8,00,00,FE,FF,FE,FF,00,00
18594000,60D,false,Rx,0,8,0D,10,DF,23,02,20,70,00
18624000,625,false,Rx,0,8,25,00,11,43,FD,BB,E4,01
18683000,60D,false,Rx,0,8,0D,10,DF,23,02,20,70,00
18724000,625,false,Rx,0,8,25,00,11,43,FD,BB,E4,01
18762000,2C4,false,Rx,0,8,05,00,00,00,DF,02,00,00
18762000,2C5,false,Rx,0,8,00,00,00,00,00,00,00,00
18763000,2C6,false,Rx,0,8,F4,01,84,03,00,00,00,00
18773000,54,false,Rx,0,8,01,01,FE,FF,FE,FF,00,00
18774000,55,false,Rx,0,8,10,27,00,00,00,00,00,00
18784000,56,false,Rx,0,8,10,27,00,00,00,00,00,00
18784000,57,false,Rx,0,8,00,00,FE,FF,FE,FF,00,00
18795000,60D,false,Rx,0,8,0D,10,DF,23,02,20,70,00
18824000,625,false,Rx,0,8,25,00,11,43,FD,BB,E4,01
18883000,60D,false,Rx,0,8,0D,10,DF,23,02,20,70,00
18924000,625,false,Rx,0,8,25,00,11,43,FD,BB,E4,01
18962000,2C4,false,Rx,0,8,05,00,00,00,DF,02,00,00
18962000,2C5,false,Rx,0,8,00,00,00,00,00,00,00,00
18963000,2C6,false,Rx,0,8,F4,01,84,03,00,00,00,00
18973000,54,false,Rx,0,8,01,01,FE,FF,FE,FF,00,00
18974000,55,false,Rx,0,8,10,27,00,00,00,00,00,00
18984000,56,false,Rx,0,8,10,27,00,00,00,00,00,00
18984000,57,false,Rx,0,8,00,00,FE,FF,FE,FF,00,00
18995000,60D,false,Rx,0,8,0D,10,DF,23,02,20,70,00
19024000,625,false,Rx,0,8,25,00,11,43,FD,BB,E4,01
19083000,60D,false,Rx,0,8,0D,10,DF,23,02,20,70,00
19124000,625,false,Rx,0,8,25,00,11,43,FD,BB,E4,01
19162000,2C4,false,Rx,0,8,05,00,00,00,DF,02,00,00
19162000,2C5,false,Rx,0,8,00,00,00,00,00,00,00,00
19163000,2C6,false,Rx,0,8,F4,01,84,03,00,00,00,00
19173000,54,false,Rx,0,8,01,01,FE,FF,FE,FF,00,00
19174000,55,false,Rx,0,8,10,27,00,00,00,00,00,00
19184000,56,false,Rx,0,8,10,27,00,00,00,00,00,00
19184000,57,false,Rx,0,8,00,00,FE,FF,FE,FF,00,00
19194000,60D,false,Rx,0,8,0D,10,DF,23,02,20,70,00
19224000,625,false,Rx,0,8,25,00,11,43,FD,BB,E4,01
19284000,60D,false,Rx,0,8,0D,10,DF,23,02,20,70,00
19324000,625,false,Rx,0,8,25,00,11,43,FD,BB,E4,01
19362000,2C4,false,Rx,0,8,05,00,00,00,DF,02,00,00
19362000,2C5,false,Rx,0,8,00,00,00,00,00,00,00,00
19363000,2C6,false,Rx,0,8,F4,01,84,03,00,00,00,00
19373000,54,false,Rx,0,8,01,01,FE,FF,FE,FF,00,00
19374000,55,false,Rx,0,8,10,27,00,00,00,00,00,00
19384000,56,false,Rx,0,8,10,27,00,00,00,00,00,00
19384000,57,false,Rx,0,8,00,00,FE,FF,FE,FF,00,00
19394000,60D,false,Rx,0,8,0D,10,DF,23,02,20,70,00
19424000,625,false,Rx,0,8,25,00,11,43,FD,BB,E4,01
19483000,60D,false,Rx,0,8,0D,10,DF,23,02,20,70,00
19524000,625,false,Rx,0,8,25,00,11,43,FD,BB,E4,01
19562000,2C4,false,Rx,0,8,05,00,00,00,DF,02,00,00
19562000,2C5,false,Rx,0,8,00,00,00,00,00,00,00,00
19563000,2C6,false,Rx,0,8,F4,01,84,03,00,00,00,00
19573000,54,false,Rx,0,8,01,01,FE,FF,FE,FF,00,00
19573000,55,false,Rx,0,8,10,27,00,00,00,00,00,00
19584000,56,false,Rx,0,8,10,27,00,00,00,00,00,00
19584000,57,false,Rx,0,8,00,00,FE,FF,FE,FF,00,00
19594000,60D,false,Rx,0,8,0D,10,DF,23,02,20,70,00
19624000,625,false,Rx,0,8,25,00,11,43,FD,BB,E4,01
19683000,60D,false,Rx,0,8,0D,10,DF,23,02,20,70,00
19724000,625,false,Rx,0,8,25,00,11,43,FD,BB,E4,01
19762000,2C4,false,Rx,0,8,05,00,00,00,DF,02,00,00
19762000,2C5,false,Rx,0,8,00,00,00,00,00,00,00,00
19763000,2C6,false,Rx,0,8,F4,01,84,03,00,00,00,00
19773000,54,false,Rx,0,8,01,01,FE,FF,FE,FF,00,00
19773000,55,false,Rx,0,8,10,27,00,00,00,00,00,00
19784000,56,false,Rx,0,8,10,27,00,00,00,00,00,00
19784000,57,false,Rx,0,8,00,00,FE,FF,FE,FF,00,00
19794000,60D,false,Rx,0,8,0D,10,DF,23,02,20,70,00
19824000,625,false,Rx,0,8,25,00,11,43,FD,BB,E4,01
19883000,60D,false,Rx,0,8,0D,10,DF,23,02,20,70,00
19924000,625,false,Rx,0,8,25,00,11,43,FD,BB,E4,01
19962000,2C4,false,Rx,0,8,05,00,00,00,DF,02,00,00
19962000,2C5,false,Rx,0,8,00,00,00,00,00,00,00,00
19963000,2C6,false,Rx,0,8,F4,01,84,03,00,00,00,00
19973000,54,false,Rx,0,8,01,01,FE,FF,FE,FF,00,00
19973000,55,false,Rx,0,8,10,27,00,00,00,00,00,00
19984000,56,false,Rx,0,8,10,27,00,00,00,00,00,00
19984000,57,false,Rx,0,8,00,00,FE,FF,FE,FF,00,00
19994000,60D,false,Rx,0,8,0D,10,DF,23,02,20,70,00
20024000,625,false,Rx,0,8,25,00,11,43,FD,BB,E4,01
20083000,60D,false,Rx,0,8,0D,10,DF,23,02,20,70,00
20124000,625,false,Rx,0,8,25,00,11,43,FD,BB,E4,01
20162000,2C4,false,Rx,0,8,05,00,00,00,DF,02,00,00
20162000,2C5,false,Rx,0,8,00,00,00,00,00,00,00,00
20163000,2C6,false,Rx,0,8,F4,01,84,03,00,00,00,00
20173000,54,false,Rx,0,8,01,01,FE,FF,FE,FF,00,00
20174000,55,false,Rx,0,8,10,27,00,00,00,00,00,00
20184000,56,false,Rx,0,8,10,27,00,00,00,00,00,00
20184000,57,false,Rx,0,8,00,00,FE,FF,FE,FF,00,00
20194000,60D,false,Rx,0,8,0D,10,DF,23,02,20,70,00
20224000,625,false,Rx,0,8,25,00,11,43,FD,BB,E4,01
20284000,60D,false,Rx,0,8,0D,10,DF,23,02,20,70,00
20324000,625,false,Rx,0,8,25,00,11,43,FD,BB,E4,01
20362000,2C4,false,Rx,0,8,05,00,00,00,DF,02,00,00
20362000,2C5,false,Rx,0,8,00,00,00,00,00,00,00,00
20363000,2C6,false,Rx,0,8,F4,01,84,03,00,00,00,00
20373000,54,false,Rx,0,8,01,01,FE,FF,FE,FF,00,00
20373000,55,false,Rx,0,8,10,27,00,00,00,00,00,00
20384000,56,false,Rx,0,8,10,27,00,00,00,00,00,00
20384000,57,false,Rx,0,8,00,00,FE,FF,FE,FF,00,00
20394000,60D,false,Rx,0,8,0D,10,DF,23,02,20,70,00
20424000,625,false,Rx,0,8,25,00,11,43,FD,BB,E4,01
20484000,60D,false,Rx,0,8,0D,10,DF,23,02,20,70,00
20524000,625,false,Rx,0,8,25,00,11,43,FD,BB,E4,01
20562000,2C4,false,Rx,0,8,05,00,00,00,DF,02,00,00
20562000,2C5,false,Rx,0,8,00,00,00,00,00,00,00,00
20563000,2C6,false,Rx,0,8,F4,01,84,03,00,00,00,00
20573000,54,false,Rx,0,8,01,01,FE,FF,FE,FF,00,00
20573000,55,false,Rx,0,8,10,27,00,00,00,00,00,00
20584000,56,false,Rx,0,8,10,27,00,00,00,00,00,00
20584000,57,false,Rx,0,8,00,00,FE,FF,FE,FF,00,00
20594000,60D,false,Rx,0,8,0D,10,DF,23,02,20,70,00
20624000,625,false,Rx,0,8,25,00,11,43,FD,BB,E4,01
20683000,60D,false,Rx,0,8,0D,10,DF,23,02,20,70,00
20724000,625,false,Rx,0,8,25,00,11,43,FD,BB,E4,01
20762000,2C4,false,Rx,0,8,05,00,00,00,DF,02,00,00
20762000,2C5,false,Rx,0,8,00,00,00,00,00,00,00,00
20763000,2C6,false,Rx,0,8,F4,01,84,03,00,00,00,00
20773000,54,false,Rx,0,8,01,01,FE,FF,FE,FF,00,00
20774000,55,false,Rx,0,8,10,27,00,00,00,00,00,00
20784000,56,false,Rx,0,8,10,27,00,00,00,00,00,00
20784000,57,false,Rx,0,8,00,00,FE,FF,FE,FF,00,00
20794000,60D,false,Rx,0,8,0D,10,DF,23,02,20,70,00
20824000,625,false,Rx,0,8,25,00,11,43,FD,BB,E4,01
20884000,60D,false,Rx,0,8,0D,10,DF,23,02,20,70,00
20924000,625,false,Rx,0,8,25,00,11,43,FD,BB,E4,01
20962000,2C4,false,Rx,0,8,05,00,00,00,DF,02,00,00
20962000,2C5,false,Rx,0,8,00,00,00,00,00,00,00,00
20963000,2C6,false,Rx,0,8,F4,01,84,03,00,00,00,00
20973000,54,false,Rx,0,8,01,01,FE,FF,FE,FF,00,00
20973000,55,false,Rx,0,8,10,27,00,00,00,00,00,00
20984000,56,false,Rx,0,8,10,27,00,00,00,00,00,00
20984000,57,false,Rx,0,8,00,00,FE,FF,FE,FF,00,00
20994000,60D,false,Rx,0,8,0D,10,DF,23,02,20,70,00
21024000,625,false,Rx,0,8,25,00,11,43,FD,BB,E4,01
21084000,60D,false,Rx,0,8,0D,10,DF,23,02,20,70,00
21124000,625,false,Rx,0,8,25,00,11,43,FD,BB,E4,01
21162000,2C4,false,Rx,0,8,05,00,00,00,DF,02,00,00
21162000,2C5,false,Rx,0,8,00,00,00,00,00,00,00,00
21163000,2C6,false,Rx,0,8,F4,01,84,03,00,00,00,00
21173000,54,false,Rx,0,8,01,01,FE,FF,FE,FF,00,00
21174000,55,false,Rx,0,8,10,27,00,00,00,00,00,00
21184000,56,false,Rx,0,8,10,27,00,00,00,00,00,00
21184000,57,false,Rx,0,8,00,00,FE,FF,FE,FF,00,00
21194000,60D,false,Rx,0,8,0D,10,DF,23,02,20,70,00
21224000,625,false,Rx,0,8,25,00,11,43,FD,BB,E4,01
21284000,60D,false,Rx,0,8,0D,10,DF,23,02,20,70,00
21324000,625,false,Rx,0,8,25,00,11,43,FD,BB,E4,01
21362000,2C4,false,Rx,0,8,05,00,00,00,DF,02,00,00
21362000,2C5,false,Rx,0,8,00,00,00,00,00,00,00,00
21363000,2C6,false,Rx,0,8,F4,01,84,03,00,00,00,00
21373000,54,false,Rx,0,8,01,01,FE,FF,FE,FF,00,00
21373000,55,false,Rx,0,8,10,27,00,00,00,00,00,00
21384000,56,false,Rx,0,8,10,27,00,00,00,00,00,00
21384000,57,false,Rx,0,8,00,00,FE,FF,FE,FF,00,00
21394000,60D,false,Rx,0,8,0D,10,DF,23,02,20,70,00
21424000,625,false,Rx,0,8,25,00,11,43,FD,BB,E4,01
21483000,60D,false,Rx,0,8,0D,10,DF,23,02,20,70,00
21524000,625,false,Rx,0,8,25,00,11,43,FD,BB,E4,01
21562000,2C4,false,Rx,0,8,05,00,00,00,DF,02,00,00
21562000,2C5,false,Rx,0,8,00,00,00,00,00,00,00,00
21563000,2C6,false,Rx,0,8,F4,01,84,03,00,00,00,00
21573000,54,false,Rx,0,8,01,01,FE,FF,FE,FF,00,00
21573000,55,false,Rx,0,8,10,27,00,00,00,00,00,00
21584000,56,false,Rx,0,8,10,27,00,00,00,00,00,00
21584000,57,false,Rx,0,8,00,00,FE,FF,FE,FF,00,00
21594000,60D,false,Rx,0,8,0D,10,DF,23,02,20,70,00
21624000,625,false,Rx,0,8,25,00,11,43,FD,BB,E4,01
21683000,60D,false,Rx,0,8,0D,10,DF,23,02,20,70,00
21724000,625,false,Rx,0,8,25,00,11,43,FD,BB,E4,01
21762000,2C4,false,Rx,0,8,05,00,00,00,DF,02,00,00
21762000,2C5,false,Rx,0,8,00,00,00,00,00,00,00,00
21762000,2C6,false,Rx,0,8,F4,01,84,03,00,00,00,00
21773000,54,false,Rx,0,8,01,01,FE,FF,FE,FF,00,00
21774000,55,false,Rx,0,8,10,27,00,00,00,00,00,00
21784000,56,false,Rx,0,8,10,27,00,00,00,00,00,00
21784000,57,false,Rx,0,8,00,00,FE,FF,FE,FF,00,00
21794000,60D,false,Rx,0,8,0D,10,DF,23,02,20,70,00
21824000,625,false,Rx,0,8,25,00,11,43,FD,BB,E4,01
21883000,60D,false,Rx,0,8,0D,10,DF,23,02,20,70,00
21924000,625,false,Rx,0,8,25,00,11,43,FD,BB,E4,01
21962000,2C4,false,Rx,0,8,05,00,00,00,DF,02,00,00
21962000,2C5,false,Rx,0,8,00,00,00,00,00,00,00,00
21962000,2C6,false,Rx,0,8,F4,01,84,03,00,00,00,00
21973000,54,false,Rx,0,8,01,01,FE,FF,FE,FF,00,00
21974000,55,false,Rx,0,8,10,27,00,00,00,00,00,00
21984000,56,false,Rx,0,8,10,27,00,00,00,00,00,00
21984000,57,false,Rx,0,8,00,00,FE,FF,FE,FF,00,00
21995000,60D,false,Rx,0,8,0D,10,DF,23,02,20,70,00
22024000,625,false,Rx,0,8,25,00,11,43,FD,BB,E4,01
22083000,60D,false,Rx,0,8,0D,10,DF,23,02,20,70,00
22124000,625,false,Rx,0,8,25,00,11,43,FD,BB,E4,01
22162000,2C4,false,Rx,0,8,05,00,00,00,DF,02,00,00
22162000,2C5,false,Rx,0,8,00,00,00,00,00,00,00,00
22162000,2C6,false,Rx,0,8,F4,01,84,03,00,00,00,00
22173000,54,false,Rx,0,8,01,01,FE,FF,FE,FF,00,00
22173000,55,false,Rx,0,8,10,27,00,00,00,00,00,00
22184000,56,false,Rx,0,8,10,27,00,00,00,00,00,00
22184000,57,false,Rx,0,8,00,00,FE,FF,FE,FF,00,00
22194000,60D,false,Rx,0,8,0D,10,DF,23,02,20,70,00
22224000,625,false,Rx,0,8,25,00,11,43,FD,BB,E4,01
22283000,60D,false,Rx,0,8,0D,10,DF,23,02,20,70,00
22324000,625,false,Rx,0,8,25,00,11,43,FD,BB,E4,01
22362000,2C4,false,Rx,0,8,05,00,00,00,DF,02,00,00
22362000,2C5,false,Rx,0,8,00,00,00,00,00,00,00,00
22362000,2C6,false,Rx,0,8,F4,01,84,03,00,00,00,00
22373000,54,false,Rx,0,8,01,01,FE,FF,FE,FF,00,00
22374000,55,false,Rx,0,8,10,27,00,00,00,00,00,00
22384000,56,false,Rx,0,8,10,27,00,00,00,00,00,00
22384000,57,false,Rx,0,8,00,00,FE,FF,FE,FF,00,00
22395000,60D,false,Rx,0,8,0D,10,DF,23,02,20,70,00
22424000,625,false,Rx,0,8,25,00,11,43,FD,BB,E4,01
22484000,60D,false,Rx,0,8,0D,10,DF,23,02,20,70,00
22524000,625,false,Rx,0,8,25,00,11,43,FD,BB,E4,01
22562000,2C4,false,Rx,0,8,05,00,00,00,DF,02,00,00
22562000,2C5,false,Rx,0,8,00,00,00,00,00,00,00,00
22562000,2C6,false,Rx,0,8,F4,01,84,03,00,00,00,00
22573000,54,false,Rx,0,8,01,01,FE,FF,FE,FF,00,00
22573000,55,false,Rx,0,8,10,27,00,00,00,00,00,00
22584000,56,false,Rx,0,8,10,27,00,00,00,00,00,00
22584000,57,false,Rx,0,8,00,00,FE,FF,FE,FF,00,00
22594000,60D,false,Rx,0,8,0D,10,DF,23,02,20,70,00
22624000,625,false,Rx,0,8,25,00,11,43,FD,BB,E4,01
22683000,60D,false,Rx,0,8,0D,10,DF,23,02,20,70,00
22724000,625,false,Rx,0,8,25,00,11,43,FD,BB,E4,01
22762000,2C4,false,Rx,0,8,05,00,00,00,DF,02,00,00
22762000,2C5,false,Rx,0,8,00,00,00,00,00,00,00,00
22762000,2C6,false,Rx,0,8,F4,01,84,03,00,00,00,00
22773000,54,false,Rx,0,8,01,01,FE,FF,FE,FF,00,00
22773000,55,false,Rx,0,8,10,27,00,00,00,00,00,00
22784000,56,false,Rx,0,8,10,27,00,00,00,00,00,00
22784000,57,false,Rx,0,8,00,00,FE,FF,FE,FF,00,00
22794000,60D,false,Rx,0,8,0D,10,DF,23,02,20,70,00
22824000,625,false,Rx,0,8,25,00,11,43,FD,BB,E4,01
22883000,60D,false,Rx,0,8,0D,10,DF,23,02,20,70,00
22924000,625,false,Rx,0,8,25,00,11,43,FD,BB,E4,01
22962000,2C4,false,Rx,0,8,05,00,00,00,DF,02,00,00
22962000,2C5,false,Rx,0,8,00,00,00,00,00,00,00,00
22962000,2C6,false,Rx,0,8,F4,01,84,03,00,00,00,00
22973000,54,false,Rx,0,8,01,01,FE,FF,FE,FF,00,00
22973000,55,false,Rx,0,8,10,27,00,00,00,00,00,00
22984000,56,false,Rx,0,8,10,27,00,00,00,00,00,00
22984000,57,false,Rx,0,8,00,00,FE,FF,FE,FF,00,00
22994000,60D,false,Rx,0,8,0D,10,DF,23,02,20,70,00
23024000,625,false,Rx,0,8,25,00,11,43,FD,BB,E4,01
23083000,60D,false,Rx,0,8,0D,10,DF,23,02,20,70,00
23124000,625,false,Rx,0,8,25,00,11,43,FD,BB,E4,01
23162000,2C4,false,Rx,0,8,05,00,00,00,DF,02,00,00
23162000,2C5,false,Rx,0,8,00,00,00,00,00,00,00,00
23162000,2C6,false,Rx,0,8,F4,01,84,03,00,00,00,00
23173000,54,false,Rx,0,8,01,01,FE,FF,FE,FF,00,00
23173000,55,false,Rx,0,8,10,27,00,00,00,00,00,00
23184000,56,false,Rx,0,8,10,27,00,00,00,00,00,00
23184000,57,false,Rx,0,8,00,00,FE,FF,FE,FF,00,00
23194000,60D,false,Rx,0,8,0D,10,DF,23,02,20,70,00
23224000,625,false,Rx,0,8,25,00,11,43,FD,BB,E4,01
23284000,60D,false,Rx,0,8,0D,10,DF,23,02,20,70,00
23324000,625,false,Rx,0,8,25,00,11,43,FD,BB,E4,01
23362000,2C4,false,Rx,0,8,05,00,00,00,DF,02,00,00
23362000,2C5,false,Rx,0,8,00,00,00,00,00,00,00,00
23362000,2C6,false,Rx,0,8,F4,01,84,03,00,00,00,00
23373000,54,false,Rx,0,8,01,01,FE,FF,FE,FF,00,00
23373000,55,false,Rx,0,8,10,27,00,00,00,00,00,00
23384000,56,false,Rx,0,8,10,27,00,00,00,00,00,00
23384000,57,false,Rx,0,8,00,00,FE,FF,FE,FF,00,00
23394000,60D,false,Rx,0,8,0D,10,DF,23,02,20,70,00
23424000,625,false,Rx,0,8,25,00,11,43,FD,BB,E4,01
23483000,60D,false,Rx,0,8,0D,10,DF,23,02,20,70,00
23524000,625,false,Rx,0,8,25,00,11,43,FD,BB,E4,01
23562000,2C4,false,Rx,0,8,05,00,00,00,DF,02,00,00
23562000,2C5,false,Rx,0,8,00,00,00,00,00,00,00,00
23562000,2C6,false,Rx,0,8,F4,01,84,03,00,00,00,00
23573000,54,false,Rx,0,8,01,01,FE,FF,FE,FF,00,00
23574000,55,false,Rx,0,8,10,27,00,00,00,00,00,00
23584000,56,false,Rx,0,8,10,27,00,00,00,00,00,00
23584000,57,false,Rx,0,8,00,00,FE,FF,FE,FF,00,00
23595000,60D,false,Rx,0,8,0D,10,DF,23,02,20,70,00
23624000,625,false,Rx,0,8,25,00,11,43,FD,BB,E4,01
23683000,60D,false,Rx,0,8,0D,10,DF,23,02,20,70,00
23724000,625,false,Rx,0,8,25,00,11,43,FD,BB,E4,01
23762000,2C4,false,Rx,0,8,05,00,00,00,DC,02,00,00
23762000,2C5,false,Rx,0,8,00,00,00,00,00,00,00,00
23762000,2C6,false,Rx,0,8,F4,01,84,03,00,00,00,00
23773000,54,false,Rx,0,8,01,01,FE,FF,FE,FF,00,00
23774000,55,false,Rx,0,8,10,27,00,00,00,00,00,00
23784000,56,false,Rx,0,8,10,27,00,00,00,00,00,00
23784000,57,false,Rx,0,8,00,00,FE,FF,FE,FF,00,00
23794000,60D,false,Rx,0,8,0D,10,DF,23,02,20,70,00
23824000,625,false,Rx,0,8,25,00,11,43,FD,BB,E4,01
23883000,60D,false,Rx,0,8,0D,10,DF,23,02,20,70,00
23924000,625,false,Rx,0,8,25,00,11,43,FD,BB,E4,01
23962000,2C4,false,Rx,0,8,05,00,00,00,DC,02,00,00
23962000,2C5,false,Rx,0,8,00,00,00,00,00,00,00,00
23962000,2C6,false,Rx,0,8,F4,01,84,03,00,00,00,00
23973000,54,false,Rx,0,8,01,01,FE,FF,FE,FF,00,00
23973000,55,false,Rx,0,8,10,27,00,00,00,00,00,00
23984000,56,false,Rx,0,8,10,27,00,00,00,00,00,00
23984000,57,false,Rx,0,8,00,00,FE,FF,FE,FF,00,00
23994000,60D,false,Rx,0,8,0D,10,DF,23,02,20,70,00
24024000,625,false,Rx,0,8,25,00,11,43,FD,BB,E4,01
24084000,60D,false,Rx,0,8,0D,10,DF,23,02,20,70,00
24124000,625,false,Rx,0,8,25,00,11,43,FD,BB,E4,01
24162000,2C4,false,Rx,0,8,05,00,00,00,DF,02,00,00
24162000,2C5,false,Rx,0,8,00,00,00,00,00,00,00,00
24162000,2C6,false,Rx,0,8,F4,01,84,03,00,00,00,00
24173000,54,false,Rx,0,8,01,01,FE,FF,FE,FF,00,00
24173000,55,false,Rx,0,8,10,27,00,00,00,00,00,00
24184000,56,false,Rx,0,8,10,27,00,00,00,00,00,00
24184000,57,false,Rx,0,8,00,00,FE,FF,FE,FF,00,00
24194000,60D,false,Rx,0,8,0D,10,DF,23,02,20,70,00
24224000,625,false,Rx,0,8,25,00,11,43,FD,BB,E4,01
24284000,60D,false,Rx,0,8,0D,10,DF,23,02,20,70,00
24324000,625,false,Rx,0,8,25,00,11,43,FD,BB,E4,01
24362000,2C4,false,Rx,0,8,05,00,00,00,DF,02,00,00
24362000,2C5,false,Rx,0,8,00,00,00,00,00,00,00,00
24362000,2C6,false,Rx,0,8,F4,01,84,03,00,00,00,00
24373000,54,false,Rx,0,8,01,01,FE,FF,FE,FF,00,00
24374000,55,false,Rx,0,8,10,27,00,00,00,00,00,00
24384000,56,false,Rx,0,8,10,27,00,00,00,00,00,00
24384000,57,false,Rx,0,8,00,00,FE,FF,FE,FF,00,00
24394000,60D,false,Rx,0,8,0D,10,DF,23,02,20,70,00
24424000,625,false,Rx,0,8,25,00,11,43,FD,BB,E4,01
24483000,60D,false,Rx,0,8,0D,10,DF,23,02,20,70,00
24524000,625,false,Rx,0,8,25,00,11,43,FD,BB,E4,01
24562000,2C4,false,Rx,0,8,05,00,00,00,DC,02,00,00
24562000,2C5,false,Rx,0,8,00,00,00,00,00,00,00,00
24562000,2C6,false,Rx,0,8,F4,01,84,03,00,00,00,00
24573000,54,false,Rx,0,8,01,01,FE,FF,FE,FF,00,00
24574000,55,false,Rx,0,8,10,27,00,00,00,00,00,00
24584000,56,false,Rx,0,8,10,27,00,00,00,00,00,00
24584000,57,false,Rx,0,8,00,00,FE,FF,FE,FF,00,00
24594000,60D,false,Rx,0,8,0D,10,DF,23,02,20,70,00
24624000,625,false,Rx,0,8,25,00,11,43,FD,BB,E4,01
24683000,60D,false,Rx,0,8,0D,10,DF,23,02,20,70,00
24724000,625,false,Rx,0,8,25,00,11,43,FD,BB,E4,01
24762000,2C4,false,Rx,0,8,05,00,00,00,DC,02,00,00
24762000,2C5,false,Rx,0,8,00,00,00,00,00,00,00,00
24762000,2C6,false,Rx,0,8,F4,01,84,03,00,00,00,00
24773000,54,false,Rx,0,8,01,01,FE,FF,FE,FF,00,00
24773000,55,false,Rx,0,8,10,27,00,00,00,00,00,00
24784000,56,false,Rx,0,8,10,27,00,00,00,00,00,00
24784000,57,false,Rx,0,8,00,00,FE,FF,FE,FF,00,00
24794000,60D,false,Rx,0,8,0D,10,DF,23,02,20,70,00
24824000,625,false,Rx,0,8,25,00,11,43,FD,BB,E4,01
24884000,60D,false,Rx,0,8,0D,10,DF,23,02,20,70,00
24924000,625,false,Rx,0,8,25,00,11,43,FD,BB,E4,01
24962000,2C4,false,Rx,0,8,05,00,00,00,DF,02,00,00
24962000,2C5,false,Rx,0,8,00,00,00,00,00,00,00,00
24962000,2C6,false,Rx,0,8,F4,01,84,03,00,00,00,00
24973000,54,false,Rx,0,8,01,01,FE,FF,FE,FF,00,00
24973000,55,false,Rx,0,8,10,27,00,00,00,00,00,00
24984000,56,false,Rx,0,8,10,27,00,00,00,00,00,00
24984000,57,false,Rx,0,8,00,00,FE,FF,FE,FF,00,00
24994000,60D,false,Rx,0,8,0D,10,DF,23,02,20,70,00
25024000,625,false,Rx,0,8,25,00,11,43,FD,BB,E4,01
25084000,60D,false,Rx,0,8,0D,10,DF,23,02,20,70,00
25124000,625,false,Rx,0,8,25,00,11,43,FD,BB,E4,01
25162000,2C4,false,Rx,0,8,05,00,00,00,DF,02,00,00
25162000,2C5,false,Rx,0,8,00,00,00,00,00,00,00,00
25162000,2C6,false,Rx,0,8,F4,01,84,03,00,00,00,00
25173000,54,false,Rx,0,8,01,01,FE,FF,FE,FF,00,00
25174000,55,false,Rx,0,8,10,27,00,00,00,00,00,00
25184000,56,false,Rx,0,8,10,27,00,00,00,00,00,00
25184000,57,false,Rx,0,8,00,00,FE,FF,FE,FF,00,00
25194000,60D,false,Rx,0,8,0D,10,DF,23,02,20,70,00
25224000,625,false,Rx,0,8,25,00,11,43,FD,BB,E4,01
25283000,60D,false,Rx,0,8,0D,10,DF,23,02,20,70,00
25324000,625,false,Rx,0,8,25,00,11,43,FD,BB,E4,01
25362000,2C4,false,Rx,0,8,05,00,00,00,DF,02,00,00
25362000,2C5,false,Rx,0,8,00,00,00,00,00,00,00,00
25362000,2C6,false,Rx,0,8,F4,01,84,03,00,00,00,00
25373000,54,false,Rx,0,8,01,01,FE,FF,FE,FF,00,00
25374000,55,false,Rx,0,8,10,27,00,00,00,00,00,00
25384000,56,false,Rx,0,8,10,27,00,00,00,00,00,00
25384000,57,false,Rx,0,8,00,00,FE,FF,FE,FF,00,00
25394000,60D,false,Rx,0,8,0D,10,DF,23,02,20,70,00
25424000,625,false,Rx,0,8,25,00,11,43,FD,BB,E4,01
25484000,60D,false,Rx,0,8,0D,10,DF,23,02,20,70,00
25524000,625,false,Rx,0,8,25,00,11,43,FD,BB,E4,01
25562000,2C4,false,Rx,0,8,05,00,00,00,DC,02,00,00
25562000,2C5,false,Rx,0,8,00,00,00,00,00,00,00,00
25562000,2C6,false,Rx,0,8,F4,01,84,03,00,00,00,00
25573000,54,false,Rx,0,8,01,01,FE,FF,FE,FF,00,00
25573000,55,false,Rx,0,8,10,27,00,00,00,00,00,00
25584000,56,false,Rx,0,8,10,27,00,00,00,00,00,00
25584000,57,false,Rx,0,8,00,00,FE,FF,FE,FF,00,00
25594000,60D,false,Rx,0,8,0D,10,DF,23,02,20,70,00
25624000,625,false,Rx,0,8,25,00,11,43,FD,BB,E4,01
25684000,60D,false,Rx,0,8,0D,10,DF,23,02,20,70,00
25724000,625,false,Rx,0,8,25,00,11,43,FD,BB,E4,01
25762000,2C4,false,Rx,0,8,05,00,00,00,DC,02,00,00
25762000,2C5,false,Rx,0,8,00,00,00,00,00,00,00,00
25762000,2C6,false,Rx,0,8,F4,01,84,03,00,00,00,00
25773000,54,false,Rx,0,8,01,01,FE,FF,FE,FF,00,00
25773000,55,false,Rx,0,8,10,27,00,00,00,00,00,00
25784000,56,false,Rx,0,8,10,27,00,00,00,00,00,00
25784000,57,false,Rx,0,8,00,00,FE,FF,FE,FF,00,00
25794000,60D,false,Rx,0,8,0D,10,DF,23,02,20,70,00
25824000,625,false,Rx,0,8,25,00,11,43,FD,BB,E4,01
25883000,60D,false,Rx,0,8,0D,10,DF,23,02,20,70,00
25924000,625,false,Rx,0,8,25,00,11,43,FD,BB,E4,01
25962000,2C4,false,Rx,0,8,05,00,00,00,DF,02,00,00
25962000,2C5,false,Rx,0,8,00,00,00,00,00,00,00,00
25962000,2C6,false,Rx,0,8,F4,01,84,03,00,00,00,00
25973000,54,false,Rx,0,8,01,01,FE,FF,FE,FF,00,00
25974000,55,false,Rx,0,8,10,27,00,00,00,00,00,00
25984000,56,false,Rx,0,8,10,27,00,00,00,00,00,00
25984000,57,false,Rx,0,8,00,00,FE,FF,FE,FF,00,00
25994000,60D,false,Rx,0,8,0D,10,DF,23,02,20,70,00
26024000,625,false,Rx,0,8,25,00,11,43,FD,BB,E4,01
26083000,60D,false,Rx,0,8,0D,10,DF,23,02,20,70,00
26124000,625,false,Rx,0,8,25,00,11,43,FD,BB,E4,01
26162000,2C4,false,Rx,0,8,05,00,00,00,DC,02,00,00
26162000,2C5,false,Rx,0,8,00,00,00,00,00,00,00,00
26162000,2C6,false,Rx,0,8,F4,01,84,03,00,00,00,00
26173000,54,false,Rx,0,8,01,01,FE,FF,FE,FF,00,00
26174000,55,false,Rx,0,8,10,27,00,00,00,00,00,00
26184000,56,false,Rx,0,8,10,27,00,00,00,00,00,00
26184000,57,false,Rx,0,8,00,00,FE,FF,FE,FF,00,00
26194000,60D,false,Rx,0,8,0D,10,DF,23,02,20,70,00
26224000,625,false,Rx,0,8,25,00,11,43,FD,BB,E4,01
26283000,60D,false,Rx,0,8,0D,10,DF,23,02,20,70,00
26324000,625,false,Rx,0,8,25,00,11,43,FD,BB,E4,01
26362000,2C4,false,Rx,0,8,05,00,00,00,DC,02,00,00
26362000,2C5,false,Rx,0,8,00,00,00,00,00,00,00,00
26362000,2C6,false,Rx,0,8,F4,01,84,03,00,00,00,00
26373000,54,false,Rx,0,8,01,01,FE,FF,FE,FF,00,00
26373000,55,false,Rx,0,8,10,27,00,00,00,00,00,00
26384000,56,false,Rx,0,8,10,27,00,00,00,00,00,00
26384000,57,false,Rx,0,8,00,00,FE,FF,FE,FF,00,00
26394000,60D,false,Rx,0,8,0D,10,DF,23,02,20,70,00
26424000,625,false,Rx,0,8,25,00,11,43,FD,BB,E4,01
26484000,60D,false,Rx,0,8,0D,10,DF,23,02,20,70,00
26524000,625,false,Rx,0,8,25,00,11,43,FD,BB,E4,01
26562000,2C4,false,Rx,0,8,05,00,00,00,DC,02,00,00
26562000,2C5,false,Rx,0,8,00,00,00,00,00,00,00,00
26562000,2C6,false,Rx,0,8,F4,01,84,03,00,00,00,00
26573000,54,false,Rx,0,8,01,01,FE,FF,FE,FF,00,00
26573000,55,false,Rx,0,8,10,27,00,00,00,00,00,00
26584000,56,false,Rx,0,8,10,27,00,00,00,00,00,00
26584000,57,false,Rx,0,8,00,00,FE,FF,FE,FF,00,00
26594000,60D,false,Rx,0,8,0D,10,DF,23,02,20,70,00
26624000,625,false,Rx,0,8,25,00,11,43,FD,BB,E4,01
26683000,60D,false,Rx,0,8,0D,10,DF,23,02,20,70,00
26724000,625,false,Rx,0,8,25,00,11,43,FD,BB,E4,01
26762000,2C4,false,Rx,0,8,05,00,00,00,DC,02,00,00
26762000,2C5,false,Rx,0,8,00,00,00,00,00,00,00,00
26762000,2C6,false,Rx,0,8,F4,01,84,03,00,00,00,00
26773000,54,false,Rx,0,8,01,01,FE,FF,FE,FF,00,00
26774000,55,false,Rx,0,8,10,27,00,00,00,00,00,00
26784000,56,false,Rx,0,8,10,27,00,00,00,00,00,00
26784000,57,false,Rx,0,8,00,00,FE,FF,FE,FF,00,00
26794000,60D,false,Rx,0,8,0D,10,DF,23,02,20,70,00
26823000,65,false,Rx,0,8,2A,03,03,00,00,00,00,00
26824000,625,false,Rx,0,8,25,00,11,43,FD,BB,E4,01
26883000,60D,false,Rx,0,8,0D,10,DF,23,02,20,70,00
26924000,625,false,Rx,0,8,25,00,11,43,FD,BB,E4,01
26962000,2C4,false,Rx,0,8,05,00,00,00,DC,02,00,00
26962000,2C5,false,Rx,0,8,00,00,00,00,00,00,00,00
26962000,2C6,false,Rx,0,8,F4,01,84,03,00,00,00,00
26973000,54,false,Rx,0,8,01,01,FE,FF,FE,FF,00,00
26973000,55,false,Rx,0,8,10,27,00,00,00,00,00,00
26984000,56,false,Rx,0,8,10,27,00,00,00,00,00,00
26984000,57,false,Rx,0,8,00,00,FE,FF,FE,FF,00,00
26994000,65,false,Rx,0,8,2A,03,03,00,00,00,00,00
26994000,60D,false,Rx,0,8,0D,10,DF,23,02,20,70,00
27024000,625,false,Rx,0,8,25,00,11,43,FD,BB,E4,01
27083000,60D,false,Rx,0,8,0D,10,DF,23,02,20,70,00
27123000,65,false,Rx,0,8,2A,03,03,00,00,00,00,00
27124000,625,false,Rx,0,8,25,00,11,43,FD,BB,E4,01
27162000,2C4,false,Rx,0,8,05,00,00,00,DC,02,00,00
27162000,2C5,false,Rx,0,8,00,00,00,00,00,00,00,00
27162000,2C6,false,Rx,0,8,F4,01,84,03,00,00,00,00
27173000,54,false,Rx,0,8,01,01,FE,FF,FE,FF,00,00
27173000,55,false,Rx,0,8,10,27,00,00,00,00,00,00
27184000,56,false,Rx,0,8,10,27,00,00,00,00,00,00
27184000,57,false,Rx,0,8,00,00,FE,FF,FE,FF,00,00
27194000,60D,false,Rx,0,8,0D,10,DF,23,02,20,70,00
27224000,625,false,Rx,0,8,25,00,11,43,FD,BB,E4,01
27273000,65,false,Rx,0,8,2A,03,03,00,00,00,00,00
27284000,60D,false,Rx,0,8,0D,10,DF,23,02,20,70,00
27324000,625,false,Rx,0,8,25,00,11,43,FD,BB,E4,01
27362000,2C4,false,Rx,0,8,05,00,00,00,DC,02,00,00
27362000,2C5,false,Rx,0,8,00,00,00,00,00,00,00,00
27362000,2C6,false,Rx,0,8,F4,01,84,03,00,00,00,00
27373000,54,false,Rx,0,8,01,01,FE,FF,FE,FF,00,00
27374000,55,false,Rx,0,8,10,27,00,00,00,00,00,00
27384000,56,false,Rx,0,8,10,27,00,00,00,00,00,00
27384000,57,false,Rx,0,8,00,00,FE,FF,FE,FF,00,00
27394000,60D,false,Rx,0,8,0D,10,DF,23,02,20,70,00
27424000,625,false,Rx,0,8,25,00,11,43,FD,BB,E4,01
27484000,60D,false,Rx,0,8,0D,10,DF,23,02,20,70,00
27524000,625,false,Rx,0,8,25,00,11,43,FD,BB,E4,01
27562000,2C4,false,Rx,0,8,05,00,00,00,DC,02,00,00
27562000,2C5,false,Rx,0,8,00,00,00,00,00,00,00,00
27562000,2C6,false,Rx,0,8,F4,01,84,03,00,00,00,00
27573000,54,false,Rx,0,8,01,01,FE,FF,FE,FF,00,00
27573000,55,false,Rx,0,8,10,27,00,00,00,00,00,00
27584000,56,false,Rx,0,8,10,27,00,00,00,00,00,00
27584000,57,false,Rx,0,8,00,00,FE,FF,FE,FF,00,00
27594000,60D,false,Rx,0,8,0D,10,DF,23,02,20,70,00
27624000,625,false,Rx,0,8,25,00,11,43,FD,BB,E4,01
27683000,60D,false,Rx,0,8,0D,10,DF,23,02,20,70,00
27724000,625,false,Rx,0,8,25,00,11,43,FD,BB,E4,01
27762000,2C4,false,Rx,0,8,05,00,00,00,DC,02,00,00
27762000,2C5,false,Rx,0,8,00,00,00,00,00,00,00,00
27762000,2C6,false,Rx,0,8,F4,01,84,03,00,00,00,00
27773000,54,false,Rx,0,8,01,01,FE,FF,FE,FF,00,00
27773000,55,false,Rx,0,8,10,27,00,00,00,00,00,00
27784000,56,false,Rx,0,8,10,27,00,00,00,00,00,00
27784000,57,false,Rx,0,8,00,00,FE,FF,FE,FF,00,00
27794000,60D,false,Rx,0,8,0D,10,DF,23,02,20,70,00
27824000,625,false,Rx,0,8,25,00,11,43,FD,BB,E4,01
27883000,60D,false,Rx,0,8,0D,10,DF,23,02,20,70,00
27924000,625,false,Rx,0,8,25,00,11,43,FD,BB,E4,01
27962000,2C4,false,Rx,0,8,05,00,00,00,DC,02,00,00
27962000,2C5,false,Rx,0,8,00,00,00,00,00,00,00,00
27962000,2C6,false,Rx,0,8,F4,01,84,03,00,00,00,00
27973000,54,false,Rx,0,8,01,01,FE,FF,FE,FF,00,00
27973000,55,false,Rx,0,8,10,27,00,00,00,00,00,00
27984000,56,false,Rx,0,8,10,27,00,00,00,00,00,00
27984000,57,false,Rx,0,8,00,00,FE,FF,FE,FF,00,00
27994000,60D,false,Rx,0,8,0D,10,DF,23,02,20,70,00
28024000,625,false,Rx,0,8,25,00,11,43,FD,BB,E4,01
28084000,60D,false,Rx,0,8,0D,10,DF,23,02,20,70,00
28124000,625,false,Rx,0,8,25,00,11,43,FD,BB,E4,01
28162000,2C4,false,Rx,0,8,05,00,00,00,DC,02,00,00
28162000,2C5,false,Rx,0,8,00,00,00,00,00,00,00,00
28162000,2C6,false,Rx,0,8,F4,01,84,03,00,00,00,00
28173000,54,false,Rx,0,8,01,01,FE,FF,FE,FF,00,00
28173000,55,false,Rx,0,8,10,27,00,00,00,00,00,00
28184000,56,false,Rx,0,8,10,27,00,00,00,00,00,00
28184000,57,false,Rx,0,8,00,00,FE,FF,FE,FF,00,00
28194000,60D,false,Rx,0,8,0D,10,DF,23,02,20,70,00
28224000,625,false,Rx,0,8,25,00,11,43,FD,BB,E4,01
28284000,60D,false,Rx,0,8,0D,10,DF,23,02,20,70,00
28324000,625,false,Rx,0,8,25,00,11,43,FD,BB,E4,01
28362000,2C4,false,Rx,0,8,05,00,00,00,DC,02,00,00
28362000,2C5,false,Rx,0,8,00,00,00,00,00,00,00,00
28362000,2C6,false,Rx,0,8,F4,01,84,03,00,00,00,00
28373000,54,false,Rx,0,8,01,01,FE,FF,FE,FF,00,00
28373000,55,false,Rx,0,8,10,27,00,00,00,00,00,00
28384000,56,false,Rx,0,8,10,27,00,00,00,00,00,00
28384000,57,false,Rx,0,8,00,00,FE,FF,FE,FF,00,00
28394000,60D,false,Rx,0,8,0D,10,DF,23,02,20,70,00
28424000,625,false,Rx,0,8,25,00,11,43,FD,BB,E4,01
28484000,60D,false,Rx,0,8,0D,10,DF,23,02,20,70,00
28524000,625,false,Rx,0,8,25,00,11,43,FD,BB,E4,01
28562000,2C4,false,Rx,0,8,05,00,00,00,DC,02,00,00
28562000,2C5,false,Rx,0,8,00,00,00,00,00,00,00,00
28562000,2C6,false,Rx,0,8,F4,01,84,03,00,00,00,00
28573000,54,false,Rx,0,8,01,01,FE,FF,FE,FF,00,00
28573000,55,false,Rx,0,8,10,27,00,00,00,00,00,00
28584000,56,false,Rx,0,8,10,27,00,00,00,00,00,00
28584000,57,false,Rx,0,8,00,00,FE,FF,FE,FF,00,00
28594000,60D,false,Rx,0,8,0D,10,DF,23,02,20,70,00
28623000,625,false,Rx,0,8,25,00,11,43,FD,BB,E4,01
28683000,60D,false,Rx,0,8,0D,10,DF,23,02,20,70,00
28723000,625,false,Rx,0,8,25,00,11,43,FD,BB,E4,01
28762000,2C4,false,Rx,0,8,05,00,00,00,DC,02,00,00
28762000,2C5,false,Rx,0,8,00,00,00,00,00,00,00,00
28762000,2C6,false,Rx,0,8,F4,01,84,03,00,00,00,00
28773000,54,false,Rx,0,8,01,01,FE,FF,FE,FF,00,00
28773000,55,false,Rx,0,8,10,27,00,00,00,00,00,00
28784000,56,false,Rx,0,8,10,27,00,00,00,00,00,00
28784000,57,false,Rx,0,8,00,00,FE,FF,FE,FF,00,00
28794000,60D,false,Rx,0,8,0D,10,DF,23,02,20,70,00
28823000,625,false,Rx,0,8,25,00,11,43,FD,BB,E4,01
28883000,60D,false,Rx,0,8,0D,10,DF,23,02,20,70,00
28923000,625,false,Rx,0,8,25,00,11,43,FD,BB,E4,01
28962000,2C4,false,Rx,0,8,05,00,00,00,DA,02,00,00
28962000,2C5,false,Rx,0,8,00,00,00,00,00,00,00,00
28962000,2C6,false,Rx,0,8,F4,01,84,03,00,00,00,00
28973000,54,false,Rx,0,8,01,01,FE,FF,FE,FF,00,00
28973000,55,false,Rx,0,8,10,27,00,00,00,00,00,00
28984000,56,false,Rx,0,8,10,27,00,00,00,00,00,00
28984000,57,false,Rx,0,8,00,00,FE,FF,FE,FF,00,00
28994000,60D,false,Rx,0,8,0D,10,DF,23,02,20,70,00
29023000,625,false,Rx,0,8,25,00,11,43,FD,BB,E4,01
29083000,60D,false,Rx,0,8,0D,10,DF,23,02,20,70,00
29123000,625,false,Rx,0,8,25,00,11,43,FD,BB,E4,01
29162000,2C4,false,Rx,0,8,05,00,00,00,DC,02,00,00
29162000,2C5,false,Rx,0,8,00,00,00,00,00,00,00,00
29162000,2C6,false,Rx,0,8,F4,01,84,03,00,00,00,00
29173000,54,false,Rx,0,8,01,01,FE,FF,FE,FF,00,00
29173000,55,false,Rx,0,8,10,27,00,00,00,00,00,00
29184000,56,false,Rx,0,8,10,27,00,00,00,00,00,00
29184000,57,false,Rx,0,8,00,00,FE,FF,FE,FF,00,00
29194000,60D,false,Rx,0,8,0D,10,DF,23,02,20,70,00
29223000,625,false,Rx,0,8,25,00,11,43,FD,BB,E4,01
29283000,60D,false,Rx,0,8,0D,10,DF,23,02,20,70,00
29323000,625,false,Rx,0,8,25,00,11,43,FD,BB,E4,01
29362000,2C4,false,Rx,0,8,05,00,00,00,DC,02,00,00
29362000,2C5,false,Rx,0,8,00,00,00,00,00,00,00,00
29362000,2C6,false,Rx,0,8,F4,01,84,03,00,00,00,00
29373000,54,false,Rx,0,8,01,01,FE,FF,FE,FF,00,00
29373000,55,false,Rx,0,8,10,27,00,00,00,00,00,00
29384000,56,false,Rx,0,8,10,27,00,00,00,00,00,00
29384000,57,false,Rx,0,8,00,00,FE,FF,FE,FF,00,00
29394000,60D,false,Rx,0,8,0D,10,DF,23,02,20,70,00
29423000,625,false,Rx,0,8,25,00,11,43,FD,BB,E4,01
29484000,60D,false,Rx,0,8,0D,10,DF,23,02,20,70,00
29523000,625,false,Rx,0,8,25,00,11,43,FD,BB,E4,01
29562000,2C4,false,Rx,0,8,05,00,00,00,DA,02,00,00
29562000,2C5,false,Rx,0,8,00,00,00,00,00,00,00,00
29562000,2C6,false,Rx,0,8,F4,01,84,03,00,00,00,00
29573000,54,false,Rx,0,8,01,01,FE,FF,FE,FF,00,00
29573000,55,false,Rx,0,8,10,27,00,00,00,00,00,00
29584000,56,false,Rx,0,8,10,27,00,00,00,00,00,00
29584000,57,false,Rx,0,8,00,00,FE,FF,FE,FF,00,00
29594000,60D,false,Rx,0,8,0D,10,DF,23,02,20,70,00
29623000,625,false,Rx,0,8,25,00,11,43,FD,BB,E4,01
29683000,60D,false,Rx,0,8,0D,10,DF,23,02,20,70,00
29723000,625,false,Rx,0,8,25,00,11,43,FD,BB,E4,01
29762000,2C4,false,Rx,0,8,05,00,00,00,DC,02,00,00
29762000,2C5,false,Rx,0,8,00,00,00,00,00,00,00,00
29762000,2C6,false,Rx,0,8,F4,01,84,03,00,00,00,00
29773000,54,false,Rx,0,8,01,01,FE,FF,FE,FF,00,00
29773000,55,false,Rx,0,8,10,27,00,00,00,00,00,00
29784000,56,false,Rx,0,8,10,27,00,00,00,00,00,00
29784000,57,false,Rx,0,8,00,00,FE,FF,FE,FF,00,00
29794000,60D,false,Rx,0,8,0D,10,DF,23,02,20,70,00
29823000,625,false,Rx,0,8,25,00,11,43,FD,BB,E4,01
29884000,60D,false,Rx,0,8,0D,10,DF,23,02,20,70,00
29923000,625,false,Rx,0,8,25,00,11,43,FD,BB,E4,01
29962000,2C4,false,Rx,0,8,05,00,00,00,DA,02,00,00
29962000,2C5,false,Rx,0,8,00,00,00,00,00,00,00,00
29962000,2C6,false,Rx,0,8,F4,01,84,03,00,00,00,00
29973000,54,false,Rx,0,8,01,01,FE,FF,FE,FF,00,00
29973000,55,false,Rx,0,8,10,27,00,00,00,00,00,00
29984000,56,false,Rx,0,8,10,27,00,00,00,00,00,00
29984000,57,false,Rx,0,8,00,00,FE,FF,FE,FF,00,00
29994000,60D,false,Rx,0,8,0D,10,DF,23,02,20,70,00
30023000,625,false,Rx,0,8,25,00,11,43,FD,BB,E4,01
30084000,60D,false,Rx,0,8,0D,10,DF,23,02,20,70,00
30123000,625,false,Rx,0,8,25,00,11,43,FD,BB,E4,01
30162000,2C4,false,Rx,0,8,05,00,00,00,DA,02,00,00
30162000,2C5,false,Rx,0,8,00,00,00,00,00,00,00,00
30162000,2C6,false,Rx,0,8,F4,01,84,03,00,00,00,00
30173000,54,false,Rx,0,8,01,01,FE,FF,FE,FF,00,00
30173000,55,false,Rx,0,8,10,27,00,00,00,00,00,00
30184000,56,false,Rx,0,8,10,27,00,00,00,00,00,00
30184000,57,false,Rx,0,8,00,00,FE,FF,FE,FF,00,00
30194000,60D,false,Rx,0,8,0D,10,DF,23,02,20,70,00
30223000,625,false,Rx,0,8,25,00,11,43,FD,BB,E4,01
30283000,60D,false,Rx,0,8,0D,10,DF,23,02,20,70,00
30323000,625,false,Rx,0,8,25,00,11,43,FD,BB,E4,01
30362000,2C4,false,Rx,0,8,05,00,00,00,DC,02,00,00
30362000,2C5,false,Rx,0,8,00,00,00,00,00,00,00,00
30362000,2C6,false,Rx,0,8,F4,01,84,03,00,00,00,00
30373000,54,false,Rx,0,8,01,01,FE,FF,FE,FF,00,00
30373000,55,false,Rx,0,8,10,27,00,00,00,00,00,00
30384000,56,false,Rx,0,8,10,27,00,00,00,00,00,00
30384000,57,false,Rx,0,8,00,00,FE,FF,FE,FF,00,00
30394000,60D,false,Rx,0,8,0D,10,DF,23,02,20,70,00
30423000,625,false,Rx,0,8,25,00,11,43,FD,BB,E4,01
30484000,60D,false,Rx,0,8,0D,10,DF,23,02,20,70,00
30523000,625,false,Rx,0,8,25,00,11,43,FD,BB,E4,01
30562000,2C4,false,Rx,0,8,05,00,00,00,DA,02,00,00
30562000,2C5,false,Rx,0,8,00,00,00,00,00,00,00,00
30562000,2C6,false,Rx,0,8,F4,01,84,03,00,00,00,00
30573000,54,false,Rx,0,8,01,01,FE,FF,FE,FF,00,00
30573000,55,false,Rx,0,8,10,27,00,00,00,00,00,00
30584000,56,false,Rx,0,8,10,27,00,00,00,00,00,00
30584000,57,false,Rx,0,8,00,00,FE,FF,FE,FF,00,00
30594000,60D,false,Rx,0,8,0D,10,DF,23,02,20,70,00
30623000,625,false,Rx,0,8,25,00,11,43,FD,BB,E4,01
30683000,60D,false,Rx,0,8,0D,10,DF,23,02,20,70,00
30723000,625,false,Rx,0,8,25,00,11,43,FD,BB,E4,01
30762000,2C4,false,Rx,0,8,05,00,00,00,DA,02,00,00
30762000,2C5,false,Rx,0,8,00,00,00,00,00,00,00,00
30762000,2C6,false,Rx,0,8,F4,01,84,03,00,00,00,00
30773000,54,false,Rx,0,8,01,01,FE,FF,FE,FF,00,00
30773000,55,false,Rx,0,8,10,27,00,00,00,00,00,00
30784000,56,false,Rx,0,8,10,27,00,00,00,00,00,00
30784000,57,false,Rx,0,8,00,00,FE,FF,FE,FF,00,00
30794000,60D,false,Rx,0,8,0D,10,DF,23,02,20,70,00
30823000,625,false,Rx,0,8,25,00,11,43,FD,BB,E4,01
30884000,60D,false,Rx,0,8,0D,10,DF,23,02,20,70,00
30923000,625,false,Rx,0,8,25,00,11,43,FD,BB,E4,01
30962000,2C4,false,Rx,0,8,05,00,00,00,DA,02,00,00
30962000,2C5,false,Rx,0,8,00,00,00,00,00,00,00,00
30962000,2C6,false,Rx,0,8,F4,01,84,03,00,00,00,00
30973000,54,false,Rx,0,8,01,01,FE,FF,FE,FF,00,00
30973000,55,false,Rx,0,8,10,27,00,00,00,00,00,00
30984000,56,false,Rx,0,8,10,27,00,00,00,00,00,00
30984000,57,false,Rx,0,8,00,00,FE,FF,FE,FF,00,00
30994000,60D,false,Rx,0,8,0D,10,DF,23,02,20,70,00
31023000,625,false,Rx,0,8,25,00,11,43,FD,BB,E4,01
31083000,60D,false,Rx,0,8,0D,10,DF,23,02,20,70,00
31123000,625,false,Rx,0,8,25,00,11,43,FD,BB,E4,01
31162000,2C4,false,Rx,0,8,05,00,00,00,DA,02,00,00
31162000,2C5,false,Rx,0,8,00,00,00,00,00,00,00,00
31162000,2C6,false,Rx,0,8,F4,01,84,03,00,00,00,00
31173000,54,false,Rx,0,8,01,01,FE,FF,FE,FF,00,00
31173000,55,false,Rx,0,8,10,27,00,00,00,00,00,00
31184000,56,false,Rx,0,8,10,27,00,00,00,00,00,00
31184000,57,false,Rx,0,8,00,00,FE,FF,FE,FF,00,00
31194000,60D,false,Rx,0,8,0D,10,DF,23,02,20,70,00
31223000,625,false,Rx,0,8,25,00,11,43,FD,BB,E4,01
31283000,60D,false,Rx,0,8,0D,10,DF,23,02,20,70,00
31323000,625,false,Rx,0,8,25,00,11,43,FD,BB,E4,01
31361000,2C4,false,Rx,0,8,05,00,00,00,DA,02,00,00
31362000,2C5,false,Rx,0,8,00,00,00,00,00,00,00,00
31362000,2C6,false,Rx,0,8,F4,01,84,03,00,00,00,00
31373000,54,false,Rx,0,8,01,01,FE,FF,FE,FF,00,00
31373000,55,false,Rx,0,8,10,27,00,00,00,00,00,00
31384000,56,false,Rx,0,8,10,27,00,00,00,00,00,00
31384000,57,false,Rx,0,8,00,00,FE,FF,FE,FF,00,00
31394000,60D,false,Rx,0,8,0D,10,DF,23,02,20,70,00
31423000,625,false,Rx,0,8,25,00,11,43,FD,BB,E4,01
31483000,60D,false,Rx,0,8,0D,10,DF,23,02,20,70,00
31523000,625,false,Rx,0,8,25,00,11,43,FD,BB,E4,01
31561000,2C4,false,Rx,0,8,05,00,00,00,DA,02,00,00
31562000,2C5,false,Rx,0,8,00,00,00,00,00,00,00,00
31562000,2C6,false,Rx,0,8,F4,01,84,03,00,00,00,00
31573000,54,false,Rx,0,8,01,01,FE,FF,FE,FF,00,00
31573000,55,false,Rx,0,8,10,27,00,00,00,00,00,00
31584000,56,false,Rx,0,8,10,27,00,00,00,00,00,00
31584000,57,false,Rx,0,8,00,00,FE,FF,FE,FF,00,00
31594000,60D,false,Rx,0,8,0D,10,DF,23,02,20,70,00
31623000,625,false,Rx,0,8,25,00,11,43,FD,BB,E4,01
31684000,60D,false,Rx,0,8,0D,10,DF,23,02,20,70,00
31723000,625,false,Rx,0,8,25,00,11,43,FD,BB,E4,01
31761000,2C4,false,Rx,0,8,05,00,00,00,DA,02,00,00
31762000,2C5,false,Rx,0,8,00,00,00,00,00,00,00,00
31762000,2C6,false,Rx,0,8,F4,01,84,03,00,00,00,00
31773000,54,false,Rx,0,8,01,01,FE,FF,FE,FF,00,00
31773000,55,false,Rx,0,8,10,27,00,00,00,00,00,00
31784000,56,false,Rx,0,8,10,27,00,00,00,00,00,00
31784000,57,false,Rx,0,8,00,00,FE,FF,FE,FF,00,00
31794000,60D,false,Rx,0,8,0D,10,DF,23,02,20,70,00
31823000,625,false,Rx,0,8,25,00,11,43,FD,BB,E4,01
31883000,60D,false,Rx,0,8,0D,10,DF,23,02,20,70,00
31923000,625,false,Rx,0,8,25,00,11,43,FD,BB,E4,01
31961000,2C4,false,Rx,0,8,05,00,00,00,DA,02,00,00
31962000,2C5,false,Rx,0,8,00,00,00,00,00,00,00,00
31962000,2C6,false,Rx,0,8,F4,01,84,03,00,00,00,00
31973000,54,false,Rx,0,8,01,01,FE,FF,FE,FF,00,00
31973000,55,false,Rx,0,8,10,27,00,00,00,00,00,00
31984000,56,false,Rx,0,8,10,27,00,00,00,00,00,00
31984000,57,false,Rx,0,8,00,00,FE,FF,FE,FF,00,00
31994000,60D,false,Rx,0,8,0D,10,DF,23,02,20,70,00
32023000,625,false,Rx,0,8,25,00,11,43,FD,BB,E4,01
32084000,60D,false,Rx,0,8,0D,10,DF,23,02,20,70,00
32123000,625,false,Rx,0,8,25,00,11,43,FD,BB,E4,01
32161000,2C4,false,Rx,0,8,05,00,00,00,DA,02,00,00
32162000,2C5,false,Rx,0,8,00,00,00,00,00,00,00,00
32162000,2C6,false,Rx,0,8,F4,01,84,03,00,00,00,00
32173000,54,false,Rx,0,8,01,01,FE,FF,FE,FF,00,00
32173000,55,false,Rx,0,8,10,27,00,00,00,00,00,00
32184000,56,false,Rx,0,8,10,27,00,00,00,00,00,00
32184000,57,false,Rx,0,8,00,00,FE,FF,FE,FF,00,00
32194000,60D,false,Rx,0,8,0D,10,DF,23,02,20,70,00
32223000,625,false,Rx,0,8,25,00,11,43,FD,BB,E4,01
32283000,60D,false,Rx,0,8,0D,10,DF,23,02,20,70,00
32323000,625,false,Rx,0,8,25,00,11,43,FD,BB,E4,01
32361000,2C4,false,Rx,0,8,05,00,00,00,DA,02,00,00
32362000,2C5,false,Rx,0,8,00,00,00,00,00,00,00,00
32362000,2C6,false,Rx,0,8,F4,01,84,03,00,00,00,00
32373000,54,false,Rx,0,8,01,01,FE,FF,FE,FF,00,00
32373000,55,false,Rx,0,8,10,27,00,00,00,00,00,00
32384000,56,false,Rx,0,8,10,27,00,00,00,00,00,00
32384000,57,false,Rx,0,8,00,00,FE,FF,FE,FF,00,00
32394000,60D,false,Rx,0,8,0D,10,DF,23,02,20,70,00
32423000,625,false,Rx,0,8,25,00,11,43,FD,BB,E4,01
32484000,60D,false,Rx,0,8,0D,10,DF,23,02,20,70,00
32523000,625,false,Rx,0,8,25,00,11,43,FD,BB,E4,01
32561000,2C4,false,Rx,0,8,05,00,00,00,DA,02,00,00
32562000,2C5,false,Rx,0,8,00,00,00,00,00,00,00,00
32562000,2C6,false,Rx,0,8,F4,01,84,03,00,00,00,00
32573000,54,false,Rx,0,8,01,01,FE,FF,FE,FF,00,00
32573000,55,false,Rx,0,8,10,27,00,00,00,00,00,00
32584000,56,false,Rx,0,8,10,27,00,00,00,00,00,00
32584000,57,false,Rx,0,8,00,00,FE,FF,FE,FF,00,00
32594000,60D,false,Rx,0,8,0D,10,DF,23,02,20,70,00
32623000,625,false,Rx,0,8,25,00,11,43,FD,BB,E4,01
32683000,60D,false,Rx,0,8,0D,10,DF,23,02,20,70,00
32723000,625,false,Rx,0,8,25,00,11,43,FD,BB,E4,01
32761000,2C4,false,Rx,0,8,05,00,00,00,DA,02,00,00
32762000,2C5,false,Rx,0,8,00,00,00,00,00,00,00,00
32762000,2C6,false,Rx,0,8,F4,01,84,03,00,00,00,00
32773000,54,false,Rx,0,8,01,01,FE,FF,FE,FF,00,00
32773000,55,false,Rx,0,8,10,27,00,00,00,00,00,00
32784000,56,false,Rx,0,8,10,27,00,00,00,00,00,00
32784000,57,false,Rx,0,8,00,00,FE,FF,FE,FF,00,00
32794000,60D,false,Rx,0,8,0D,10,DF,23,02,20,70,00
32823000,625,false,Rx,0,8,25,00,11,43,FD,BB,E4,01
32883000,60D,false,Rx,0,8,0D,10,DF,23,02,20,70,00
32923000,625,false,Rx,0,8,25,00,11,43,FD,BB,E4,01
32961000,2C4,false,Rx,0,8,05,00,00,00,DA,02,00,00
32962000,2C5,false,Rx,0,8,00,00,00,00,00,00,00,00
32962000,2C6,false,Rx,0,8,F4,01,84,03,00,00,00,00
32973000,54,false,Rx,0,8,01,01,FE,FF,FE,FF,00,00
32973000,55,false,Rx,0,8,10,27,00,00,00,00,00,00
32984000,56,false,Rx,0,8,10,27,00,00,00,00,00,00
32984000,57,false,Rx,0,8,00,00,FE,FF,FE,FF,00,00
32994000,60D,false,Rx,0,8,0D,10,DF,23,02,20,70,00
33023000,625,false,Rx,0,8,25,00,11,43,FD,BB,E4,01
33083000,60D,false,Rx,0,8,0D,10,DF,23,02,20,70,00
33123000,625,false,Rx,0,8,25,00,11,43,FD,BB,E4,01
33161000,2C4,false,Rx,0,8,05,00,00,00,DA,02,00,00
33162000,2C5,false,Rx,0,8,00,00,00,00,00,00,00,00
33162000,2C6,false,Rx,0,8,F4,01,84,03,00,00,00,00
33173000,54,false,Rx,0,8,01,01,FE,FF,FE,FF,00,00
33173000,55,false,Rx,0,8,10,27,00,00,00,00,00,00
33184000,56,false,Rx,0,8,10,27,00,00,00,00,00,00
33184000,57,false,Rx,0,8,00,00,FE,FF,FE,FF,00,00
33194000,60D,false,Rx,0,8,0D,10,DF,23,02,20,70,00
33223000,625,false,Rx,0,8,25,00,11,43,FD,BB,E4,01
33283000,60D,false,Rx,0,8,0D,10,DF,23,02,20,70,00
33323000,625,false,Rx,0,8,25,00,11,43,FD,BB,E4,01
33361000,2C4,false,Rx,0,8,05,00,00,00,DA,02,00,00
33362000,2C5,false,Rx,0,8,00,00,00,00,00,00,00,00
33362000,2C6,false,Rx,0,8,F4,01,84,03,00,00,00,00
33373000,54,false,Rx,0,8,01,01,FE,FF,FE,FF,00,00
33373000,55,false,Rx,0,8,10,27,00,00,00,00,00,00
33384000,56,false,Rx,0,8,10,27,00,00,00,00,00,00
33384000,57,false,Rx,0,8,00,00,FE,FF,FE,FF,00,00
33394000,60D,false,Rx,0,8,0D,10,DF,23,02,20,70,00
33423000,625,false,Rx,0,8,25,00,11,43,FD,BB,E4,01
33483000,60D,false,Rx,0,8,0D,10,DF,23,02,20,70,00
33523000,625,false,Rx,0,8,25,00,11,43,FD,BB,E4,01
33561000,2C4,false,Rx,0,8,05,00,00,00,DA,02,00,00
33562000,2C5,false,Rx,0,8,00,00,00,00,00,00,00,00
33562000,2C6,false,Rx,0,8,F4,01,84,03,00,00,00,00
33573000,54,false,Rx,0,8,01,01,FE,FF,FE,FF,00,00
33573000,55,false,Rx,0,8,10,27,00,00,00,00,00,00
33584000,56,false,Rx,0,8,10,27,00,00,00,00,00,00
33584000,57,false,Rx,0,8,00,00,FE,FF,FE,FF,00,00
33594000,60D,false,Rx,0,8,0D,10,DF,23,02,20,70,00
33623000,625,false,Rx,0,8,25,00,11,43,FD,BB,E4,01
33684000,60D,false,Rx,0,8,0D,10,DF,23,02,20,70,00
33723000,625,false,Rx,0,8,25,00,11,43,FD,BB,E4,01
33761000,2C4,false,Rx,0,8,05,00,00,00,DA,02,00,00
33762000,2C5,false,Rx,0,8,00,00,00,00,00,00,00,00
33762000,2C6,false,Rx,0,8,F4,01,84,03,00,00,00,00
33773000,54,false,Rx,0,8,01,01,FE,FF,FE,FF,00,00
33773000,55,false,Rx,0,8,10,27,00,00,00,00,00,00
33784000,56,false,Rx,0,8,10,27,00,00,00,00,00,00
33784000,57,false,Rx,0,8,00,00,FE,FF,FE,FF,00,00
33794000,60D,false,Rx,0,8,0D,10,DF,23,02,20,70,00
33823000,625,false,Rx,0,8,25,00,11,43,FD,BB,E4,01
33883000,60D,false,Rx,0,8,0D,10,DF,23,02,20,70,00
33923000,625,false,Rx,0,8,25,00,11,43,FD,BB,E4,01
33961000,2C4,false,Rx,0,8,05,00,00,00,DA,02,00,00
33962000,2C5,false,Rx,0,8,00,00,00,00,00,00,00,00
33962000,2C6,false,Rx,0,8,F4,01,84,03,00,00,00,00
33973000,54,false,Rx,0,8,01,01,FE,FF,FE,FF,00,00
33973000,55,false,Rx,0,8,10,27,00,00,00,00,00,00
33984000,56,false,Rx,0,8,10,27,00,00,00,00,00,00
33984000,57,false,Rx,0,8,00,00,FE,FF,FE,FF,00,00
33994000,60D,false,Rx,0,8,0D,10,DF,23,02,20,70,00
34023000,625,false,Rx,0,8,25,00,11,43,FD,BB,E4,01
34083000,60D,false,Rx,0,8,0D,10,DF,23,02,20,70,00
34123000,625,false,Rx,0,8,25,00,11,43,FD,BB,E4,01
34161000,2C4,false,Rx,0,8,05,00,00,00,DA,02,00,00
34162000,2C5,false,Rx,0,8,00,00,00,00,00,00,00,00
34162000,2C6,false,Rx,0,8,F4,01,84,03,00,00,00,00
34173000,54,false,Rx,0,8,01,01,FE,FF,FE,FF,00,00
34173000,55,false,Rx,0,8,10,27,00,00,00,00,00,00
34184000,56,false,Rx,0,8,10,27,00,00,00,00,00,00
34184000,57,false,Rx,0,8,00,00,FE,FF,FE,FF,00,00
34194000,60D,false,Rx,0,8,0D,10,DF,23,02,20,70,00
34223000,625,false,Rx,0,8,25,00,11,43,FD,BB,E4,01
34283000,60D,false,Rx,0,8,0D,10,DF,23,02,20,70,00
34323000,625,false,Rx,0,8,25,00,11,43,FD,BB,E4,01
34361000,2C4,false,Rx,0,8,05,00,00,00,DA,02,00,00
34362000,2C5,false,Rx,0,8,00,00,00,00,00,00,00,00
34362000,2C6,false,Rx,0,8,F4,01,84,03,00,00,00,00
34373000,54,false,Rx,0,8,01,01,FE,FF,FE,FF,00,00
34373000,55,false,Rx,0,8,10,27,00,00,00,00,00,00
34384000,56,false,Rx,0,8,10,27,00,00,00,00,00,00
34384000,57,false,Rx,0,8,00,00,FE,FF,FE,FF,00,00
34394000,60D,false,Rx,0,8,0D,10,DF,23,02,20,70,00
34423000,625,false,Rx,0,8,25,00,11,43,FD,BB,E4,01
34483000,60D,false,Rx,0,8,0D,10,DF,23,02,20,70,00
34523000,625,false,Rx,0,8,25,00,11,43,FD,BB,E4,01
34561000,2C4,false,Rx,0,8,05,00,00,00,DA,02,00,00
34562000,2C5,false,Rx,0,8,00,00,00,00,00,00,00,00
34562000,2C6,false,Rx,0,8,F4,01,84,03,00,00,00,00
34573000,54,false,Rx,0,8,01,01,FE,FF,FE,FF,00,00
34573000,55,false,Rx,0,8,10,27,00,00,00,00,00,00
34584000,56,false,Rx,0,8,10,27,00,00,00,00,00,00
34584000,57,false,Rx,0,8,00,00,FE,FF,FE,FF,00,00
34594000,60D,false,Rx,0,8,0D,10,DF,23,02,20,70,00
34623000,625,false,Rx,0,8,25,00,11,43,FD,BB,E4,01
34683000,60D,false,Rx,0,8,0D,10,DF,23,02,20,70,00
34723000,625,false,Rx,0,8,25,00,11,43,FD,BB,E4,01
34761000,2C4,false,Rx,0,8,05,00,00,00,D7,02,00,00
34762000,2C5,false,Rx,0,8,00,00,00,00,00,00,00,00
34762000,2C6,false,Rx,0,8,F4,01,84,03,00,00,00,00
34773000,54,false,Rx,0,8,01,01,FE,FF,FE,FF,00,00
34773000,55,false,Rx,0,8,10,27,00,00,00,00,00,00
34784000,56,false,Rx,0,8,10,27,00,00,00,00,00,00
34784000,57,false,Rx,0,8,00,00,FE,FF,FE,FF,00,00
34794000,60D,false,Rx,0,8,0D,10,DF,23,02,20,70,00
34823000,625,false,Rx,0,8,25,00,11,43,FD,BB,E4,01
34883000,60D,false,Rx,0,8,0D,10,DF,23,02,20,70,00
34923000,625,false,Rx,0,8,25,00,11,43,FD,BB,E4,01
34961000,2C4,false,Rx,0,8,05,00,00,00,DA,02,00,00
34962000,2C5,false,Rx,0,8,00,00,00,00,00,00,00,00
34962000,2C6,false,Rx,0,8,F4,01,84,03,00,00,00,00
34973000,54,false,Rx,0,8,01,01,FE,FF,FE,FF,00,00
34973000,55,false,Rx,0,8,10,27,00,00,00,00,00,00
34984000,56,false,Rx,0,8,10,27,00,00,00,00,00,00
34984000,57,false,Rx,0,8,00,00,FE,FF,FE,FF,00,00
34994000,60D,false,Rx,0,8,0D,10,DF,23,02,20,70,00
35023000,625,false,Rx,0,8,25,00,11,43,FD,BB,E4,01
35083000,60D,false,Rx,0,8,0D,10,DF,23,02,20,70,00
35123000,625,false,Rx,0,8,25,00,11,43,FD,BB,E4,01
35161000,2C4,false,Rx,0,8,05,00,00,00,D7,02,00,00
35162000,2C5,false,Rx,0,8,00,00,00,00,00,00,00,00
35162000,2C6,false,Rx,0,8,F4,01,84,03,00,00,00,00
35173000,54,false,Rx,0,8,01,01,FE,FF,FE,FF,00,00
35173000,55,false,Rx,0,8,10,27,00,00,00,00,00,00
35184000,56,false,Rx,0,8,10,27,00,00,00,00,00,00
35184000,57,false,Rx,0,8,00,00,FE,FF,FE,FF,00,00
35194000,60D,false,Rx,0,8,0D,10,DF,23,02,20,70,00
35223000,625,false,Rx,0,8,25,00,11,43,FD,BB,E4,01
35283000,60D,false,Rx,0,8,0D,10,DF,23,02,20,70,00
35323000,625,false,Rx,0,8,25,00,11,43,FD,BB,E4,01
35361000,2C4,false,Rx,0,8,05,00,00,00,D7,02,00,00
35362000,2C5,false,Rx,0,8,00,00,00,00,00,00,00,00
35362000,2C6,false,Rx,0,8,F4,01,84,03,00,00,00,00
35373000,54,false,Rx,0,8,01,01,FE,FF,FE,FF,00,00
35373000,55,false,Rx,0,8,10,27,00,00,00,00,00,00
35384000,56,false,Rx,0,8,10,27,00,00,00,00,00,00
35384000,57,false,Rx,0,8,00,00,FE,FF,FE,FF,00,00
35394000,60D,false,Rx,0,8,0D,10,DF,23,02,20,70,00
35423000,625,false,Rx,0,8,25,00,11,43,FD,BB,E4,01
35483000,60D,false,Rx,0,8,0D,10,DF,23,02,20,70,00
35523000,625,false,Rx,0,8,25,00,11,43,FD,BB,E4,01
35561000,2C4,false,Rx,0,8,05,00,00,00,DA,02,00,00
35562000,2C5,false,Rx,0,8,00,00,00,00,00,00,00,00
35562000,2C6,false,Rx,0,8,F4,01,84,03,00,00,00,00
35573000,54,false,Rx,0,8,01,01,FE,FF,FE,FF,00,00
35573000,55,false,Rx,0,8,10,27,00,00,00,00,00,00
35584000,56,false,Rx,0,8,10,27,00,00,00,00,00,00
35584000,57,false,Rx,0,8,00,00,FE,FF,FE,FF,00,00
35594000,60D,false,Rx,0,8,0D,10,DF,23,02,20,70,00
35623000,625,false,Rx,0,8,25,00,11,43,FD,BB,E4,01
35683000,60D,false,Rx,0,8,0D,10,DF,23,02,20,70,00
35723000,625,false,Rx,0,8,25,00,11,43,FD,BB,E4,01
35761000,2C4,false,Rx,0,8,05,00,00,00,D7,02,00,00
35762000,2C5,false,Rx,0,8,00,00,00,00,00,00,00,00
35762000,2C6,false,Rx,0,8,F4,01,84,03,00,00,00,00
35773000,54,false,Rx,0,8,01,01,FE,FF,FE,FF,00,00
35773000,55,false,Rx,0,8,10,27,00,00,00,00,00,00
35784000,56,false,Rx,0,8,10,27,00,00,00,00,00,00
35784000,57,false,Rx,0,8,00,00,FE,FF,FE,FF,00,00
35794000,60D,false,Rx,0,8,0D,10,DF,23,02,20,70,00
35823000,625,false,Rx,0,8,25,00,11,43,FD,BB,E4,01
35883000,60D,false,Rx,0,8,0D,10,DF,23,02,20,70,00
35923000,625,false,Rx,0,8,25,00,11,43,FD,BB,E4,01
35961000,2C4,false,Rx,0,8,05,00,00,00,D7,02,00,00
35961000,2C5,false,Rx,0,8,00,00,00,00,00,00,00,00
35962000,2C6,false,Rx,0,8,F4,01,84,03,00,00,00,00
35973000,54,false,Rx,0,8,01,01,FE,FF,FE,FF,00,00
35973000,55,false,Rx,0,8,10,27,00,00,00,00,00,00
35984000,56,false,Rx,0,8,10,27,00,00,00,00,00,00
35984000,57,false,Rx,0,8,00,00,FE,FF,FE,FF,00,00
35994000,60D,false,Rx,0,8,0D,10,DF,23,02,20,70,00
36023000,625,false,Rx,0,8,25,00,11,43,FD,BB,E4,01
36083000,60D,false,Rx,0,8,0D,10,DF,23,02,20,70,00
36123000,625,false,Rx,0,8,25,00,11,43,FD,BB,E4,01
36161000,2C4,false,Rx,0,8,05,00,00,00,D7,02,00,00
36161000,2C5,false,Rx,0,8,00,00,00,00,00,00,00,00
36162000,2C6,false,Rx,0,8,F4,01,84,03,00,00,00,00
36173000,54,false,Rx,0,8,01,01,FE,FF,FE,FF,00,00
36173000,55,false,Rx,0,8,10,27,00,00,00,00,00,00
36184000,56,false,Rx,0,8,10,27,00,00,00,00,00,00
36184000,57,false,Rx,0,8,00,00,FE,FF,FE,FF,00,00
36194000,60D,false,Rx,0,8,0D,10,DF,23,02,20,70,00
36223000,625,false,Rx,0,8,25,00,11,43,FD,BB,E4,01
36283000,60D,false,Rx,0,8,0D,10,DF,23,02,20,70,00
36323000,625,false,Rx,0,8,25,00,11,43,FD,BB,E4,01
36361000,2C4,false,Rx,0,8,05,00,00,00,D7,02,00,00
36361000,2C5,false,Rx,0,8,00,00,00,00,00,00,00,00
36362000,2C6,false,Rx,0,8,F4,01,84,03,00,00,00,00
36373000,54,false,Rx,0,8,01,01,FE,FF,FE,FF,00,00
36373000,55,false,Rx,0,8,10,27,00,00,00,00,00,00
36384000,56,false,Rx,0,8,10,27,00,00,00,00,00,00
36384000,57,false,Rx,0,8,00,00,FE,FF,FE,FF,00,00
36394000,60D,false,Rx,0,8,0D,10,DF,23,02,20,70,00
36423000,625,false,Rx,0,8,25,00,11,43,FD,BB,E4,01
36483000,60D,false,Rx,0,8,0D,10,DF,23,02,20,70,00
36523000,625,false,Rx,0,8,25,00,11,43,FD,BB,E4,01
36561000,2C4,false,Rx,0,8,05,00,00,00,D7,02,00,00
36561000,2C5,false,Rx,0,8,00,00,00,00,00,00,00,00
36562000,2C6,false,Rx,0,8,F4,01,84,03,00,00,00,00
36573000,54,false,Rx,0,8,01,01,FE,FF,FE,FF,00,00
36573000,55,false,Rx,0,8,10,27,00,00,00,00,00,00
36584000,56,false,Rx,0,8,10,27,00,00,00,00,00,00
36584000,57,false,Rx,0,8,00,00,FE,FF,FE,FF,00,00
36594000,60D,false,Rx,0,8,0D,10,DF,23,02,20,70,00
36623000,625,false,Rx,0,8,25,00,11,43,FD,BB,E4,01
36683000,60D,false,Rx,0,8,0D,10,DF,23,02,20,70,00
36723000,625,false,Rx,0,8,25,00,11,43,FD,BB,E4,01
36761000,2C4,false,Rx,0,8,05,00,00,00,D5,02,00,00
36761000,2C5,false,Rx,0,8,00,00,00,00,00,00,00,00
36762000,2C6,false,Rx,0,8,F4,01,84,03,00,00,00,00
36773000,54,false,Rx,0,8,01,01,FE,FF,FE,FF,00,00
36773000,55,false,Rx,0,8,10,27,00,00,00,00,00,00
36784000,56,false,Rx,0,8,10,27,00,00,00,00,00,00
36784000,57,false,Rx,0,8,00,00,FE,FF,FE,FF,00,00
36794000,60D,false,Rx,0,8,0D,10,DF,23,02,20,70,00
36823000,625,false,Rx,0,8,25,00,11,43,FD,BB,E4,01
36883000,60D,false,Rx,0,8,0D,10,DF,23,02,20,70,00
36923000,625,false,Rx,0,8,25,00,11,43,FD,BB,E4,01
36961000,2C4,false,Rx,0,8,05,00,00,00,D7,02,00,00
36961000,2C5,false,Rx,0,8,00,00,00,00,00,00,00,00
36962000,2C6,false,Rx,0,8,F4,01,84,03,00,00,00,00
36973000,54,false,Rx,0,8,01,01,FE,FF,FE,FF,00,00
36973000,55,false,Rx,0,8,10,27,00,00,00,00,00,00
36984000,56,false,Rx,0,8,10,27,00,00,00,00,00,00
36984000,57,false,Rx,0,8,00,00,FE,FF,FE,FF,00,00
36994000,60D,false,Rx,0,8,0D,10,DF,23,02,20,70,00
37023000,625,false,Rx,0,8,25,00,11,43,FD,BB,E4,01
37083000,60D,false,Rx,0,8,0D,10,DF,23,02,20,70,00
37123000,625,false,Rx,0,8,25,00,11,43,FD,BB,E4,01
37161000,2C4,false,Rx,0,8,05,00,00,00,D7,02,00,00
37161000,2C5,false,Rx,0,8,00,00,00,00,00,00,00,00
37162000,2C6,false,Rx,0,8,F4,01,84,03,00,00,00,00
37173000,54,false,Rx,0,8,01,01,FE,FF,FE,FF,00,00
37173000,55,false,Rx,0,8,10,27,00,00,00,00,00,00
37184000,56,false,Rx,0,8,10,27,00,00,00,00,00,00
37184000,57,false,Rx,0,8,00,00,FE,FF,FE,FF,00,00
37194000,60D,false,Rx,0,8,0D,10,DF,23,02,20,70,00
37223000,625,false,Rx,0,8,25,00,11,43,FD,BB,E4,01
37283000,60D,false,Rx,0,8,0D,10,DF,23,02,20,70,00
37323000,625,false,Rx,0,8,25,00,11,43,FD,BB,E4,01
37361000,2C4,false,Rx,0,8,05,00,00,00,D7,02,00,00
37361000,2C5,false,Rx,0,8,00,00,00,00,00,00,00,00
37362000,2C6,false,Rx,0,8,F4,01,84,03,00,00,00,00
37373000,54,false,Rx,0,8,01,01,FE,FF,FE,FF,00,00
37373000,55,false,Rx,0,8,10,27,00,00,00,00,00,00
37384000,56,false,Rx,0,8,10,27,00,00,00,00,00,00
37384000,57,false,Rx,0,8,00,00,FE,FF,FE,FF,00,00
37394000,60D,false,Rx,0,8,0D,10,DF,23,02,20,70,00
37423000,625,false,Rx,0,8,25,00,11,43,FD,BB,E4,01
37484000,60D,false,Rx,0,8,0D,10,DF,23,02,20,70,00
37523000,625,false,Rx,0,8,25,00,11,43,FD,BB,E4,01
37561000,2C4,false,Rx,0,8,05,00,00,00,D7,02,00,00
37561000,2C5,false,Rx,0,8,00,00,00,00,00,00,00,00
37562000,2C6,false,Rx,0,8,F4,01,84,03,00,00,00,00
37573000,54,false,Rx,0,8,01,01,FE,FF,FE,FF,00,00
37573000,55,false,Rx,0,8,10,27,00,00,00,00,00,00
37584000,56,false,Rx,0,8,10,27,00,00,00,00,00,00
37584000,57,false,Rx,0,8,00,00,FE,FF,FE,FF,00,00
37594000,60D,false,Rx,0,8,0D,10,DF,23,02,20,70,00
37623000,625,false,Rx,0,8,25,00,11,43,FD,BB,E4,01
37683000,60D,false,Rx,0,8,0D,10,DF,23,02,20,70,00
37723000,625,false,Rx,0,8,25,00,11,43,FD,BB,E4,01
37761000,2C4,false,Rx,0,8,05,00,00,00,D5,02,00,00
37761000,2C5,false,Rx,0,8,00,00,00,00,00,00,00,00
37762000,2C6,false,Rx,0,8,F4,01,84,03,00,00,00,00
37773000,54,false,Rx,0,8,01,01,FE,FF,FE,FF,00,00
37773000,55,false,Rx,0,8,10,27,00,00,00,00,00,00
37784000,56,false,Rx,0,8,10,27,00,00,00,00,00,00
37784000,57,false,Rx,0,8,00,00,FE,FF,FE,FF,00,00
37794000,60D,false,Rx,0,8,0D,10,DF,23,02,20,70,00
37823000,625,false,Rx,0,8,25,00,11,43,FD,BB,E4,01
37883000,60D,false,Rx,0,8,0D,10,DF,23,02,20,70,00
37923000,625,false,Rx,0,8,25,00,11,43,FD,BB,E4,01
37961000,2C4,false,Rx,0,8,05,00,00,00,D5,02,00,00
37961000,2C5,false,Rx,0,8,00,00,00,00,00,00,00,00
37962000,2C6,false,Rx,0,8,F4,01,84,03,00,00,00,00
37973000,54,false,Rx,0,8,01,01,FE,FF,FE,FF,00,00
37973000,55,false,Rx,0,8,10,27,00,00,00,00,00,00
37984000,56,false,Rx,0,8,10,27,00,00,00,00,00,00
37984000,57,false,Rx,0,8,00,00,FE,FF,FE,FF,00,00
37994000,60D,false,Rx,0,8,0D,10,DF,23,02,20,70,00
38023000,625,false,Rx,0,8,25,00,11,43,FD,BB,E4,01
38083000,60D,false,Rx,0,8,0D,10,DF,23,02,20,70,00
38123000,625,false,Rx,0,8,25,00,11,43,FD,BB,E4,01
38161000,2C4,false,Rx,0,8,05,00,00,00,D5,02,00,00
38161000,2C5,false,Rx,0,8,00,00,00,00,00,00,00,00
38162000,2C6,false,Rx,0,8,F4,01,84,03,00,00,00,00
38173000,54,false,Rx,0,8,01,01,FE,FF,FE,FF,00,00
38173000,55,false,Rx,0,8,10,27,00,00,00,00,00,00
38184000,56,false,Rx,0,8,10,27,00,00,00,00,00,00
38184000,57,false,Rx,0,8,00,00,FE,FF,FE,FF,00,00
38194000,60D,false,Rx,0,8,0D,10,DF,23,02,20,70,00
38223000,625,false,Rx,0,8,25,00,11,43,FD,BB,E4,01
38283000,60D,false,Rx,0,8,0D,10,DF,23,02,20,70,00
38323000,625,false,Rx,0,8,25,00,11,43,FD,BB,E4,01
38361000,2C4,false,Rx,0,8,05,00,00,00,D5,02,00,00
38361000,2C5,false,Rx,0,8,00,00,00,00,00,00,00,00
38362000,2C6,false,Rx,0,8,F4,01,84,03,00,00,00,00
38373000,54,false,Rx,0,8,01,01,FE,FF,FE,FF,00,00
38373000,55,false,Rx,0,8,10,27,00,00,00,00,00,00
38384000,56,false,Rx,0,8,10,27,00,00,00,00,00,00
38384000,57,false,Rx,0,8,00,00,FE,FF,FE,FF,00,00
38394000,60D,false,Rx,0,8,0D,10,DF,23,02,20,70,00
38423000,625,false,Rx,0,8,25,00,11,43,FD,BB,E4,01
38484000,60D,false,Rx,0,8,0D,10,DF,23,02,20,70,00
38523000,625,false,Rx,0,8,25,00,11,43,FD,BB,E4,01
38561000,2C4,false,Rx,0,8,05,00,00,00,D5,02,00,00
38561000,2C5,false,Rx,0,8,00,00,00,00,00,00,00,00
38562000,2C6,false,Rx,0,8,F4,01,84,03,00,00,00,00
38573000,54,false,Rx,0,8,01,01,FE,FF,FE,FF,00,00
38573000,55,false,Rx,0,8,10,27,00,00,00,00,00,00
38584000,56,false,Rx,0,8,10,27,00,00,00,00,00,00
38584000,57,false,Rx,0,8,00,00,FE,FF,FE,FF,00,00
38594000,60D,false,Rx,0,8,0D,10,DF,23,02,20,70,00
38623000,625,false,Rx,0,8,25,00,11,43,FD,BB,E4,01
38683000,60D,false,Rx,0,8,0D,10,DF,23,02,20,70,00
38723000,625,false,Rx,0,8,25,00,11,43,FD,BB,E4,01
38761000,2C4,false,Rx,0,8,05,00,00,00,D5,02,00,00
38761000,2C5,false,Rx,0,8,00,00,00,00,00,00,00,00
38762000,2C6,false,Rx,0,8,F4,01,84,03,00,00,00,00
38773000,54,false,Rx,0,8,01,01,FE,FF,FE,FF,00,00
38773000,55,false,Rx,0,8,10,27,00,00,00,00,00,00
38784000,56,false,Rx,0,8,10,27,00,00,00,00,00,00
38784000,57,false,Rx,0,8,00,00,FE,FF,FE,FF,00,00
38794000,60D,false,Rx,0,8,0D,10,DF,23,02,20,70,00
38823000,625,false,Rx,0,8,25,00,11,43,FD,BB,E4,01
38883000,60D,false,Rx,0,8,0D,10,DF,23,02,20,70,00
38923000,625,false,Rx,0,8,25,00,11,43,FD,BB,E4,01
38961000,2C4,false,Rx,0,8,05,00,00,00,D5,02,00,00
38961000,2C5,false,Rx,0,8,00,00,00,00,00,00,00,00
38962000,2C6,false,Rx,0,8,F4,01,84,03,00,00,00,00
38973000,54,false,Rx,0,8,01,01,FE,FF,FE,FF,00,00
38973000,55,false,Rx,0,8,10,27,00,00,00,00,00,00
38984000,56,false,Rx,0,8,10,27,00,00,00,00,00,00
38984000,57,false,Rx,0,8,00,00,FE,FF,FE,FF,00,00
38994000,60D,false,Rx,0,8,0D,10,DF,23,02,20,70,00
39023000,625,false,Rx,0,8,25,00,11,43,FD,BB,E4,01
39083000,60D,false,Rx,0,8,0D,10,DF,23,02,20,70,00
39123000,625,false,Rx,0,8,25,00,11,43,FD,BB,E4,01
39161000,2C4,false,Rx,0,8,05,00,00,00,D5,02,00,00
39161000,2C5,false,Rx,0,8,00,00,00,00,00,00,00,00
39162000,2C6,false,Rx,0,8,F4,01,84,03,00,00,00,00
39173000,54,false,Rx,0,8,01,01,FE,FF,FE,FF,00,00
39173000,55,false,Rx,0,8,10,27,00,00,00,00,00,00
39184000,56,false,Rx,0,8,10,27,00,00,00,00,00,00
39184000,57,false,Rx,0,8,00,00,FE,FF,FE,FF,00,00
39194000,60D,false,Rx,0,8,0D,10,DF,23,02,20,70,00
39223000,625,false,Rx,0,8,25,00,11,43,FD,BB,E4,01
39283000,60D,false,Rx,0,8,0D,10,DF,23,02,20,70,00
39323000,625,false,Rx,0,8,25,00,11,43,FD,BB,E4,01
39361000,2C4,false,Rx,0,8,05,00,00,00,D5,02,00,00
39361000,2C5,false,Rx,0,8,00,00,00,00,00,00,00,00
39362000,2C6,false,Rx,0,8,F4,01,84,03,00,00,00,00
39373000,54,false,Rx,0,8,01,01,FE,FF,FE,FF,00,00
39373000,55,false,Rx,0,8,10,27,00,00,00,00,00,00
39384000,56,false,Rx,0,8,10,27,00,00,00,00,00,00
39384000,57,false,Rx,0,8,00,00,FE,FF,FE,FF,00,00
39394000,60D,false,Rx,0,8,0D,10,DF,23,02,20,70,00
39423000,625,false,Rx,0,8,25,00,11,43,FD,BB,E4,01
39483000,60D,false,Rx,0,8,0D,10,DF,23,02,20,70,00
39523000,625,false,Rx,0,8,25,00,11,43,FD,BB,E4,01
39561000,2C4,false,Rx,0,8,05,00,00,00,D5,02,00,00
39561000,2C5,false,Rx,0,8,00,00,00,00,00,00,00,00
39562000,2C6,false,Rx,0,8,F4,01,84,03,00,00,00,00
39573000,54,false,Rx,0,8,01,01,FE,FF,FE,FF,00,00
39573000,55,false,Rx,0,8,10,27,00,00,00,00,00,00
39584000,56,false,Rx,0,8,10,27,00,00,00,00,00,00
39584000,57,false,Rx,0,8,00,00,FE,FF,FE,FF,00,00
39594000,60D,false,Rx,0,8,0D,10,DF,23,02,20,70,00
39623000,625,false,Rx,0,8,25,00,11,43,FD,BB,E4,01
39683000,60D,false,Rx,0,8,0D,10,DF,23,02,20,70,00
39723000,625,false,Rx,0,8,25,00,11,43,FD,BB,E4,01
39761000,2C4,false,Rx,0,8,05,00,00,00,D5,02,00,00
39761000,2C5,false,Rx,0,8,00,00,00,00,00,00,00,00
39762000,2C6,false,Rx,0,8,F4,01,84,03,00,00,00,00
39773000,54,false,Rx,0,8,01,01,FE,FF,FE,FF,00,00
39773000,55,false,Rx,0,8,10,27,00,00,00,00,00,00
39784000,56,false,Rx,0,8,10,27,00,00,00,00,00,00
39784000,57,false,Rx,0,8,00,00,FE,FF,FE,FF,00,00
39794000,60D,false,Rx,0,8,0D,10,DF,23,02,20,70,00
39823000,625,false,Rx,0,8,25,00,11,43,FD,BB,E4,01
39883000,60D,false,Rx,0,8,0D,10,DF,23,02,20,70,00
39923000,625,false,Rx,0,8,25,00,11,43,FD,BB,E4,01
39961000,2C4,false,Rx,0,8,05,00,00,00,D5,02,00,00
39961000,2C5,false,Rx,0,8,00,00,00,00,00,00,00,00
39962000,2C6,false,Rx,0,8,F4,01,84,03,00,00,00,00
39973000,54,false,Rx,0,8,01,01,FE,FF,FE,FF,00,00
39973000,55,false,Rx,0,8,10,27,00,00,00,00,00,00
39984000,56,false,Rx,0,8,10,27,00,00,00,00,00,00
39984000,57,false,Rx,0,8,00,00,FE,FF,FE,FF,00,00
39994000,60D,false,Rx,0,8,0D,10,DF,23,02,20,70,00
40023000,625,false,Rx,0,8,25,00,11,43,FD,BB,E4,01
40083000,60D,false,Rx,0,8,0D,10,DF,23,02,20,70,00
40123000,625,false,Rx,0,8,25,00,11,43,FD,BB,E4,01
40161000,2C4,false,Rx,0,8,05,00,00,00,D5,02,00,00
40161000,2C5,false,Rx,0,8,00,00,00,00,00,00,00,00
40161000,2C6,false,Rx,0,8,F4,01,84,03,00,00,00,00
40173000,54,false,Rx,0,8,01,01,FE,FF,FE,FF,00,00
40173000,55,false,Rx,0,8,10,27,00,00,00,00,00,00
40184000,56,false,Rx,0,8,10,27,00,00,00,00,00,00
40184000,57,false,Rx,0,8,00,00,FE,FF,FE,FF,00,00
40194000,60D,false,Rx,0,8,0D,10,DF,23,02,20,70,00
40223000,625,false,Rx,0,8,25,00,11,43,FD,BB,E4,01
40283000,60D,false,Rx,0,8,0D,10,DF,23,02,20,70,00
40323000,625,false,Rx,0,8,25,00,11,43,FD,BB,E4,01
40361000,2C4,false,Rx,0,8,05,00,00,00,D5,02,00,00
40361000,2C5,false,Rx,0,8,00,00,00,00,00,00,00,00
40362000,2C6,false,Rx,0,8,F4,01,84,03,00,00,00,00
40373000,54,false,Rx,0,8,01,01,FE,FF,FE,FF,00,00
40373000,55,false,Rx,0,8,10,27,00,00,00,00,00,00
40384000,56,false,Rx,0,8,10,27,00,00,00,00,00,00
40384000,57,false,Rx,0,8,00,00,FE,FF,FE,FF,00,00
40394000,60D,false,Rx,0,8,0D,10,DF,23,02,20,70,00
40423000,625,false,Rx,0,8,25,00,11,43,FD,BB,E4,01
40483000,60D,false,Rx,0,8,0D,10,DF,23,02,20,70,00
40523000,625,false,Rx,0,8,25,00,11,43,FD,BB,E4,01
40561000,2C4,false,Rx,0,8,05,00,00,00,D5,02,00,00
40561000,2C5,false,Rx,0,8,00,00,00,00,00,00,00,00
40561000,2C6,false,Rx,0,8,F4,01,84,03,00,00,00,00
40573000,54,false,Rx,0,8,01,01,FE,FF,FE,FF,00,00
40573000,55,false,Rx,0,8,10,27,00,00,00,00,00,00
40584000,56,false,Rx,0,8,10,27,00,00,00,00,00,00
40584000,57,false,Rx,0,8,00,00,FE,FF,FE,FF,00,00
40594000,60D,false,Rx,0,8,0D,10,DF,23,02,20,70,00
40623000,625,false,Rx,0,8,25,00,11,43,FD,BB,E4,01
40683000,60D,false,Rx,0,8,0D,10,DF,23,02,20,70,00
40723000,625,false,Rx,0,8,25,00,11,43,FD,BB,E4,01
40761000,2C4,false,Rx,0,8,05,00,00,00,D5,02,00,00
40761000,2C5,false,Rx,0,8,00,00,00,00,00,00,00,00
40761000,2C6,false,Rx,0,8,F4,01,84,03,00,00,00,00
40773000,54,false,Rx,0,8,01,01,FE,FF,FE,FF,00,00
40773000,55,false,Rx,0,8,10,27,00,00,00,00,00,00
40784000,56,false,Rx,0,8,10,27,00,00,00,00,00,00
40784000,57,false,Rx,0,8,00,00,FE,FF,FE,FF,00,00
40794000,60D,false,Rx,0,8,0D,10,DF,23,02,20,70,00
40823000,625,false,Rx,0,8,25,00,11,43,FD,BB,E4,01
40883000,60D,false,Rx,0,8,0D,10,DF,23,02,20,70,00
40923000,625,false,Rx,0,8,25,00,11,43,FD,BB,E4,01
40961000,2C4,false,Rx,0,8,05,00,00,00,D5,02,00,00
40961000,2C5,false,Rx,0,8,00,00,00,00,00,00,00,00
40961000,2C6,false,Rx,0,8,F4,01,84,03,00,00,00,00
40973000,54,false,Rx,0,8,01,01,FE,FF,FE,FF,00,00
40973000,55,false,Rx,0,8,10,27,00,00,00,00,00,00
40984000,56,false,Rx,0,8,10,27,00,00,00,00,00,00
40984000,57,false,Rx,0,8,00,00,FE,FF,FE,FF,00,00
40994000,60D,false,Rx,0,8,0D,10,DF,23,02,20,70,00
41023000,625,false,Rx,0,8,25,00,11,43,FD,BB,E4,01
41083000,60D,false,Rx,0,8,0D,10,DF,23,02,20,70,00
41123000,625,false,Rx,0,8,25,00,11,43,FD,BB,E4,01
41161000,2C4,false,Rx,0,8,05,00,00,00,D5,02,00,00
41161000,2C5,false,Rx,0,8,00,00,00,00,00,00,00,00
41161000,2C6,false,Rx,0,8,F4,01,84,03,00,00,00,00
41173000,54,false,Rx,0,8,01,01,FE,FF,FE,FF,00,00
41173000,55,false,Rx,0,8,10,27,00,00,00,00,00,00
41184000,56,false,Rx,0,8,10,27,00,00,00,00,00,00
41184000,57,false,Rx,0,8,00,00,FE,FF,FE,FF,00,00
41194000,60D,false,Rx,0,8,0D,10,DF,23,02,20,70,00
41223000,625,false,Rx,0,8,25,00,11,43,FD,BB,E4,01
41283000,60D,false,Rx,0,8,0D,10,DF,23,02,20,70,00
41323000,625,false,Rx,0,8,25,00,11,43,FD,BB,E4,01
41361000,2C4,false,Rx,0,8,05,00,00,00,D5,02,00,00
41361000,2C5,false,Rx,0,8,00,00,00,00,00,00,00,00
41361000,2C6,false,Rx,0,8,F4,01,84,03,00,00,00,00
41373000,54,false,Rx,0,8,01,01,FE,FF,FE,FF,00,00
41373000,55,false,Rx,0,8,10,27,00,00,00,00,00,00
41384000,56,false,Rx,0,8,10,27,00,00,00,00,00,00
41384000,57,false,Rx,0,8,00,00,FE,FF,FE,FF,00,00
41394000,60D,false,Rx,0,8,0D,10,DF,23,02,20,70,00
41423000,625,false,Rx,0,8,25,00,11,43,FD,BB,E4,01
41483000,60D,false,Rx,0,8,0D,10,DF,23,02,20,70,00
41523000,625,false,Rx,0,8,25,00,11,43,FD,BB,E4,01
41561000,2C4,false,Rx,0,8,05,00,00,00,D5,02,00,00
41561000,2C5,false,Rx,0,8,00,00,00,00,00,00,00,00
41561000,2C6,false,Rx,0,8,F4,01,84,03,00,00,00,00
41573000,54,false,Rx,0,8,01,01,FE,FF,FE,FF,00,00
41573000,55,false,Rx,0,8,10,27,00,00,00,00,00,00
41584000,56,false,Rx,0,8,10,27,00,00,00,00,00,00
41584000,57,false,Rx,0,8,00,00,FE,FF,FE,FF,00,00
41594000,60D,false,Rx,0,8,0D,10,DF,23,02,20,70,00
41623000,625,false,Rx,0,8,25,00,11,43,FD,BB,E4,01
41683000,60D,false,Rx,0,8,0D,10,DF,23,02,20,70,00
41723000,625,false,Rx,0,8,25,00,11,43,FD,BB,E4,01
41761000,2C4,false,Rx,0,8,05,00,00,00,D5,02,00,00
41761000,2C5,false,Rx,0,8,00,00,00,00,00,00,00,00
41761000,2C6,false,Rx,0,8,F4,01,84,03,00,00,00,00
41773000,54,false,Rx,0,8,01,01,FE,FF,FE,FF,00,00
41773000,55,false,Rx,0,8,10,27,00,00,00,00,00,00
41784000,56,false,Rx,0,8,10,27,00,00,00,00,00,00
41784000,57,false,Rx,0,8,00,00,FE,FF,FE,FF,00,00
41794000,60D,false,Rx,0,8,0D,10,DF,23,02,20,70,00
41823000,625,false,Rx,0,8,25,00,11,43,FD,BB,E4,01
41883000,60D,false,Rx,0,8,0D,10,DF,23,02,20,70,00
41923000,625,false,Rx,0,8,25,00,11,43,FD,BB,E4,01
41961000,2C4,false,Rx,0,8,05,00,00,00,D5,02,00,00
41961000,2C5,false,Rx,0,8,00,00,00,00,00,00,00,00
41961000,2C6,false,Rx,0,8,F4,01,84,03,00,00,00,00
41973000,54,false,Rx,0,8,01,01,FE,FF,FE,FF,00,00
41973000,55,false,Rx,0,8,10,27,00,00,00,00,00,00
41984000,56,false,Rx,0,8,10,27,00,00,00,00,00,00
41984000,57,false,Rx,0,8,00,00,FE,FF,FE,FF,00,00
41994000,60D,false,Rx,0,8,0D,10,DF,23,02,20,70,00
42023000,625,false,Rx,0,8,25,00,11,43,FD,BB,E4,01
42083000,60D,false,Rx,0,8,0D,10,DF,23,02,20,70,00
42123000,625,false,Rx,0,8,25,00,11,43,FD,BB,E4,01
42161000,2C4,false,Rx,0,8,05,00,00,00,D5,02,00,00
42161000,2C5,false,Rx,0,8,00,00,00,00,00,00,00,00
42161000,2C6,false,Rx,0,8,F4,01,84,03,00,00,00,00
42173000,54,false,Rx,0,8,01,01,FE,FF,FE,FF,00,00
42173000,55,false,Rx,0,8,10,27,00,00,00,00,00,00
42184000,56,false,Rx,0,8,10,27,00,00,00,00,00,00
42184000,57,false,Rx,0,8,00,00,FE,FF,FE,FF,00,00
42194000,60D,false,Rx,0,8,0D,10,DF,23,02,20,70,00
42223000,625,false,Rx,0,8,25,00,11,43,FD,BB,E4,01
42283000,60D,false,Rx,0,8,0D,10,DF,23,02,20,70,00
42323000,625,false,Rx,0,8,25,00,11,43,FD,BB,E4,01
42361000,2C4,false,Rx,0,8,05,00,00,00,D5,02,00,00
42361000,2C5,false,Rx,0,8,00,00,00,00,00,00,00,00
42361000,2C6,false,Rx,0,8,F4,01,84,03,00,00,00,00
42373000,54,false,Rx,0,8,01,01,FE,FF,FE,FF,00,00
42373000,55,false,Rx,0,8,10,27,00,00,00,00,00,00
42384000,56,false,Rx,0,8,10,27,00,00,00,00,00,00
42384000,57,false,Rx,0,8,00,00,FE,FF,FE,FF,00,00
42384000,60D,false,Rx,0,8,0D,10,DF,23,02,20,70,00
42423000,625,false,Rx,0,8,25,00,11,43,FD,BB,E4,01
42483000,60D,false,Rx,0,8,0D,10,DF,23,02,20,70,00
42523000,625,false,Rx,0,8,25,00,11,43,FD,BB,E4,01
42561000,2C4,false,Rx,0,8,05,00,00,00,D5,02,00,00
42561000,2C5,false,Rx,0,8,00,00,00,00,00,00,00,00
42561000,2C6,false,Rx,0,8,F4,01,84,03,00,00,00,00
42573000,54,false,Rx,0,8,01,01,FE,FF,FE,FF,00,00
42573000,55,false,Rx,0,8,10,27,00,00,00,00,00,00
42584000,56,false,Rx,0,8,10,27,00,00,00,00,00,00
42584000,57,false,Rx,0,8,00,00,FE,FF,FE,FF,00,00
42594000,60D,false,Rx,0,8,0D,10,DF,23,02,20,70,00
42623000,625,false,Rx,0,8,25,00,11,43,FD,BB,E4,01
42683000,60D,false,Rx,0,8,0D,10,DF,23,02,20,70,00
42723000,625,false,Rx,0,8,25,00,11,43,FD,BB,E4,01
42761000,2C4,false,Rx,0,8,05,00,00,00,D5,02,00,00
42761000,2C5,false,Rx,0,8,00,00,00,00,00,00,00,00
42761000,2C6,false,Rx,0,8,F4,01,84,03,00,00,00,00
42773000,54,false,Rx,0,8,01,01,FE,FF,FE,FF,00,00
42773000,55,false,Rx,0,8,10,27,00,00,00,00,00,00
42784000,56,false,Rx,0,8,10,27,00,00,00,00,00,00
42784000,57,false,Rx,0,8,00,00,FE,FF,FE,FF,00,00
42784000,60D,false,Rx,0,8,0D,10,DF,23,02,20,70,00
42823000,625,false,Rx,0,8,25,00,11,43,FD,BB,E4,01
42883000,60D,false,Rx,0,8,0D,10,DF,23,02,20,70,00
42923000,625,false,Rx,0,8,25,00,11,43,FD,BB,E4,01
42961000,2C4,false,Rx,0,8,05,00,00,00,D5,02,00,00
42961000,2C5,false,Rx,0,8,00,00,00,00,00,00,00,00
42961000,2C6,false,Rx,0,8,F4,01,84,03,00,00,00,00
42973000,54,false,Rx,0,8,01,01,FE,FF,FE,FF,00,00
42973000,55,false,Rx,0,8,10,27,00,00,00,00,00,00
42984000,56,false,Rx,0,8,10,27,00,00,00,00,00,00
42984000,57,false,Rx,0,8,00,00,FE,FF,FE,FF,00,00
42984000,60D,false,Rx,0,8,0D,10,DF,23,02,20,70,00
43023000,625,false,Rx,0,8,25,00,11,43,FD,BB,E4,01
43083000,60D,false,Rx,0,8,0D,10,DF,23,02,20,70,00
43123000,625,false,Rx,0,8,25,00,11,43,FD,BB,E4,01
43161000,2C4,false,Rx,0,8,05,00,00,00,D5,02,00,00
43161000,2C5,false,Rx,0,8,00,00,00,00,00,00,00,00
43161000,2C6,false,Rx,0,8,F4,01,84,03,00,00,00,00
43173000,54,false,Rx,0,8,01,01,FE,FF,FE,FF,00,00
43173000,55,false,Rx,0,8,10,27,00,00,00,00,00,00
43184000,56,false,Rx,0,8,10,27,00,00,00,00,00,00
43184000,57,false,Rx,0,8,00,00,FE,FF,FE,FF,00,00
43184000,60D,false,Rx,0,8,0D,10,DF,23,02,20,70,00
43223000,625,false,Rx,0,8,25,00,11,43,FD,BB,E4,01
43283000,60D,false,Rx,0,8,0D,10,DF,23,02,20,70,00
43323000,625,false,Rx,0,8,25,00,11,43,FD,BB,E4,01
43361000,2C4,false,Rx,0,8,05,00,00,00,D5,02,00,00
43361000,2C5,false,Rx,0,8,00,00,00,00,00,00,00,00
43361000,2C6,false,Rx,0,8,F4,01,84,03,00,00,00,00
43373000,54,false,Rx,0,8,01,01,FE,FF,FE,FF,00,00
43373000,55,false,Rx,0,8,10,27,00,00,00,00,00,00
43384000,56,false,Rx,0,8,10,27,00,00,00,00,00,00
43384000,57,false,Rx,0,8,00,00,FE,FF,FE,FF,00,00
43384000,60D,false,Rx,0,8,0D,10,DF,23,02,20,70,00
43423000,625,false,Rx,0,8,25,00,11,43,FD,BB,E4,01
43483000,60D,false,Rx,0,8,0D,10,DF,23,02,20,70,00
43523000,625,false,Rx,0,8,25,00,11,43,FD,BB,E4,01
43561000,2C4,false,Rx,0,8,05,00,00,00,D5,02,00,00
43561000,2C5,false,Rx,0,8,00,00,00,00,00,00,00,00
43561000,2C6,false,Rx,0,8,F4,01,84,03,00,00,00,00
43573000,54,false,Rx,0,8,01,01,FE,FF,FE,FF,00,00
43573000,55,false,Rx,0,8,10,27,00,00,00,00,00,00
43584000,56,false,Rx,0,8,10,27,00,00,00,00,00,00
43584000,57,false,Rx,0,8,00,00,FE,FF,FE,FF,00,00
43584000,60D,false,Rx,0,8,0D,10,DF,23,02,20,70,00
43623000,625,false,Rx,0,8,25,00,11,43,FD,BB,E4,01
43683000,60D,false,Rx,0,8,0D,10,DF,23,02,20,70,00
43723000,625,false,Rx,0,8,25,00,11,43,FD,BB,E4,01
43761000,2C4,false,Rx,0,8,05,00,00,00,D5,02,00,00
43761000,2C5,false,Rx,0,8,00,00,00,00,00,00,00,00
43761000,2C6,false,Rx,0,8,F4,01,84,03,00,00,00,00
43773000,54,false,Rx,0,8,01,01,FE,FF,FE,FF,00,00
43773000,55,false,Rx,0,8,10,27,00,00,00,00,00,00
43784000,56,false,Rx,0,8,10,27,00,00,00,00,00,00
43784000,57,false,Rx,0,8,00,00,FE,FF,FE,FF,00,00
43784000,60D,false,Rx,0,8,0D,10,DF,23,02,20,70,00
43823000,625,false,Rx,0,8,25,00,11,43,FD,BB,E4,01
43883000,60D,false,Rx,0,8,0D,10,DF,23,02,20,70,00
43923000,625,false,Rx,0,8,25,00,11,43,FD,BB,E4,01
43961000,2C4,false,Rx,0,8,05,00,00,00,D5,02,00,00
43961000,2C5,false,Rx,0,8,00,00,00,00,00,00,00,00
43961000,2C6,false,Rx,0,8,F4,01,84,03,00,00,00,00
43973000,54,false,Rx,0,8,01,01,FE,FF,FE,FF,00,00
43973000,55,false,Rx,0,8,10,27,00,00,00,00,00,00
43984000,56,false,Rx,0,8,10,27,00,00,00,00,00,00
43984000,57,false,Rx,0,8,00,00,FE,FF,FE,FF,00,00
43984000,60D,false,Rx,0,8,0D,10,DF,23,02,20,70,00
44023000,625,false,Rx,0,8,25,00,11,43,FD,BB,E4,01
44083000,60D,false,Rx,0,8,0D,10,DF,23,02,20,70,00
44123000,625,false,Rx,0,8,25,00,11,43,FD,BB,E4,01
44161000,2C4,false,Rx,0,8,05,00,00,00,D5,02,00,00
44161000,2C5,false,Rx,0,8,00,00,00,00,00,00,00,00
44161000,2C6,false,Rx,0,8,F4,01,84,03,00,00,00,00
44173000,54,false,Rx,0,8,01,01,FE,FF,FE,FF,00,00
44173000,55,false,Rx,0,8,10,27,00,00,00,00,00,00
44184000,56,false,Rx,0,8,10,27,00,00,00,00,00,00
44184000,57,false,Rx,0,8,00,00,FE,FF,FE,FF,00,00
44184000,60D,false,Rx,0,8,0D,10,DF,23,02,20,70,00
44223000,625,false,Rx,0,8,25,00,11,43,FD,BB,E4,01
44283000,60D,false,Rx,0,8,0D,10,DF,23,02,20,70,00
44323000,625,false,Rx,0,8,25,00,11,43,FD,BB,E4,01
44361000,2C4,false,Rx,0,8,05,00,00,00,D5,02,00,00
44361000,2C5,false,Rx,0,8,00,00,00,00,00,00,00,00
44361000,2C6,false,Rx,0,8,F4,01,84,03,00,00,00,00
44373000,54,false,Rx,0,8,01,01,FE,FF,FE,FF,00,00
44373000,55,false,Rx,0,8,10,27,00,00,00,00,00,00
44383000,56,false,Rx,0,8,10,27,00,00,00,00,00,00
44384000,57,false,Rx,0,8,00,00,FE,FF,FE,FF,00,00
44384000,60D,false,Rx,0,8,0D,10,DF,23,02,20,70,00
44423000,625,false,Rx,0,8,25,00,11,43,FD,BB,E4,01
44483000,60D,false,Rx,0,8,0D,10,DF,23,02,20,70,00
44523000,625,false,Rx,0,8,25,00,11,43,FD,BB,E4,01
44561000,2C4,false,Rx,0,8,05,00,00,00,D5,02,00,00
44561000,2C5,false,Rx,0,8,00,00,00,00,00,00,00,00
44561000,2C6,false,Rx,0,8,F4,01,84,03,00,00,00,00
44573000,54,false,Rx,0,8,01,01,FE,FF,FE,FF,00,00
44573000,55,false,Rx,0,8,10,27,00,00,00,00,00,00
44583000,56,false,Rx,0,8,10,27,00,00,00,00,00,00
44584000,57,false,Rx,0,8,00,00,FE,FF,FE,FF,00,00
44584000,60D,false,Rx,0,8,0D,10,DF,23,02,20,70,00
44623000,625,false,Rx,0,8,25,00,11,43,FD,BB,E4,01
44683000,60D,false,Rx,0,8,0D,10,DF,23,02,20,70,00
44723000,625,false,Rx,0,8,25,00,11,43,FD,BB,E4,01
44761000,2C4,false,Rx,0,8,05,00,00,00,D5,02,00,00
44761000,2C5,false,Rx,0,8,00,00,00,00,00,00,00,00
44761000,2C6,false,Rx,0,8,F4,01,84,03,00,00,00,00
44773000,54,false,Rx,0,8,01,01,FE,FF,FE,FF,00,00
44773000,55,false,Rx,0,8,10,27,00,00,00,00,00,00
44783000,56,false,Rx,0,8,10,27,00,00,00,00,00,00
44784000,57,false,Rx,0,8,00,00,FE,FF,FE,FF,00,00
44784000,60D,false,Rx,0,8,0D,10,DF,23,02,20,70,00
44823000,625,false,Rx,0,8,25,00,11,43,FD,BB,E4,01
44883000,60D,false,Rx,0,8,0D,10,DF,23,02,20,70,00
44923000,625,false,Rx,0,8,25,00,11,43,FD,BB,E4,01
44961000,2C4,false,Rx,0,8,05,00,00,00,D5,02,00,00
44961000,2C5,false,Rx,0,8,00,00,00,00,00,00,00,00
44961000,2C6,false,Rx,0,8,F4,01,84,03,00,00,00,00
44973000,54,false,Rx,0,8,01,01,FE,FF,FE,FF,00,00
44973000,55,false,Rx,0,8,10,27,00,00,00,00,00,00
44983000,56,false,Rx,0,8,10,27,00,00,00,00,00,00
44984000,57,false,Rx,0,8,00,00,FE,FF,FE,FF,00,00
44984000,60D,false,Rx,0,8,0D,10,DF,23,02,20,70,00
45023000,625,false,Rx,0,8,25,00,11,43,FD,BB,E4,01
45083000,60D,false,Rx,0,8,0D,10,DF,23,02,20,70,00
45123000,625,false,Rx,0,8,25,00,11,43,FD,BB,E4,01
45161000,2C4,false,Rx,0,8,05,00,00,00,D5,02,00,00
45161000,2C5,false,Rx,0,8,00,00,00,00,00,00,00,00
45161000,2C6,false,Rx,0,8,F4,01,84,03,00,00,00,00
45173000,54,false,Rx,0,8,01,01,FE,FF,FE,FF,00,00
45173000,55,false,Rx,0,8,10,27,00,00,00,00,00,00
45183000,56,false,Rx,0,8,10,27,00,00,00,00,00,00
45184000,57,false,Rx,0,8,00,00,FE,FF,FE,FF,00,00
45184000,60D,false,Rx,0,8,0D,10,DF,23,02,20,70,00
45223000,625,false,Rx,0,8,25,00,11,43,FD,BB,E4,01
45283000,60D,false,Rx,0,8,0D,10,DF,23,02,20,70,00
45323000,625,false,Rx,0,8,25,00,11,43,FD,BB,E4,01
45361000,2C4,false,Rx,0,8,05,00,00,00,D5,02,00,00
45361000,2C5,false,Rx,0,8,00,00,00,00,00,00,00,00
45361000,2C6,false,Rx,0,8,F4,01,84,03,00,00,00,00
45373000,54,false,Rx,0,8,01,01,FE,FF,FE,FF,00,00
45373000,55,false,Rx,0,8,10,27,00,00,00,00,00,00
45384000,56,false,Rx,0,8,10,27,00,00,00,00,00,00
45384000,57,false,Rx,0,8,00,00,FE,FF,FE,FF,00,00
45384000,60D,false,Rx,0,8,0D,10,DF,23,02,20,70,00
45423000,625,false,Rx,0,8,25,00,11,43,FD,BB,E4,01
45483000,60D,false,Rx,0,8,0D,10,DF,23,02,20,70,00
45523000,625,false,Rx,0,8,25,00,11,43,FD,BB,E4,01
45561000,2C4,false,Rx,0,8,05,00,00,00,D5,02,00,00
45561000,2C5,false,Rx,0,8,00,00,00,00,00,00,00,00
45561000,2C6,false,Rx,0,8,F4,01,84,03,00,00,00,00
45573000,54,false,Rx,0,8,01,01,FE,FF,FE,FF,00,00
45573000,55,false,Rx,0,8,10,27,00,00,00,00,00,00
45584000,56,false,Rx,0,8,10,27,00,00,00,00,00,00
45584000,57,false,Rx,0,8,00,00,FE,FF,FE,FF,00,00
45584000,60D,false,Rx,0,8,0D,10,DF,23,02,20,70,00
45623000,625,false,Rx,0,8,25,00,11,43,FD,BB,E4,01
45683000,60D,false,Rx,0,8,0D,10,DF,23,02,20,70,00
45723000,625,false,Rx,0,8,25,00,11,43,FD,BB,E4,01
45761000,2C4,false,Rx,0,8,05,00,00,00,D5,02,00,00
45761000,2C5,false,Rx,0,8,00,00,00,00,00,00,00,00
45761000,2C6,false,Rx,0,8,F4,01,84,03,00,00,00,00
45773000,54,false,Rx,0,8,01,01,FE,FF,FE,FF,00,00
45773000,55,false,Rx,0,8,10,27,00,00,00,00,00,00
45784000,56,false,Rx,0,8,10,27,00,00,00,00,00,00
45784000,57,false,Rx,0,8,00,00,FE,FF,FE,FF,00,00
45784000,60D,false,Rx,0,8,0D,10,DF,23,02,20,70,00
45823000,625,false,Rx,0,8,25,00,11,43,FD,BB,E4,01
45883000,60D,false,Rx,0,8,0D,10,DF,23,02,20,70,00
45923000,625,false,Rx,0,8,25,00,11,43,FD,BB,E4,01
45961000,2C4,false,Rx,0,8,05,00,00,00,D5,02,00,00
45961000,2C5,false,Rx,0,8,00,00,00,00,00,00,00,00
45961000,2C6,false,Rx,0,8,F4,01,84,03,00,00,00,00
45973000,54,false,Rx,0,8,01,01,FE,FF,FE,FF,00,00
45973000,55,false,Rx,0,8,10,27,00,00,00,00,00,00
45984000,56,false,Rx,0,8,10,27,00,00,00,00,00,00
45984000,57,false,Rx,0,8,00,00,FE,FF,FE,FF,00,00
45984000,60D,false,Rx,0,8,0D,10,DF,23,02,20,70,00
46023000,625,false,Rx,0,8,25,00,11,43,FD,BB,E4,01
46083000,60D,false,Rx,0,8,0D,10,DF,23,02,20,70,00
46123000,625,false,Rx,0,8,25,00,11,43,FD,BB,E4,01
46161000,2C4,false,Rx,0,8,05,00,00,00,D2,02,00,00
46161000,2C5,false,Rx,0,8,00,00,00,00,00,00,00,00
46161000,2C6,false,Rx,0,8,F4,01,84,03,00,00,00,00
46173000,54,false,Rx,0,8,01,01,FE,FF,FE,FF,00,00
46173000,55,false,Rx,0,8,10,27,00,00,00,00,00,00
46183000,56,false,Rx,0,8,10,27,00,00,00,00,00,00
46184000,57,false,Rx,0,8,00,00,FE,FF,FE,FF,00,00
46184000,60D,false,Rx,0,8,0D,10,DF,23,02,20,70,00
46223000,625,false,Rx,0,8,25,00,11,43,FD,BB,E4,01
46283000,60D,false,Rx,0,8,0D,10,DF,23,02,20,70,00
46323000,625,false,Rx,0,8,25,00,11,43,FD,BB,E4,01
46361000,2C4,false,Rx,0,8,05,00,00,00,D5,02,00,00
46361000,2C5,false,Rx,0,8,00,00,00,00,00,00,00,00
46361000,2C6,false,Rx,0,8,F4,01,84,03,00,00,00,00
46373000,54,false,Rx,0,8,01,01,FE,FF,FE,FF,00,00
46373000,55,false,Rx,0,8,10,27,00,00,00,00,00,00
46383000,56,false,Rx,0,8,10,27,00,00,00,00,00,00
46384000,57,false,Rx,0,8,00,00,FE,FF,FE,FF,00,00
46384000,60D,false,Rx,0,8,0D,10,DF,23,02,20,70,00
46423000,625,false,Rx,0,8,25,00,11,43,FD,BB,E4,01
46483000,60D,false,Rx,0,8,0D,10,DF,23,02,20,70,00
46523000,625,false,Rx,0,8,25,00,11,43,FD,BB,E4,01
46561000,2C4,false,Rx,0,8,05,00,00,00,D2,02,00,00
46561000,2C5,false,Rx,0,8,00,00,00,00,00,00,00,00
46561000,2C6,false,Rx,0,8,F4,01,84,03,00,00,00,00
46573000,54,false,Rx,0,8,01,01,FE,FF,FE,FF,00,00
46573000,55,false,Rx,0,8,10,27,00,00,00,00,00,00
46584000,56,false,Rx,0,8,10,27,00,00,00,00,00,00
46584000,57,false,Rx,0,8,00,00,FE,FF,FE,FF,00,00
46584000,60D,false,Rx,0,8,0D,10,DF,23,02,20,70,00
46623000,625,false,Rx,0,8,25,00,11,43,FD,BB,E4,01
46683000,60D,false,Rx,0,8,0D,10,DF,23,02,20,70,00
46723000,625,false,Rx,0,8,25,00,11,43,FD,BB,E4,01
46761000,2C4,false,Rx,0,8,05,00,00,00,D5,02,00,00
46761000,2C5,false,Rx,0,8,00,00,00,00,00,00,00,00
46761000,2C6,false,Rx,0,8,F4,01,84,03,00,00,00,00
46773000,54,false,Rx,0,8,01,01,FE,FF,FE,FF,00,00
46773000,55,false,Rx,0,8,10,27,00,00,00,00,00,00
46783000,56,false,Rx,0,8,10,27,00,00,00,00,00,00
46784000,57,false,Rx,0,8,00,00,FE,FF,FE,FF,00,00
46784000,60D,false,Rx,0,8,0D,10,DF,23,02,20,70,00
46823000,625,false,Rx,0,8,25,00,11,43,FD,BB,E4,01
46883000,60D,false,Rx,0,8,0D,10,DF,23,02,20,70,00
46923000,625,false,Rx,0,8,25,00,11,43,FD,BB,E4,01
46961000,2C4,false,Rx,0,8,05,00,00,00,D2,02,00,00
46961000,2C5,false,Rx,0,8,00,00,00,00,00,00,00,00
46961000,2C6,false,Rx,0,8,F4,01,84,03,00,00,00,00
46973000,54,false,Rx,0,8,01,01,FE,FF,FE,FF,00,00
46973000,55,false,Rx,0,8,10,27,00,00,00,00,00,00
46984000,56,false,Rx,0,8,10,27,00,00,00,00,00,00
46984000,57,false,Rx,0,8,00,00,FE,FF,FE,FF,00,00
46984000,60D,false,Rx,0,8,0D,10,DF,23,02,20,70,00
47023000,625,false,Rx,0,8,25,00,11,43,FD,BB,E4,01
47083000,60D,false,Rx,0,8,0D,10,DF,23,02,20,70,00
47123000,625,false,Rx,0,8,25,00,11,43,FD,BB,E4,01
47161000,2C4,false,Rx,0,8,05,00,00,00,D5,02,00,00
47161000,2C5,false,Rx,0,8,00,00,00,00,00,00,00,00
47161000,2C6,false,Rx,0,8,F4,01,84,03,00,00,00,00
47173000,54,false,Rx,0,8,01,01,FE,FF,FE,FF,00,00
47173000,55,false,Rx,0,8,10,27,00,00,00,00,00,00
47183000,56,false,Rx,0,8,10,27,00,00,00,00,00,00
47184000,57,false,Rx,0,8,00,00,FE,FF,FE,FF,00,00
47184000,60D,false,Rx,0,8,0D,10,DF,23,02,20,70,00
47223000,625,false,Rx,0,8,25,00,11,43,FD,BB,E4,01
47283000,60D,false,Rx,0,8,0D,10,DF,23,02,20,70,00
47322000,625,false,Rx,0,8,25,00,11,43,FD,BB,E4,01
47361000,2C4,false,Rx,0,8,05,00,00,00,D2,02,00,00
47361000,2C5,false,Rx,0,8,00,00,00,00,00,00,00,00
47361000,2C6,false,Rx,0,8,F4,01,84,03,00,00,00,00
47373000,54,false,Rx,0,8,01,01,FE,FF,FE,FF,00,00
47373000,55,false,Rx,0,8,10,27,00,00,00,00,00,00
47384000,56,false,Rx,0,8,10,27,00,00,00,00,00,00
47384000,57,false,Rx,0,8,00,00,FE,FF,FE,FF,00,00
47384000,60D,false,Rx,0,8,0D,10,DF,23,02,20,70,00
47423000,625,false,Rx,0,8,25,00,11,43,FD,BB,E4,01
47483000,60D,false,Rx,0,8,0D,10,DF,23,02,20,70,00
47522000,625,false,Rx,0,8,25,00,11,43,FD,BB,E4,01
47561000,2C4,false,Rx,0,8,05,00,00,00,D5,02,00,00
47561000,2C5,false,Rx,0,8,00,00,00,00,00,00,00,00
47561000,2C6,false,Rx,0,8,F4,01,84,03,00,00,00,00
47573000,54,false,Rx,0,8,01,01,FE,FF,FE,FF,00,00
47573000,55,false,Rx,0,8,10,27,00,00,00,00,00,00
47584000,56,false,Rx,0,8,10,27,00,00,00,00,00,00
47584000,57,false,Rx,0,8,00,00,FE,FF,FE,FF,00,00
47584000,60D,false,Rx,0,8,0D,10,DF,23,02,20,70,00
47622000,625,false,Rx,0,8,25,00,11,43,FD,BB,E4,01
47683000,60D,false,Rx,0,8,0D,10,DF,23,02,20,70,00
47722000,625,false,Rx,0,8,25,00,11,43,FD,BB,E4,01
47761000,2C4,false,Rx,0,8,05,00,00,00,D2,02,00,00
47761000,2C5,false,Rx,0,8,00,00,00,00,00,00,00,00
47761000,2C6,false,Rx,0,8,F4,01,84,03,00,00,00,00
47773000,54,false,Rx,0,8,01,01,FE,FF,FE,FF,00,00
47773000,55,false,Rx,0,8,10,27,00,00,00,00,00,00
47783000,56,false,Rx,0,8,10,27,00,00,00,00,00,00
47784000,57,false,Rx,0,8,00,00,FE,FF,FE,FF,00,00
47784000,60D,false,Rx,0,8,0D,10,DF,23,02,20,70,00
47822000,625,false,Rx,0,8,25,00,11,43,FD,BB,E4,01
47883000,60D,false,Rx,0,8,0D,10,DF,23,02,20,70,00
47922000,625,false,Rx,0,8,25,00,11,43,FD,BB,E4,01
47961000,2C4,false,Rx,0,8,05,00,00,00,D5,02,00,00
47961000,2C5,false,Rx,0,8,00,00,00,00,00,00,00,00
47961000,2C6,false,Rx,0,8,F4,01,84,03,00,00,00,00
47973000,54,false,Rx,0,8,01,01,FE,FF,FE,FF,00,00
47973000,55,false,Rx,0,8,10,27,00,00,00,00,00,00
47983000,56,false,Rx,0,8,10,27,00,00,00,00,00,00
47984000,57,false,Rx,0,8,00,00,FE,FF,FE,FF,00,00
47984000,60D,false,Rx,0,8,0D,10,DF,23,02,20,70,00
48022000,625,false,Rx,0,8,25,00,11,43,FD,BB,E4,01
48083000,60D,false,Rx,0,8,0D,10,DF,23,02,20,70,00
48122000,625,false,Rx,0,8,25,00,11,43,FD,BB,E4,01
48161000,2C4,false,Rx,0,8,05,00,00,00,D2,02,00,00
48161000,2C5,false,Rx,0,8,00,00,00,00,00,00,00,00
48161000,2C6,false,Rx,0,8,F4,01,84,03,00,00,00,00
48173000,54,false,Rx,0,8,01,01,FE,FF,FE,FF,00,00
48173000,55,false,Rx,0,8,10,27,00,00,00,00,00,00
48183000,56,false,Rx,0,8,10,27,00,00,00,00,00,00
48184000,57,false,Rx,0,8,00,00,FE,FF,FE,FF,00,00
48184000,60D,false,Rx,0,8,0D,10,DF,23,02,20,70,00
48222000,625,false,Rx,0,8,25,00,11,43,FD,BB,E4,01
48283000,60D,false,Rx,0,8,0D,10,DF,23,02,20,70,00
48322000,625,false,Rx,0,8,25,00,11,43,FD,BB,E4,01
48361000,2C4,false,Rx,0,8,05,00,00,00,D5,02,00,00
48361000,2C5,false,Rx,0,8,00,00,00,00,00,00,00,00
48361000,2C6,false,Rx,0,8,F4,01,84,03,00,00,00,00
48373000,54,false,Rx,0,8,01,01,FE,FF,FE,FF,00,00
48373000,55,false,Rx,0,8,10,27,00,00,00,00,00,00
48383000,56,false,Rx,0,8,10,27,00,00,00,00,00,00
48384000,57,false,Rx,0,8,00,00,FE,FF,FE,FF,00,00
48384000,60D,false,Rx,0,8,0D,10,DF,23,02,20,70,00
48422000,625,false,Rx,0,8,25,00,11,43,FD,BB,E4,01
48483000,60D,false,Rx,0,8,0D,10,DF,23,02,20,70,00
48522000,625,false,Rx,0,8,25,00,11,43,FD,BB,E4,01
48561000,2C4,false,Rx,0,8,05,00,00,00,D5,02,00,00
48561000,2C5,false,Rx,0,8,00,00,00,00,00,00,00,00
48561000,2C6,false,Rx,0,8,F4,01,84,03,00,00,00,00
48573000,54,false,Rx,0,8,01,01,FE,FF,FE,FF,00,00
48573000,55,false,Rx,0,8,10,27,00,00,00,00,00,00
48584000,56,false,Rx,0,8,10,27,00,00,00,00,00,00
48584000,57,false,Rx,0,8,00,00,FE,FF,FE,FF,00,00
48584000,60D,false,Rx,0,8,0D,10,DF,23,02,20,70,00
48622000,625,false,Rx,0,8,25,00,11,43,FD,BB,E4,01
48683000,60D,false,Rx,0,8,0D,10,DF,23,02,20,70,00
48722000,625,false,Rx,0,8,25,00,11,43,FD,BB,E4,01
48761000,2C4,false,Rx,0,8,05,00,00,00,D2,02,00,00
48761000,2C5,false,Rx,0,8,00,00,00,00,00,00,00,00
48761000,2C6,false,Rx,0,8,F4,01,84,03,00,00,00,00
48773000,54,false,Rx,0,8,01,01,FE,FF,FE,FF,00,00
48773000,55,false,Rx,0,8,10,27,00,00,00,00,00,00
48784000,56,false,Rx,0,8,10,27,00,00,00,00,00,00
48784000,57,false,Rx,0,8,00,00,FE,FF,FE,FF,00,00
48784000,60D,false,Rx,0,8,0D,10,DF,23,02,20,70,00
48822000,625,false,Rx,0,8,25,00,11,43,FD,BB,E4,01
48883000,60D,false,Rx,0,8,0D,10,DF,23,02,20,70,00
48922000,625,false,Rx,0,8,25,00,11,43,FD,BB,E4,01
48961000,2C4,false,Rx,0,8,05,00,00,00,D2,02,00,00
48961000,2C5,false,Rx,0,8,00,00,00,00,00,00,00,00
48961000,2C6,false,Rx,0,8,F4,01,84,03,00,00,00,00
48973000,54,false,Rx,0,8,01,01,FE,FF,FE,FF,00,00
48973000,55,false,Rx,0,8,10,27,00,00,00,00,00,00
48983000,56,false,Rx,0,8,10,27,00,00,00,00,00,00
48984000,57,false,Rx,0,8,00,00,FE,FF,FE,FF,00,00
48984000,60D,false,Rx,0,8,0D,10,DF,23,02,20,70,00
49022000,625,false,Rx,0,8,25,00,11,43,FD,BB,E4,01
49083000,60D,false,Rx,0,8,0D,10,DF,23,02,20,70,00
49122000,625,false,Rx,0,8,25,00,11,43,FD,BB,E4,01
49161000,2C4,false,Rx,0,8,05,00,00,00,D2,02,00,00
49161000,2C5,false,Rx,0,8,00,00,00,00,00,00,00,00
49161000,2C6,false,Rx,0,8,F4,01,84,03,00,00,00,00
49173000,54,false,Rx,0,8,01,01,FE,FF,FE,FF,00,00
49173000,55,false,Rx,0,8,10,27,00,00,00,00,00,00
49184000,56,false,Rx,0,8,10,27,00,00,00,00,00,00
49184000,57,false,Rx,0,8,00,00,FE,FF,FE,FF,00,00
49184000,60D,false,Rx,0,8,0D,10,DF,23,02,20,70,00
49222000,625,false,Rx,0,8,25,00,11,43,FD,BB,E4,01
49283000,60D,false,Rx,0,8,0D,10,DF,23,02,20,70,00
49322000,625,false,Rx,0,8,25,00,11,43,FD,BB,E4,01
49361000,2C4,false,Rx,0,8,05,00,00,00,D2,02,00,00
49361000,2C5,false,Rx,0,8,00,00,00,00,00,00,00,00
49361000,2C6,false,Rx,0,8,F4,01,84,03,00,00,00,00
49373000,54,false,Rx,0,8,01,01,FE,FF,FE,FF,00,00
49373000,55,false,Rx,0,8,10,27,00,00,00,00,00,00
49384000,56,false,Rx,0,8,10,27,00,00,00,00,00,00
49384000,57,false,Rx,0,8,00,00,FE,FF,FE,FF,00,00
49384000,60D,false,Rx,0,8,0D,10,DF,23,02,20,70,00
49422000,625,false,Rx,0,8,25,00,11,43,FD,BB,E4,01
49483000,60D,false,Rx,0,8,0D,10,DF,23,02,20,70,00
49522000,625,false,Rx,0,8,25,00,11,43,FD,BB,E4,01
49561000,2C4,false,Rx,0,8,05,00,00,00,D5,02,00,00
49561000,2C5,false,Rx,0,8,00,00,00,00,00,00,00,00
49561000,2C6,false,Rx,0,8,F4,01,84,03,00,00,00,00
49573000,54,false,Rx,0,8,01,01,FE,FF,FE,FF,00,00
49573000,55,false,Rx,0,8,10,27,00,00,00,00,00,00
49583000,56,false,Rx,0,8,10,27,00,00,00,00,00,00
49584000,57,false,Rx,0,8,00,00,FE,FF,FE,FF,00,00
49584000,60D,false,Rx,0,8,0D,10,DF,23,02,20,70,00
49622000,625,false,Rx,0,8,25,00,11,43,FD,BB,E4,01
49683000,60D,false,Rx,0,8,0D,10,DF,23,02,20,70,00
49722000,625,false,Rx,0,8,25,00,11,43,FD,BB,E4,01
49760000,2C4,false,Rx,0,8,05,00,00,00,D2,02,00,00
49761000,2C5,false,Rx,0,8,00,00,00,00,00,00,00,00
49761000,2C6,false,Rx,0,8,F4,01,84,03,00,00,00,00
49773000,54,false,Rx,0,8,01,01,FE,FF,FE,FF,00,00
49773000,55,false,Rx,0,8,10,27,00,00,00,00,00,00
49783000,56,false,Rx,0,8,10,27,00,00,00,00,00,00
49784000,57,false,Rx,0,8,00,00,FE,FF,FE,FF,00,00
49784000,60D,false,Rx,0,8,0D,10,DF,23,02,20,70,00
49822000,625,false,Rx,0,8,25,00,11,43,FD,BB,E4,01
49883000,60D,false,Rx,0,8,0D,10,DF,23,02,20,70,00
49922000,625,false,Rx,0,8,25,00,11,43,FD,BB,E4,01
49960000,2C4,false,Rx,0,8,05,00,00,00,D5,02,00,00
49961000,2C5,false,Rx,0,8,00,00,00,00,00,00,00,00
49961000,2C6,false,Rx,0,8,F4,01,84,03,00,00,00,00
49973000,54,false,Rx,0,8,01,01,FE,FF,FE,FF,00,00
49973000,55,false,Rx,0,8,10,27,00,00,00,00,00,00
49983000,56,false,Rx,0,8,10,27,00,00,00,00,00,00
49984000,57,false,Rx,0,8,00,00,FE,FF,FE,FF,00,00
49984000,60D,false,Rx,0,8,0D,10,DF,23,02,20,70,00
50022000,625,false,Rx,0,8,25,00,11,43,FD,BB,E4,01
50083000,60D,false,Rx,0,8,0D,10,DF,23,02,20,70,00
50122000,625,false,Rx,0,8,25,00,11,43,FD,BB,E4,01
50160000,2C4,false,Rx,0,8,05,00,00,00,D2,02,00,00
50161000,2C5,false,Rx,0,8,00,00,00,00,00,00,00,00
50161000,2C6,false,Rx,0,8,F4,01,84,03,00,00,00,00
50173000,54,false,Rx,0,8,01,01,FE,FF,FE,FF,00,00
50173000,55,false,Rx,0,8,10,27,00,00,00,00,00,00
50183000,56,false,Rx,0,8,10,27,00,00,00,00,00,00
50184000,57,false,Rx,0,8,00,00,FE,FF,FE,FF,00,00
50184000,60D,false,Rx,0,8,0D,10,DF,23,02,20,70,00
50222000,625,false,Rx,0,8,25,00,11,43,FD,BB,E4,01
50283000,60D,false,Rx,0,8,0D,10,DF,23,02,20,70,00
50322000,625,false,Rx,0,8,25,00,11,43,FD,BB,E4,01
50360000,2C4,false,Rx,0,8,05,00,00,00,D2,02,00,00
50361000,2C5,false,Rx,0,8,00,00,00,00,00,00,00,00
50361000,2C6,false,Rx,0,8,F4,01,84,03,00,00,00,00
50373000,54,false,Rx,0,8,01,01,FE,FF,FE,FF,00,00
50373000,55,false,Rx,0,8,10,27,00,00,00,00,00,00
50383000,56,false,Rx,0,8,10,27,00,00,00,00,00,00
50384000,57,false,Rx,0,8,00,00,FE,FF,FE,FF,00,00
50384000,60D,false,Rx,0,8,0D,10,DF,23,02,20,70,00
50422000,625,false,Rx,0,8,25,00,11,43,FD,BB,E4,01
50483000,60D,false,Rx,0,8,0D,10,DF,23,02,20,70,00
50522000,625,false,Rx,0,8,25,00,11,43,FD,BB,E4,01
50560000,2C4,false,Rx,0,8,05,00,00,00,D2,02,00,00
50561000,2C5,false,Rx,0,8,00,00,00,00,00,00,00,00
50561000,2C6,false,Rx,0,8,F4,01,84,03,00,00,00,00
50573000,54,false,Rx,0,8,01,01,FE,FF,FE,FF,00,00
50573000,55,false,Rx,0,8,10,27,00,00,00,00,00,00
50583000,56,false,Rx,0,8,10,27,00,00,00,00,00,00
50584000,57,false,Rx,0,8,00,00,FE,FF,FE,FF,00,00
50584000,60D,false,Rx,0,8,0D,10,DF,23,02,20,70,00
50622000,625,false,Rx,0,8,25,00,11,43,FD,BB,E4,01
50683000,60D,false,Rx,0,8,0D,10,DF,23,02,20,70,00
50722000,625,false,Rx,0,8,25,00,11,43,FD,BB,E4,01
50760000,2C4,false,Rx,0,8,05,00,00,00,D2,02,00,00
50761000,2C5,false,Rx,0,8,00,00,00,00,00,00,00,00
50761000,2C6,false,Rx,0,8,F4,01,84,03,00,00,00,00
50773000,54,false,Rx,0,8,01,01,FE,FF,FE,FF,00,00
50773000,55,false,Rx,0,8,10,27,00,00,00,00,00,00
50783000,56,false,Rx,0,8,10,27,00,00,00,00,00,00
50784000,57,false,Rx,0,8,00,00,FE,FF,FE,FF,00,00
50784000,60D,false,Rx,0,8,0D,10,DF,23,02,20,70,00
50822000,625,false,Rx,0,8,25,00,11,43,FD,BB,E4,01
50883000,60D,false,Rx,0,8,0D,10,DF,23,02,20,70,00
50922000,625,false,Rx,0,8,25,00,11,43,FD,BB,E4,01
50960000,2C4,false,Rx,0,8,05,00,00,00,D2,02,00,00
50961000,2C5,false,Rx,0,8,00,00,00,00,00,00,00,00
50961000,2C6,false,Rx,0,8,F4,01,84,03,00,00,00,00
50973000,54,false,Rx,0,8,01,01,FE,FF,FE,FF,00,00
50973000,55,false,Rx,0,8,10,27,00,00,00,00,00,00
50983000,56,false,Rx,0,8,10,27,00,00,00,00,00,00
50984000,57,false,Rx,0,8,00,00,FE,FF,FE,FF,00,00
50984000,60D,false,Rx,0,8,0D,10,DF,23,02,20,70,00
51022000,625,false,Rx,0,8,25,00,11,43,FD,BB,E4,01
51083000,60D,false,Rx,0,8,0D,10,DF,23,02,20,70,00
51122000,625,false,Rx,0,8,25,00,11,43,FD,BB,E4,01
51160000,2C4,false,Rx,0,8,05,00,00,00,D2,02,00,00
51161000,2C5,false,Rx,0,8,00,00,00,00,00,00,00,00
51161000,2C6,false,Rx,0,8,F4,01,84,03,00,00,00,00
51173000,54,false,Rx,0,8,01,01,FE,FF,FE,FF,00,00
51173000,55,false,Rx,0,8,10,27,00,00,00,00,00,00
51183000,56,false,Rx,0,8,10,27,00,00,00,00,00,00
51184000,57,false,Rx,0,8,00,00,FE,FF,FE,FF,00,00
51184000,60D,false,Rx,0,8,0D,10,DF,23,02,20,70,00
51222000,625,false,Rx,0,8,25,00,11,43,FD,BB,E4,01
51283000,60D,false,Rx,0,8,0D,10,DF,23,02,20,70,00
51322000,625,false,Rx,0,8,25,00,11,43,FD,BB,E4,01
51360000,2C4,false,Rx,0,8,05,00,00,00,D2,02,00,00
51361000,2C5,false,Rx,0,8,00,00,00,00,00,00,00,00
51361000,2C6,false,Rx,0,8,F4,01,84,03,00,00,00,00
51373000,54,false,Rx,0,8,01,01,FE,FF,FE,FF,00,00
51373000,55,false,Rx,0,8,10,27,00,00,00,00,00,00
51383000,56,false,Rx,0,8,10,27,00,00,00,00,00,00
51384000,57,false,Rx,0,8,00,00,FE,FF,FE,FF,00,00
51384000,60D,false,Rx,0,8,0D,10,DF,23,02,20,70,00
51422000,625,false,Rx,0,8,25,00,11,43,FD,BB,E4,01
51483000,60D,false,Rx,0,8,0D,10,DF,23,02,20,70,00
51522000,625,false,Rx,0,8,25,00,11,43,FD,BB,E4,01
51560000,2C4,false,Rx,0,8,05,00,00,00,D2,02,00,00
51561000,2C5,false,Rx,0,8,00,00,00,00,00,00,00,00
51561000,2C6,false,Rx,0,8,F4,01,84,03,00,00,00,00
51573000,54,false,Rx,0,8,01,01,FE,FF,FE,FF,00,00
51573000,55,false,Rx,0,8,10,27,00,00,00,00,00,00
51583000,56,false,Rx,0,8,10,27,00,00,00,00,00,00
51584000,57,false,Rx,0,8,00,00,FE,FF,FE,FF,00,00
51584000,60D,false,Rx,0,8,0D,10,DF,23,02,20,70,00
51622000,625,false,Rx,0,8,25,00,11,43,FD,BB,E4,01
51683000,60D,false,Rx,0,8,0D,10,DF,23,02,20,70,00
51722000,625,false,Rx,0,8,25,00,11,43,FD,BB,E4,01
51760000,2C4,false,Rx,0,8,05,00,00,00,D2,02,00,00
51761000,2C5,false,Rx,0,8,00,00,00,00,00,00,00,00
51761000,2C6,false,Rx,0,8,F4,01,84,03,00,00,00,00
51773000,54,false,Rx,0,8,01,01,FE,FF,FE,FF,00,00
51773000,55,false,Rx,0,8,10,27,00,00,00,00,00,00
51783000,56,false,Rx,0,8,10,27,00,00,00,00,00,00
51784000,57,false,Rx,0,8,00,00,FE,FF,FE,FF,00,00
51784000,60D,false,Rx,0,8,0D,10,DF,23,02,20,70,00
51822000,625,false,Rx,0,8,25,00,11,43,FD,BB,E4,01
51883000,60D,false,Rx,0,8,0D,10,DF,23,02,20,70,00
51922000,625,false,Rx,0,8,25,00,11,43,FD,BB,E4,01
51960000,2C4,false,Rx,0,8,05,00,00,00,D2,02,00,00
51961000,2C5,false,Rx,0,8,00,00,00,00,00,00,00,00
51961000,2C6,false,Rx,0,8,F4,01,84,03,00,00,00,00
51973000,54,false,Rx,0,8,01,01,FE,FF,FE,FF,00,00
51973000,55,false,Rx,0,8,10,27,00,00,00,00,00,00
51983000,56,false,Rx,0,8,10,27,00,00,00,00,00,00
51984000,57,false,Rx,0,8,00,00,FE,FF,FE,FF,00,00
51984000,60D,false,Rx,0,8,0D,10,DF,23,02,20,70,00
52022000,625,false,Rx,0,8,25,00,11,43,FD,BB,E4,01
52083000,60D,false,Rx,0,8,0D,10,DF,23,02,20,70,00
52122000,625,false,Rx,0,8,25,00,11,43,FD,BB,E4,01
52160000,2C4,false,Rx,0,8,05,00,00,00,D2,02,00,00
52161000,2C5,false,Rx,0,8,00,00,00,00,00,00,00,00
52161000,2C6,false,Rx,0,8,F4,01,84,03,00,00,00,00
52173000,54,false,Rx,0,8,01,01,FE,FF,FE,FF,00,00
52173000,55,false,Rx,0,8,10,27,00,00,00,00,00,00
52183000,56,false,Rx,0,8,10,27,00,00,00,00,00,00
52184000,57,false,Rx,0,8,00,00,FE,FF,FE,FF,00,00
52184000,60D,false,Rx,0,8,0D,10,DF,23,02,20,70,00
52222000,625,false,Rx,0,8,25,00,11,43,FD,BB,E4,01
52283000,60D,false,Rx,0,8,0D,10,DF,23,02,20,70,00
52322000,625,false,Rx,0,8,25,00,11,43,FD,BB,E4,01
52360000,2C4,false,Rx,0,8,05,00,00,00,D2,02,00,00
52361000,2C5,false,Rx,0,8,00,00,00,00,00,00,00,00
52361000,2C6,false,Rx,0,8,F4,01,84,03,00,00,00,00
52373000,54,false,Rx,0,8,01,01,FE,FF,FE,FF,00,00
52373000,55,false,Rx,0,8,10,27,00,00,00,00,00,00
52384000,56,false,Rx,0,8,10,27,00,00,00,00,00,00
52384000,57,false,Rx,0,8,00,00,FE,FF,FE,FF,00,00
52384000,60D,false,Rx,0,8,0D,10,DF,23,02,20,70,00
52422000,625,false,Rx,0,8,25,00,11,43,FD,BB,E4,01
52483000,60D,false,Rx,0,8,0D,10,DF,23,02,20,70,00
52522000,625,false,Rx,0,8,25,00,11,43,FD,BB,E4,01
52560000,2C4,false,Rx,0,8,05,00,00,00,D2,02,00,00
52561000,2C5,false,Rx,0,8,00,00,00,00,00,00,00,00
52561000,2C6,false,Rx,0,8,F4,01,84,03,00,00,00,00
52573000,54,false,Rx,0,8,01,01,FE,FF,FE,FF,00,00
52573000,55,false,Rx,0,8,10,27,00,00,00,00,00,00
52583000,56,false,Rx,0,8,10,27,00,00,00,00,00,00
52584000,57,false,Rx,0,8,00,00,FE,FF,FE,FF,00,00
52584000,60D,false,Rx,0,8,0D,10,DF,23,02,20,70,00
52622000,625,false,Rx,0,8,25,00,11,43,FD,BB,E4,01
52683000,60D,false,Rx,0,8,0D,10,DF,23,02,20,70,00
52722000,625,false,Rx,0,8,25,00,11,43,FD,BB,E4,01
52760000,2C4,false,Rx,0,8,05,00,00,00,D2,02,00,00
52761000,2C5,false,Rx,0,8,00,00,00,00,00,00,00,00
52761000,2C6,false,Rx,0,8,F4,01,84,03,00,00,00,00
52773000,54,false,Rx,0,8,01,01,FE,FF,FE,FF,00,00
52773000,55,false,Rx,0,8,10,27,00,00,00,00,00,00
52783000,56,false,Rx,0,8,10,27,00,00,00,00,00,00
52784000,57,false,Rx,0,8,00,00,FE,FF,FE,FF,00,00
52784000,60D,false,Rx,0,8,0D,10,DF,23,02,20,70,00
52822000,625,false,Rx,0,8,25,00,11,43,FD,BB,E4,01
52883000,60D,false,Rx,0,8,0D,10,DF,23,02,20,70,00
52922000,625,false,Rx,0,8,25,00,11,43,FD,BB,E4,01
52960000,2C4,false,Rx,0,8,05,00,00,00,D2,02,00,00
52961000,2C5,false,Rx,0,8,00,00,00,00,00,00,00,00
52961000,2C6,false,Rx,0,8,F4,01,84,03,00,00,00,00
52973000,54,false,Rx,0,8,01,01,FE,FF,FE,FF,00,00
52973000,55,false,Rx,0,8,10,27,00,00,00,00,00,00
52983000,56,false,Rx,0,8,10,27,00,00,00,00,00,00
52984000,57,false,Rx,0,8,00,00,FE,FF,FE,FF,00,00
52984000,60D,false,Rx,0,8,0D,10,DF,23,02,20,70,00
53022000,625,false,Rx,0,8,25,00,11,43,FD,BB,E4,01
53083000,60D,false,Rx,0,8,0D,10,DF,23,02,20,70,00
53122000,625,false,Rx,0,8,25,00,11,43,FD,BB,E4,01
53160000,2C4,false,Rx,0,8,05,00,00,00,D2,02,00,00
53161000,2C5,false,Rx,0,8,00,00,00,00,00,00,00,00
53161000,2C6,false,Rx,0,8,F4,01,84,03,00,00,00,00
53173000,54,false,Rx,0,8,01,01,FE,FF,FE,FF,00,00
53173000,55,false,Rx,0,8,10,27,00,00,00,00,00,00
53183000,56,false,Rx,0,8,10,27,00,00,00,00,00,00
53184000,57,false,Rx,0,8,00,00,FE,FF,FE,FF,00,00
53184000,60D,false,Rx,0,8,0D,10,DF,23,02,20,70,00
53222000,625,false,Rx,0,8,25,00,11,43,FD,BB,E4,01
53283000,60D,false,Rx,0,8,0D,10,DF,23,02,20,70,00
53322000,625,false,Rx,0,8,25,00,11,43,FD,BB,E4,01
53360000,2C4,false,Rx,0,8,05,00,00,00,D2,02,00,00
53361000,2C5,false,Rx,0,8,00,00,00,00,00,00,00,00
53361000,2C6,false,Rx,0,8,F4,01,84,03,00,00,00,00
53373000,54,false,Rx,0,8,01,01,FE,FF,FE,FF,00,00
53373000,55,false,Rx,0,8,10,27,00,00,00,00,00,00
53383000,56,false,Rx,0,8,10,27,00,00,00,00,00,00
53384000,57,false,Rx,0,8,00,00,FE,FF,FE,FF,00,00
53384000,60D,false,Rx,0,8,0D,10,DF,23,02,20,70,00
53422000,625,false,Rx,0,8,25,00,11,43,FD,BB,E4,01
53483000,60D,false,Rx,0,8,0D,10,DF,23,02,20,70,00
53522000,625,false,Rx,0,8,25,00,11,43,FD,BB,E4,01
53560000,2C4,false,Rx,0,8,05,00,00,00,D2,02,00,00
53561000,2C5,false,Rx,0,8,00,00,00,00,00,00,00,00
53561000,2C6,false,Rx,0,8,F4,01,84,03,00,00,00,00
53573000,54,false,Rx,0,8,01,01,FE,FF,FE,FF,00,00
53573000,55,false,Rx,0,8,10,27,00,00,00,00,00,00
53583000,56,false,Rx,0,8,10,27,00,00,00,00,00,00
53584000,57,false,Rx,0,8,00,00,FE,FF,FE,FF,00,00
53584000,60D,false,Rx,0,8,0D,10,DF,23,02,20,70,00
53622000,625,false,Rx,0,8,25,00,11,43,FD,BB,E4,01
53683000,60D,false,Rx,0,8,0D,10,DF,23,02,20,70,00
53722000,625,false,Rx,0,8,25,00,11,43,FD,BB,E4,01
53760000,2C4,false,Rx,0,8,05,00,00,00,D2,02,00,00
53761000,2C5,false,Rx,0,8,00,00,00,00,00,00,00,00
53761000,2C6,false,Rx,0,8,F4,01,84,03,00,00,00,00
53773000,54,false,Rx,0,8,01,01,FE,FF,FE,FF,00,00
53773000,55,false,Rx,0,8,10,27,00,00,00,00,00,00
53783000,56,false,Rx,0,8,10,27,00,00,00,00,00,00
53784000,57,false,Rx,0,8,00,00,FE,FF,FE,FF,00,00
53784000,60D,false,Rx,0,8,0D,10,DF,23,02,20,70,00
53822000,625,false,Rx,0,8,25,00,11,43,FD,BB,E4,01
53883000,60D,false,Rx,0,8,0D,10,DF,23,02,20,70,00
53922000,625,false,Rx,0,8,25,00,11,43,FD,BB,E4,01
53960000,2C4,false,Rx,0,8,05,00,00,00,D2,02,00,00
53961000,2C5,false,Rx,0,8,00,00,00,00,00,00,00,00
53961000,2C6,false,Rx,0,8,F4,01,84,03,00,00,00,00
53973000,54,false,Rx,0,8,01,01,FE,FF,FE,FF,00,00
53973000,55,false,Rx,0,8,10,27,00,00,00,00,00,00
53983000,56,false,Rx,0,8,10,27,00,00,00,00,00,00
53984000,57,false,Rx,0,8,00,00,FE,FF,FE,FF,00,00
53984000,60D,false,Rx,0,8,0D,10,DF,23,02,20,70,00
54022000,625,false,Rx,0,8,25,00,11,43,FD,BB,E4,01
54083000,60D,false,Rx,0,8,0D,10,DF,23,02,20,70,00
54122000,625,false,Rx,0,8,25,00,11,43,FD,BB,E4,01
54160000,2C4,false,Rx,0,8,05,00,00,00,D2,02,00,00
54161000,2C5,false,Rx,0,8,00,00,00,00,00,00,00,00
54161000,2C6,false,Rx,0,8,F4,01,84,03,00,00,00,00
54173000,54,false,Rx,0,8,01,01,FE,FF,FE,FF,00,00
54173000,55,false,Rx,0,8,10,27,00,00,00,00,00,00
54183000,56,false,Rx,0,8,10,27,00,00,00,00,00,00
54184000,57,false,Rx,0,8,00,00,FE,FF,FE,FF,00,00
54184000,60D,false,Rx,0,8,0D,10,DF,23,02,20,70,00
54222000,625,false,Rx,0,8,25,00,11,43,FD,BB,E4,01
54283000,60D,false,Rx,0,8,0D,10,DF,23,02,20,70,00
54322000,625,false,Rx,0,8,25,00,11,43,FD,BB,E4,01
54360000,2C4,false,Rx,0,8,05,00,00,00,D2,02,00,00
54361000,2C5,false,Rx,0,8,00,00,00,00,00,00,00,00
54361000,2C6,false,Rx,0,8,F4,01,84,03,00,00,00,00
54373000,54,false,Rx,0,8,01,01,FE,FF,FE,FF,00,00
54373000,55,false,Rx,0,8,10,27,00,00,00,00,00,00
54383000,56,false,Rx,0,8,10,27,00,00,00,00,00,00
54383000,57,false,Rx,0,8,00,00,FE,FF,FE,FF,00,00
54384000,60D,false,Rx,0,8,0D,10,DF,23,02,20,70,00
54422000,625,false,Rx,0,8,25,00,11,43,FD,BB,E4,01
54483000,60D,false,Rx,0,8,0D,10,DF,23,02,20,70,00
54522000,625,false,Rx,0,8,25,00,11,43,FD,BB,E4,01
54560000,2C4,false,Rx,0,8,05,00,00,00,D2,02,00,00
54561000,2C5,false,Rx,0,8,00,00,00,00,00,00,00,00
54561000,2C6,false,Rx,0,8,F4,01,84,03,00,00,00,00
54573000,54,false,Rx,0,8,01,01,FE,FF,FE,FF,00,00
54573000,55,false,Rx,0,8,10,27,00,00,00,00,00,00
54583000,56,false,Rx,0,8,10,27,00,00,00,00,00,00
54584000,57,false,Rx,0,8,00,00,FE,FF,FE,FF,00,00
54584000,60D,false,Rx,0,8,0D,10,DF,23,02,20,70,00
54622000,625,false,Rx,0,8,25,00,11,43,FD,BB,E4,01
54683000,60D,false,Rx,0,8,0D,10,DF,23,02,20,70,00
54722000,625,false,Rx,0,8,25,00,11,43,FD,BB,E4,01
54760000,2C4,false,Rx,0,8,05,00,00,00,D2,02,00,00
54760000,2C5,false,Rx,0,8,00,00,00,00,00,00,00,00
54761000,2C6,false,Rx,0,8,F4,01,84,03,00,00,00,00
54773000,54,false,Rx,0,8,01,01,FE,FF,FE,FF,00,00
54773000,55,false,Rx,0,8,10,27,00,00,00,00,00,00
54783000,56,false,Rx,0,8,10,27,00,00,00,00,00,00
54784000,57,false,Rx,0,8,00,00,FE,FF,FE,FF,00,00
54784000,60D,false,Rx,0,8,0D,10,DF,23,02,20,70,00
54822000,625,false,Rx,0,8,25,00,11,43,FD,BB,E4,01
54883000,60D,false,Rx,0,8,0D,10,DF,23,02,20,70,00
54922000,625,false,Rx,0,8,25,00,11,43,FD,BB,E4,01
54960000,2C4,false,Rx,0,8,05,00,00,00,D2,02,00,00
54960000,2C5,false,Rx,0,8,00,00,00,00,00,00,00,00
54961000,2C6,false,Rx,0,8,F4,01,84,03,00,00,00,00
54973000,54,false,Rx,0,8,01,01,FE,FF,FE,FF,00,00
54973000,55,false,Rx,0,8,10,27,00,00,00,00,00,00
54983000,56,false,Rx,0,8,10,27,00,00,00,00,00,00
54984000,57,false,Rx,0,8,00,00,FE,FF,FE,FF,00,00
54984000,60D,false,Rx,0,8,0D,10,DF,23,02,20,70,00
55022000,625,false,Rx,0,8,25,00,11,43,FD,BB,E4,01
55083000,60D,false,Rx,0,8,0D,10,DF,23,02,20,70,00
55122000,625,false,Rx,0,8,25,00,11,43,FD,BB,E4,01
55160000,2C4,false,Rx,0,8,05,00,00,00,D2,02,00,00
55160000,2C5,false,Rx,0,8,00,00,00,00,00,00,00,00
55161000,2C6,false,Rx,0,8,F4,01,84,03,00,00,00,00
55173000,54,false,Rx,0,8,01,01,FE,FF,FE,FF,00,00
55173000,55,false,Rx,0,8,10,27,00,00,00,00,00,00
55183000,56,false,Rx,0,8,10,27,00,00,00,00,00,00
55184000,57,false,Rx,0,8,00,00,FE,FF,FE,FF,00,00
55184000,60D,false,Rx,0,8,0D,10,DF,23,02,20,70,00
55222000,625,false,Rx,0,8,25,00,11,43,FD,BB,E4,01
55283000,60D,false,Rx,0,8,0D,10,DF,23,02,20,70,00
55322000,625,false,Rx,0,8,25,00,11,43,FD,BB,E4,01
55360000,2C4,false,Rx,0,8,05,00,00,00,D2,02,00,00
55360000,2C5,false,Rx,0,8,00,00,00,00,00,00,00,00
55361000,2C6,false,Rx,0,8,F4,01,84,03,00,00,00,00
55373000,54,false,Rx,0,8,01,01,FE,FF,FE,FF,00,00
55373000,55,false,Rx,0,8,10,27,00,00,00,00,00,00
55383000,56,false,Rx,0,8,10,27,00,00,00,00,00,00
55384000,57,false,Rx,0,8,00,00,FE,FF,FE,FF,00,00
55384000,60D,false,Rx,0,8,0D,10,DF,23,02,20,70,00
55422000,625,false,Rx,0,8,25,00,11,43,FD,BB,E4,01
55483000,60D,false,Rx,0,8,0D,10,DF,23,02,20,70,00
55522000,625,false,Rx,0,8,25,00,11,43,FD,BB,E4,01
55560000,2C4,false,Rx,0,8,05,00,00,00,D2,02,00,00
55560000,2C5,false,Rx,0,8,00,00,00,00,00,00,00,00
55561000,2C6,false,Rx,0,8,F4,01,84,03,00,00,00,00
55573000,54,false,Rx,0,8,01,01,FE,FF,FE,FF,00,00
55573000,55,false,Rx,0,8,10,27,00,00,00,00,00,00
55583000,56,false,Rx,0,8,10,27,00,00,00,00,00,00
55584000,57,false,Rx,0,8,00,00,FE,FF,FE,FF,00,00
55584000,60D,false,Rx,0,8,0D,10,DF,23,02,20,70,00
55622000,625,false,Rx,0,8,25,00,11,43,FD,BB,E4,01
55683000,60D,false,Rx,0,8,0D,10,DF,23,02,20,70,00
55722000,625,false,Rx,0,8,25,00,11,43,FD,BB,E4,01
55760000,2C4,false,Rx,0,8,05,00,00,00,D2,02,00,00
55760000,2C5,false,Rx,0,8,00,00,00,00,00,00,00,00
55761000,2C6,false,Rx,0,8,F4,01,84,03,00,00,00,00
55773000,54,false,Rx,0,8,01,01,FE,FF,FE,FF,00,00
55773000,55,false,Rx,0,8,10,27,00,00,00,00,00,00
55783000,56,false,Rx,0,8,10,27,00,00,00,00,00,00
55784000,57,false,Rx,0,8,00,00,FE,FF,FE,FF,00,00
55784000,60D,false,Rx,0,8,0D,10,DF,23,02,20,70,00
55822000,625,false,Rx,0,8,25,00,11,43,FD,BB,E4,01
55883000,60D,false,Rx,0,8,0D,10,DF,23,02,20,70,00
55922000,625,false,Rx,0,8,25,00,11,43,FD,BB,E4,01
55960000,2C4,false,Rx,0,8,05,00,00,00,D2,02,00,00
55960000,2C5,false,Rx,0,8,00,00,00,00,00,00,00,00
55961000,2C6,false,Rx,0,8,F4,01,84,03,00,00,00,00
55973000,54,false,Rx,0,8,01,01,FE,FF,FE,FF,00,00
55973000,55,false,Rx,0,8,10,27,00,00,00,00,00,00
55983000,56,false,Rx,0,8,10,27,00,00,00,00,00,00
55983000,57,false,Rx,0,8,00,00,FE,FF,FE,FF,00,00
55984000,60D,false,Rx,0,8,0D,10,DF,23,02,20,70,00
56022000,625,false,Rx,0,8,25,00,11,43,FD,BB,E4,01
56083000,60D,false,Rx,0,8,0D,10,DF,23,02,20,70,00
56122000,625,false,Rx,0,8,25,00,11,43,FD,BB,E4,01
56160000,2C4,false,Rx,0,8,05,00,00,00,D2,02,00,00
56160000,2C5,false,Rx,0,8,00,00,00,00,00,00,00,00
56161000,2C6,false,Rx,0,8,F4,01,84,03,00,00,00,00
56173000,54,false,Rx,0,8,01,01,FE,FF,FE,FF,00,00
56173000,55,false,Rx,0,8,10,27,00,00,00,00,00,00
56183000,56,false,Rx,0,8,10,27,00,00,00,00,00,00
56184000,57,false,Rx,0,8,00,00,FE,FF,FE,FF,00,00
56184000,60D,false,Rx,0,8,0D,10,DF,23,02,20,70,00
56222000,625,false,Rx,0,8,25,00,11,43,FD,BB,E4,01
56283000,60D,false,Rx,0,8,0D,10,DF,23,02,20,70,00
56322000,625,false,Rx,0,8,25,00,11,43,FD,BB,E4,01
56360000,2C4,false,Rx,0,8,05,00,00,00,D2,02,00,00
56360000,2C5,false,Rx,0,8,00,00,00,00,00,00,00,00
56361000,2C6,false,Rx,0,8,F4,01,84,03,00,00,00,00
56373000,54,false,Rx,0,8,01,01,FE,FF,FE,FF,00,00
56373000,55,false,Rx,0,8,10,27,00,00,00,00,00,00
56383000,56,false,Rx,0,8,10,27,00,00,00,00,00,00
56384000,57,false,Rx,0,8,00,00,FE,FF,FE,FF,00,00
56384000,60D,false,Rx,0,8,0D,10,DF,23,02,20,70,00
56422000,625,false,Rx,0,8,25,00,11,43,FD,BB,E4,01
56483000,60D,false,Rx,0,8,0D,10,DF,23,02,20,70,00
56522000,625,false,Rx,0,8,25,00,11,43,FD,BB,E4,01
56560000,2C4,false,Rx,0,8,05,00,00,00,D2,02,00,00
56560000,2C5,false,Rx,0,8,00,00,00,00,00,00,00,00
56561000,2C6,false,Rx,0,8,F4,01,84,03,00,00,00,00
56573000,54,false,Rx,0,8,01,01,FE,FF,FE,FF,00,00
56573000,55,false,Rx,0,8,10,27,00,00,00,00,00,00
56583000,56,false,Rx,0,8,10,27,00,00,00,00,00,00
56583000,57,false,Rx,0,8,00,00,FE,FF,FE,FF,00,00
56584000,60D,false,Rx,0,8,0D,10,DF,23,02,20,70,00
56622000,625,false,Rx,0,8,25,00,11,43,FD,BB,E4,01
56683000,60D,false,Rx,0,8,0D,10,DF,23,02,20,70,00
56722000,625,false,Rx,0,8,25,00,11,43,FD,BB,E4,01
56760000,2C4,false,Rx,0,8,05,00,00,00,D2,02,00,00
56760000,2C5,false,Rx,0,8,00,00,00,00,00,00,00,00
56761000,2C6,false,Rx,0,8,F4,01,84,03,00,00,00,00
56773000,54,false,Rx,0,8,01,01,FE,FF,FE,FF,00,00
56773000,55,false,Rx,0,8,10,27,00,00,00,00,00,00
56783000,56,false,Rx,0,8,10,27,00,00,00,00,00,00
56784000,57,false,Rx,0,8,00,00,FE,FF,FE,FF,00,00
56784000,60D,false,Rx,0,8,0D,10,DF,23,02,20,70,00
56822000,625,false,Rx,0,8,25,00,11,43,FD,BB,E4,01
56883000,60D,false,Rx,0,8,0D,10,DF,23,02,20,70,00
56922000,625,false,Rx,0,8,25,00,11,43,FD,BB,E4,01
56960000,2C4,false,Rx,0,8,05,00,00,00,D2,02,00,00
56960000,2C5,false,Rx,0,8,00,00,00,00,00,00,00,00
56961000,2C6,false,Rx,0,8,F4,01,84,03,00,00,00,00
56973000,54,false,Rx,0,8,01,01,FE,FF,FE,FF,00,00
56973000,55,false,Rx,0,8,10,27,00,00,00,00,00,00
56983000,56,false,Rx,0,8,10,27,00,00,00,00,00,00
56984000,57,false,Rx,0,8,00,00,FE,FF,FE,FF,00,00
56984000,60D,false,Rx,0,8,0D,10,DF,23,02,20,70,00
57022000,625,false,Rx,0,8,25,00,11,43,FD,BB,E4,01
57083000,60D,false,Rx,0,8,0D,10,DF,23,02,20,70,00
57122000,625,false,Rx,0,8,25,00,11,43,FD,BB,E4,01
57160000,2C4,false,Rx,0,8,05,00,00,00,D2,02,00,00
57160000,2C5,false,Rx,0,8,00,00,00,00,00,00,00,00
57161000,2C6,false,Rx,0,8,F4,01,84,03,00,00,00,00
57173000,54,false,Rx,0,8,01,01,FE,FF,FE,FF,00,00
57173000,55,false,Rx,0,8,10,27,00,00,00,00,00,00
57183000,56,false,Rx,0,8,10,27,00,00,00,00,00,00
57184000,57,false,Rx,0,8,00,00,FE,FF,FE,FF,00,00
57184000,60D,false,Rx,0,8,0D,10,DF,23,02,20,70,00
57222000,625,false,Rx,0,8,25,00,11,43,FD,BB,E4,01
57283000,60D,false,Rx,0,8,0D,10,DF,23,02,20,70,00
57322000,625,false,Rx,0,8,25,00,11,43,FD,BB,E4,01
57360000,2C4,false,Rx,0,8,05,00,00,00,D2,02,00,00
57360000,2C5,false,Rx,0,8,00,00,00,00,00,00,00,00
57361000,2C6,false,Rx,0,8,F4,01,84,03,00,00,00,00
57373000,54,false,Rx,0,8,01,01,FE,FF,FE,FF,00,00
57373000,55,false,Rx,0,8,10,27,00,00,00,00,00,00
57373000,56,false,Rx,0,8,10,27,00,00,00,00,00,00
57384000,57,false,Rx,0,8,00,00,FE,FF,FE,FF,00,00
57384000,60D,false,Rx,0,8,0D,10,DF,23,02,20,70,00
57422000,625,false,Rx,0,8,25,00,11,43,FD,BB,E4,01
57483000,60D,false,Rx,0,8,0D,10,DF,23,02,20,70,00
57522000,625,false,Rx,0,8,25,00,11,43,FD,BB,E4,01
57560000,2C4,false,Rx,0,8,05,00,00,00,D2,02,00,00
57560000,2C5,false,Rx,0,8,00,00,00,00,00,00,00,00
57561000,2C6,false,Rx,0,8,F4,01,84,03,00,00,00,00
57573000,54,false,Rx,0,8,01,01,FE,FF,FE,FF,00,00
57573000,55,false,Rx,0,8,10,27,00,00,00,00,00,00
57583000,56,false,Rx,0,8,10,27,00,00,00,00,00,00
57583000,57,false,Rx,0,8,00,00,FE,FF,FE,FF,00,00
57584000,60D,false,Rx,0,8,0D,10,DF,23,02,20,70,00
57622000,625,false,Rx,0,8,25,00,11,43,FD,BB,E4,01
57683000,60D,false,Rx,0,8,0D,10,DF,23,02,20,70,00
57722000,625,false,Rx,0,8,25,00,11,43,FD,BB,E4,01
57760000,2C4,false,Rx,0,8,05,00,00,00,D2,02,00,00
57760000,2C5,false,Rx,0,8,00,00,00,00,00,00,00,00
57761000,2C6,false,Rx,0,8,F4,01,84,03,00,00,00,00
57773000,54,false,Rx,0,8,01,01,FE,FF,FE,FF,00,00
57773000,55,false,Rx,0,8,10,27,00,00,00,00,00,00
57783000,56,false,Rx,0,8,10,27,00,00,00,00,00,00
57783000,57,false,Rx,0,8,00,00,FE,FF,FE,FF,00,00
57784000,60D,false,Rx,0,8,0D,10,DF,23,02,20,70,00
57822000,625,false,Rx,0,8,25,00,11,43,FD,BB,E4,01
57883000,60D,false,Rx,0,8,0D,10,DF,23,02,20,70,00
57922000,625,false,Rx,0,8,25,00,11,43,FD,BB,E4,01
57960000,2C4,false,Rx,0,8,05,00,00,00,D2,02,00,00
57960000,2C5,false,Rx,0,8,00,00,00,00,00,00,00,00
57961000,2C6,false,Rx,0,8,F4,01,84,03,00,00,00,00
57973000,54,false,Rx,0,8,01,01,FE,FF,FE,FF,00,00
57973000,55,false,Rx,0,8,10,27,00,00,00,00,00,00
57983000,56,false,Rx,0,8,10,27,00,00,00,00,00,00
57984000,57,false,Rx,0,8,00,00,FE,FF,FE,FF,00,00
57984000,60D,false,Rx,0,8,0D,10,DF,23,02,20,70,00
58022000,625,false,Rx,0,8,25,00,11,43,FD,BB,E4,01
58083000,60D,false,Rx,0,8,0D,10,DF,23,02,20,70,00
58122000,625,false,Rx,0,8,25,00,11,43,FD,BB,E4,01
58160000,2C4,false,Rx,0,8,05,00,00,00,D2,02,00,00
58160000,2C5,false,Rx,0,8,00,00,00,00,00,00,00,00
58161000,2C6,false,Rx,0,8,F4,01,84,03,00,00,00,00
58173000,54,false,Rx,0,8,01,01,FE,FF,FE,FF,00,00
58173000,55,false,Rx,0,8,10,27,00,00,00,00,00,00
58183000,56,false,Rx,0,8,10,27,00,00,00,00,00,00
58184000,57,false,Rx,0,8,00,00,FE,FF,FE,FF,00,00
58184000,60D,false,Rx,0,8,0D,10,DF,23,02,20,70,00
58222000,625,false,Rx,0,8,25,00,11,43,FD,BB,E4,01
58283000,60D,false,Rx,0,8,0D,10,DF,23,02,20,70,00
58322000,625,false,Rx,0,8,25,00,11,43,FD,BB,E4,01
58360000,2C4,false,Rx,0,8,05,00,00,00,D2,02,00,00
58360000,2C5,false,Rx,0,8,00,00,00,00,00,00,00,00
58361000,2C6,false,Rx,0,8,F4,01,84,03,00,00,00,00
58373000,54,false,Rx,0,8,01,01,FE,FF,FE,FF,00,00
58373000,55,false,Rx,0,8,10,27,00,00,00,00,00,00
58383000,56,false,Rx,0,8,10,27,00,00,00,00,00,00
58383000,57,false,Rx,0,8,00,00,FE,FF,FE,FF,00,00
58384000,60D,false,Rx,0,8,0D,10,DF,23,02,20,70,00
58422000,625,false,Rx,0,8,25,00,11,43,FD,BB,E4,01
58483000,60D,false,Rx,0,8,0D,10,DF,23,02,20,70,00
58522000,625,false,Rx,0,8,25,00,11,43,FD,BB,E4,01
58560000,2C4,false,Rx,0,8,05,00,00,00,D2,02,00,00
58560000,2C5,false,Rx,0,8,00,00,00,00,00,00,00,00
58561000,2C6,false,Rx,0,8,F4,01,84,03,00,00,00,00
58573000,54,false,Rx,0,8,01,01,FE,FF,FE,FF,00,00
58573000,55,false,Rx,0,8,10,27,00,00,00,00,00,00
58583000,56,false,Rx,0,8,10,27,00,00,00,00,00,00
58584000,57,false,Rx,0,8,00,00,FE,FF,FE,FF,00,00
58584000,60D,false,Rx,0,8,0D,10,DF,23,02,20,70,00
58622000,625,false,Rx,0,8,25,00,11,43,FD,BB,E4,01
58683000,60D,false,Rx,0,8,0D,10,DF,23,02,20,70,00
58722000,625,false,Rx,0,8,25,00,11,43,FD,BB,E4,01
58760000,2C4,false,Rx,0,8,05,00,00,00,D2,02,00,00
58760000,2C5,false,Rx,0,8,00,00,00,00,00,00,00,00
58761000,2C6,false,Rx,0,8,F4,01,84,03,00,00,00,00
58773000,54,false,Rx,0,8,01,01,FE,FF,FE,FF,00,00
58773000,55,false,Rx,0,8,10,27,00,00,00,00,00,00
58783000,56,false,Rx,0,8,10,27,00,00,00,00,00,00
58784000,57,false,Rx,0,8,00,00,FE,FF,FE,FF,00,00
58784000,60D,false,Rx,0,8,0D,10,DF,23,02,20,70,00
58822000,625,false,Rx,0,8,25,00,11,43,FD,BB,E4,01
58883000,60D,false,Rx,0,8,0D,10,DF,23,02,20,70,00
58922000,625,false,Rx,0,8,25,00,11,43,FD,BB,E4,01
58960000,2C4,false,Rx,0,8,05,00,00,00,D2,02,00,00
58960000,2C5,false,Rx,0,8,00,00,00,00,00,00,00,00
58961000,2C6,false,Rx,0,8,F4,01,84,03,00,00,00,00
58973000,54,false,Rx,0,8,01,01,FE,FF,FE,FF,00,00
58973000,55,false,Rx,0,8,10,27,00,00,00,00,00,00
58983000,56,false,Rx,0,8,10,27,00,00,00,00,00,00
58984000,57,false,Rx,0,8,00,00,FE,FF,FE,FF,00,00
58984000,60D,false,Rx,0,8,0D,10,DF,23,02,20,70,00
59022000,625,false,Rx,0,8,25,00,11,43,FD,BB,E4,01
59083000,60D,false,Rx,0,8,0D,10,DF,23,02,20,70,00
59122000,625,false,Rx,0,8,25,00,11,43,FD,BB,E4,01
59160000,2C4,false,Rx,0,8,05,00,00,00,D2,02,00,00
59160000,2C5,false,Rx,0,8,00,00,00,00,00,00,00,00
59160000,2C6,false,Rx,0,8,F4,01,84,03,00,00,00,00
59173000,54,false,Rx,0,8,01,01,FE,FF,FE,FF,00,00
59173000,55,false,Rx,0,8,10,27,00,00,00,00,00,00
59183000,56,false,Rx,0,8,10,27,00,00,00,00,00,00
59184000,57,false,Rx,0,8,00,00,FE,FF,FE,FF,00,00
59184000,60D,false,Rx,0,8,0D,10,DF,23,02,20,70,00
59222000,625,false,Rx,0,8,25,00,11,43,FD,BB,E4,01
59283000,60D,false,Rx,0,8,0D,10,DF,23,02,20,70,00
59322000,625,false,Rx,0,8,25,00,11,43,FD,BB,E4,01
59360000,2C4,false,Rx,0,8,05,00,00,00,D2,02,00,00
59360000,2C5,false,Rx,0,8,00,00,00,00,00,00,00,00
59360000,2C6,false,Rx,0,8,F4,01,84,03,00,00,00,00
59373000,54,false,Rx,0,8,01,01,FE,FF,FE,FF,00,00
59373000,55,false,Rx,0,8,10,27,00,00,00,00,00,00
59383000,56,false,Rx,0,8,10,27,00,00,00,00,00,00
59383000,57,false,Rx,0,8,00,00,FE,FF,FE,FF,00,00
59384000,60D,false,Rx,0,8,0D,10,DF,23,02,20,70,00
59422000,625,false,Rx,0,8,25,00,11,43,FD,BB,E4,01
59483000,60D,false,Rx,0,8,0D,10,DF,23,02,20,70,00
59522000,625,false,Rx,0,8,25,00,11,43,FD,BB,E4,01
59560000,2C4,false,Rx,0,8,05,00,00,00,D2,02,00,00
59560000,2C5,false,Rx,0,8,00,00,00,00,00,00,00,00
59560000,2C6,false,Rx,0,8,F4,01,84,03,00,00,00,00
59573000,54,false,Rx,0,8,01,01,FE,FF,FE,FF,00,00
59573000,55,false,Rx,0,8,10,27,00,00,00,00,00,00
59583000,56,false,Rx,0,8,10,27,00,00,00,00,00,00
59583000,57,false,Rx,0,8,00,00,FE,FF,FE,FF,00,00
59584000,60D,false,Rx,0,8,0D,10,DF,23,02,20,70,00
59622000,625,false,Rx,0,8,25,00,11,43,FD,BB,E4,01
59683000,60D,false,Rx,0,8,0D,10,DF,23,02,20,70,00
59722000,625,false,Rx,0,8,25,00,11,43,FD,BB,E4,01
59760000,2C4,false,Rx,0,8,05,00,00,00,D2,02,00,00
59760000,2C5,false,Rx,0,8,00,00,00,00,00,00,00,00
59760000,2C6,false,Rx,0,8,F4,01,84,03,00,00,00,00
59773000,54,false,Rx,0,8,01,01,FE,FF,FE,FF,00,00
59773000,55,false,Rx,0,8,10,27,00,00,00,00,00,00
59783000,56,false,Rx,0,8,10,27,00,00,00,00,00,00
59784000,57,false,Rx,0,8,00,00,FE,FF,FE,FF,00,00
59784000,60D,false,Rx,0,8,0D,10,DF,23,02,20,70,00
59822000,625,false,Rx,0,8,25,00,11,43,FD,BB,E4,01
59883000,60D,false,Rx,0,8,0D,10,DF,23,02,20,70,00
59922000,625,false,Rx,0,8,25,00,11,43,FD,BB,E4,01
59960000,2C4,false,Rx,0,8,05,00,00,00,D2,02,00,00
59960000,2C5,false,Rx,0,8,00,00,00,00,00,00,00,00
59960000,2C6,false,Rx,0,8,F4,01,84,03,00,00,00,00
59973000,54,false,Rx,0,8,01,01,FE,FF,FE,FF,00,00
59973000,55,false,Rx,0,8,10,27,00,00,00,00,00,00
59983000,56,false,Rx,0,8,10,27,00,00,00,00,00,00
59983000,57,false,Rx,0,8,00,00,FE,FF,FE,FF,00,00
59984000,60D,false,Rx,0,8,0D,10,DF,23,02,20,70,00
60022000,625,false,Rx,0,8,25,00,11,43,FD,BB,E4,01
60083000,60D,false,Rx,0,8,0D,10,DF,23,02,20,70,00
60122000,625,false,Rx,0,8,25,00,11,43,FD,BB,E4,01
60160000,2C4,false,Rx,0,8,05,00,00,00,D2,02,00,00
60160000,2C5,false,Rx,0,8,00,00,00,00,00,00,00,00
60160000,2C6,false,Rx,0,8,F4,01,84,03,00,00,00,00
60173000,54,false,Rx,0,8,01,01,FE,FF,FE,FF,00,00
60173000,55,false,Rx,0,8,10,27,00,00,00,00,00,00
60183000,56,false,Rx,0,8,10,27,00,00,00,00,00,00
60183000,57,false,Rx,0,8,00,00,FE,FF,FE,FF,00,00
60184000,60D,false,Rx,0,8,0D,10,DF,23,02,20,70,00
60222000,625,false,Rx,0,8,25,00,11,43,FD,BB,E4,01
60283000,60D,false,Rx,0,8,0D,10,DF,23,02,20,70,00
60322000,625,false,Rx,0,8,25,00,11,43,FD,BB,E4,01
60360000,2C4,false,Rx,0,8,05,00,00,00,D2,02,00,00
60360000,2C5,false,Rx,0,8,00,00,00,00,00,00,00,00
60360000,2C6,false,Rx,0,8,F4,01,84,03,00,00,00,00
60373000,54,false,Rx,0,8,01,01,FE,FF,FE,FF,00,00
60373000,55,false,Rx,0,8,10,27,00,00,00,00,00,00
60383000,56,false,Rx,0,8,10,27,00,00,00,00,00,00
60384000,57,false,Rx,0,8,00,00,FE,FF,FE,FF,00,00
60384000,60D,false,Rx,0,8,0D,10,DF,23,02,20,70,00
60422000,625,false,Rx,0,8,25,00,11,43,FD,BB,E4,01
60483000,60D,false,Rx,0,8,0D,10,DF,23,02,20,70,00
60522000,625,false,Rx,0,8,25,00,11,43,FD,BB,E4,01
60560000,2C4,false,Rx,0,8,05,00,00,00,D2,02,00,00
60560000,2C5,false,Rx,0,8,00,00,00,00,00,00,00,00
60560000,2C6,false,Rx,0,8,F4,01,84,03,00,00,00,00
60573000,54,false,Rx,0,8,01,01,FE,FF,FE,FF,00,00
60573000,55,false,Rx,0,8,10,27,00,00,00,00,00,00
60583000,56,false,Rx,0,8,10,27,00,00,00,00,00,00
60583000,57,false,Rx,0,8,00,00,FE,FF,FE,FF,00,00
60584000,60D,false,Rx,0,8,0D,10,DF,23,02,20,70,00
60622000,625,false,Rx,0,8,25,00,11,43,FD,BB,E4,01
60683000,60D,false,Rx,0,8,0D,10,DF,23,02,20,70,00
60722000,625,false,Rx,0,8,25,00,11,43,FD,BB,E4,01
60760000,2C4,false,Rx,0,8,05,00,00,00,D2,02,00,00
60760000,2C5,false,Rx,0,8,00,00,00,00,00,00,00,00
60760000,2C6,false,Rx,0,8,F4,01,84,03,00,00,00,00
60773000,54,false,Rx,0,8,01,01,FE,FF,FE,FF,00,00
60773000,55,false,Rx,0,8,10,27,00,00,00,00,00,00
60783000,56,false,Rx,0,8,10,27,00,00,00,00,00,00
60784000,57,false,Rx,0,8,00,00,FE,FF,FE,FF,00,00
60784000,60D,false,Rx,0,8,0D,10,DF,23,02,20,70,00
60822000,625,false,Rx,0,8,25,00,11,43,FD,BB,E4,01
60883000,60D,false,Rx,0,8,0D,10,DF,23,02,20,70,00
60922000,625,false,Rx,0,8,25,00,11,43,FD,BB,E4,01
60960000,2C4,false,Rx,0,8,05,00,00,00,D2,02,00,00
60960000,2C5,false,Rx,0,8,00,00,00,00,00,00,00,00
60960000,2C6,false,Rx,0,8,F4,01,84,03,00,00,00,00
60973000,54,false,Rx,0,8,01,01,FE,FF,FE,FF,00,00
60973000,55,false,Rx,0,8,10,27,00,00,00,00,00,00
60983000,56,false,Rx,0,8,10,27,00,00,00,00,00,00
60983000,57,false,Rx,0,8,00,00,FE,FF,FE,FF,00,00
60984000,60D,false,Rx,0,8,0D,10,DF,23,02,20,70,00
61022000,625,false,Rx,0,8,25,00,11,43,FD,BB,E4,01
61083000,60D,false,Rx,0,8,0D,10,DF,23,02,20,70,00
61122000,625,false,Rx,0,8,25,00,11,43,FD,BB,E4,01
61160000,2C4,false,Rx,0,8,05,00,00,00,D2,02,00,00
61160000,2C5,false,Rx,0,8,00,00,00,00,00,00,00,00
61160000,2C6,false,Rx,0,8,F4,01,84,03,00,00,00,00
61173000,54,false,Rx,0,8,01,01,FE,FF,FE,FF,00,00
61173000,55,false,Rx,0,8,10,27,00,00,00,00,00,00
61183000,56,false,Rx,0,8,10,27,00,00,00,00,00,00
61183000,57,false,Rx,0,8,00,00,FE,FF,FE,FF,00,00
61184000,60D,false,Rx,0,8,0D,10,DF,23,02,20,70,00
61222000,625,false,Rx,0,8,25,00,11,43,FD,BB,E4,01
61283000,60D,false,Rx,0,8,0D,10,DF,23,02,20,70,00
61322000,625,false,Rx,0,8,25,00,11,43,FD,BB,E4,01
61360000,2C4,false,Rx,0,8,05,00,00,00,D2,02,00,00
61360000,2C5,false,Rx,0,8,00,00,00,00,00,00,00,00
61360000,2C6,false,Rx,0,8,F4,01,84,03,00,00,00,00
61373000,54,false,Rx,0,8,01,01,FE,FF,FE,FF,00,00
61373000,55,false,Rx,0,8,10,27,00,00,00,00,00,00
61383000,56,false,Rx,0,8,10,27,00,00,00,00,00,00
61383000,57,false,Rx,0,8,00,00,FE,FF,FE,FF,00,00
61384000,60D,false,Rx,0,8,0D,10,DF,23,02,20,70,00
61422000,625,false,Rx,0,8,25,00,11,43,FD,BB,E4,01
61483000,60D,false,Rx,0,8,0D,10,DF,23,02,20,70,00
61522000,625,false,Rx,0,8,25,00,11,43,FD,BB,E4,01
61560000,2C4,false,Rx,0,8,05,00,00,00,D2,02,00,00
61560000,2C5,false,Rx,0,8,00,00,00,00,00,00,00,00
61560000,2C6,false,Rx,0,8,F4,01,84,03,00,00,00,00
61573000,54,false,Rx,0,8,01,01,FE,FF,FE,FF,00,00
61573000,55,false,Rx,0,8,10,27,00,00,00,00,00,00
61583000,56,false,Rx,0,8,10,27,00,00,00,00,00,00
61583000,57,false,Rx,0,8,00,00,FE,FF,FE,FF,00,00
61584000,60D,false,Rx,0,8,0D,10,DF,23,02,20,70,00
61622000,625,false,Rx,0,8,25,00,11,43,FD,BB,E4,01
61683000,60D,false,Rx,0,8,0D,10,DF,23,02,20,70,00
61722000,625,false,Rx,0,8,25,00,11,43,FD,BB,E4,01
61760000,2C4,false,Rx,0,8,05,00,00,00,D2,02,00,00
61760000,2C5,false,Rx,0,8,00,00,00,00,00,00,00,00
61760000,2C6,false,Rx,0,8,F4,01,84,03,00,00,00,00
61773000,54,false,Rx,0,8,01,01,FE,FF,FE,FF,00,00
61773000,55,false,Rx,0,8,10,27,00,00,00,00,00,00
61783000,56,false,Rx,0,8,10,27,00,00,00,00,00,00
61783000,57,false,Rx,0,8,00,00,FE,FF,FE,FF,00,00
61784000,60D,false,Rx,0,8,0D,10,DF,23,02,20,70,00
61822000,625,false,Rx,0,8,25,00,11,43,FD,BB,E4,01
61883000,60D,false,Rx,0,8,0D,10,DF,23,02,20,70,00
61922000,625,false,Rx,0,8,25,00,11,43,FD,BB,E4,01
61960000,2C4,false,Rx,0,8,05,00,00,00,D2,02,00,00
61960000,2C5,false,Rx,0,8,00,00,00,00,00,00,00,00
61960000,2C6,false,Rx,0,8,F4,01,84,03,00,00,00,00
61973000,54,false,Rx,0,8,01,01,FE,FF,FE,FF,00,00
61973000,55,false,Rx,0,8,10,27,00,00,00,00,00,00
61983000,56,false,Rx,0,8,10,27,00,00,00,00,00,00
61983000,57,false,Rx,0,8,00,00,FE,FF,FE,FF,00,00
61984000,60D,false,Rx,0,8,0D,10,DF,23,02,20,70,00
62022000,625,false,Rx,0,8,25,00,11,43,FD,BB,E4,01
62083000,60D,false,Rx,0,8,0D,10,DF,23,02,20,70,00
62122000,625,false,Rx,0,8,25,00,11,43,FD,BB,E4,01
62160000,2C4,false,Rx,0,8,05,00,00,00,D2,02,00,00
62160000,2C5,false,Rx,0,8,00,00,00,00,00,00,00,00
62160000,2C6,false,Rx,0,8,F4,01,84,03,00,00,00,00
62173000,54,false,Rx,0,8,01,01,FE,FF,FE,FF,00,00
62173000,55,false,Rx,0,8,10,27,00,00,00,00,00,00
62173000,56,false,Rx,0,8,10,27,00,00,00,00,00,00
62184000,57,false,Rx,0,8,00,00,FE,FF,FE,FF,00,00
62184000,60D,false,Rx,0,8,0D,10,DF,23,02,20,70,00
62222000,625,false,Rx,0,8,25,00,11,43,FD,BB,E4,01
62283000,60D,false,Rx,0,8,0D,10,DF,23,02,20,70,00
62322000,625,false,Rx,0,8,25,00,11,43,FD,BB,E4,01
62360000,2C4,false,Rx,0,8,05,00,00,00,D2,02,00,00
62360000,2C5,false,Rx,0,8,00,00,00,00,00,00,00,00
62360000,2C6,false,Rx,0,8,F4,01,84,03,00,00,00,00
62373000,54,false,Rx,0,8,01,01,FE,FF,FE,FF,00,00
62373000,55,false,Rx,0,8,10,27,00,00,00,00,00,00
62373000,56,false,Rx,0,8,10,27,00,00,00,00,00,00
62384000,57,false,Rx,0,8,00,00,FE,FF,FE,FF,00,00
62384000,60D,false,Rx,0,8,0D,10,DF,23,02,20,70,00
62422000,625,false,Rx,0,8,25,00,11,43,FD,BB,E4,01
62483000,60D,false,Rx,0,8,0D,10,DF,23,02,20,70,00
62522000,625,false,Rx,0,8,25,00,11,43,FD,BB,E4,01
62560000,2C4,false,Rx,0,8,05,00,00,00,D2,02,00,00
62560000,2C5,false,Rx,0,8,00,00,00,00,00,00,00,00
62560000,2C6,false,Rx,0,8,F4,01,84,03,00,00,00,00
62573000,54,false,Rx,0,8,01,01,FE,FF,FE,FF,00,00
62573000,55,false,Rx,0,8,10,27,00,00,00,00,00,00
62583000,56,false,Rx,0,8,10,27,00,00,00,00,00,00
62583000,57,false,Rx,0,8,00,00,FE,FF,FE,FF,00,00
62584000,60D,false,Rx,0,8,0D,10,DF,23,02,20,70,00
62622000,625,false,Rx,0,8,25,00,11,43,FD,BB,E4,01
62683000,60D,false,Rx,0,8,0D,10,DF,23,02,20,70,00
62722000,625,false,Rx,0,8,25,00,11,43,FD,BB,E4,01
62760000,2C4,false,Rx,0,8,05,00,00,00,D2,02,00,00
62760000,2C5,false,Rx,0,8,00,00,00,00,00,00,00,00
62760000,2C6,false,Rx,0,8,F4,01,84,03,00,00,00,00
62773000,54,false,Rx,0,8,01,01,FE,FF,FE,FF,00,00
62773000,55,false,Rx,0,8,10,27,00,00,00,00,00,00
62773000,56,false,Rx,0,8,10,27,00,00,00,00,00,00
62784000,57,false,Rx,0,8,00,00,FE,FF,FE,FF,00,00
62784000,60D,false,Rx,0,8,0D,10,DF,23,02,20,70,00
62822000,625,false,Rx,0,8,25,00,11,43,FD,BB,E4,01
62883000,60D,false,Rx,0,8,0D,10,DF,23,02,20,70,00
62922000,625,false,Rx,0,8,25,00,11,43,FD,BB,E4,01
62960000,2C4,false,Rx,0,8,05,00,00,00,D2,02,00,00
62960000,2C5,false,Rx,0,8,00,00,00,00,00,00,00,00
62960000,2C6,false,Rx,0,8,F4,01,84,03,00,00,00,00
62973000,54,false,Rx,0,8,01,01,FE,FF,FE,FF,00,00
62973000,55,false,Rx,0,8,10,27,00,00,00,00,00,00
62983000,56,false,Rx,0,8,10,27,00,00,00,00,00,00
62983000,57,false,Rx,0,8,00,00,FE,FF,FE,FF,00,00
62984000,60D,false,Rx,0,8,0D,10,DF,23,02,20,70,00
63022000,625,false,Rx,0,8,25,00,11,43,FD,BB,E4,01
63083000,60D,false,Rx,0,8,0D,10,DF,23,02,20,70,00
63122000,625,false,Rx,0,8,25,00,11,43,FD,BB,E4,01
63160000,2C4,false,Rx,0,8,05,00,00,00,D2,02,00,00
63160000,2C5,false,Rx,0,8,00,00,00,00,00,00,00,00
63160000,2C6,false,Rx,0,8,F4,01,84,03,00,00,00,00
63173000,54,false,Rx,0,8,01,01,FE,FF,FE,FF,00,00
63173000,55,false,Rx,0,8,10,27,00,00,00,00,00,00
63173000,56,false,Rx,0,8,10,27,00,00,00,00,00,00
63184000,57,false,Rx,0,8,00,00,FE,FF,FE,FF,00,00
63184000,60D,false,Rx,0,8,0D,10,DF,23,02,20,70,00
63222000,625,false,Rx,0,8,25,00,11,43,FD,BB,E4,01
63283000,60D,false,Rx,0,8,0D,10,DF,23,02,20,70,00
63322000,625,false,Rx,0,8,25,00,11,43,FD,BB,E4,01
63360000,2C4,false,Rx,0,8,05,00,00,00,D2,02,00,00
63360000,2C5,false,Rx,0,8,00,00,00,00,00,00,00,00
63360000,2C6,false,Rx,0,8,F4,01,84,03,00,00,00,00
63373000,54,false,Rx,0,8,01,01,FE,FF,FE,FF,00,00
63373000,55,false,Rx,0,8,10,27,00,00,00,00,00,00
63373000,56,false,Rx,0,8,10,27,00,00,00,00,00,00
63384000,57,false,Rx,0,8,00,00,FE,FF,FE,FF,00,00
63384000,60D,false,Rx,0,8,0D,10,DF,23,02,20,70,00
63422000,625,false,Rx,0,8,25,00,11,43,FD,BB,E4,01
63483000,60D,false,Rx,0,8,0D,10,DF,23,02,20,70,00
63522000,625,false,Rx,0,8,25,00,11,43,FD,BB,E4,01
63560000,2C4,false,Rx,0,8,05,00,00,00,D2,02,00,00
63560000,2C5,false,Rx,0,8,00,00,00,00,00,00,00,00
63560000,2C6,false,Rx,0,8,F4,01,84,03,00,00,00,00
63573000,54,false,Rx,0,8,01,01,FE,FF,FE,FF,00,00
63573000,55,false,Rx,0,8,10,27,00,00,00,00,00,00
63573000,56,false,Rx,0,8,10,27,00,00,00,00,00,00
63584000,57,false,Rx,0,8,00,00,FE,FF,FE,FF,00,00
63584000,60D,false,Rx,0,8,0D,10,DF,23,02,20,70,00
63622000,625,false,Rx,0,8,25,00,11,43,FD,BB,E4,01
63683000,60D,false,Rx,0,8,0D,10,DF,23,02,20,70,00
63722000,625,false,Rx,0,8,25,00,11,43,FD,BB,E4,01
63760000,2C4,false,Rx,0,8,05,00,00,00,D2,02,00,00
63760000,2C5,false,Rx,0,8,00,00,00,00,00,00,00,00
63760000,2C6,false,Rx,0,8,F4,01,84,03,00,00,00,00
63773000,54,false,Rx,0,8,01,01,FE,FF,FE,FF,00,00
63773000,55,false,Rx,0,8,10,27,00,00,00,00,00,00
63773000,56,false,Rx,0,8,10,27,00,00,00,00,00,00
63784000,57,false,Rx,0,8,00,00,FE,FF,FE,FF,00,00
63784000,60D,false,Rx,0,8,0D,10,DF,23,02,20,70,00
63822000,625,false,Rx,0,8,25,00,11,43,FD,BB,E4,01
63883000,60D,false,Rx,0,8,0D,10,DF,23,02,20,70,00
63922000,625,false,Rx,0,8,25,00,11,43,FD,BB,E4,01
63960000,2C4,false,Rx,0,8,05,00,00,00,D2,02,00,00
63960000,2C5,false,Rx,0,8,00,00,00,00,00,00,00,00
63960000,2C6,false,Rx,0,8,F4,01,84,03,00,00,00,00
63973000,54,false,Rx,0,8,01,01,FE,FF,FE,FF,00,00
63973000,55,false,Rx,0,8,10,27,00,00,00,00,00,00
63973000,56,false,Rx,0,8,10,27,00,00,00,00,00,00
63984000,57,false,Rx,0,8,00,00,FE,FF,FE,FF,00,00
63984000,60D,false,Rx,0,8,0D,10,DF,23,02,20,70,00
64022000,625,false,Rx,0,8,25,00,11,43,FD,BB,E4,01
64083000,60D,false,Rx,0,8,0D,10,DF,23,02,20,70,00
64122000,625,false,Rx,0,8,25,00,11,43,FD,BB,E4,01
64160000,2C4,false,Rx,0,8,05,00,00,00,D2,02,00,00
64160000,2C5,false,Rx,0,8,00,00,00,00,00,00,00,00
64160000,2C6,false,Rx,0,8,F4,01,84,03,00,00,00,00
64173000,54,false,Rx,0,8,01,01,FE,FF,FE,FF,00,00
64173000,55,false,Rx,0,8,10,27,00,00,00,00,00,00
64173000,56,false,Rx,0,8,10,27,00,00,00,00,00,00
64184000,57,false,Rx,0,8,00,00,FE,FF,FE,FF,00,00
64184000,60D,false,Rx,0,8,0D,10,DF,23,02,20,70,00
64222000,625,false,Rx,0,8,25,00,11,43,FD,BB,E4,01
64283000,60D,false,Rx,0,8,0D,10,DF,23,02,20,70,00
64322000,625,false,Rx,0,8,25,00,11,43,FD,BB,E4,01
64360000,2C4,false,Rx,0,8,05,00,00,00,D2,02,00,00
64360000,2C5,false,Rx,0,8,00,00,00,00,00,00,00,00
64360000,2C6,false,Rx,0,8,F4,01,84,03,00,00,00,00
64373000,54,false,Rx,0,8,01,01,FE,FF,FE,FF,00,00
64373000,55,false,Rx,0,8,10,27,00,00,00,00,00,00
64373000,56,false,Rx,0,8,10,27,00,00,00,00,00,00
64383000,57,false,Rx,0,8,00,00,FE,FF,FE,FF,00,00
64384000,60D,false,Rx,0,8,0D,10,DF,23,02,20,70,00
64422000,625,false,Rx,0,8,25,00,11,43,FD,BB,E4,01
64483000,60D,false,Rx,0,8,0D,10,DF,23,02,20,70,00
64522000,625,false,Rx,0,8,25,00,11,43,FD,BB,E4,01
64560000,2C4,false,Rx,0,8,05,00,00,00,D2,02,00,00
64560000,2C5,false,Rx,0,8,00,00,00,00,00,00,00,00
64560000,2C6,false,Rx,0,8,F4,01,84,03,00,00,00,00
64573000,54,false,Rx,0,8,01,01,FE,FF,FE,FF,00,00
64573000,55,false,Rx,0,8,10,27,00,00,00,00,00,00
64573000,56,false,Rx,0,8,10,27,00,00,00,00,00,00
64584000,57,false,Rx,0,8,00,00,FE,FF,FE,FF,00,00
64584000,60D,false,Rx,0,8,0D,10,DF,23,02,20,70,00
64622000,625,false,Rx,0,8,25,00,11,43,FD,BB,E4,01
64683000,60D,false,Rx,0,8,0D,10,DF,23,02,20,70,00
64722000,625,false,Rx,0,8,25,00,11,43,FD,BB,E4,01
64760000,2C4,false,Rx,0,8,05,00,00,00,D2,02,00,00
64760000,2C5,false,Rx,0,8,00,00,00,00,00,00,00,00
64760000,2C6,false,Rx,0,8,F4,01,84,03,00,00,00,00
64773000,54,false,Rx,0,8,01,01,FE,FF,FE,FF,00,00
64773000,55,false,Rx,0,8,10,27,00,00,00,00,00,00
64773000,56,false,Rx,0,8,10,27,00,00,00,00,00,00
64784000,57,false,Rx,0,8,00,00,FE,FF,FE,FF,00,00
64784000,60D,false,Rx,0,8,0D,10,DF,23,02,20,70,00
64822000,625,false,Rx,0,8,25,00,11,43,FD,BB,E4,01
64883000,60D,false,Rx,0,8,0D,10,DF,23,02,20,70,00
64922000,625,false,Rx,0,8,25,00,11,43,FD,BB,E4,01
64960000,2C4,false,Rx,0,8,05,00,00,00,D2,02,00,00
64960000,2C5,false,Rx,0,8,00,00,00,00,00,00,00,00
64960000,2C6,false,Rx,0,8,F4,01,84,03,00,00,00,00
64973000,54,false,Rx,0,8,01,01,FE,FF,FE,FF,00,00
64973000,55,false,Rx,0,8,10,27,00,00,00,00,00,00
64973000,56,false,Rx,0,8,10,27,00,00,00,00,00,00
64983000,57,false,Rx,0,8,00,00,FE,FF,FE,FF,00,00
64984000,60D,false,Rx,0,8,0D,10,DF,23,02,20,70,00
65022000,625,false,Rx,0,8,25,00,11,43,FD,BB,E4,01
65083000,60D,false,Rx,0,8,0D,10,DF,23,02,20,70,00
65122000,625,false,Rx,0,8,25,00,11,43,FD,BB,E4,01
65160000,2C4,false,Rx,0,8,05,00,00,00,D2,02,00,00
65160000,2C5,false,Rx,0,8,00,00,00,00,00,00,00,00
65160000,2C6,false,Rx,0,8,F4,01,84,03,00,00,00,00
65173000,54,false,Rx,0,8,01,01,FE,FF,FE,FF,00,00
65173000,55,false,Rx,0,8,10,27,00,00,00,00,00,00
65173000,56,false,Rx,0,8,10,27,00,00,00,00,00,00
65184000,57,false,Rx,0,8,00,00,FE,FF,FE,FF,00,00
65184000,60D,false,Rx,0,8,0D,10,DF,23,02,20,70,00
65222000,625,false,Rx,0,8,25,00,11,43,FD,BB,E4,01
65283000,60D,false,Rx,0,8,0D,10,DF,23,02,20,70,00
65322000,625,false,Rx,0,8,25,00,11,43,FD,BB,E4,01
65360000,2C4,false,Rx,0,8,05,00,00,00,D2,02,00,00
65360000,2C5,false,Rx,0,8,00,00,00,00,00,00,00,00
65360000,2C6,false,Rx,0,8,F4,01,84,03,00,00,00,00
65373000,54,false,Rx,0,8,01,01,FE,FF,FE,FF,00,00
65373000,55,false,Rx,0,8,10,27,00,00,00,00,00,00
65373000,56,false,Rx,0,8,10,27,00,00,00,00,00,00
65384000,57,false,Rx,0,8,00,00,FE,FF,FE,FF,00,00
65384000,60D,false,Rx,0,8,0D,10,DF,23,02,20,70,00
65422000,625,false,Rx,0,8,25,00,11,43,FD,BB,E4,01
65483000,60D,false,Rx,0,8,0D,10,DF,23,02,20,70,00
65522000,625,false,Rx,0,8,25,00,11,43,FD,BB,E4,01
65560000,2C4,false,Rx,0,8,05,00,00,00,D2,02,00,00
65560000,2C5,false,Rx,0,8,00,00,00,00,00,00,00,00
65560000,2C6,false,Rx,0,8,F4,01,84,03,00,00,00,00
65573000,54,false,Rx,0,8,01,01,FE,FF,FE,FF,00,00
65573000,55,false,Rx,0,8,10,27,00,00,00,00,00,00
65573000,56,false,Rx,0,8,10,27,00,00,00,00,00,00
65583000,57,false,Rx,0,8,00,00,FE,FF,FE,FF,00,00
65584000,60D,false,Rx,0,8,0D,10,DF,23,02,20,70,00
65622000,625,false,Rx,0,8,25,00,11,43,FD,BB,E4,01
65683000,60D,false,Rx,0,8,0D,10,DF,23,02,20,70,00
65722000,625,false,Rx,0,8,25,00,11,43,FD,BB,E4,01
65760000,2C4,false,Rx,0,8,05,00,00,00,D2,02,00,00
65760000,2C5,false,Rx,0,8,00,00,00,00,00,00,00,00
65760000,2C6,false,Rx,0,8,F4,01,84,03,00,00,00,00
65773000,54,false,Rx,0,8,01,01,FE,FF,FE,FF,00,00
65773000,55,false,Rx,0,8,10,27,00,00,00,00,00,00
65773000,56,false,Rx,0,8,10,27,00,00,00,00,00,00
65783000,57,false,Rx,0,8,00,00,FE,FF,FE,FF,00,00
65784000,60D,false,Rx,0,8,0D,10,DF,23,02,20,70,00
65822000,625,false,Rx,0,8,25,00,11,43,FD,BB,E4,01
65883000,60D,false,Rx,0,8,0D,10,DF,23,02,20,70,00
65922000,625,false,Rx,0,8,25,00,11,43,FD,BB,E4,01
65960000,2C4,false,Rx,0,8,05,00,00,00,D2,02,00,00
65960000,2C5,false,Rx,0,8,00,00,00,00,00,00,00,00
65960000,2C6,false,Rx,0,8,F4,01,84,03,00,00,00,00
65973000,54,false,Rx,0,8,01,01,FE,FF,FE,FF,00,00
65973000,55,false,Rx,0,8,10,27,00,00,00,00,00,00
65973000,56,false,Rx,0,8,10,27,00,00,00,00,00,00
65983000,57,false,Rx,0,8,00,00,FE,FF,FE,FF,00,00
65984000,60D,false,Rx,0,8,0D,10,DF,23,02,20,70,00
66021000,625,false,Rx,0,8,25,00,11,43,FD,BB,E4,01
66083000,60D,false,Rx,0,8,0D,10,DF,23,02,20,70,00
66122000,625,false,Rx,0,8,25,00,11,43,FD,BB,E4,01
66160000,2C4,false,Rx,0,8,05,00,00,00,D2,02,00,00
66160000,2C5,false,Rx,0,8,00,00,00,00,00,00,00,00
66160000,2C6,false,Rx,0,8,F4,01,84,03,00,00,00,00
66173000,54,false,Rx,0,8,01,01,FE,FF,FE,FF,00,00
66173000,55,false,Rx,0,8,10,27,00,00,00,00,00,00
66173000,56,false,Rx,0,8,10,27,00,00,00,00,00,00
66183000,57,false,Rx,0,8,00,00,FE,FF,FE,FF,00,00
66184000,60D,false,Rx,0,8,0D,10,DF,23,02,20,70,00
66221000,625,false,Rx,0,8,25,00,11,43,FD,BB,E4,01
66283000,60D,false,Rx,0,8,0D,10,DF,23,02,20,70,00
66321000,625,false,Rx,0,8,25,00,11,43,FD,BB,E4,01
66360000,2C4,false,Rx,0,8,05,00,00,00,D2,02,00,00
66360000,2C5,false,Rx,0,8,00,00,00,00,00,00,00,00
66360000,2C6,false,Rx,0,8,F4,01,84,03,00,00,00,00
66373000,54,false,Rx,0,8,01,01,FE,FF,FE,FF,00,00
66373000,55,false,Rx,0,8,10,27,00,00,00,00,00,00
66373000,56,false,Rx,0,8,10,27,00,00,00,00,00,00
66384000,57,false,Rx,0,8,00,00,FE,FF,FE,FF,00,00
66384000,60D,false,Rx,0,8,0D,10,DF,23,02,20,70,00
66421000,625,false,Rx,0,8,25,00,11,43,FD,BB,E4,01
66483000,60D,false,Rx,0,8,0D,10,DF,23,02,20,70,00
66521000,625,false,Rx,0,8,25,00,11,43,FD,BB,E4,01
66560000,2C4,false,Rx,0,8,05,00,00,00,D2,02,00,00
66560000,2C5,false,Rx,0,8,00,00,00,00,00,00,00,00
66560000,2C6,false,Rx,0,8,F4,01,84,03,00,00,00,00
66573000,54,false,Rx,0,8,01,01,FE,FF,FE,FF,00,00
66573000,55,false,Rx,0,8,10,27,00,00,00,00,00,00
66573000,56,false,Rx,0,8,10,27,00,00,00,00,00,00
66583000,57,false,Rx,0,8,00,00,FE,FF,FE,FF,00,00
66584000,60D,false,Rx,0,8,0D,10,DF,23,02,20,70,00
66621000,625,false,Rx,0,8,25,00,11,43,FD,BB,E4,01
66683000,60D,false,Rx,0,8,0D,10,DF,23,02,20,70,00
66721000,625,false,Rx,0,8,25,00,11,43,FD,BB,E4,01
66760000,2C4,false,Rx,0,8,05,00,00,00,D2,02,00,00
66760000,2C5,false,Rx,0,8,00,00,00,00,00,00,00,00
66760000,2C6,false,Rx,0,8,F4,01,84,03,00,00,00,00
66773000,54,false,Rx,0,8,01,01,FE,FF,FE,FF,00,00
66773000,55,false,Rx,0,8,10,27,00,00,00,00,00,00
66773000,56,false,Rx,0,8,10,27,00,00,00,00,00,00
66784000,57,false,Rx,0,8,00,00,FE,FF,FE,FF,00,00
66784000,60D,false,Rx,0,8,0D,10,DF,23,02,20,70,00
66821000,625,false,Rx,0,8,25,00,11,43,FD,BB,E4,01
66883000,60D,false,Rx,0,8,0D,10,DF,23,02,20,70,00
66921000,625,false,Rx,0,8,25,00,11,43,FD,BB,E4,01
66960000,2C4,false,Rx,0,8,05,00,00,00,D2,02,00,00
66960000,2C5,false,Rx,0,8,00,00,00,00,00,00,00,00
66960000,2C6,false,Rx,0,8,F4,01,84,03,00,00,00,00
66973000,54,false,Rx,0,8,01,01,FE,FF,FE,FF,00,00
66973000,55,false,Rx,0,8,10,27,00,00,00,00,00,00
66973000,56,false,Rx,0,8,10,27,00,00,00,00,00,00
66984000,57,false,Rx,0,8,00,00,FE,FF,FE,FF,00,00
66984000,60D,false,Rx,0,8,0D,10,DF,23,02,20,70,00
67021000,625,false,Rx,0,8,25,00,11,43,FD,BB,E4,01
67083000,60D,false,Rx,0,8,0D,10,DF,23,02,20,70,00
67121000,625,false,Rx,0,8,25,00,11,43,FD,BB,E4,01
67160000,2C4,false,Rx,0,8,05,00,00,00,D2,02,00,00
67160000,2C5,false,Rx,0,8,00,00,00,00,00,00,00,00
67160000,2C6,false,Rx,0,8,F4,01,84,03,00,00,00,00
67173000,54,false,Rx,0,8,01,01,FE,FF,FE,FF,00,00
67173000,55,false,Rx,0,8,10,27,00,00,00,00,00,00
67173000,56,false,Rx,0,8,10,27,00,00,00,00,00,00
67184000,57,false,Rx,0,8,00,00,FE,FF,FE,FF,00,00
67184000,60D,false,Rx,0,8,0D,10,DF,23,02,20,70,00
67221000,625,false,Rx,0,8,25,00,11,43,FD,BB,E4,01
67283000,60D,false,Rx,0,8,0D,10,DF,23,02,20,70,00
67321000,625,false,Rx,0,8,25,00,11,43,FD,BB,E4,01
67360000,2C4,false,Rx,0,8,05,00,00,00,D2,02,00,00
67360000,2C5,false,Rx,0,8,00,00,00,00,00,00,00,00
67360000,2C6,false,Rx,0,8,F4,01,84,03,00,00,00,00
67373000,54,false,Rx,0,8,01,01,FE,FF,FE,FF,00,00
67373000,55,false,Rx,0,8,10,27,00,00,00,00,00,00
67373000,56,false,Rx,0,8,10,27,00,00,00,00,00,00
67384000,57,false,Rx,0,8,00,00,FE,FF,FE,FF,00,00
67384000,60D,false,Rx,0,8,0D,10,DF,23,02,20,70,00
67421000,625,false,Rx,0,8,25,00,11,43,FD,BB,E4,01
67483000,60D,false,Rx,0,8,0D,10,DF,23,02,20,70,00
67521000,625,false,Rx,0,8,25,00,11,43,FD,BB,E4,01
67560000,2C4,false,Rx,0,8,05,00,00,00,D2,02,00,00
67560000,2C5,false,Rx,0,8,00,00,00,00,00,00,00,00
67560000,2C6,false,Rx,0,8,F4,01,84,03,00,00,00,00
67573000,54,false,Rx,0,8,01,01,FE,FF,FE,FF,00,00
67573000,55,false,Rx,0,8,10,27,00,00,00,00,00,00
67573000,56,false,Rx,0,8,10,27,00,00,00,00,00,00
67583000,57,false,Rx,0,8,00,00,FE,FF,FE,FF,00,00
67584000,60D,false,Rx,0,8,0D,10,DF,23,02,20,70,00
67621000,625,false,Rx,0,8,25,00,11,43,FD,BB,E4,01
67683000,60D,false,Rx,0,8,0D,10,DF,23,02,20,70,00
67721000,625,false,Rx,0,8,25,00,11,43,FD,BB,E4,01
67760000,2C4,false,Rx,0,8,05,00,00,00,D2,02,00,00
67760000,2C5,false,Rx,0,8,00,00,00,00,00,00,00,00
67760000,2C6,false,Rx,0,8,F4,01,84,03,00,00,00,00
67773000,54,false,Rx,0,8,01,01,FE,FF,FE,FF,00,00
67773000,55,false,Rx,0,8,10,27,00,00,00,00,00,00
67773000,56,false,Rx,0,8,10,27,00,00,00,00,00,00
67783000,57,false,Rx,0,8,00,00,FE,FF,FE,FF,00,00
67784000,60D,false,Rx,0,8,0D,10,DF,23,02,20,70,00
67821000,625,false,Rx,0,8,25,00,11,43,FD,BB,E4,01
67883000,60D,false,Rx,0,8,0D,10,DF,23,02,20,70,00
67921000,625,false,Rx,0,8,25,00,11,43,FD,BB,E4,01
67960000,2C4,false,Rx,0,8,05,00,00,00,D2,02,00,00
67960000,2C5,false,Rx,0,8,00,00,00,00,00,00,00,00
67960000,2C6,false,Rx,0,8,F4,01,84,03,00,00,00,00
67973000,54,false,Rx,0,8,01,01,FE,FF,FE,FF,00,00
67973000,55,false,Rx,0,8,10,27,00,00,00,00,00,00
67973000,56,false,Rx,0,8,10,27,00,00,00,00,00,00
67983000,57,false,Rx,0,8,00,00,FE,FF,FE,FF,00,00
67984000,60D,false,Rx,0,8,0D,10,DF,23,02,20,70,00
68021000,625,false,Rx,0,8,25,00,11,43,FD,BB,E4,01
68083000,60D,false,Rx,0,8,0D,10,DF,23,02,20,70,00
68121000,625,false,Rx,0,8,25,00,11,43,FD,BB,E4,01
68160000,2C4,false,Rx,0,8,05,00,00,00,D2,02,00,00
68160000,2C5,false,Rx,0,8,00,00,00,00,00,00,00,00
68160000,2C6,false,Rx,0,8,F4,01,84,03,00,00,00,00
68173000,54,false,Rx,0,8,01,01,FE,FF,FE,FF,00,00
68173000,55,false,Rx,0,8,10,27,00,00,00,00,00,00
68173000,56,false,Rx,0,8,10,27,00,00,00,00,00,00
68183000,57,false,Rx,0,8,00,00,FE,FF,FE,FF,00,00
68184000,60D,false,Rx,0,8,0D,10,DF,23,02,20,70,00
68221000,625,false,Rx,0,8,25,00,11,43,FD,BB,E4,01
68283000,60D,false,Rx,0,8,0D,10,DF,23,02,20,70,00
68321000,625,false,Rx,0,8,25,00,11,43,FD,BB,E4,01
68360000,2C4,false,Rx,0,8,05,00,00,00,D2,02,00,00
68360000,2C5,false,Rx,0,8,00,00,00,00,00,00,00,00
68360000,2C6,false,Rx,0,8,F4,01,84,03,00,00,00,00
68373000,54,false,Rx,0,8,01,01,FE,FF,FE,FF,00,00
68373000,55,false,Rx,0,8,10,27,00,00,00,00,00,00
68373000,56,false,Rx,0,8,10,27,00,00,00,00,00,00
68383000,57,false,Rx,0,8,00,00,FE,FF,FE,FF,00,00
68384000,60D,false,Rx,0,8,0D,10,DF,23,02,20,70,00
68421000,625,false,Rx,0,8,25,00,11,43,FD,BB,E4,01
68483000,60D,false,Rx,0,8,0D,10,DF,23,02,20,70,00
68521000,625,false,Rx,0,8,25,00,11,43,FD,BB,E4,01
68560000,2C4,false,Rx,0,8,05,00,00,00,D2,02,00,00
68560000,2C5,false,Rx,0,8,00,00,00,00,00,00,00,00
68560000,2C6,false,Rx,0,8,F4,01,84,03,00,00,00,00
68572000,54,false,Rx,0,8,01,01,FE,FF,FE,FF,00,00
68573000,55,false,Rx,0,8,10,27,00,00,00,00,00,00
68573000,56,false,Rx,0,8,10,27,00,00,00,00,00,00
68583000,57,false,Rx,0,8,00,00,FE,FF,FE,FF,00,00
68584000,60D,false,Rx,0,8,0D,10,DF,23,02,20,70,00
68621000,625,false,Rx,0,8,25,00,11,43,FD,BB,E4,01
68683000,60D,false,Rx,0,8,0D,10,DF,23,02,20,70,00
68721000,625,false,Rx,0,8,25,00,11,43,FD,BB,E4,01
68759000,2C4,false,Rx,0,8,05,00,00,00,D2,02,00,00
68760000,2C5,false,Rx,0,8,00,00,00,00,00,00,00,00
68760000,2C6,false,Rx,0,8,F4,01,84,03,00,00,00,00
68772000,54,false,Rx,0,8,01,01,FE,FF,FE,FF,00,00
68773000,55,false,Rx,0,8,10,27,00,00,00,00,00,00
68773000,56,false,Rx,0,8,10,27,00,00,00,00,00,00
68783000,57,false,Rx,0,8,00,00,FE,FF,FE,FF,00,00
68784000,60D,false,Rx,0,8,0D,10,DF,23,02,20,70,00
68821000,625,false,Rx,0,8,25,00,11,43,FD,BB,E4,01
68883000,60D,false,Rx,0,8,0D,10,DF,23,02,20,70,00
68921000,625,false,Rx,0,8,25,00,11,43,FD,BB,E4,01
68959000,2C4,false,Rx,0,8,05,00,00,00,D2,02,00,00
68960000,2C5,false,Rx,0,8,00,00,00,00,00,00,00,00
68960000,2C6,false,Rx,0,8,F4,01,84,03,00,00,00,00
68972000,54,false,Rx,0,8,01,01,FE,FF,FE,FF,00,00
68973000,55,false,Rx,0,8,10,27,00,00,00,00,00,00
68973000,56,false,Rx,0,8,10,27,00,00,00,00,00,00
68983000,57,false,Rx,0,8,00,00,FE,FF,FE,FF,00,00
68984000,60D,false,Rx,0,8,0D,10,DF,23,02,20,70,00
69021000,625,false,Rx,0,8,25,00,11,43,FD,BB,E4,01
69083000,60D,false,Rx,0,8,0D,10,DF,23,02,20,70,00
69121000,625,false,Rx,0,8,25,00,11,43,FD,BB,E4,01
69159000,2C4,false,Rx,0,8,05,00,00,00,D2,02,00,00
69160000,2C5,false,Rx,0,8,00,00,00,00,00,00,00,00
69160000,2C6,false,Rx,0,8,F4,01,84,03,00,00,00,00
69173000,54,false,Rx,0,8,01,01,FE,FF,FE,FF,00,00
69173000,55,false,Rx,0,8,10,27,00,00,00,00,00,00
69173000,56,false,Rx,0,8,10,27,00,00,00,00,00,00
69184000,57,false,Rx,0,8,00,00,FE,FF,FE,FF,00,00
69184000,60D,false,Rx,0,8,0D,10,DF,23,02,20,70,00
69221000,625,false,Rx,0,8,25,00,11,43,FD,BB,E4,01
69283000,60D,false,Rx,0,8,0D,10,DF,23,02,20,70,00
69321000,625,false,Rx,0,8,25,00,11,43,FD,BB,E4,01
69359000,2C4,false,Rx,0,8,05,00,00,00,D2,02,00,00
69360000,2C5,false,Rx,0,8,00,00,00,00,00,00,00,00
69360000,2C6,false,Rx,0,8,F4,01,84,03,00,00,00,00
69372000,54,false,Rx,0,8,01,01,FE,FF,FE,FF,00,00
69373000,55,false,Rx,0,8,10,27,00,00,00,00,00,00
69373000,56,false,Rx,0,8,10,27,00,00,00,00,00,00
69383000,57,false,Rx,0,8,00,00,FE,FF,FE,FF,00,00
69384000,60D,false,Rx,0,8,0D,10,DF,23,02,20,70,00
69421000,625,false,Rx,0,8,25,00,11,43,FD,BB,E4,01
69483000,60D,false,Rx,0,8,0D,10,DF,23,02,20,70,00
69521000,625,false,Rx,0,8,25,00,11,43,FD,BB,E4,01
69559000,2C4,false,Rx,0,8,05,00,00,00,D2,02,00,00
69560000,2C5,false,Rx,0,8,00,00,00,00,00,00,00,00
69560000,2C6,false,Rx,0,8,F4,01,84,03,00,00,00,00
69572000,54,false,Rx,0,8,01,01,FE,FF,FE,FF,00,00
69573000,55,false,Rx,0,8,10,27,00,00,00,00,00,00
69573000,56,false,Rx,0,8,10,27,00,00,00,00,00,00
69583000,57,false,Rx,0,8,00,00,FE,FF,FE,FF,00,00
69584000,60D,false,Rx,0,8,0D,10,DF,23,02,20,70,00
69621000,625,false,Rx,0,8,25,00,11,43,FD,BB,E4,01
69683000,60D,false,Rx,0,8,0D,10,DF,23,02,20,70,00
69721000,625,false,Rx,0,8,25,00,11,43,FD,BB,E4,01
69759000,2C4,false,Rx,0,8,05,00,00,00,D2,02,00,00
69760000,2C5,false,Rx,0,8,00,00,00,00,00,00,00,00
69760000,2C6,false,Rx,0,8,F4,01,84,03,00,00,00,00
69772000,54,false,Rx,0,8,01,01,FE,FF,FE,FF,00,00
69773000,55,false,Rx,0,8,10,27,00,00,00,00,00,00
69773000,56,false,Rx,0,8,10,27,00,00,00,00,00,00
69783000,57,false,Rx,0,8,00,00,FE,FF,FE,FF,00,00
69784000,60D,false,Rx,0,8,0D,10,DF,23,02,20,70,00
69821000,625,false,Rx,0,8,25,00,11,43,FD,BB,E4,01
69883000,60D,false,Rx,0,8,0D,10,DF,23,02,20,70,00
69921000,625,false,Rx,0,8,25,00,11,43,FD,BB,E4,01
69959000,2C4,false,Rx,0,8,05,00,00,00,D2,02,00,00
69960000,2C5,false,Rx,0,8,00,00,00,00,00,00,00,00
69960000,2C6,false,Rx,0,8,F4,01,84,03,00,00,00,00
69972000,54,false,Rx,0,8,01,01,FE,FF,FE,FF,00,00
69973000,55,false,Rx,0,8,10,27,00,00,00,00,00,00
69973000,56,false,Rx,0,8,10,27,00,00,00,00,00,00
69983000,57,false,Rx,0,8,00,00,FE,FF,FE,FF,00,00
69984000,60D,false,Rx,0,8,0D,10,DF,23,02,20,70,00
70021000,625,false,Rx,0,8,25,00,11,43,FD,BB,E4,01
70083000,60D,false,Rx,0,8,0D,10,DF,23,02,20,70,00
70121000,625,false,Rx,0,8,25,00,11,43,FD,BB,E4,01
70159000,2C4,false,Rx,0,8,05,00,00,00,D2,02,00,00
70160000,2C5,false,Rx,0,8,00,00,00,00,00,00,00,00
70160000,2C6,false,Rx,0,8,F4,01,84,03,00,00,00,00
70172000,54,false,Rx,0,8,01,01,FE,FF,FE,FF,00,00
70173000,55,false,Rx,0,8,10,27,00,00,00,00,00,00
70173000,56,false,Rx,0,8,10,27,00,00,00,00,00,00
70183000,57,false,Rx,0,8,00,00,FE,FF,FE,FF,00,00
70184000,60D,false,Rx,0,8,0D,10,DF,23,02,20,70,00
70221000,625,false,Rx,0,8,25,00,11,43,FD,BB,E4,01
70283000,60D,false,Rx,0,8,0D,10,DF,23,02,20,70,00
70321000,625,false,Rx,0,8,25,00,11,43,FD,BB,E4,01
70359000,2C4,false,Rx,0,8,05,00,00,00,D2,02,00,00
70360000,2C5,false,Rx,0,8,00,00,00,00,00,00,00,00
70360000,2C6,false,Rx,0,8,F4,01,84,03,00,00,00,00
70372000,54,false,Rx,0,8,01,01,FE,FF,FE,FF,00,00
70373000,55,false,Rx,0,8,10,27,00,00,00,00,00,00
70373000,56,false,Rx,0,8,10,27,00,00,00,00,00,00
70383000,57,false,Rx,0,8,00,00,FE,FF,FE,FF,00,00
70384000,60D,false,Rx,0,8,0D,10,DF,23,02,20,70,00
70421000,625,false,Rx,0,8,25,00,11,43,FD,BB,E4,01
70483000,60D,false,Rx,0,8,0D,10,DF,23,02,20,70,00
70521000,625,false,Rx,0,8,25,00,11,43,FD,BB,E4,01
70559000,2C4,false,Rx,0,8,05,00,00,00,D2,02,00,00
70560000,2C5,false,Rx,0,8,00,00,00,00,00,00,00,00
70560000,2C6,false,Rx,0,8,F4,01,84,03,00,00,00,00
70572000,54,false,Rx,0,8,01,01,FE,FF,FE,FF,00,00
70573000,55,false,Rx,0,8,10,27,00,00,00,00,00,00
70573000,56,false,Rx,0,8,10,27,00,00,00,00,00,00
70583000,57,false,Rx,0,8,00,00,FE,FF,FE,FF,00,00
70584000,60D,false,Rx,0,8,0D,10,DF,23,02,20,70,00
70621000,625,false,Rx,0,8,25,00,11,43,FD,BB,E4,01
70683000,60D,false,Rx,0,8,0D,10,DF,23,02,20,70,00
70721000,625,false,Rx,0,8,25,00,11,43,FD,BB,E4,01
70759000,2C4,false,Rx,0,8,05,00,00,00,D2,02,00,00
70760000,2C5,false,Rx,0,8,00,00,00,00,00,00,00,00
70760000,2C6,false,Rx,0,8,F4,01,84,03,00,00,00,00
70772000,54,false,Rx,0,8,01,01,FE,FF,FE,FF,00,00
70773000,55,false,Rx,0,8,10,27,00,00,00,00,00,00
70773000,56,false,Rx,0,8,10,27,00,00,00,00,00,00
70783000,57,false,Rx,0,8,00,00,FE,FF,FE,FF,00,00
70784000,60D,false,Rx,0,8,0D,10,DF,23,02,20,70,00
70821000,625,false,Rx,0,8,25,00,11,43,FD,BB,E4,01
70883000,60D,false,Rx,0,8,0D,10,DF,23,02,20,70,00
70921000,625,false,Rx,0,8,25,00,11,43,FD,BB,E4,01
70959000,2C4,false,Rx,0,8,05,00,00,00,D2,02,00,00
70960000,2C5,false,Rx,0,8,00,00,00,00,00,00,00,00
70960000,2C6,false,Rx,0,8,F4,01,84,03,00,00,00,00
70972000,54,false,Rx,0,8,01,01,FE,FF,FE,FF,00,00
70973000,55,false,Rx,0,8,10,27,00,00,00,00,00,00
70973000,56,false,Rx,0,8,10,27,00,00,00,00,00,00
70983000,57,false,Rx,0,8,00,00,FE,FF,FE,FF,00,00
70984000,60D,false,Rx,0,8,0D,10,DF,23,02,20,70,00
71021000,625,false,Rx,0,8,25,00,11,43,FD,BB,E4,01
71083000,60D,false,Rx,0,8,0D,10,DF,23,02,20,70,00
71121000,625,false,Rx,0,8,25,00,11,43,FD,BB,E4,01
71159000,2C4,false,Rx,0,8,05,00,00,00,D2,02,00,00
71160000,2C5,false,Rx,0,8,00,00,00,00,00,00,00,00
71160000,2C6,false,Rx,0,8,F4,01,84,03,00,00,00,00
71172000,54,false,Rx,0,8,01,01,FE,FF,FE,FF,00,00
71173000,55,false,Rx,0,8,10,27,00,00,00,00,00,00
71173000,56,false,Rx,0,8,10,27,00,00,00,00,00,00
71183000,57,false,Rx,0,8,00,00,FE,FF,FE,FF,00,00
71184000,60D,false,Rx,0,8,0D,10,DF,23,02,20,70,00
71221000,625,false,Rx,0,8,25,00,11,43,FD,BB,E4,01
71283000,60D,false,Rx,0,8,0D,10,DF,23,02,20,70,00
71321000,625,false,Rx,0,8,25,00,11,43,FD,BB,E4,01
71359000,2C4,false,Rx,0,8,05,00,00,00,D2,02,00,00
71360000,2C5,false,Rx,0,8,00,00,00,00,00,00,00,00
71360000,2C6,false,Rx,0,8,F4,01,84,03,00,00,00,00
71372000,54,false,Rx,0,8,01,01,FE,FF,FE,FF,00,00
71373000,55,false,Rx,0,8,10,27,00,00,00,00,00,00
71373000,56,false,Rx,0,8,10,27,00,00,00,00,00,00
71383000,57,false,Rx,0,8,00,00,FE,FF,FE,FF,00,00
71384000,60D,false,Rx,0,8,0D,10,DF,23,02,20,70,00
71421000,625,false,Rx,0,8,25,00,11,43,FD,BB,E4,01
71483000,60D,false,Rx,0,8,0D,10,DF,23,02,20,70,00
71521000,625,false,Rx,0,8,25,00,11,43,FD,BB,E4,01
71559000,2C4,false,Rx,0,8,05,00,00,00,D2,02,00,00
71560000,2C5,false,Rx,0,8,00,00,00,00,00,00,00,00
71560000,2C6,false,Rx,0,8,F4,01,84,03,00,00,00,00
71572000,54,false,Rx,0,8,01,01,FE,FF,FE,FF,00,00
71573000,55,false,Rx,0,8,10,27,00,00,00,00,00,00
71573000,56,false,Rx,0,8,10,27,00,00,00,00,00,00
71583000,57,false,Rx,0,8,00,00,FE,FF,FE,FF,00,00
71584000,60D,false,Rx,0,8,0D,10,DF,23,02,20,70,00
71621000,625,false,Rx,0,8,25,00,11,43,FD,BB,E4,01
71683000,60D,false,Rx,0,8,0D,10,DF,23,02,20,70,00
71721000,625,false,Rx,0,8,25,00,11,43,FD,BB,E4,01
71759000,2C4,false,Rx,0,8,05,00,00,00,D2,02,00,00
71760000,2C5,false,Rx,0,8,00,00,00,00,00,00,00,00
71760000,2C6,false,Rx,0,8,F4,01,84,03,00,00,00,00
71772000,54,false,Rx,0,8,01,01,FE,FF,FE,FF,00,00
71773000,55,false,Rx,0,8,10,27,00,00,00,00,00,00
71773000,56,false,Rx,0,8,10,27,00,00,00,00,00,00
71783000,57,false,Rx,0,8,00,00,FE,FF,FE,FF,00,00
71784000,60D,false,Rx,0,8,0D,10,DF,23,02,20,70,00
71821000,625,false,Rx,0,8,25,00,11,43,FD,BB,E4,01
71883000,60D,false,Rx,0,8,0D,10,DF,23,02,20,70,00
71921000,625,false,Rx,0,8,25,00,11,43,FD,BB,E4,01
71959000,2C4,false,Rx,0,8,05,00,00,00,D2,02,00,00
71960000,2C5,false,Rx,0,8,00,00,00,00,00,00,00,00
71960000,2C6,false,Rx,0,8,F4,01,84,03,00,00,00,00
71972000,54,false,Rx,0,8,01,01,FE,FF,FE,FF,00,00
71973000,55,false,Rx,0,8,10,27,00,00,00,00,00,00
71973000,56,false,Rx,0,8,10,27,00,00,00,00,00,00
71983000,57,false,Rx,0,8,00,00,FE,FF,FE,FF,00,00
71984000,60D,false,Rx,0,8,0D,10,DF,23,02,20,70,00
72021000,625,false,Rx,0,8,25,00,11,43,FD,BB,E4,01
72083000,60D,false,Rx,0,8,0D,10,DF,23,02,20,70,00
72121000,625,false,Rx,0,8,25,00,11,43,FD,BB,E4,01
72159000,2C4,false,Rx,0,8,05,00,00,00,D2,02,00,00
72160000,2C5,false,Rx,0,8,00,00,00,00,00,00,00,00
72160000,2C6,false,Rx,0,8,F4,01,84,03,00,00,00,00
72172000,54,false,Rx,0,8,01,01,FE,FF,FE,FF,00,00
72173000,55,false,Rx,0,8,10,27,00,00,00,00,00,00
72173000,56,false,Rx,0,8,10,27,00,00,00,00,00,00
72183000,57,false,Rx,0,8,00,00,FE,FF,FE,FF,00,00
72184000,60D,false,Rx,0,8,0D,10,DF,23,02,20,70,00
72221000,625,false,Rx,0,8,25,00,11,43,FD,BB,E4,01
72283000,60D,false,Rx,0,8,0D,10,DF,23,02,20,70,00
72321000,625,false,Rx,0,8,25,00,11,43,FD,BB,E4,01
72359000,2C4,false,Rx,0,8,05,00,00,00,D2,02,00,00
72360000,2C5,false,Rx,0,8,00,00,00,00,00,00,00,00
72360000,2C6,false,Rx,0,8,F4,01,84,03,00,00,00,00
72373000,54,false,Rx,0,8,01,01,FE,FF,FE,FF,00,00
72373000,55,false,Rx,0,8,10,27,00,00,00,00,00,00
72373000,56,false,Rx,0,8,10,27,00,00,00,00,00,00
72384000,57,false,Rx,0,8,00,00,FE,FF,FE,FF,00,00
72384000,60D,false,Rx,0,8,0D,10,DF,23,02,20,70,00
72421000,625,false,Rx,0,8,25,00,11,43,FD,BB,E4,01
72483000,60D,false,Rx,0,8,0D,10,DF,23,02,20,70,00
72521000,625,false,Rx,0,8,25,00,11,43,FD,BB,E4,01
72559000,2C4,false,Rx,0,8,05,00,00,00,D2,02,00,00
72560000,2C5,false,Rx,0,8,00,00,00,00,00,00,00,00
72560000,2C6,false,Rx,0,8,F4,01,84,03,00,00,00,00
72572000,54,false,Rx,0,8,01,01,FE,FF,FE,FF,00,00
72573000,55,false,Rx,0,8,10,27,00,00,00,00,00,00
72573000,56,false,Rx,0,8,10,27,00,00,00,00,00,00
72583000,57,false,Rx,0,8,00,00,FE,FF,FE,FF,00,00
72584000,60D,false,Rx,0,8,0D,10,DF,23,02,20,70,00
72621000,625,false,Rx,0,8,25,00,11,43,FD,BB,E4,01
72683000,60D,false,Rx,0,8,0D,10,DF,23,02,20,70,00
72721000,625,false,Rx,0,8,25,00,11,43,FD,BB,E4,01
72759000,2C4,false,Rx,0,8,05,00,00,00,D2,02,00,00
72760000,2C5,false,Rx,0,8,00,00,00,00,00,00,00,00
72760000,2C6,false,Rx,0,8,F4,01,84,03,00,00,00,00
72772000,54,false,Rx,0,8,01,01,FE,FF,FE,FF,00,00
72773000,55,false,Rx,0,8,10,27,00,00,00,00,00,00
72773000,56,false,Rx,0,8,10,27,00,00,00,00,00,00
72783000,57,false,Rx,0,8,00,00,FE,FF,FE,FF,00,00
72784000,60D,false,Rx,0,8,0D,10,DF,23,02,20,70,00
72821000,625,false,Rx,0,8,25,00,11,43,FD,BB,E4,01
72883000,60D,false,Rx,0,8,0D,10,DF,23,02,20,70,00
72921000,625,false,Rx,0,8,25,00,11,43,FD,BB,E4,01
72959000,2C4,false,Rx,0,8,05,00,00,00,D2,02,00,00
72959000,2C5,false,Rx,0,8,00,00,00,00,00,00,00,00
72960000,2C6,false,Rx,0,8,F4,01,84,03,00,00,00,00
72972000,54,false,Rx,0,8,01,01,FE,FF,FE,FF,00,00
72973000,55,false,Rx,0,8,10,27,00,00,00,00,00,00
72973000,56,false,Rx,0,8,10,27,00,00,00,00,00,00
72983000,57,false,Rx,0,8,00,00,FE,FF,FE,FF,00,00
72984000,60D,false,Rx,0,8,0D,10,DF,23,02,20,70,00
73021000,625,false,Rx,0,8,25,00,11,43,FD,BB,E4,01
73083000,60D,false,Rx,0,8,0D,10,DF,23,02,20,70,00
73121000,625,false,Rx,0,8,25,00,11,43,FD,BB,E4,01
73159000,2C4,false,Rx,0,8,05,00,00,00,D2,02,00,00
73159000,2C5,false,Rx,0,8,00,00,00,00,00,00,00,00
73160000,2C6,false,Rx,0,8,F4,01,84,03,00,00,00,00
73172000,54,false,Rx,0,8,01,01,FE,FF,FE,FF,00,00
73173000,55,false,Rx,0,8,10,27,00,00,00,00,00,00
73173000,56,false,Rx,0,8,10,27,00,00,00,00,00,00
73183000,57,false,Rx,0,8,00,00,FE,FF,FE,FF,00,00
73184000,60D,false,Rx,0,8,0D,10,DF,23,02,20,70,00
73221000,625,false,Rx,0,8,25,00,11,43,FD,BB,E4,01
73283000,60D,false,Rx,0,8,0D,10,DF,23,02,20,70,00
73321000,625,false,Rx,0,8,25,00,11,43,FD,BB,E4,01
73359000,2C4,false,Rx,0,8,05,00,00,00,D2,02,00,00
73360000,2C5,false,Rx,0,8,00,00,00,00,00,00,00,00
73360000,2C6,false,Rx,0,8,F4,01,84,03,00,00,00,00
73372000,54,false,Rx,0,8,01,01,FE,FF,FE,FF,00,00
73373000,55,false,Rx,0,8,10,27,00,00,00,00,00,00
73373000,56,false,Rx,0,8,10,27,00,00,00,00,00,00
73383000,57,false,Rx,0,8,00,00,FE,FF,FE,FF,00,00
73384000,60D,false,Rx,0,8,0D,10,DF,23,02,20,70,00
73421000,625,false,Rx,0,8,25,00,11,43,FD,BB,E4,01
73483000,60D,false,Rx,0,8,0D,10,DF,23,02,20,70,00
73521000,625,false,Rx,0,8,25,00,11,43,FD,BB,E4,01
73559000,2C4,false,Rx,0,8,05,00,00,00,D2,02,00,00
73559000,2C5,false,Rx,0,8,00,00,00,00,00,00,00,00
73560000,2C6,false,Rx,0,8,F4,01,84,03,00,00,00,00
73572000,54,false,Rx,0,8,01,01,FE,FF,FE,FF,00,00
73573000,55,false,Rx,0,8,10,27,00,00,00,00,00,00
73573000,56,false,Rx,0,8,10,27,00,00,00,00,00,00
73583000,57,false,Rx,0,8,00,00,FE,FF,FE,FF,00,00
73584000,60D,false,Rx,0,8,0D,10,DF,23,02,20,70,00
73621000,625,false,Rx,0,8,25,00,11,43,FD,BB,E4,01
73683000,60D,false,Rx,0,8,0D,10,DF,23,02,20,70,00
73721000,625,false,Rx,0,8,25,00,11,43,FD,BB,E4,01
73759000,2C4,false,Rx,0,8,05,00,00,00,D2,02,00,00
73759000,2C5,false,Rx,0,8,00,00,00,00,00,00,00,00
73760000,2C6,false,Rx,0,8,F4,01,84,03,00,00,00,00
73772000,54,false,Rx,0,8,01,01,FE,FF,FE,FF,00,00
73773000,55,false,Rx,0,8,10,27,00,00,00,00,00,00
73773000,56,false,Rx,0,8,10,27,00,00,00,00,00,00
73783000,57,false,Rx,0,8,00,00,FE,FF,FE,FF,00,00
73784000,60D,false,Rx,0,8,0D,10,DF,23,02,20,70,00
73821000,625,false,Rx,0,8,25,00,11,43,FD,BB,E4,01
73883000,60D,false,Rx,0,8,0D,10,DF,23,02,20,70,00
73921000,625,false,Rx,0,8,25,00,11,43,FD,BB,E4,01
73959000,2C4,false,Rx,0,8,05,00,00,00,D2,02,00,00
73959000,2C5,false,Rx,0,8,00,00,00,00,00,00,00,00
73960000,2C6,false,Rx,0,8,F4,01,84,03,00,00,00,00
73972000,54,false,Rx,0,8,01,01,FE,FF,FE,FF,00,00
73973000,55,false,Rx,0,8,10,27,00,00,00,00,00,00
73973000,56,false,Rx,0,8,10,27,00,00,00,00,00,00
73983000,57,false,Rx,0,8,00,00,FE,FF,FE,FF,00,00
73984000,60D,false,Rx,0,8,0D,10,DF,23,02,20,70,00
74021000,625,false,Rx,0,8,25,00,11,43,FD,BB,E4,01
74083000,60D,false,Rx,0,8,0D,10,DF,23,02,20,70,00
74121000,625,false,Rx,0,8,25,00,11,43,FD,BB,E4,01
74159000,2C4,false,Rx,0,8,05,00,00,00,D2,02,00,00
74159000,2C5,false,Rx,0,8,00,00,00,00,00,00,00,00
74160000,2C6,false,Rx,0,8,F4,01,84,03,00,00,00,00
74172000,54,false,Rx,0,8,01,01,FE,FF,FE,FF,00,00
74173000,55,false,Rx,0,8,10,27,00,00,00,00,00,00
74173000,56,false,Rx,0,8,10,27,00,00,00,00,00,00
74183000,57,false,Rx,0,8,00,00,FE,FF,FE,FF,00,00
74184000,60D,false,Rx,0,8,0D,10,DF,23,02,20,70,00
74221000,625,false,Rx,0,8,25,00,11,43,FD,BB,E4,01
74283000,60D,false,Rx,0,8,0D,10,DF,23,02,20,70,00
74321000,625,false,Rx,0,8,25,00,11,43,FD,BB,E4,01
74359000,2C4,false,Rx,0,8,05,00,00,00,D2,02,00,00
74359000,2C5,false,Rx,0,8,00,00,00,00,00,00,00,00
74360000,2C6,false,Rx,0,8,F4,01,84,03,00,00,00,00
74372000,54,false,Rx,0,8,01,01,FE,FF,FE,FF,00,00
74373000,55,false,Rx,0,8,10,27,00,00,00,00,00,00
74373000,56,false,Rx,0,8,10,27,00,00,00,00,00,00
74383000,57,false,Rx,0,8,00,00,FE,FF,FE,FF,00,00
74384000,60D,false,Rx,0,8,0D,10,DF,23,02,20,70,00
74421000,625,false,Rx,0,8,25,00,11,43,FD,BB,E4,01
74483000,60D,false,Rx,0,8,0D,10,DF,23,02,20,70,00
74521000,625,false,Rx,0,8,25,00,11,43,FD,BB,E4,01
74559000,2C4,false,Rx,0,8,05,00,00,00,D2,02,00,00
74559000,2C5,false,Rx,0,8,00,00,00,00,00,00,00,00
74560000,2C6,false,Rx,0,8,F4,01,84,03,00,00,00,00
74572000,54,false,Rx,0,8,01,01,FE,FF,FE,FF,00,00
74573000,55,false,Rx,0,8,10,27,00,00,00,00,00,00
74573000,56,false,Rx,0,8,10,27,00,00,00,00,00,00
74583000,57,false,Rx,0,8,00,00,FE,FF,FE,FF,00,00
74584000,60D,false,Rx,0,8,0D,10,DF,23,02,20,70,00
74621000,625,false,Rx,0,8,25,00,11,43,FD,BB,E4,01
74683000,60D,false,Rx,0,8,0D,10,DF,23,02,20,70,00
74721000,625,false,Rx,0,8,25,00,11,43,FD,BB,E4,01
74759000,2C4,false,Rx,0,8,05,00,00,00,D2,02,00,00
74759000,2C5,false,Rx,0,8,00,00,00,00,00,00,00,00
74760000,2C6,false,Rx,0,8,F4,01,84,03,00,00,00,00
74772000,54,false,Rx,0,8,01,01,FE,FF,FE,FF,00,00
74773000,55,false,Rx,0,8,10,27,00,00,00,00,00,00
74773000,56,false,Rx,0,8,10,27,00,00,00,00,00,00
74783000,57,false,Rx,0,8,00,00,FE,FF,FE,FF,00,00
74784000,60D,false,Rx,0,8,0D,10,DF,23,02,20,70,00
74821000,625,false,Rx,0,8,25,00,11,43,FD,BB,E4,01
74883000,60D,false,Rx,0,8,0D,10,DF,23,02,20,70,00
74921000,625,false,Rx,0,8,25,00,11,43,FD,BB,E4,01
74959000,2C4,false,Rx,0,8,05,00,00,00,D2,02,00,00
74959000,2C5,false,Rx,0,8,00,00,00,00,00,00,00,00
74960000,2C6,false,Rx,0,8,F4,01,84,03,00,00,00,00
74972000,54,false,Rx,0,8,01,01,FE,FF,FE,FF,00,00
74973000,55,false,Rx,0,8,10,27,00,00,00,00,00,00
74973000,56,false,Rx,0,8,10,27,00,00,00,00,00,00
74983000,57,false,Rx,0,8,00,00,FE,FF,FE,FF,00,00
74984000,60D,false,Rx,0,8,0D,10,DF,23,02,20,70,00
75021000,625,false,Rx,0,8,25,00,11,43,FD,BB,E4,01
75083000,60D,false,Rx,0,8,0D,10,DF,23,02,20,70,00
75121000,625,false,Rx,0,8,25,00,11,43,FD,BB,E4,01
75159000,2C4,false,Rx,0,8,05,00,00,00,D2,02,00,00
75159000,2C5,false,Rx,0,8,00,00,00,00,00,00,00,00
75160000,2C6,false,Rx,0,8,F4,01,84,03,00,00,00,00
75172000,54,false,Rx,0,8,01,01,FE,FF,FE,FF,00,00
75173000,55,false,Rx,0,8,10,27,00,00,00,00,00,00
75173000,56,false,Rx,0,8,10,27,00,00,00,00,00,00
75183000,57,false,Rx,0,8,00,00,FE,FF,FE,FF,00,00
75184000,60D,false,Rx,0,8,0D,10,DF,23,02,20,70,00
75221000,625,false,Rx,0,8,25,00,11,43,FD,BB,E4,01
75283000,60D,false,Rx,0,8,0D,10,DF,23,02,20,70,00
75321000,625,false,Rx,0,8,25,00,11,43,FD,BB,E4,01
75359000,2C4,false,Rx,0,8,05,00,00,00,D2,02,00,00
75359000,2C5,false,Rx,0,8,00,00,00,00,00,00,00,00
75360000,2C6,false,Rx,0,8,F4,01,84,03,00,00,00,00
75372000,54,false,Rx,0,8,01,01,FE,FF,FE,FF,00,00
75373000,55,false,Rx,0,8,10,27,00,00,00,00,00,00
75373000,56,false,Rx,0,8,10,27,00,00,00,00,00,00
75383000,57,false,Rx,0,8,00,00,FE,FF,FE,FF,00,00
75384000,60D,false,Rx,0,8,0D,10,DF,23,02,20,70,00
75421000,625,false,Rx,0,8,25,00,11,43,FD,BB,E4,01
75483000,60D,false,Rx,0,8,0D,10,DF,23,02,20,70,00
75521000,625,false,Rx,0,8,25,00,11,43,FD,BB,E4,01
75559000,2C4,false,Rx,0,8,05,00,00,00,D2,02,00,00
75559000,2C5,false,Rx,0,8,00,00,00,00,00,00,00,00
75560000,2C6,false,Rx,0,8,F4,01,84,03,00,00,00,00
75572000,54,false,Rx,0,8,01,01,FE,FF,FE,FF,00,00
75573000,55,false,Rx,0,8,10,27,00,00,00,00,00,00
75573000,56,false,Rx,0,8,10,27,00,00,00,00,00,00
75583000,57,false,Rx,0,8,00,00,FE,FF,FE,FF,00,00
75583000,60D,false,Rx,0,8,0D,10,DF,23,02,20,70,00
75621000,625,false,Rx,0,8,25,00,11,43,FD,BB,E4,01
75683000,60D,false,Rx,0,8,0D,10,DF,23,02,20,70,00
75721000,625,false,Rx,0,8,25,00,11,43,FD,BB,E4,01
75759000,2C4,false,Rx,0,8,05,00,00,00,D2,02,00,00
75759000,2C5,false,Rx,0,8,00,00,00,00,00,00,00,00
75760000,2C6,false,Rx,0,8,F4,01,84,03,00,00,00,00
75772000,54,false,Rx,0,8,01,01,FE,FF,FE,FF,00,00
75773000,55,false,Rx,0,8,10,27,00,00,00,00,00,00
75773000,56,false,Rx,0,8,10,27,00,00,00,00,00,00
75783000,57,false,Rx,0,8,00,00,FE,FF,FE,FF,00,00
75783000,60D,false,Rx,0,8,0D,10,DF,23,02,20,70,00
75821000,625,false,Rx,0,8,25,00,11,43,FD,BB,E4,01
75883000,60D,false,Rx,0,8,0D,10,DF,23,02,20,70,00
75921000,625,false,Rx,0,8,25,00,11,43,FD,BB,E4,01
75959000,2C4,false,Rx,0,8,05,00,00,00,D2,02,00,00
75959000,2C5,false,Rx,0,8,00,00,00,00,00,00,00,00
75960000,2C6,false,Rx,0,8,F4,01,84,03,00,00,00,00
75972000,54,false,Rx,0,8,01,01,FE,FF,FE,FF,00,00
75973000,55,false,Rx,0,8,10,27,00,00,00,00,00,00
75973000,56,false,Rx,0,8,10,27,00,00,00,00,00,00
75983000,57,false,Rx,0,8,00,00,FE,FF,FE,FF,00,00
75984000,60D,false,Rx,0,8,0D,10,DF,23,02,20,70,00
76021000,625,false,Rx,0,8,25,00,11,43,FD,BB,E4,01
76083000,60D,false,Rx,0,8,0D,10,DF,23,02,20,70,00
76121000,625,false,Rx,0,8,25,00,11,43,FD,BB,E4,01
76159000,2C4,false,Rx,0,8,05,00,00,00,D2,02,00,00
76159000,2C5,false,Rx,0,8,00,00,00,00,00,00,00,00
76160000,2C6,false,Rx,0,8,F4,01,84,03,00,00,00,00
76173000,54,false,Rx,0,8,01,01,FE,FF,FE,FF,00,00
76173000,55,false,Rx,0,8,10,27,00,00,00,00,00,00
76173000,56,false,Rx,0,8,10,27,00,00,00,00,00,00
76184000,57,false,Rx,0,8,00,00,FE,FF,FE,FF,00,00
76184000,60D,false,Rx,0,8,0D,10,DF,23,02,20,70,00
76221000,625,false,Rx,0,8,25,00,11,43,FD,BB,E4,01
76283000,60D,false,Rx,0,8,0D,10,DF,23,02,20,70,00
76321000,625,false,Rx,0,8,25,00,11,43,FD,BB,E4,01
76359000,2C4,false,Rx,0,8,05,00,00,00,D2,02,00,00
76359000,2C5,false,Rx,0,8,00,00,00,00,00,00,00,00
76360000,2C6,false,Rx,0,8,F4,01,84,03,00,00,00,00
76372000,54,false,Rx,0,8,01,01,FE,FF,FE,FF,00,00
76373000,55,false,Rx,0,8,10,27,00,00,00,00,00,00
76373000,56,false,Rx,0,8,10,27,00,00,00,00,00,00
76383000,57,false,Rx,0,8,00,00,FE,FF,FE,FF,00,00
76384000,60D,false,Rx,0,8,0D,10,DF,23,02,20,70,00
76421000,625,false,Rx,0,8,25,00,11,43,FD,BB,E4,01
76483000,60D,false,Rx,0,8,0D,10,DF,23,02,20,70,00
76521000,625,false,Rx,0,8,25,00,11,43,FD,BB,E4,01
76559000,2C4,false,Rx,0,8,05,00,00,00,D2,02,00,00
76559000,2C5,false,Rx,0,8,00,00,00,00,00,00,00,00
76560000,2C6,false,Rx,0,8,F4,01,84,03,00,00,00,00
76572000,54,false,Rx,0,8,01,01,FE,FF,FE,FF,00,00
76573000,55,false,Rx,0,8,10,27,00,00,00,00,00,00
76573000,56,false,Rx,0,8,10,27,00,00,00,00,00,00
76583000,57,false,Rx,0,8,00,00,FE,FF,FE,FF,00,00
76584000,60D,false,Rx,0,8,0D,10,DF,23,02,20,70,00
76621000,625,false,Rx,0,8,25,00,11,43,FD,BB,E4,01
76683000,60D,false,Rx,0,8,0D,10,DF,23,02,20,70,00
76721000,625,false,Rx,0,8,25,00,11,43,FD,BB,E4,01
76759000,2C4,false,Rx,0,8,05,00,00,00,D2,02,00,00
76759000,2C5,false,Rx,0,8,00,00,00,00,00,00,00,00
76760000,2C6,false,Rx,0,8,F4,01,84,03,00,00,00,00
76772000,54,false,Rx,0,8,01,01,FE,FF,FE,FF,00,00
76773000,55,false,Rx,0,8,10,27,00,00,00,00,00,00
76773000,56,false,Rx,0,8,10,27,00,00,00,00,00,00
76783000,57,false,Rx,0,8,00,00,FE,FF,FE,FF,00,00
76784000,60D,false,Rx,0,8,0D,10,DF,23,02,20,70,00
76821000,625,false,Rx,0,8,25,00,11,43,FD,BB,E4,01
76883000,60D,false,Rx,0,8,0D,10,DF,23,02,20,70,00
76921000,625,false,Rx,0,8,25,00,11,43,FD,BB,E4,01
76959000,2C4,false,Rx,0,8,05,00,00,00,D2,02,00,00
76959000,2C5,false,Rx,0,8,00,00,00,00,00,00,00,00
76960000,2C6,false,Rx,0,8,F4,01,84,03,00,00,00,00
76972000,54,false,Rx,0,8,01,01,FE,FF,FE,FF,00,00
76973000,55,false,Rx,0,8,10,27,00,00,00,00,00,00
76973000,56,false,Rx,0,8,10,27,00,00,00,00,00,00
76983000,57,false,Rx,0,8,00,00,FE,FF,FE,FF,00,00
76984000,60D,false,Rx,0,8,0D,10,DF,23,02,20,70,00
77021000,625,false,Rx,0,8,25,00,11,43,FD,BB,E4,01
77083000,60D,false,Rx,0,8,0D,10,DF,23,02,20,70,00
77121000,625,false,Rx,0,8,25,00,11,43,FD,BB,E4,01
77159000,2C4,false,Rx,0,8,05,00,00,00,D2,02,00,00
77159000,2C5,false,Rx,0,8,00,00,00,00,00,00,00,00
77160000,2C6,false,Rx,0,8,F4,01,84,03,00,00,00,00
77172000,54,false,Rx,0,8,01,01,FE,FF,FE,FF,00,00
77173000,55,false,Rx,0,8,10,27,00,00,00,00,00,00
77173000,56,false,Rx,0,8,10,27,00,00,00,00,00,00
77183000,57,false,Rx,0,8,00,00,FE,FF,FE,FF,00,00
77184000,60D,false,Rx,0,8,0D,10,DF,23,02,20,70,00
77221000,625,false,Rx,0,8,25,00,11,43,FD,BB,E4,01
77283000,60D,false,Rx,0,8,0D,10,DF,23,02,20,70,00
77321000,625,false,Rx,0,8,25,00,11,43,FD,BB,E4,01
77359000,2C4,false,Rx,0,8,05,00,00,00,D2,02,00,00
77359000,2C5,false,Rx,0,8,00,00,00,00,00,00,00,00
77360000,2C6,false,Rx,0,8,F4,01,84,03,00,00,00,00
77373000,54,false,Rx,0,8,01,01,FE,FF,FE,FF,00,00
77373000,55,false,Rx,0,8,10,27,00,00,00,00,00,00
77373000,56,false,Rx,0,8,10,27,00,00,00,00,00,00
77383000,57,false,Rx,0,8,00,00,FE,FF,FE,FF,00,00
77384000,60D,false,Rx,0,8,0D,10,DF,23,02,20,70,00
77421000,625,false,Rx,0,8,25,00,11,43,FD,BB,E4,01
77483000,60D,false,Rx,0,8,0D,10,DF,23,02,20,70,00
77521000,625,false,Rx,0,8,25,00,11,43,FD,BB,E4,01
77559000,2C4,false,Rx,0,8,05,00,00,00,D2,02,00,00
77559000,2C5,false,Rx,0,8,00,00,00,00,00,00,00,00
77560000,2C6,false,Rx,0,8,F4,01,84,03,00,00,00,00
77572000,54,false,Rx,0,8,01,01,FE,FF,FE,FF,00,00
77573000,55,false,Rx,0,8,10,27,00,00,00,00,00,00
77573000,56,false,Rx,0,8,10,27,00,00,00,00,00,00
77583000,57,false,Rx,0,8,00,00,FE,FF,FE,FF,00,00
77583000,60D,false,Rx,0,8,0D,10,DF,23,02,20,70,00
77621000,625,false,Rx,0,8,25,00,11,43,FD,BB,E4,01
77683000,60D,false,Rx,0,8,0D,10,DF,23,02,20,70,00
77721000,625,false,Rx,0,8,25,00,11,43,FD,BB,E4,01
77759000,2C4,false,Rx,0,8,05,00,00,00,D2,02,00,00
77759000,2C5,false,Rx,0,8,00,00,00,00,00,00,00,00
77759000,2C6,false,Rx,0,8,F4,01,84,03,00,00,00,00
77772000,54,false,Rx,0,8,01,01,FE,FF,FE,FF,00,00
77773000,55,false,Rx,0,8,10,27,00,00,00,00,00,00
77773000,56,false,Rx,0,8,10,27,00,00,00,00,00,00
77783000,57,false,Rx,0,8,00,00,FE,FF,FE,FF,00,00
77784000,60D,false,Rx,0,8,0D,10,DF,23,02,20,70,00
77821000,625,false,Rx,0,8,25,00,11,43,FD,BB,E4,01
77883000,60D,false,Rx,0,8,0D,10,DF,23,02,20,70,00
77921000,625,false,Rx,0,8,25,00,11,43,FD,BB,E4,01
77959000,2C4,false,Rx,0,8,05,00,00,00,D2,02,00,00
77959000,2C5,false,Rx,0,8,00,00,00,00,00,00,00,00
77959000,2C6,false,Rx,0,8,F4,01,84,03,00,00,00,00
77972000,54,false,Rx,0,8,01,01,FE,FF,FE,FF,00,00
77973000,55,false,Rx,0,8,10,27,00,00,00,00,00,00
77973000,56,false,Rx,0,8,10,27,00,00,00,00,00,00
77983000,57,false,Rx,0,8,00,00,FE,FF,FE,FF,00,00
77983000,60D,false,Rx,0,8,0D,10,DF,23,02,20,70,00
78021000,625,false,Rx,0,8,25,00,11,43,FD,BB,E4,01
78083000,60D,false,Rx,0,8,0D,10,DF,23,02,20,70,00
78121000,625,false,Rx,0,8,25,00,11,43,FD,BB,E4,01
78159000,2C4,false,Rx,0,8,05,00,00,00,D2,02,00,00
78159000,2C5,false,Rx,0,8,00,00,00,00,00,00,00,00
78159000,2C6,false,Rx,0,8,F4,01,84,03,00,00,00,00
78172000,54,false,Rx,0,8,01,01,FE,FF,FE,FF,00,00
78173000,55,false,Rx,0,8,10,27,00,00,00,00,00,00
78173000,56,false,Rx,0,8,10,27,00,00,00,00,00,00
78183000,57,false,Rx,0,8,00,00,FE,FF,FE,FF,00,00
78183000,60D,false,Rx,0,8,0D,10,DF,23,02,20,70,00
78221000,625,false,Rx,0,8,25,00,11,43,FD,BB,E4,01
78283000,60D,false,Rx,0,8,0D,10,DF,23,02,20,70,00
78321000,625,false,Rx,0,8,25,00,11,43,FD,BB,E4,01
78359000,2C4,false,Rx,0,8,05,00,00,00,D2,02,00,00
78359000,2C5,false,Rx,0,8,00,00,00,00,00,00,00,00
78359000,2C6,false,Rx,0,8,F4,01,84,03,00,00,00,00
78372000,54,false,Rx,0,8,01,01,FE,FF,FE,FF,00,00
78373000,55,false,Rx,0,8,10,27,00,00,00,00,00,00
78373000,56,false,Rx,0,8,10,27,00,00,00,00,00,00
78383000,57,false,Rx,0,8,00,00,FE,FF,FE,FF,00,00
78383000,60D,false,Rx,0,8,0D,10,DF,23,02,20,70,00
78421000,625,false,Rx,0,8,25,00,11,43,FD,BB,E4,01
78483000,60D,false,Rx,0,8,0D,10,DF,23,02,20,70,00
78521000,625,false,Rx,0,8,25,00,11,43,FD,BB,E4,01
78559000,2C4,false,Rx,0,8,05,00,00,00,D2,02,00,00
78559000,2C5,false,Rx,0,8,00,00,00,00,00,00,00,00
78559000,2C6,false,Rx,0,8,F4,01,84,03,00,00,00,00
78572000,54,false,Rx,0,8,01,01,FE,FF,FE,FF,00,00
78573000,55,false,Rx,0,8,10,27,00,00,00,00,00,00
78573000,56,false,Rx,0,8,10,27,00,00,00,00,00,00
78583000,57,false,Rx,0,8,00,00,FE,FF,FE,FF,00,00
78583000,60D,false,Rx,0,8,0D,10,DF,23,02,20,70,00
78621000,625,false,Rx,0,8,25,00,11,43,FD,BB,E4,01
78683000,60D,false,Rx,0,8,0D,10,DF,23,02,20,70,00
78721000,625,false,Rx,0,8,25,00,11,43,FD,BB,E4,01
78759000,2C4,false,Rx,0,8,05,00,00,00,D2,02,00,00
78759000,2C5,false,Rx,0,8,00,00,00,00,00,00,00,00
78759000,2C6,false,Rx,0,8,F4,01,84,03,00,00,00,00
78772000,54,false,Rx,0,8,01,01,FE,FF,FE,FF,00,00
78773000,55,false,Rx,0,8,10,27,00,00,00,00,00,00
78773000,56,false,Rx,0,8,10,27,00,00,00,00,00,00
78783000,57,false,Rx,0,8,00,00,FE,FF,FE,FF,00,00
78783000,60D,false,Rx,0,8,0D,10,DF,23,02,20,70,00
78821000,625,false,Rx,0,8,25,00,11,43,FD,BB,E4,01
78883000,60D,false,Rx,0,8,0D,10,DF,23,02,20,70,00
78921000,625,false,Rx,0,8,25,00,11,43,FD,BB,E4,01
78959000,2C4,false,Rx,0,8,05,00,00,00,D2,02,00,00
78959000,2C5,false,Rx,0,8,00,00,00,00,00,00,00,00
78959000,2C6,false,Rx,0,8,F4,01,84,03,00,00,00,00
78972000,54,false,Rx,0,8,01,01,FE,FF,FE,FF,00,00
78973000,55,false,Rx,0,8,10,27,00,00,00,00,00,00
78973000,56,false,Rx,0,8,10,27,00,00,00,00,00,00
78983000,57,false,Rx,0,8,00,00,FE,FF,FE,FF,00,00
78983000,60D,false,Rx,0,8,0D,10,DF,23,02,20,70,00
79021000,625,false,Rx,0,8,25,00,11,43,FD,BB,E4,01
79083000,60D,false,Rx,0,8,0D,10,DF,23,02,20,70,00
79121000,625,false,Rx,0,8,25,00,11,43,FD,BB,E4,01
79159000,2C4,false,Rx,0,8,05,00,00,00,D2,02,00,00
79159000,2C5,false,Rx,0,8,00,00,00,00,00,00,00,00
79159000,2C6,false,Rx,0,8,F4,01,84,03,00,00,00,00
79172000,54,false,Rx,0,8,01,01,FE,FF,FE,FF,00,00
79173000,55,false,Rx,0,8,10,27,00,00,00,00,00,00
79173000,56,false,Rx,0,8,10,27,00,00,00,00,00,00
79183000,57,false,Rx,0,8,00,00,FE,FF,FE,FF,00,00
79183000,60D,false,Rx,0,8,0D,10,DF,23,02,20,70,00
79221000,625,false,Rx,0,8,25,00,11,43,FD,BB,E4,01
79283000,60D,false,Rx,0,8,0D,10,DF,23,02,20,70,00
79321000,625,false,Rx,0,8,25,00,11,43,FD,BB,E4,01
79359000,2C4,false,Rx,0,8,05,00,00,00,D2,02,00,00
79359000,2C5,false,Rx,0,8,00,00,00,00,00,00,00,00
79359000,2C6,false,Rx,0,8,F4,01,84,03,00,00,00,00
79372000,54,false,Rx,0,8,01,01,FE,FF,FE,FF,00,00
79373000,55,false,Rx,0,8,10,27,00,00,00,00,00,00
79373000,56,false,Rx,0,8,10,27,00,00,00,00,00,00
79383000,57,false,Rx,0,8,00,00,FE,FF,FE,FF,00,00
79383000,60D,false,Rx,0,8,0D,10,DF,23,02,20,70,00
79421000,625,false,Rx,0,8,25,00,11,43,FD,BB,E4,01
79483000,60D,false,Rx,0,8,0D,10,DF,23,02,20,70,00
79521000,625,false,Rx,0,8,25,00,11,43,FD,BB,E4,01
79559000,2C4,false,Rx,0,8,05,00,00,00,D2,02,00,00
79559000,2C5,false,Rx,0,8,00,00,00,00,00,00,00,00
79559000,2C6,false,Rx,0,8,F4,01,84,03,00,00,00,00
79572000,54,false,Rx,0,8,01,01,FE,FF,FE,FF,00,00
79573000,55,false,Rx,0,8,10,27,00,00,00,00,00,00
79573000,56,false,Rx,0,8,10,27,00,00,00,00,00,00
79583000,57,false,Rx,0,8,00,00,FE,FF,FE,FF,00,00
79583000,60D,false,Rx,0,8,0D,10,DF,23,02,20,70,00
79621000,625,false,Rx,0,8,25,00,11,43,FD,BB,E4,01
79683000,60D,false,Rx,0,8,0D,10,DF,23,02,20,70,00
79721000,625,false,Rx,0,8,25,00,11,43,FD,BB,E4,01
79759000,2C4,false,Rx,0,8,05,00,00,00,D2,02,00,00
79759000,2C5,false,Rx,0,8,00,00,00,00,00,00,00,00
79759000,2C6,false,Rx,0,8,F4,01,84,03,00,00,00,00
79772000,54,false,Rx,0,8,01,01,FE,FF,FE,FF,00,00
79773000,55,false,Rx,0,8,10,27,00,00,00,00,00,00
79773000,56,false,Rx,0,8,10,27,00,00,00,00,00,00
79783000,57,false,Rx,0,8,00,00,FE,FF,FE,FF,00,00
79783000,60D,false,Rx,0,8,0D,10,DF,23,02,20,70,00
79821000,625,false,Rx,0,8,25,00,11,43,FD,BB,E4,01
79883000,60D,false,Rx,0,8,0D,10,DF,23,02,20,70,00
79921000,625,false,Rx,0,8,25,00,11,43,FD,BB,E4,01
79959000,2C4,false,Rx,0,8,05,00,00,00,D2,02,00,00
79959000,2C5,false,Rx,0,8,00,00,00,00,00,00,00,00
79959000,2C6,false,Rx,0,8,F4,01,84,03,00,00,00,00
79972000,54,false,Rx,0,8,01,01,FE,FF,FE,FF,00,00
79973000,55,false,Rx,0,8,10,27,00,00,00,00,00,00
79973000,56,false,Rx,0,8,10,27,00,00,00,00,00,00
79983000,57,false,Rx,0,8,00,00,FE,FF,FE,FF,00,00
79983000,60D,false,Rx,0,8,0D,10,DF,23,02,20,70,00
80021000,625,false,Rx,0,8,25,00,11,43,FD,BB,E4,01
80083000,60D,false,Rx,0,8,0D,10,DF,23,02,20,70,00
80121000,625,false,Rx,0,8,25,00,11,43,FD,BB,E4,01
80159000,2C4,false,Rx,0,8,05,00,00,00,D2,02,00,00
80159000,2C5,false,Rx,0,8,00,00,00,00,00,00,00,00
80159000,2C6,false,Rx,0,8,F4,01,84,03,00,00,00,00
80172000,54,false,Rx,0,8,01,01,FE,FF,FE,FF,00,00
80173000,55,false,Rx,0,8,10,27,00,00,00,00,00,00
80173000,56,false,Rx,0,8,10,27,00,00,00,00,00,00
80183000,57,false,Rx,0,8,00,00,FE,FF,FE,FF,00,00
80184000,60D,false,Rx,0,8,0D,10,DF,23,02,20,70,00
80221000,625,false,Rx,0,8,25,00,11,43,FD,BB,E4,01
80283000,60D,false,Rx,0,8,0D,10,DF,23,02,20,70,00
80321000,625,false,Rx,0,8,25,00,11,43,FD,BB,E4,01
80359000,2C4,false,Rx,0,8,05,00,00,00,D2,02,00,00
80359000,2C5,false,Rx,0,8,00,00,00,00,00,00,00,00
80359000,2C6,false,Rx,0,8,F4,01,84,03,00,00,00,00
80372000,54,false,Rx,0,8,01,01,FE,FF,FE,FF,00,00
80373000,55,false,Rx,0,8,10,27,00,00,00,00,00,00
80373000,56,false,Rx,0,8,10,27,00,00,00,00,00,00
80383000,57,false,Rx,0,8,00,00,FE,FF,FE,FF,00,00
80383000,60D,false,Rx,0,8,0D,10,DF,23,02,20,70,00
80421000,625,false,Rx,0,8,25,00,11,43,FD,BB,E4,01
80483000,60D,false,Rx,0,8,0D,10,DF,23,02,20,70,00
80521000,625,false,Rx,0,8,25,00,11,43,FD,BB,E4,01
80559000,2C4,false,Rx,0,8,05,00,00,00,D2,02,00,00
80559000,2C5,false,Rx,0,8,00,00,00,00,00,00,00,00
80559000,2C6,false,Rx,0,8,F4,01,84,03,00,00,00,00
80572000,54,false,Rx,0,8,01,01,FE,FF,FE,FF,00,00
80573000,55,false,Rx,0,8,10,27,00,00,00,00,00,00
80573000,56,false,Rx,0,8,10,27,00,00,00,00,00,00
80583000,57,false,Rx,0,8,00,00,FE,FF,FE,FF,00,00
80583000,60D,false,Rx,0,8,0D,10,DF,23,02,20,70,00
80621000,625,false,Rx,0,8,25,00,11,43,FD,BB,E4,01
80683000,60D,false,Rx,0,8,0D,10,DF,23,02,20,70,00
80721000,625,false,Rx,0,8,25,00,11,43,FD,BB,E4,01
80759000,2C4,false,Rx,0,8,05,00,00,00,D2,02,00,00
80759000,2C5,false,Rx,0,8,00,00,00,00,00,00,00,00
80759000,2C6,false,Rx,0,8,F4,01,84,03,00,00,00,00
80772000,54,false,Rx,0,8,01,01,FE,FF,FE,FF,00,00
80773000,55,false,Rx,0,8,10,27,00,00,00,00,00,00
80773000,56,false,Rx,0,8,10,27,00,00,00,00,00,00
80783000,57,false,Rx,0,8,00,00,FE,FF,FE,FF,00,00
80783000,60D,false,Rx,0,8,0D,10,DF,23,02,20,70,00
80821000,625,false,Rx,0,8,25,00,11,43,FD,BB,E4,01
80883000,60D,false,Rx,0,8,0D,10,DF,23,02,20,70,00
80921000,625,false,Rx,0,8,25,00,11,43,FD,BB,E4,01
80959000,2C4,false,Rx,0,8,05,00,00,00,D2,02,00,00
80959000,2C5,false,Rx,0,8,00,00,00,00,00,00,00,00
80959000,2C6,false,Rx,0,8,F4,01,84,03,00,00,00,00
80972000,54,false,Rx,0,8,01,01,FE,FF,FE,FF,00,00
80973000,55,false,Rx,0,8,10,27,00,00,00,00,00,00
80973000,56,false,Rx,0,8,10,27,00,00,00,00,00,00
80983000,57,false,Rx,0,8,00,00,FE,FF,FE,FF,00,00
80983000,60D,false,Rx,0,8,0D,10,DF,23,02,20,70,00
81021000,625,false,Rx,0,8,25,00,11,43,FD,BB,E4,01
81083000,60D,false,Rx,0,8,0D,10,DF,23,02,20,70,00
81121000,625,false,Rx,0,8,25,00,11,43,FD,BB,E4,01
81159000,2C4,false,Rx,0,8,05,00,00,00,D2,02,00,00
81159000,2C5,false,Rx,0,8,00,00,00,00,00,00,00,00
81159000,2C6,false,Rx,0,8,F4,01,84,03,00,00,00,00
81172000,54,false,Rx,0,8,01,01,FE,FF,FE,FF,00,00
81173000,55,false,Rx,0,8,10,27,00,00,00,00,00,00
81173000,56,false,Rx,0,8,10,27,00,00,00,00,00,00
81183000,57,false,Rx,0,8,00,00,FE,FF,FE,FF,00,00
81183000,60D,false,Rx,0,8,0D,10,DF,23,02,20,70,00
81221000,625,false,Rx,0,8,25,00,11,43,FD,BB,E4,01
81283000,60D,false,Rx,0,8,0D,10,DF,23,02,20,70,00
81321000,625,false,Rx,0,8,25,00,11,43,FD,BB,E4,01
81359000,2C4,false,Rx,0,8,05,00,00,00,D2,02,00,00
81359000,2C5,false,Rx,0,8,00,00,00,00,00,00,00,00
81359000,2C6,false,Rx,0,8,F4,01,84,03,00,00,00,00
81372000,54,false,Rx,0,8,01,01,FE,FF,FE,FF,00,00
81373000,55,false,Rx,0,8,10,27,00,00,00,00,00,00
81373000,56,false,Rx,0,8,10,27,00,00,00,00,00,00
81383000,57,false,Rx,0,8,00,00,FE,FF,FE,FF,00,00
81383000,60D,false,Rx,0,8,0D,10,DF,23,02,20,70,00
81421000,625,false,Rx,0,8,25,00,11,43,FD,BB,E4,01
81483000,60D,false,Rx,0,8,0D,10,DF,23,02,20,70,00
81521000,625,false,Rx,0,8,25,00,11,43,FD,BB,E4,01
81559000,2C4,false,Rx,0,8,05,00,00,00,D2,02,00,00
81559000,2C5,false,Rx,0,8,00,00,00,00,00,00,00,00
81559000,2C6,false,Rx,0,8,F4,01,84,03,00,00,00,00
81572000,54,false,Rx,0,8,01,01,FE,FF,FE,FF,00,00
81573000,55,false,Rx,0,8,10,27,00,00,00,00,00,00
81573000,56,false,Rx,0,8,10,27,00,00,00,00,00,00
81583000,57,false,Rx,0,8,00,00,FE,FF,FE,FF,00,00
81583000,60D,false,Rx,0,8,0D,10,DF,23,02,20,70,00
81621000,625,false,Rx,0,8,25,00,11,43,FD,BB,E4,01
81683000,60D,false,Rx,0,8,0D,10,DF,23,02,20,70,00
81721000,625,false,Rx,0,8,25,00,11,43,FD,BB,E4,01
81759000,2C4,false,Rx,0,8,05,00,00,00,D2,02,00,00
81759000,2C5,false,Rx,0,8,00,00,00,00,00,00,00,00
81759000,2C6,false,Rx,0,8,F4,01,84,03,00,00,00,00
81772000,54,false,Rx,0,8,01,01,FE,FF,FE,FF,00,00
81773000,55,false,Rx,0,8,10,27,00,00,00,00,00,00
81773000,56,false,Rx,0,8,10,27,00,00,00,00,00,00
81783000,57,false,Rx,0,8,00,00,FE,FF,FE,FF,00,00
81783000,60D,false,Rx,0,8,0D,10,DF,23,02,20,70,00
81821000,625,false,Rx,0,8,25,00,11,43,FD,BB,E4,01
81883000,60D,false,Rx,0,8,0D,10,DF,23,02,20,70,00
81921000,625,false,Rx,0,8,25,00,11,43,FD,BB,E4,01
81959000,2C4,false,Rx,0,8,05,00,00,00,D2,02,00,00
81959000,2C5,false,Rx,0,8,00,00,00,00,00,00,00,00
81959000,2C6,false,Rx,0,8,F4,01,84,03,00,00,00,00
81972000,54,false,Rx,0,8,01,01,FE,FF,FE,FF,00,00
81973000,55,false,Rx,0,8,10,27,00,00,00,00,00,00
81973000,56,false,Rx,0,8,10,27,00,00,00,00,00,00
81983000,57,false,Rx,0,8,00,00,FE,FF,FE,FF,00,00
81983000,60D,false,Rx,0,8,0D,10,DF,23,02,20,70,00
82021000,625,false,Rx,0,8,25,00,11,43,FD,BB,E4,01
82083000,60D,false,Rx,0,8,0D,10,DF,23,02,20,70,00
82121000,625,false,Rx,0,8,25,00,11,43,FD,BB,E4,01
82159000,2C4,false,Rx,0,8,05,00,00,00,D2,02,00,00
82159000,2C5,false,Rx,0,8,00,00,00,00,00,00,00,00
82159000,2C6,false,Rx,0,8,F4,01,84,03,00,00,00,00
82172000,54,false,Rx,0,8,01,01,FE,FF,FE,FF,00,00
82173000,55,false,Rx,0,8,10,27,00,00,00,00,00,00
82173000,56,false,Rx,0,8,10,27,00,00,00,00,00,00
82183000,57,false,Rx,0,8,00,00,FE,FF,FE,FF,00,00
82183000,60D,false,Rx,0,8,0D,10,DF,23,02,20,70,00
82221000,625,false,Rx,0,8,25,00,11,43,FD,BB,E4,01
82283000,60D,false,Rx,0,8,0D,10,DF,23,02,20,70,00
82321000,625,false,Rx,0,8,25,00,11,43,FD,BB,E4,01
82359000,2C4,false,Rx,0,8,05,00,00,00,D2,02,00,00
82359000,2C5,false,Rx,0,8,00,00,00,00,00,00,00,00
82359000,2C6,false,Rx,0,8,F4,01,84,03,00,00,00,00
82372000,54,false,Rx,0,8,01,01,FE,FF,FE,FF,00,00
82373000,55,false,Rx,0,8,10,27,00,00,00,00,00,00
82373000,56,false,Rx,0,8,10,27,00,00,00,00,00,00
82383000,57,false,Rx,0,8,00,00,FE,FF,FE,FF,00,00
82384000,60D,false,Rx,0,8,0D,10,DF,23,02,20,70,00
82421000,625,false,Rx,0,8,25,00,11,43,FD,BB,E4,01
82483000,60D,false,Rx,0,8,0D,10,DF,23,02,20,70,00
82521000,625,false,Rx,0,8,25,00,11,43,FD,BB,E4,01
82559000,2C4,false,Rx,0,8,05,00,00,00,D2,02,00,00
82559000,2C5,false,Rx,0,8,00,00,00,00,00,00,00,00
82559000,2C6,false,Rx,0,8,F4,01,84,03,00,00,00,00
82572000,54,false,Rx,0,8,01,01,FE,FF,FE,FF,00,00
82573000,55,false,Rx,0,8,10,27,00,00,00,00,00,00
82573000,56,false,Rx,0,8,10,27,00,00,00,00,00,00
82583000,57,false,Rx,0,8,00,00,FE,FF,FE,FF,00,00
82583000,60D,false,Rx,0,8,0D,10,DF,23,02,20,70,00
82621000,625,false,Rx,0,8,25,00,11,43,FD,BB,E4,01
82683000,60D,false,Rx,0,8,0D,10,DF,23,02,20,70,00
82721000,625,false,Rx,0,8,25,00,11,43,FD,BB,E4,01
82759000,2C4,false,Rx,0,8,05,00,00,00,D2,02,00,00
82759000,2C5,false,Rx,0,8,00,00,00,00,00,00,00,00
82759000,2C6,false,Rx,0,8,F4,01,84,03,00,00,00,00
82772000,54,false,Rx,0,8,01,01,FE,FF,FE,FF,00,00
82773000,55,false,Rx,0,8,10,27,00,00,00,00,00,00
82773000,56,false,Rx,0,8,10,27,00,00,00,00,00,00
82783000,57,false,Rx,0,8,00,00,FE,FF,FE,FF,00,00
82783000,60D,false,Rx,0,8,0D,10,DF,23,02,20,70,00
82821000,625,false,Rx,0,8,25,00,11,43,FD,BB,E4,01
82882000,60D,false,Rx,0,8,0D,10,DF,23,02,20,70,00
82921000,625,false,Rx,0,8,25,00,11,43,FD,BB,E4,01
82959000,2C4,false,Rx,0,8,05,00,00,00,D2,02,00,00
82959000,2C5,false,Rx,0,8,00,00,00,00,00,00,00,00
82959000,2C6,false,Rx,0,8,F4,01,84,03,00,00,00,00
82972000,54,false,Rx,0,8,01,01,FE,FF,FE,FF,00,00
82973000,55,false,Rx,0,8,10,27,00,00,00,00,00,00
82973000,56,false,Rx,0,8,10,27,00,00,00,00,00,00
82983000,57,false,Rx,0,8,00,00,FE,FF,FE,FF,00,00
82983000,60D,false,Rx,0,8,0D,10,DF,23,02,20,70,00
83021000,625,false,Rx,0,8,25,00,11,43,FD,BB,E4,01
83082000,60D,false,Rx,0,8,0D,10,DF,23,02,20,70,00
83121000,625,false,Rx,0,8,25,00,11,43,FD,BB,E4,01
83159000,2C4,false,Rx,0,8,05,00,00,00,D2,02,00,00
83159000,2C5,false,Rx,0,8,00,00,00,00,00,00,00,00
83159000,2C6,false,Rx,0,8,F4,01,84,03,00,00,00,00
83172000,54,false,Rx,0,8,01,01,FE,FF,FE,FF,00,00
83173000,55,false,Rx,0,8,10,27,00,00,00,00,00,00
83173000,56,false,Rx,0,8,10,27,00,00,00,00,00,00
83183000,57,false,Rx,0,8,00,00,FE,FF,FE,FF,00,00
83183000,60D,false,Rx,0,8,0D,10,DF,23,02,20,70,00
83221000,625,false,Rx,0,8,25,00,11,43,FD,BB,E4,01
83282000,60D,false,Rx,0,8,0D,10,DF,23,02,20,70,00
83321000,625,false,Rx,0,8,25,00,11,43,FD,BB,E4,01
83359000,2C4,false,Rx,0,8,05,00,00,00,D2,02,00,00
83359000,2C5,false,Rx,0,8,00,00,00,00,00,00,00,00
83359000,2C6,false,Rx,0,8,F4,01,84,03,00,00,00,00
83372000,54,false,Rx,0,8,01,01,FE,FF,FE,FF,00,00
83373000,55,false,Rx,0,8,10,27,00,00,00,00,00,00
83373000,56,false,Rx,0,8,10,27,00,00,00,00,00,00
83383000,57,false,Rx,0,8,00,00,FE,FF,FE,FF,00,00
83383000,60D,false,Rx,0,8,0D,10,DF,23,02,20,70,00
83421000,625,false,Rx,0,8,25,00,11,43,FD,BB,E4,01
83482000,60D,false,Rx,0,8,0D,10,DF,23,02,20,70,00
83521000,625,false,Rx,0,8,25,00,11,43,FD,BB,E4,01
83559000,2C4,false,Rx,0,8,05,00,00,00,D2,02,00,00
83559000,2C5,false,Rx,0,8,00,00,00,00,00,00,00,00
83559000,2C6,false,Rx,0,8,F4,01,84,03,00,00,00,00
83572000,54,false,Rx,0,8,01,01,FE,FF,FE,FF,00,00
83573000,55,false,Rx,0,8,10,27,00,00,00,00,00,00
83573000,56,false,Rx,0,8,10,27,00,00,00,00,00,00
83583000,57,false,Rx,0,8,00,00,FE,FF,FE,FF,00,00
83583000,60D,false,Rx,0,8,0D,10,DF,23,02,20,70,00
83621000,625,false,Rx,0,8,25,00,11,43,FD,BB,E4,01
83682000,60D,false,Rx,0,8,0D,10,DF,23,02,20,70,00
83721000,625,false,Rx,0,8,25,00,11,43,FD,BB,E4,01
83759000,2C4,false,Rx,0,8,05,00,00,00,D2,02,00,00
83759000,2C5,false,Rx,0,8,00,00,00,00,00,00,00,00
83759000,2C6,false,Rx,0,8,F4,01,84,03,00,00,00,00
83772000,54,false,Rx,0,8,01,01,FE,FF,FE,FF,00,00
83773000,55,false,Rx,0,8,10,27,00,00,00,00,00,00
83773000,56,false,Rx,0,8,10,27,00,00,00,00,00,00
83783000,57,false,Rx,0,8,00,00,FE,FF,FE,FF,00,00
83783000,60D,false,Rx,0,8,0D,10,DF,23,02,20,70,00
83821000,625,false,Rx,0,8,25,00,11,43,FD,BB,E4,01
83882000,60D,false,Rx,0,8,0D,10,DF,23,02,20,70,00
83921000,625,false,Rx,0,8,25,00,11,43,FD,BB,E4,01
83959000,2C4,false,Rx,0,8,05,00,00,00,D2,02,00,00
83959000,2C5,false,Rx,0,8,00,00,00,00,00,00,00,00
83959000,2C6,false,Rx,0,8,F4,01,84,03,00,00,00,00
83972000,54,false,Rx,0,8,01,01,FE,FF,FE,FF,00,00
83973000,55,false,Rx,0,8,10,27,00,00,00,00,00,00
83973000,56,false,Rx,0,8,10,27,00,00,00,00,00,00
83983000,57,false,Rx,0,8,00,00,FE,FF,FE,FF,00,00
83983000,60D,false,Rx,0,8,0D,10,DF,23,02,20,70,00
84021000,625,false,Rx,0,8,25,00,11,43,FD,BB,E4,01
84082000,60D,false,Rx,0,8,0D,10,DF,23,02,20,70,00
84121000,625,false,Rx,0,8,25,00,11,43,FD,BB,E4,01
84159000,2C4,false,Rx,0,8,05,00,00,00,D2,02,00,00
84159000,2C5,false,Rx,0,8,00,00,00,00,00,00,00,00
84159000,2C6,false,Rx,0,8,F4,01,84,03,00,00,00,00
84172000,54,false,Rx,0,8,01,01,FE,FF,FE,FF,00,00
84173000,55,false,Rx,0,8,10,27,00,00,00,00,00,00
84173000,56,false,Rx,0,8,10,27,00,00,00,00,00,00
84183000,57,false,Rx,0,8,00,00,FE,FF,FE,FF,00,00
84183000,60D,false,Rx,0,8,0D,10,DF,23,02,20,70,00
84221000,625,false,Rx,0,8,25,00,11,43,FD,BB,E4,01
84282000,60D,false,Rx,0,8,0D,10,DF,23,02,20,70,00
84321000,625,false,Rx,0,8,25,00,11,43,FD,BB,E4,01
84359000,2C4,false,Rx,0,8,05,00,00,00,D2,02,00,00
84359000,2C5,false,Rx,0,8,00,00,00,00,00,00,00,00
84359000,2C6,false,Rx,0,8,F4,01,84,03,00,00,00,00
84372000,54,false,Rx,0,8,01,01,FE,FF,FE,FF,00,00
84373000,55,false,Rx,0,8,10,27,00,00,00,00,00,00
84373000,56,false,Rx,0,8,10,27,00,00,00,00,00,00
84383000,57,false,Rx,0,8,00,00,FE,FF,FE,FF,00,00
84383000,60D,false,Rx,0,8,0D,10,DF,23,02,20,70,00
84421000,625,false,Rx,0,8,25,00,11,43,FD,BB,E4,01
84482000,60D,false,Rx,0,8,0D,10,DF,23,02,20,70,00
84521000,625,false,Rx,0,8,25,00,11,43,FD,BB,E4,01
84559000,2C4,false,Rx,0,8,05,00,00,00,D2,02,00,00
84559000,2C5,false,Rx,0,8,00,00,00,00,00,00,00,00
84559000,2C6,false,Rx,0,8,F4,01,84,03,00,00,00,00
84572000,54,false,Rx,0,8,01,01,FE,FF,FE,FF,00,00
84573000,55,false,Rx,0,8,10,27,00,00,00,00,00,00
84573000,56,false,Rx,0,8,10,27,00,00,00,00,00,00
84583000,57,false,Rx,0,8,00,00,FE,FF,FE,FF,00,00
84583000,60D,false,Rx,0,8,0D,10,DF,23,02,20,70,00
84620000,625,false,Rx,0,8,25,00,11,43,FD,BB,E4,01
84682000,60D,false,Rx,0,8,0D,10,DF,23,02,20,70,00
84720000,625,false,Rx,0,8,25,00,11,43,FD,BB,E4,01
84759000,2C4,false,Rx,0,8,05,00,00,00,D2,02,00,00
84759000,2C5,false,Rx,0,8,00,00,00,00,00,00,00,00
84759000,2C6,false,Rx,0,8,F4,01,84,03,00,00,00,00
84772000,54,false,Rx,0,8,01,01,FE,FF,FE,FF,00,00
84773000,55,false,Rx,0,8,10,27,00,00,00,00,00,00
84773000,56,false,Rx,0,8,10,27,00,00,00,00,00,00
84783000,57,false,Rx,0,8,00,00,FE,FF,FE,FF,00,00
84783000,60D,false,Rx,0,8,0D,10,DF,23,02,20,70,00
84820000,625,false,Rx,0,8,25,00,11,43,FD,BB,E4,01
84882000,60D,false,Rx,0,8,0D,10,DF,23,02,20,70,00
84920000,625,false,Rx,0,8,25,00,11,43,FD,BB,E4,01
84959000,2C4,false,Rx,0,8,05,00,00,00,D2,02,00,00
84959000,2C5,false,Rx,0,8,00,00,00,00,00,00,00,00
84959000,2C6,false,Rx,0,8,F4,01,84,03,00,00,00,00
84972000,54,false,Rx,0,8,01,01,FE,FF,FE,FF,00,00
84973000,55,false,Rx,0,8,10,27,00,00,00,00,00,00
84973000,56,false,Rx,0,8,10,27,00,00,00,00,00,00
84983000,57,false,Rx,0,8,00,00,FE,FF,FE,FF,00,00
84983000,60D,false,Rx,0,8,0D,10,DF,23,02,20,70,00
85020000,625,false,Rx,0,8,25,00,11,43,FD,BB,E4,01
85082000,60D,false,Rx,0,8,0D,10,DF,23,02,20,70,00
85120000,625,false,Rx,0,8,25,00,11,43,FD,BB,E4,01
85159000,2C4,false,Rx,0,8,05,00,00,00,D2,02,00,00
85159000,2C5,false,Rx,0,8,00,00,00,00,00,00,00,00
85159000,2C6,false,Rx,0,8,F4,01,84,03,00,00,00,00
85172000,54,false,Rx,0,8,01,01,FE,FF,FE,FF,00,00
85173000,55,false,Rx,0,8,10,27,00,00,00,00,00,00
85173000,56,false,Rx,0,8,10,27,00,00,00,00,00,00
85183000,57,false,Rx,0,8,00,00,FE,FF,FE,FF,00,00
85183000,60D,false,Rx,0,8,0D,10,DF,23,02,20,70,00
85220000,625,false,Rx,0,8,25,00,11,43,FD,BB,E4,01
85282000,60D,false,Rx,0,8,0D,10,DF,23,02,20,70,00
85320000,625,false,Rx,0,8,25,00,11,43,FD,BB,E4,01
85359000,2C4,false,Rx,0,8,05,00,00,00,D2,02,00,00
85359000,2C5,false,Rx,0,8,00,00,00,00,00,00,00,00
85359000,2C6,false,Rx,0,8,F4,01,84,03,00,00,00,00
85372000,54,false,Rx,0,8,01,01,FE,FF,FE,FF,00,00
85373000,55,false,Rx,0,8,10,27,00,00,00,00,00,00
85373000,56,false,Rx,0,8,10,27,00,00,00,00,00,00
85383000,57,false,Rx,0,8,00,00,FE,FF,FE,FF,00,00
85383000,60D,false,Rx,0,8,0D,10,DF,23,02,20,70,00
85420000,625,false,Rx,0,8,25,00,11,43,FD,BB,E4,01
85482000,60D,false,Rx,0,8,0D,10,DF,23,02,20,70,00
85520000,625,false,Rx,0,8,25,00,11,43,FD,BB,E4,01
85559000,2C4,false,Rx,0,8,05,00,00,00,D2,02,00,00
85559000,2C5,false,Rx,0,8,00,00,00,00,00,00,00,00
85559000,2C6,false,Rx,0,8,F4,01,84,03,00,00,00,00
85572000,54,false,Rx,0,8,01,01,FE,FF,FE,FF,00,00
85573000,55,false,Rx,0,8,10,27,00,00,00,00,00,00
85573000,56,false,Rx,0,8,10,27,00,00,00,00,00,00
85583000,57,false,Rx,0,8,00,00,FE,FF,FE,FF,00,00
85583000,60D,false,Rx,0,8,0D,10,DF,23,02,20,70,00
85620000,625,false,Rx,0,8,25,00,11,43,FD,BB,E4,01
85682000,60D,false,Rx,0,8,0D,10,DF,23,02,20,70,00
85720000,625,false,Rx,0,8,25,00,11,43,FD,BB,E4,01
85759000,2C4,false,Rx,0,8,05,00,00,00,D2,02,00,00
85759000,2C5,false,Rx,0,8,00,00,00,00,00,00,00,00
85759000,2C6,false,Rx,0,8,F4,01,84,03,00,00,00,00
85772000,54,false,Rx,0,8,01,01,FE,FF,FE,FF,00,00
85773000,55,false,Rx,0,8,10,27,00,00,00,00,00,00
85773000,56,false,Rx,0,8,10,27,00,00,00,00,00,00
85783000,57,false,Rx,0,8,00,00,FE,FF,FE,FF,00,00
85783000,60D,false,Rx,0,8,0D,10,DF,23,02,20,70,00
85820000,625,false,Rx,0,8,25,00,11,43,FD,BB,E4,01
85882000,60D,false,Rx,0,8,0D,10,DF,23,02,20,70,00
85920000,625,false,Rx,0,8,25,00,11,43,FD,BB,E4,01
85959000,2C4,false,Rx,0,8,05,00,00,00,D2,02,00,00
85959000,2C5,false,Rx,0,8,00,00,00,00,00,00,00,00
85959000,2C6,false,Rx,0,8,F4,01,84,03,00,00,00,00
85972000,54,false,Rx,0,8,01,01,FE,FF,FE,FF,00,00
85973000,55,false,Rx,0,8,10,27,00,00,00,00,00,00
85973000,56,false,Rx,0,8,10,27,00,00,00,00,00,00
85983000,57,false,Rx,0,8,00,00,FE,FF,FE,FF,00,00
85983000,60D,false,Rx,0,8,0D,10,DF,23,02,20,70,00
86020000,625,false,Rx,0,8,25,00,11,43,FD,BB,E4,01
86082000,60D,false,Rx,0,8,0D,10,DF,23,02,20,70,00
86120000,625,false,Rx,0,8,25,00,11,43,FD,BB,E4,01
86159000,2C4,false,Rx,0,8,05,00,00,00,D2,02,00,00
86159000,2C5,false,Rx,0,8,00,00,00,00,00,00,00,00
86159000,2C6,false,Rx,0,8,F4,01,84,03,00,00,00,00
86172000,54,false,Rx,0,8,01,01,FE,FF,FE,FF,00,00
86173000,55,false,Rx,0,8,10,27,00,00,00,00,00,00
86173000,56,false,Rx,0,8,10,27,00,00,00,00,00,00
86183000,57,false,Rx,0,8,00,00,FE,FF,FE,FF,00,00
86183000,60D,false,Rx,0,8,0D,10,DF,23,02,20,70,00
86220000,625,false,Rx,0,8,25,00,11,43,FD,BB,E4,01
86282000,60D,false,Rx,0,8,0D,10,DF,23,02,20,70,00
86320000,625,false,Rx,0,8,25,00,11,43,FD,BB,E4,01
86359000,2C4,false,Rx,0,8,05,00,00,00,D2,02,00,00
86359000,2C5,false,Rx,0,8,00,00,00,00,00,00,00,00
86359000,2C6,false,Rx,0,8,F4,01,84,03,00,00,00,00
86372000,54,false,Rx,0,8,01,01,FE,FF,FE,FF,00,00
86373000,55,false,Rx,0,8,10,27,00,00,00,00,00,00
86373000,56,false,Rx,0,8,10,27,00,00,00,00,00,00
86383000,57,false,Rx,0,8,00,00,FE,FF,FE,FF,00,00
86383000,60D,false,Rx,0,8,0D,10,DF,23,02,20,70,00
86420000,625,false,Rx,0,8,25,00,11,43,FD,BB,E4,01
86482000,60D,false,Rx,0,8,0D,10,DF,23,02,20,70,00
86520000,625,false,Rx,0,8,25,00,11,43,FD,BB,E4,01
86559000,2C4,false,Rx,0,8,05,00,00,00,D2,02,00,00
86559000,2C5,false,Rx,0,8,00,00,00,00,00,00,00,00
86559000,2C6,false,Rx,0,8,F4,01,84,03,00,00,00,00
86572000,54,false,Rx,0,8,01,01,FE,FF,FE,FF,00,00
86573000,55,false,Rx,0,8,10,27,00,00,00,00,00,00
86573000,56,false,Rx,0,8,10,27,00,00,00,00,00,00
86583000,57,false,Rx,0,8,00,00,FE,FF,FE,FF,00,00
86583000,60D,false,Rx,0,8,0D,10,DF,23,02,20,70,00
86620000,625,false,Rx,0,8,25,00,11,43,FD,BB,E4,01
86682000,60D,false,Rx,0,8,0D,10,DF,23,02,20,70,00
86720000,625,false,Rx,0,8,25,00,11,43,FD,BB,E4,01
86759000,2C4,false,Rx,0,8,05,00,00,00,D2,02,00,00
86759000,2C5,false,Rx,0,8,00,00,00,00,00,00,00,00
86759000,2C6,false,Rx,0,8,F4,01,84,03,00,00,00,00
86772000,54,false,Rx,0,8,01,01,FE,FF,FE,FF,00,00
86773000,55,false,Rx,0,8,10,27,00,00,00,00,00,00
86773000,56,false,Rx,0,8,10,27,00,00,00,00,00,00
86783000,57,false,Rx,0,8,00,00,FE,FF,FE,FF,00,00
86783000,60D,false,Rx,0,8,0D,10,DF,23,02,20,70,00
86820000,625,false,Rx,0,8,25,00,11,43,FD,BB,E4,01
86882000,60D,false,Rx,0,8,0D,10,DF,23,02,20,70,00
86920000,625,false,Rx,0,8,25,00,11,43,FD,BB,E4,01
86959000,2C4,false,Rx,0,8,05,00,00,00,D2,02,00,00
86959000,2C5,false,Rx,0,8,00,00,00,00,00,00,00,00
86959000,2C6,false,Rx,0,8,F4,01,84,03,00,00,00,00
86972000,54,false,Rx,0,8,01,01,FE,FF,FE,FF,00,00
86973000,55,false,Rx,0,8,10,27,00,00,00,00,00,00
86973000,56,false,Rx,0,8,10,27,00,00,00,00,00,00
86983000,57,false,Rx,0,8,00,00,FE,FF,FE,FF,00,00
86983000,60D,false,Rx,0,8,0D,10,DF,23,02,20,70,00
87020000,625,false,Rx,0,8,25,00,11,43,FD,BB,E4,01
87082000,60D,false,Rx,0,8,0D,10,DF,23,02,20,70,00
87120000,625,false,Rx,0,8,25,00,11,43,FD,BB,E4,01
87158000,2C4,false,Rx,0,8,05,00,00,00,D2,02,00,00
87159000,2C5,false,Rx,0,8,00,00,00,00,00,00,00,00
87159000,2C6,false,Rx,0,8,F4,01,84,03,00,00,00,00
87172000,54,false,Rx,0,8,01,01,FE,FF,FE,FF,00,00
87173000,55,false,Rx,0,8,10,27,00,00,00,00,00,00
87173000,56,false,Rx,0,8,10,27,00,00,00,00,00,00
87183000,57,false,Rx,0,8,00,00,FE,FF,FE,FF,00,00
87183000,60D,false,Rx,0,8,0D,10,DF,23,02,20,70,00
87220000,625,false,Rx,0,8,25,00,11,43,FD,BB,E4,01
87282000,60D,false,Rx,0,8,0D,10,DF,23,02,20,70,00
87320000,625,false,Rx,0,8,25,00,11,43,FD,BB,E4,01
87358000,2C4,false,Rx,0,8,05,00,00,00,D2,02,00,00
87359000,2C5,false,Rx,0,8,00,00,00,00,00,00,00,00
87359000,2C6,false,Rx,0,8,F4,01,84,03,00,00,00,00
87372000,54,false,Rx,0,8,01,01,FE,FF,FE,FF,00,00
87373000,55,false,Rx,0,8,10,27,00,00,00,00,00,00
87373000,56,false,Rx,0,8,10,27,00,00,00,00,00,00
87383000,57,false,Rx,0,8,00,00,FE,FF,FE,FF,00,00
87383000,60D,false,Rx,0,8,0D,10,DF,23,02,20,70,00
87420000,625,false,Rx,0,8,25,00,11,43,FD,BB,E4,01
87483000,60D,false,Rx,0,8,0D,10,DF,23,02,20,70,00
87520000,625,false,Rx,0,8,25,00,11,43,FD,BB,E4,01
87558000,2C4,false,Rx,0,8,05,00,00,00,D2,02,00,00
87559000,2C5,false,Rx,0,8,00,00,00,00,00,00,00,00
87559000,2C6,false,Rx,0,8,F4,01,84,03,00,00,00,00
87572000,54,false,Rx,0,8,01,01,FE,FF,FE,FF,00,00
87573000,55,false,Rx,0,8,10,27,00,00,00,00,00,00
87573000,56,false,Rx,0,8,10,27,00,00,00,00,00,00
87583000,57,false,Rx,0,8,00,00,FE,FF,FE,FF,00,00
87583000,60D,false,Rx,0,8,0D,10,DF,23,02,20,70,00
87620000,625,false,Rx,0,8,25,00,11,43,FD,BB,E4,01
87682000,60D,false,Rx,0,8,0D,10,DF,23,02,20,70,00
87720000,625,false,Rx,0,8,25,00,11,43,FD,BB,E4,01
87758000,2C4,false,Rx,0,8,05,00,00,00,D2,02,00,00
87759000,2C5,false,Rx,0,8,00,00,00,00,00,00,00,00
87759000,2C6,false,Rx,0,8,F4,01,84,03,00,00,00,00
87772000,54,false,Rx,0,8,01,01,FE,FF,FE,FF,00,00
87773000,55,false,Rx,0,8,10,27,00,00,00,00,00,00
87773000,56,false,Rx,0,8,10,27,00,00,00,00,00,00
87783000,57,false,Rx,0,8,00,00,FE,FF,FE,FF,00,00
87783000,60D,false,Rx,0,8,0D,10,DF,23,02,20,70,00
87820000,625,false,Rx,0,8,25,00,11,43,FD,BB,E4,01
87882000,60D,false,Rx,0,8,0D,10,DF,23,02,20,70,00
87920000,625,false,Rx,0,8,25,00,11,43,FD,BB,E4,01
87958000,2C4,false,Rx,0,8,05,00,00,00,D2,02,00,00
87959000,2C5,false,Rx,0,8,00,00,00,00,00,00,00,00
87959000,2C6,false,Rx,0,8,F4,01,84,03,00,00,00,00
87972000,54,false,Rx,0,8,01,01,FE,FF,FE,FF,00,00
87973000,55,false,Rx,0,8,10,27,00,00,00,00,00,00
87973000,56,false,Rx,0,8,10,27,00,00,00,00,00,00
87983000,57,false,Rx,0,8,00,00,FE,FF,FE,FF,00,00
87983000,60D,false,Rx,0,8,0D,10,DF,23,02,20,70,00
88020000,625,false,Rx,0,8,25,00,11,43,FD,BB,E4,01
88082000,60D,false,Rx,0,8,0D,10,DF,23,02,20,70,00
88120000,625,false,Rx,0,8,25,00,11,43,FD,BB,E4,01
88158000,2C4,false,Rx,0,8,05,00,00,00,D2,02,00,00
88159000,2C5,false,Rx,0,8,00,00,00,00,00,00,00,00
88159000,2C6,false,Rx,0,8,F4,01,84,03,00,00,00,00
88172000,54,false,Rx,0,8,01,01,FE,FF,FE,FF,00,00
88172000,55,false,Rx,0,8,10,27,00,00,00,00,00,00
88173000,56,false,Rx,0,8,10,27,00,00,00,00,00,00
88183000,57,false,Rx,0,8,00,00,FE,FF,FE,FF,00,00
88183000,60D,false,Rx,0,8,0D,10,DF,23,02,20,70,00
88220000,625,false,Rx,0,8,25,00,11,43,FD,BB,E4,01
88282000,60D,false,Rx,0,8,0D,10,DF,23,02,20,70,00
88320000,625,false,Rx,0,8,25,00,11,43,FD,BB,E4,01
88358000,2C4,false,Rx,0,8,05,00,00,00,D2,02,00,00
88359000,2C5,false,Rx,0,8,00,00,00,00,00,00,00,00
88359000,2C6,false,Rx,0,8,F4,01,84,03,00,00,00,00
88372000,54,false,Rx,0,8,01,01,FE,FF,FE,FF,00,00
88372000,55,false,Rx,0,8,10,27,00,00,00,00,00,00
88373000,56,false,Rx,0,8,10,27,00,00,00,00,00,00
88383000,57,false,Rx,0,8,00,00,FE,FF,FE,FF,00,00
88383000,60D,false,Rx,0,8,0D,10,DF,23,02,20,70,00
88420000,625,false,Rx,0,8,25,00,11,43,FD,BB,E4,01
88482000,60D,false,Rx,0,8,0D,10,DF,23,02,20,70,00
88520000,625,false,Rx,0,8,25,00,11,43,FD,BB,E4,01
88558000,2C4,false,Rx,0,8,05,00,00,00,D2,02,00,00
88559000,2C5,false,Rx,0,8,00,00,00,00,00,00,00,00
88559000,2C6,false,Rx,0,8,F4,01,84,03,00,00,00,00
88572000,54,false,Rx,0,8,01,01,FE,FF,FE,FF,00,00
88572000,55,false,Rx,0,8,10,27,00,00,00,00,00,00
88573000,56,false,Rx,0,8,10,27,00,00,00,00,00,00
88583000,57,false,Rx,0,8,00,00,FE,FF,FE,FF,00,00
88583000,60D,false,Rx,0,8,0D,10,DF,23,02,20,70,00
88620000,625,false,Rx,0,8,25,00,11,43,FD,BB,E4,01
88682000,60D,false,Rx,0,8,0D,10,DF,23,02,20,70,00
88720000,625,false,Rx,0,8,25,00,11,43,FD,BB,E4,01
88758000,2C4,false,Rx,0,8,05,00,00,00,D2,02,00,00
88759000,2C5,false,Rx,0,8,00,00,00,00,00,00,00,00
88759000,2C6,false,Rx,0,8,F4,01,84,03,00,00,00,00
88772000,54,false,Rx,0,8,01,01,FE,FF,FE,FF,00,00
88772000,55,false,Rx,0,8,10,27,00,00,00,00,00,00
88773000,56,false,Rx,0,8,10,27,00,00,00,00,00,00
88783000,57,false,Rx,0,8,00,00,FE,FF,FE,FF,00,00
88783000,60D,false,Rx,0,8,0D,10,DF,23,02,20,70,00
88820000,625,false,Rx,0,8,25,00,11,43,FD,BB,E4,01
88882000,60D,false,Rx,0,8,0D,10,DF,23,02,20,70,00
88920000,625,false,Rx,0,8,25,00,11,43,FD,BB,E4,01
88958000,2C4,false,Rx,0,8,05,00,00,00,D2,02,00,00
88959000,2C5,false,Rx,0,8,00,00,00,00,00,00,00,00
88959000,2C6,false,Rx,0,8,F4,01,84,03,00,00,00,00
88972000,54,false,Rx,0,8,01,01,FE,FF,FE,FF,00,00
88972000,55,false,Rx,0,8,10,27,00,00,00,00,00,00
88973000,56,false,Rx,0,8,10,27,00,00,00,00,00,00
88983000,57,false,Rx,0,8,00,00,FE,FF,FE,FF,00,00
88983000,60D,false,Rx,0,8,0D,10,DF,23,02,20,70,00
89020000,625,false,Rx,0,8,25,00,11,43,FD,BB,E4,01
89082000,60D,false,Rx,0,8,0D,10,DF,23,02,20,70,00
89120000,625,false,Rx,0,8,25,00,11,43,FD,BB,E4,01
89158000,2C4,false,Rx,0,8,05,00,00,00,D2,02,00,00
89159000,2C5,false,Rx,0,8,00,00,00,00,00,00,00,00
89159000,2C6,false,Rx,0,8,F4,01,84,03,00,00,00,00
89172000,54,false,Rx,0,8,01,01,FE,FF,FE,FF,00,00
89172000,55,false,Rx,0,8,10,27,00,00,00,00,00,00
89173000,56,false,Rx,0,8,10,27,00,00,00,00,00,00
89183000,57,false,Rx,0,8,00,00,FE,FF,FE,FF,00,00
89183000,60D,false,Rx,0,8,0D,10,DF,23,02,20,70,00
89220000,625,false,Rx,0,8,25,00,11,43,FD,BB,E4,01
89282000,60D,false,Rx,0,8,0D,10,DF,23,02,20,70,00
89320000,625,false,Rx,0,8,25,00,11,43,FD,BB,E4,01
89358000,2C4,false,Rx,0,8,05,00,00,00,D2,02,00,00
89359000,2C5,false,Rx,0,8,00,00,00,00,00,00,00,00
89359000,2C6,false,Rx,0,8,F4,01,84,03,00,00,00,00
89372000,54,false,Rx,0,8,01,01,FE,FF,FE,FF,00,00
89372000,55,false,Rx,0,8,10,27,00,00,00,00,00,00
89373000,56,false,Rx,0,8,10,27,00,00,00,00,00,00
89383000,57,false,Rx,0,8,00,00,FE,FF,FE,FF,00,00
89383000,60D,false,Rx,0,8,0D,10,DF,23,02,20,70,00
89420000,625,false,Rx,0,8,25,00,11,43,FD,BB,E4,01
89482000,60D,false,Rx,0,8,0D,10,DF,23,02,20,70,00
89520000,625,false,Rx,0,8,25,00,11,43,FD,BB,E4,01
89558000,2C4,false,Rx,0,8,05,00,00,00,D2,02,00,00
89559000,2C5,false,Rx,0,8,00,00,00,00,00,00,00,00
89559000,2C6,false,Rx,0,8,F4,01,84,03,00,00,00,00
89572000,54,false,Rx,0,8,01,01,FE,FF,FE,FF,00,00
89572000,55,false,Rx,0,8,10,27,00,00,00,00,00,00
89573000,56,false,Rx,0,8,10,27,00,00,00,00,00,00
89583000,57,false,Rx,0,8,00,00,FE,FF,FE,FF,00,00
89583000,60D,false,Rx,0,8,0D,10,DF,23,02,20,70,00
89620000,625,false,Rx,0,8,25,00,11,43,FD,BB,E4,01
89682000,60D,false,Rx,0,8,0D,10,DF,23,02,20,70,00
89720000,625,false,Rx,0,8,25,00,11,43,FD,BB,E4,01
89758000,2C4,false,Rx,0,8,05,00,00,00,D2,02,00,00
89759000,2C5,false,Rx,0,8,00,00,00,00,00,00,00,00
89759000,2C6,false,Rx,0,8,F4,01,84,03,00,00,00,00
89772000,54,false,Rx,0,8,01,01,FE,FF,FE,FF,00,00
89772000,55,false,Rx,0,8,10,27,00,00,00,00,00,00
89773000,56,false,Rx,0,8,10,27,00,00,00,00,00,00
89783000,57,false,Rx,0,8,00,00,FE,FF,FE,FF,00,00
89783000,60D,false,Rx,0,8,0D,10,DF,23,02,20,70,00
89820000,625,false,Rx,0,8,25,00,11,43,FD,BB,E4,01
89882000,60D,false,Rx,0,8,0D,10,DF,23,02,20,70,00
89920000,625,false,Rx,0,8,25,00,11,43,FD,BB,E4,01
89958000,2C4,false,Rx,0,8,05,00,00,00,D2,02,00,00
89959000,2C5,false,Rx,0,8,00,00,00,00,00,00,00,00
89959000,2C6,false,Rx,0,8,F4,01,84,03,00,00,00,00
89972000,54,false,Rx,0,8,01,01,FE,FF,FE,FF,00,00
89972000,55,false,Rx,0,8,10,27,00,00,00,00,00,00
89973000,56,false,Rx,0,8,10,27,00,00,00,00,00,00
89983000,57,false,Rx,0,8,00,00,FE,FF,FE,FF,00,00
89983000,60D,false,Rx,0,8,0D,10,DF,23,02,20,70,00
90020000,625,false,Rx,0,8,25,00,11,43,FD,BB,E4,01
90082000,60D,false,Rx,0,8,0D,10,DF,23,02,20,70,00
90120000,625,false,Rx,0,8,25,00,11,43,FD,BB,E4,01
90158000,2C4,false,Rx,0,8,05,00,00,00,D2,02,00,00
90159000,2C5,false,Rx,0,8,00,00,00,00,00,00,00,00
90159000,2C6,false,Rx,0,8,F4,01,84,03,00,00,00,00
90172000,54,false,Rx,0,8,01,01,FE,FF,FE,FF,00,00
90172000,55,false,Rx,0,8,10,27,00,00,00,00,00,00
90173000,56,false,Rx,0,8,10,27,00,00,00,00,00,00
90183000,57,false,Rx,0,8,00,00,FE,FF,FE,FF,00,00
90183000,60D,false,Rx,0,8,0D,10,DF,23,02,20,70,00
90220000,625,false,Rx,0,8,25,00,11,43,FD,BB,E4,01
90282000,60D,false,Rx,0,8,0D,10,DF,23,02,20,70,00
90320000,625,false,Rx,0,8,25,00,11,43,FD,BB,E4,01
90358000,2C4,false,Rx,0,8,05,00,00,00,D2,02,00,00
90359000,2C5,false,Rx,0,8,00,00,00,00,00,00,00,00
90359000,2C6,false,Rx,0,8,F4,01,84,03,00,00,00,00
90372000,54,false,Rx,0,8,01,01,FE,FF,FE,FF,00,00
90372000,55,false,Rx,0,8,10,27,00,00,00,00,00,00
90373000,56,false,Rx,0,8,10,27,00,00,00,00,00,00
90383000,57,false,Rx,0,8,00,00,FE,FF,FE,FF,00,00
90383000,60D,false,Rx,0,8,0D,10,DF,23,02,20,70,00
90420000,625,false,Rx,0,8,25,00,11,43,FD,BB,E4,01
90482000,60D,false,Rx,0,8,0D,10,DF,23,02,20,70,00
90520000,625,false,Rx,0,8,25,00,11,43,FD,BB,E4,01
90558000,2C4,false,Rx,0,8,05,00,00,00,D2,02,00,00
90559000,2C5,false,Rx,0,8,00,00,00,00,00,00,00,00
90559000,2C6,false,Rx,0,8,F4,01,84,03,00,00,00,00
90572000,54,false,Rx,0,8,01,01,FE,FF,FE,FF,00,00
90572000,55,false,Rx,0,8,10,27,00,00,00,00,00,00
90573000,56,false,Rx,0,8,10,27,00,00,00,00,00,00
90583000,57,false,Rx,0,8,00,00,FE,FF,FE,FF,00,00
90583000,60D,false,Rx,0,8,0D,10,DF,23,02,20,70,00
90620000,625,false,Rx,0,8,25,00,11,43,FD,BB,E4,01
90682000,60D,false,Rx,0,8,0D,10,DF,23,02,20,70,00
90720000,625,false,Rx,0,8,25,00,11,43,FD,BB,E4,01
90758000,2C4,false,Rx,0,8,05,00,00,00,D2,02,00,00
90759000,2C5,false,Rx,0,8,00,00,00,00,00,00,00,00
90759000,2C6,false,Rx,0,8,F4,01,84,03,00,00,00,00
90772000,54,false,Rx,0,8,01,01,FE,FF,FE,FF,00,00
90772000,55,false,Rx,0,8,10,27,00,00,00,00,00,00
90773000,56,false,Rx,0,8,10,27,00,00,00,00,00,00
90783000,57,false,Rx,0,8,00,00,FE,FF,FE,FF,00,00
90783000,60D,false,Rx,0,8,0D,10,DF,23,02,20,70,00
90820000,625,false,Rx,0,8,25,00,11,43,FD,BB,E4,01
90882000,60D,false,Rx,0,8,0D,10,DF,23,02,20,70,00
90920000,625,false,Rx,0,8,25,00,11,43,FD,BB,E4,01
90958000,2C4,false,Rx,0,8,05,00,00,00,D2,02,00,00
90959000,2C5,false,Rx,0,8,00,00,00,00,00,00,00,00
90959000,2C6,false,Rx,0,8,F4,01,84,03,00,00,00,00
90972000,54,false,Rx,0,8,01,01,FE,FF,FE,FF,00,00
90972000,55,false,Rx,0,8,10,27,00,00,00,00,00,00
90973000,56,false,Rx,0,8,10,27,00,00,00,00,00,00
90983000,57,false,Rx,0,8,00,00,FE,FF,FE,FF,00,00
90983000,60D,false,Rx,0,8,0D,10,DF,23,02,20,70,00
91020000,625,false,Rx,0,8,25,00,11,43,FD,BB,E4,01
91082000,60D,false,Rx,0,8,0D,10,DF,23,02,20,70,00
91120000,625,false,Rx,0,8,25,00,11,43,FD,BB,E4,01
91158000,2C4,false,Rx,0,8,05,00,00,00,D2,02,00,00
91159000,2C5,false,Rx,0,8,00,00,00,00,00,00,00,00
91159000,2C6,false,Rx,0,8,F4,01,84,03,00,00,00,00
91172000,54,false,Rx,0,8,01,01,FE,FF,FE,FF,00,00
91172000,55,false,Rx,0,8,10,27,00,00,00,00,00,00
91173000,56,false,Rx,0,8,10,27,00,00,00,00,00,00
91183000,57,false,Rx,0,8,00,00,FE,FF,FE,FF,00,00
91183000,60D,false,Rx,0,8,0D,10,DF,23,02,20,70,00
91220000,625,false,Rx,0,8,25,00,11,43,FD,BB,E4,01
91282000,60D,false,Rx,0,8,0D,10,DF,23,02,20,70,00
91320000,625,false,Rx,0,8,25,00,11,43,FD,BB,E4,01
91358000,2C4,false,Rx,0,8,05,00,00,00,D2,02,00,00
91359000,2C5,false,Rx,0,8,00,00,00,00,00,00,00,00
91359000,2C6,false,Rx,0,8,F4,01,84,03,00,00,00,00
91372000,54,false,Rx,0,8,01,01,FE,FF,FE,FF,00,00
91372000,55,false,Rx,0,8,10,27,00,00,00,00,00,00
91373000,56,false,Rx,0,8,10,27,00,00,00,00,00,00
91383000,57,false,Rx,0,8,00,00,FE,FF,FE,FF,00,00
91383000,60D,false,Rx,0,8,0D,10,DF,23,02,20,70,00
91420000,625,false,Rx,0,8,25,00,11,43,FD,BB,E4,01
91482000,60D,false,Rx,0,8,0D,10,DF,23,02,20,70,00
91520000,625,false,Rx,0,8,25,00,11,43,FD,BB,E4,01
91558000,2C4,false,Rx,0,8,05,00,00,00,D2,02,00,00
91559000,2C5,false,Rx,0,8,00,00,00,00,00,00,00,00
91559000,2C6,false,Rx,0,8,F4,01,84,03,00,00,00,00
91572000,54,false,Rx,0,8,01,01,FE,FF,FE,FF,00,00
91572000,55,false,Rx,0,8,10,27,00,00,00,00,00,00
91573000,56,false,Rx,0,8,10,27,00,00,00,00,00,00
91583000,57,false,Rx,0,8,00,00,FE,FF,FE,FF,00,00
91583000,60D,false,Rx,0,8,0D,10,DF,23,02,20,70,00
91620000,625,false,Rx,0,8,25,00,11,43,FD,BB,E4,01
91682000,60D,false,Rx,0,8,0D,10,DF,23,02,20,70,00
91720000,625,false,Rx,0,8,25,00,11,43,FD,BB,E4,01
91758000,2C4,false,Rx,0,8,05,00,00,00,D2,02,00,00
91759000,2C5,false,Rx,0,8,00,00,00,00,00,00,00,00
91759000,2C6,false,Rx,0,8,F4,01,84,03,00,00,00,00
91772000,54,false,Rx,0,8,01,01,FE,FF,FE,FF,00,00
91772000,55,false,Rx,0,8,10,27,00,00,00,00,00,00
91773000,56,false,Rx,0,8,10,27,00,00,00,00,00,00
91783000,57,false,Rx,0,8,00,00,FE,FF,FE,FF,00,00
91783000,60D,false,Rx,0,8,0D,10,DF,23,02,20,70,00
91820000,625,false,Rx,0,8,25,00,11,43,FD,BB,E4,01
91882000,60D,false,Rx,0,8,0D,10,DF,23,02,20,70,00
91920000,625,false,Rx,0,8,25,00,11,43,FD,BB,E4,01
91958000,2C4,false,Rx,0,8,05,00,00,00,D2,02,00,00
91958000,2C5,false,Rx,0,8,00,00,00,00,00,00,00,00
91959000,2C6,false,Rx,0,8,F4,01,84,03,00,00,00,00
91972000,54,false,Rx,0,8,01,01,FE,FF,FE,FF,00,00
91972000,55,false,Rx,0,8,10,27,00,00,00,00,00,00
91973000,56,false,Rx,0,8,10,27,00,00,00,00,00,00
91983000,57,false,Rx,0,8,00,00,FE,FF,FE,FF,00,00
91983000,60D,false,Rx,0,8,0D,10,DF,23,02,20,70,00
92020000,625,false,Rx,0,8,25,00,11,43,FD,BB,E4,01
92082000,60D,false,Rx,0,8,0D,10,DF,23,02,20,70,00
92120000,625,false,Rx,0,8,25,00,11,43,FD,BB,E4,01
92158000,2C4,false,Rx,0,8,05,00,00,00,D2,02,00,00
92158000,2C5,false,Rx,0,8,00,00,00,00,00,00,00,00
92159000,2C6,false,Rx,0,8,F4,01,84,03,00,00,00,00
92172000,54,false,Rx,0,8,01,01,FE,FF,FE,FF,00,00
92172000,55,false,Rx,0,8,10,27,00,00,00,00,00,00
92173000,56,false,Rx,0,8,10,27,00,00,00,00,00,00
92183000,57,false,Rx,0,8,00,00,FE,FF,FE,FF,00,00
92183000,60D,false,Rx,0,8,0D,10,DF,23,02,20,70,00
92220000,625,false,Rx,0,8,25,00,11,43,FD,BB,E4,01
92282000,60D,false,Rx,0,8,0D,10,DF,23,02,20,70,00
92320000,625,false,Rx,0,8,25,00,11,43,FD,BB,E4,01
92358000,2C4,false,Rx,0,8,05,00,00,00,D2,02,00,00
92358000,2C5,false,Rx,0,8,00,00,00,00,00,00,00,00
92359000,2C6,false,Rx,0,8,F4,01,84,03,00,00,00,00
92372000,54,false,Rx,0,8,01,01,FE,FF,FE,FF,00,00
92373000,55,false,Rx,0,8,10,27,00,00,00,00,00,00
92373000,56,false,Rx,0,8,10,27,00,00,00,00,00,00
92383000,57,false,Rx,0,8,00,00,FE,FF,FE,FF,00,00
92383000,60D,false,Rx,0,8,0D,10,DF,23,02,20,70,00
92420000,625,false,Rx,0,8,25,00,11,43,FD,BB,E4,01
92483000,60D,false,Rx,0,8,0D,10,DF,23,02,20,70,00
92520000,625,false,Rx,0,8,25,00,11,43,FD,BB,E4,01
92558000,2C4,false,Rx,0,8,05,00,00,00,D2,02,00,00
92558000,2C5,false,Rx,0,8,00,00,00,00,00,00,00,00
92559000,2C6,false,Rx,0,8,F4,01,84,03,00,00,00,00
92572000,54,false,Rx,0,8,01,01,FE,FF,FE,FF,00,00
92572000,55,false,Rx,0,8,10,27,00,00,00,00,00,00
92573000,56,false,Rx,0,8,10,27,00,00,00,00,00,00
92583000,57,false,Rx,0,8,00,00,FE,FF,FE,FF,00,00
92583000,60D,false,Rx,0,8,0D,10,DF,23,02,20,70,00
92620000,625,false,Rx,0,8,25,00,11,43,FD,BB,E4,01
92682000,60D,false,Rx,0,8,0D,10,DF,23,02,20,70,00
92720000,625,false,Rx,0,8,25,00,11,43,FD,BB,E4,01
92758000,2C4,false,Rx,0,8,05,00,00,00,D2,02,00,00
92758000,2C5,false,Rx,0,8,00,00,00,00,00,00,00,00
92759000,2C6,false,Rx,0,8,F4,01,84,03,00,00,00,00
92772000,54,false,Rx,0,8,01,01,FE,FF,FE,FF,00,00
92772000,55,false,Rx,0,8,10,27,00,00,00,00,00,00
92773000,56,false,Rx,0,8,10,27,00,00,00,00,00,00
92783000,57,false,Rx,0,8,00,00,FE,FF,FE,FF,00,00
92783000,60D,false,Rx,0,8,0D,10,DF,23,02,20,70,00
92820000,625,false,Rx,0,8,25,00,11,43,FD,BB,E4,01
92882000,60D,false,Rx,0,8,0D,10,DF,23,02,20,70,00
92920000,625,false,Rx,0,8,25,00,11,43,FD,BB,E4,01
92958000,2C4,false,Rx,0,8,05,00,00,00,D2,02,00,00
92958000,2C5,false,Rx,0,8,00,00,00,00,00,00,00,00
92959000,2C6,false,Rx,0,8,F4,01,84,03,00,00,00,00
92972000,54,false,Rx,0,8,01,01,FE,FF,FE,FF,00,00
92972000,55,false,Rx,0,8,10,27,00,00,00,00,00,00
92973000,56,false,Rx,0,8,10,27,00,00,00,00,00,00
92983000,57,false,Rx,0,8,00,00,FE,FF,FE,FF,00,00
92983000,60D,false,Rx,0,8,0D,10,DF,23,02,20,70,00
93020000,625,false,Rx,0,8,25,00,11,43,FD,BB,E4,01
93082000,60D,false,Rx,0,8,0D,10,DF,23,02,20,70,00
93120000,625,false,Rx,0,8,25,00,11,43,FD,BB,E4,01
93158000,2C4,false,Rx,0,8,05,00,00,00,D2,02,00,00
93158000,2C5,false,Rx,0,8,00,00,00,00,00,00,00,00
93159000,2C6,false,Rx,0,8,F4,01,84,03,00,00,00,00
93172000,54,false,Rx,0,8,01,01,FE,FF,FE,FF,00,00
93172000,55,false,Rx,0,8,10,27,00,00,00,00,00,00
93173000,56,false,Rx,0,8,10,27,00,00,00,00,00,00
93183000,57,false,Rx,0,8,00,00,FE,FF,FE,FF,00,00
93183000,60D,false,Rx,0,8,0D,10,DF,23,02,20,70,00
93220000,625,false,Rx,0,8,25,00,11,43,FD,BB,E4,01
93282000,60D,false,Rx,0,8,0D,10,DF,23,02,20,70,00
93320000,625,false,Rx,0,8,25,00,11,43,FD,BB,E4,01
93358000,2C4,false,Rx,0,8,05,00,00,00,D2,02,00,00
93358000,2C5,false,Rx,0,8,00,00,00,00,00,00,00,00
93359000,2C6,false,Rx,0,8,F4,01,84,03,00,00,00,00
93372000,54,false,Rx,0,8,01,01,FE,FF,FE,FF,00,00
93372000,55,false,Rx,0,8,10,27,00,00,00,00,00,00
93373000,56,false,Rx,0,8,10,27,00,00,00,00,00,00
93383000,57,false,Rx,0,8,00,00,FE,FF,FE,FF,00,00
93383000,60D,false,Rx,0,8,0D,10,DF,23,02,20,70,00
93420000,625,false,Rx,0,8,25,00,11,43,FD,BB,E4,01
93482000,60D,false,Rx,0,8,0D,10,DF,23,02,20,70,00
93520000,625,false,Rx,0,8,25,00,11,43,FD,BB,E4,01
93558000,2C4,false,Rx,0,8,05,00,00,00,D2,02,00,00
93558000,2C5,false,Rx,0,8,00,00,00,00,00,00,00,00
93559000,2C6,false,Rx,0,8,F4,01,84,03,00,00,00,00
93572000,54,false,Rx,0,8,01,01,FE,FF,FE,FF,00,00
93572000,55,false,Rx,0,8,10,27,00,00,00,00,00,00
93573000,56,false,Rx,0,8,10,27,00,00,00,00,00,00
93583000,57,false,Rx,0,8,00,00,FE,FF,FE,FF,00,00
93583000,60D,false,Rx,0,8,0D,10,DF,23,02,20,70,00
93620000,625,false,Rx,0,8,25,00,11,43,FD,BB,E4,01
93682000,60D,false,Rx,0,8,0D,10,DF,23,02,20,70,00
93720000,625,false,Rx,0,8,25,00,11,43,FD,BB,E4,01
93758000,2C4,false,Rx,0,8,05,00,00,00,D2,02,00,00
93758000,2C5,false,Rx,0,8,00,00,00,00,00,00,00,00
93759000,2C6,false,Rx,0,8,F4,01,84,03,00,00,00,00
93772000,54,false,Rx,0,8,01,01,FE,FF,FE,FF,00,00
93772000,55,false,Rx,0,8,10,27,00,00,00,00,00,00
93773000,56,false,Rx,0,8,10,27,00,00,00,00,00,00
93783000,57,false,Rx,0,8,00,00,FE,FF,FE,FF,00,00
93783000,60D,false,Rx,0,8,0D,10,DF,23,02,20,70,00
93820000,625,false,Rx,0,8,25,00,11,43,FD,BB,E4,01
93882000,60D,false,Rx,0,8,0D,10,DF,23,02,20,70,00
93920000,625,false,Rx,0,8,25,00,11,43,FD,BB,E4,01
93958000,2C4,false,Rx,0,8,05,00,00,00,D2,02,00,00
93958000,2C5,false,Rx,0,8,00,00,00,00,00,00,00,00
93959000,2C6,false,Rx,0,8,F4,01,84,03,00,00,00,00
93972000,54,false,Rx,0,8,01,01,FE,FF,FE,FF,00,00
93972000,55,false,Rx,0,8,10,27,00,00,00,00,00,00
93973000,56,false,Rx,0,8,10,27,00,00,00,00,00,00
93983000,57,false,Rx,0,8,00,00,FE,FF,FE,FF,00,00
93983000,60D,false,Rx,0,8,0D,10,DF,23,02,20,70,00
94020000,625,false,Rx,0,8,25,00,11,43,FD,BB,E4,01
94082000,60D,false,Rx,0,8,0D,10,DF,23,02,20,70,00
94120000,625,false,Rx,0,8,25,00,11,43,FD,BB,E4,01
94158000,2C4,false,Rx,0,8,05,00,00,00,D2,02,00,00
94158000,2C5,false,Rx,0,8,00,00,00,00,00,00,00,00
94159000,2C6,false,Rx,0,8,F4,01,84,03,00,00,00,00
94172000,54,false,Rx,0,8,01,01,FE,FF,FE,FF,00,00
94172000,55,false,Rx,0,8,10,27,00,00,00,00,00,00
94173000,56,false,Rx,0,8,10,27,00,00,00,00,00,00
94183000,57,false,Rx,0,8,00,00,FE,FF,FE,FF,00,00
94183000,60D,false,Rx,0,8,0D,10,DF,23,02,20,70,00
94220000,625,false,Rx,0,8,25,00,11,43,FD,BB,E4,01
94282000,60D,false,Rx,0,8,0D,10,DF,23,02,20,70,00
94320000,625,false,Rx,0,8,25,00,11,43,FD,BB,E4,01
94358000,2C4,false,Rx,0,8,05,00,00,00,D2,02,00,00
94358000,2C5,false,Rx,0,8,00,00,00,00,00,00,00,00
94359000,2C6,false,Rx,0,8,F4,01,84,03,00,00,00,00
94372000,54,false,Rx,0,8,01,01,FE,FF,FE,FF,00,00
94372000,55,false,Rx,0,8,10,27,00,00,00,00,00,00
94373000,56,false,Rx,0,8,10,27,00,00,00,00,00,00
94383000,57,false,Rx,0,8,00,00,FE,FF,FE,FF,00,00
94383000,60D,false,Rx,0,8,0D,10,DF,23,02,20,70,00
94420000,625,false,Rx,0,8,25,00,11,43,FD,BB,E4,01
94482000,60D,false,Rx,0,8,0D,10,DF,23,02,20,70,00
94520000,625,false,Rx,0,8,25,00,11,43,FD,BB,E4,01
94558000,2C4,false,Rx,0,8,05,00,00,00,D2,02,00,00
94558000,2C5,false,Rx,0,8,00,00,00,00,00,00,00,00
94559000,2C6,false,Rx,0,8,F4,01,84,03,00,00,00,00
94572000,54,false,Rx,0,8,01,01,FE,FF,FE,FF,00,00
94572000,55,false,Rx,0,8,10,27,00,00,00,00,00,00
94573000,56,false,Rx,0,8,10,27,00,00,00,00,00,00
94583000,57,false,Rx,0,8,00,00,FE,FF,FE,FF,00,00
94583000,60D,false,Rx,0,8,0D,10,DF,23,02,20,70,00
94620000,625,false,Rx,0,8,25,00,11,43,FD,BB,E4,01
94682000,60D,false,Rx,0,8,0D,10,DF,23,02,20,70,00
94720000,625,false,Rx,0,8,25,00,11,43,FD,BB,E4,01
94758000,2C4,false,Rx,0,8,05,00,00,00,D5,02,00,00
94758000,2C5,false,Rx,0,8,00,00,00,00,00,00,00,00
94759000,2C6,false,Rx,0,8,F4,01,84,03,00,00,00,00
94772000,54,false,Rx,0,8,01,01,FE,FF,FE,FF,00,00
94772000,55,false,Rx,0,8,10,27,00,00,00,00,00,00
94773000,56,false,Rx,0,8,10,27,00,00,00,00,00,00
94783000,57,false,Rx,0,8,00,00,FE,FF,FE,FF,00,00
94783000,60D,false,Rx,0,8,0D,10,DF,23,02,20,70,00
94820000,625,false,Rx,0,8,25,00,11,43,FD,BB,E4,01
94882000,60D,false,Rx,0,8,0D,10,DF,23,02,20,70,00
94920000,625,false,Rx,0,8,25,00,11,43,FD,BB,E4,01
94958000,2C4,false,Rx,0,8,05,00,00,00,D2,02,00,00
94958000,2C5,false,Rx,0,8,00,00,00,00,00,00,00,00
94959000,2C6,false,Rx,0,8,F4,01,84,03,00,00,00,00
94972000,54,false,Rx,0,8,01,01,FE,FF,FE,FF,00,00
94972000,55,false,Rx,0,8,10,27,00,00,00,00,00,00
94973000,56,false,Rx,0,8,10,27,00,00,00,00,00,00
94983000,57,false,Rx,0,8,00,00,FE,FF,FE,FF,00,00
94983000,60D,false,Rx,0,8,0D,10,DF,23,02,20,70,00
95020000,625,false,Rx,0,8,25,00,11,43,FD,BB,E4,01
95082000,60D,false,Rx,0,8,0D,10,DF,23,02,20,70,00
95120000,625,false,Rx,0,8,25,00,11,43,FD,BB,E4,01
95158000,2C4,false,Rx,0,8,05,00,00,00,D2,02,00,00
95158000,2C5,false,Rx,0,8,00,00,00,00,00,00,00,00
95159000,2C6,false,Rx,0,8,F4,01,84,03,00,00,00,00
95172000,54,false,Rx,0,8,01,01,FE,FF,FE,FF,00,00
95172000,55,false,Rx,0,8,10,27,00,00,00,00,00,00
95173000,56,false,Rx,0,8,10,27,00,00,00,00,00,00
95183000,57,false,Rx,0,8,00,00,FE,FF,FE,FF,00,00
95183000,60D,false,Rx,0,8,0D,10,DF,23,02,20,70,00
95220000,625,false,Rx,0,8,25,00,11,43,FD,BB,E4,01
95282000,60D,false,Rx,0,8,0D,10,DF,23,02,20,70,00
95320000,625,false,Rx,0,8,25,00,11,43,FD,BB,E4,01
95358000,2C4,false,Rx,0,8,05,00,00,00,D2,02,00,00
95358000,2C5,false,Rx,0,8,00,00,00,00,00,00,00,00
95359000,2C6,false,Rx,0,8,F4,01,84,03,00,00,00,00
95372000,54,false,Rx,0,8,01,01,FE,FF,FE,FF,00,00
95372000,55,false,Rx,0,8,10,27,00,00,00,00,00,00
95373000,56,false,Rx,0,8,10,27,00,00,00,00,00,00
95383000,57,false,Rx,0,8,00,00,FE,FF,FE,FF,00,00
95383000,60D,false,Rx,0,8,0D,10,DF,23,02,20,70,00
95420000,625,false,Rx,0,8,25,00,11,43,FD,BB,E4,01
95482000,60D,false,Rx,0,8,0D,10,DF,23,02,20,70,00
95520000,625,false,Rx,0,8,25,00,11,43,FD,BB,E4,01
95558000,2C4,false,Rx,0,8,05,00,00,00,D5,02,00,00
95558000,2C5,false,Rx,0,8,00,00,00,00,00,00,00,00
95559000,2C6,false,Rx,0,8,F4,01,84,03,00,00,00,00
95572000,54,false,Rx,0,8,01,01,FE,FF,FE,FF,00,00
95572000,55,false,Rx,0,8,10,27,00,00,00,00,00,00
95573000,56,false,Rx,0,8,10,27,00,00,00,00,00,00
95583000,57,false,Rx,0,8,00,00,FE,FF,FE,FF,00,00
95583000,60D,false,Rx,0,8,0D,10,DF,23,02,20,70,00
95620000,625,false,Rx,0,8,25,00,11,43,FD,BB,E4,01
95682000,60D,false,Rx,0,8,0D,10,DF,23,02,20,70,00
95720000,625,false,Rx,0,8,25,00,11,43,FD,BB,E4,01
95758000,2C4,false,Rx,0,8,05,00,00,00,D2,02,00,00
95758000,2C5,false,Rx,0,8,00,00,00,00,00,00,00,00
95759000,2C6,false,Rx,0,8,F4,01,84,03,00,00,00,00
95772000,54,false,Rx,0,8,01,01,FE,FF,FE,FF,00,00
95772000,55,false,Rx,0,8,10,27,00,00,00,00,00,00
95773000,56,false,Rx,0,8,10,27,00,00,00,00,00,00
95783000,57,false,Rx,0,8,00,00,FE,FF,FE,FF,00,00
95783000,60D,false,Rx,0,8,0D,10,DF,23,02,20,70,00
95820000,625,false,Rx,0,8,25,00,11,43,FD,BB,E4,01
95882000,60D,false,Rx,0,8,0D,10,DF,23,02,20,70,00
95920000,625,false,Rx,0,8,25,00,11,43,FD,BB,E4,01
95958000,2C4,false,Rx,0,8,05,00,00,00,D5,02,00,00
95958000,2C5,false,Rx,0,8,00,00,00,00,00,00,00,00
95959000,2C6,false,Rx,0,8,F4,01,84,03,00,00,00,00
95972000,54,false,Rx,0,8,01,01,FE,FF,FE,FF,00,00
95972000,55,false,Rx,0,8,10,27,00,00,00,00,00,00
95973000,56,false,Rx,0,8,10,27,00,00,00,00,00,00
95983000,57,false,Rx,0,8,00,00,FE,FF,FE,FF,00,00
95983000,60D,false,Rx,0,8,0D,10,DF,23,02,20,70,00
96020000,625,false,Rx,0,8,25,00,11,43,FD,BB,E4,01
96082000,60D,false,Rx,0,8,0D,10,DF,23,02,20,70,00
96120000,625,false,Rx,0,8,25,00,11,43,FD,BB,E4,01
96158000,2C4,false,Rx,0,8,05,00,00,00,D2,02,00,00
96158000,2C5,false,Rx,0,8,00,00,00,00,00,00,00,00
96158000,2C6,false,Rx,0,8,F4,01,84,03,00,00,00,00
96172000,54,false,Rx,0,8,01,01,FE,FF,FE,FF,00,00
96172000,55,false,Rx,0,8,10,27,00,00,00,00,00,00
96173000,56,false,Rx,0,8,10,27,00,00,00,00,00,00
96183000,57,false,Rx,0,8,00,00,FE,FF,FE,FF,00,00
96183000,60D,false,Rx,0,8,0D,10,DF,23,02,20,70,00
96220000,625,false,Rx,0,8,25,00,11,43,FD,BB,E4,01
96282000,60D,false,Rx,0,8,0D,10,DF,23,02,20,70,00
96320000,625,false,Rx,0,8,25,00,11,43,FD,BB,E4,01
96358000,2C4,false,Rx,0,8,05,00,00,00,D5,02,00,00
96358000,2C5,false,Rx,0,8,00,00,00,00,00,00,00,00
96359000,2C6,false,Rx,0,8,F4,01,84,03,00,00,00,00
96372000,54,false,Rx,0,8,01,01,FE,FF,FE,FF,00,00
96372000,55,false,Rx,0,8,10,27,00,00,00,00,00,00
96373000,56,false,Rx,0,8,10,27,00,00,00,00,00,00
96383000,57,false,Rx,0,8,00,00,FE,FF,FE,FF,00,00
96383000,60D,false,Rx,0,8,0D,10,DF,23,02,20,70,00
96420000,625,false,Rx,0,8,25,00,11,43,FD,BB,E4,01
96482000,60D,false,Rx,0,8,0D,10,DF,23,02,20,70,00
96520000,625,false,Rx,0,8,25,00,11,43,FD,BB,E4,01
96558000,2C4,false,Rx,0,8,05,00,00,00,D2,02,00,00
96558000,2C5,false,Rx,0,8,00,00,00,00,00,00,00,00
96558000,2C6,false,Rx,0,8,F4,01,84,03,00,00,00,00
96572000,54,false,Rx,0,8,01,01,FE,FF,FE,FF,00,00
96572000,55,false,Rx,0,8,10,27,00,00,00,00,00,00
96573000,56,false,Rx,0,8,10,27,00,00,00,00,00,00
96583000,57,false,Rx,0,8,00,00,FE,FF,FE,FF,00,00
96583000,60D,false,Rx,0,8,0D,10,DF,23,02,20,70,00
96620000,625,false,Rx,0,8,25,00,11,43,FD,BB,E4,01
96682000,60D,false,Rx,0,8,0D,10,DF,23,02,20,70,00
96720000,625,false,Rx,0,8,25,00,11,43,FD,BB,E4,01
96758000,2C4,false,Rx,0,8,05,00,00,00,D2,02,00,00
96758000,2C5,false,Rx,0,8,00,00,00,00,00,00,00,00
96758000,2C6,false,Rx,0,8,F4,01,84,03,00,00,00,00
96772000,54,false,Rx,0,8,01,01,FE,FF,FE,FF,00,00
96772000,55,false,Rx,0,8,10,27,00,00,00,00,00,00
96773000,56,false,Rx,0,8,10,27,00,00,00,00,00,00
96783000,57,false,Rx,0,8,00,00,FE,FF,FE,FF,00,00
96783000,60D,false,Rx,0,8,0D,10,DF,23,02,20,70,00
96820000,625,false,Rx,0,8,25,00,11,43,FD,BB,E4,01
96882000,60D,false,Rx,0,8,0D,10,DF,23,02,20,70,00
96920000,625,false,Rx,0,8,25,00,11,43,FD,BB,E4,01
96958000,2C4,false,Rx,0,8,05,00,00,00,D2,02,00,00
96958000,2C5,false,Rx,0,8,00,00,00,00,00,00,00,00
96958000,2C6,false,Rx,0,8,F4,01,84,03,00,00,00,00
96972000,54,false,Rx,0,8,01,01,FE,FF,FE,FF,00,00
96972000,55,false,Rx,0,8,10,27,00,00,00,00,00,00
96973000,56,false,Rx,0,8,10,27,00,00,00,00,00,00
96983000,57,false,Rx,0,8,00,00,FE,FF,FE,FF,00,00
96983000,60D,false,Rx,0,8,0D,10,DF,23,02,20,70,00
97020000,625,false,Rx,0,8,25,00,11,43,FD,BB,E4,01
97082000,60D,false,Rx,0,8,0D,10,DF,23,02,20,70,00
97120000,625,false,Rx,0,8,25,00,11,43,FD,BB,E4,01
97158000,2C4,false,Rx,0,8,05,00,00,00,D2,02,00,00
97158000,2C5,false,Rx,0,8,00,00,00,00,00,00,00,00
97158000,2C6,false,Rx,0,8,F4,01,84,03,00,00,00,00
97172000,54,false,Rx,0,8,01,01,FE,FF,FE,FF,00,00
97172000,55,false,Rx,0,8,10,27,00,00,00,00,00,00
97173000,56,false,Rx,0,8,10,27,00,00,00,00,00,00
97183000,57,false,Rx,0,8,00,00,FE,FF,FE,FF,00,00
97183000,60D,false,Rx,0,8,0D,10,DF,23,02,20,70,00
97220000,625,false,Rx,0,8,25,00,11,43,FD,BB,E4,01
97282000,60D,false,Rx,0,8,0D,10,DF,23,02,20,70,00
97320000,625,false,Rx,0,8,25,00,11,43,FD,BB,E4,01
97358000,2C4,false,Rx,0,8,05,00,00,00,D2,02,00,00
97358000,2C5,false,Rx,0,8,00,00,00,00,00,00,00,00
97358000,2C6,false,Rx,0,8,F4,01,84,03,00,00,00,00
97372000,54,false,Rx,0,8,01,01,FE,FF,FE,FF,00,00
97372000,55,false,Rx,0,8,10,27,00,00,00,00,00,00
97373000,56,false,Rx,0,8,10,27,00,00,00,00,00,00
97383000,57,false,Rx,0,8,00,00,FE,FF,FE,FF,00,00
97383000,60D,false,Rx,0,8,0D,10,DF,23,02,20,70,00
97420000,625,false,Rx,0,8,25,00,11,43,FD,BB,E4,01
97483000,60D,false,Rx,0,8,0D,10,DF,23,02,20,70,00
97520000,625,false,Rx,0,8,25,00,11,43,FD,BB,E4,01
97558000,2C4,false,Rx,0,8,05,00,00,00,D2,02,00,00
97558000,2C5,false,Rx,0,8,00,00,00,00,00,00,00,00
97558000,2C6,false,Rx,0,8,F4,01,84,03,00,00,00,00
97572000,54,false,Rx,0,8,01,01,FE,FF,FE,FF,00,00
97572000,55,false,Rx,0,8,10,27,00,00,00,00,00,00
97573000,56,false,Rx,0,8,10,27,00,00,00,00,00,00
97583000,57,false,Rx,0,8,00,00,FE,FF,FE,FF,00,00
97583000,60D,false,Rx,0,8,0D,10,DF,23,02,20,70,00
97620000,625,false,Rx,0,8,25,00,11,43,FD,BB,E4,01
97682000,60D,false,Rx,0,8,0D,10,DF,23,02,20,70,00
97720000,625,false,Rx,0,8,25,00,11,43,FD,BB,E4,01
97758000,2C4,false,Rx,0,8,05,00,00,00,D5,02,00,00
97758000,2C5,false,Rx,0,8,00,00,00,00,00,00,00,00
97758000,2C6,false,Rx,0,8,F4,01,84,03,00,00,00,00
97772000,54,false,Rx,0,8,01,01,FE,FF,FE,FF,00,00
97772000,55,false,Rx,0,8,10,27,00,00,00,00,00,00
97773000,56,false,Rx,0,8,10,27,00,00,00,00,00,00
97783000,57,false,Rx,0,8,00,00,FE,FF,FE,FF,00,00
97783000,60D,false,Rx,0,8,0D,10,DF,23,02,20,70,00
97820000,625,false,Rx,0,8,25,00,11,43,FD,BB,E4,01
97882000,60D,false,Rx,0,8,0D,10,DF,23,02,20,70,00
97920000,625,false,Rx,0,8,25,00,11,43,FD,BB,E4,01
97958000,2C4,false,Rx,0,8,05,00,00,00,D2,02,00,00
97958000,2C5,false,Rx,0,8,00,00,00,00,00,00,00,00
97958000,2C6,false,Rx,0,8,F4,01,84,03,00,00,00,00
97972000,54,false,Rx,0,8,01,01,FE,FF,FE,FF,00,00
97972000,55,false,Rx,0,8,10,27,00,00,00,00,00,00
97973000,56,false,Rx,0,8,10,27,00,00,00,00,00,00
97983000,57,false,Rx,0,8,00,00,FE,FF,FE,FF,00,00
97983000,60D,false,Rx,0,8,0D,10,DF,23,02,20,70,00
98020000,625,false,Rx,0,8,25,00,11,43,FD,BB,E4,01
98082000,60D,false,Rx,0,8,0D,10,DF,23,02,20,70,00
98120000,625,false,Rx,0,8,25,00,11,43,FD,BB,E4,01
98158000,2C4,false,Rx,0,8,05,00,00,00,D5,02,00,00
98158000,2C5,false,Rx,0,8,00,00,00,00,00,00,00,00
98158000,2C6,false,Rx,0,8,F4,01,84,03,00,00,00,00
98172000,54,false,Rx,0,8,01,01,FE,FF,FE,FF,00,00
98172000,55,false,Rx,0,8,10,27,00,00,00,00,00,00
98173000,56,false,Rx,0,8,10,27,00,00,00,00,00,00
98183000,57,false,Rx,0,8,00,00,FE,FF,FE,FF,00,00
98183000,60D,false,Rx,0,8,0D,10,DF,23,02,20,70,00
98220000,625,false,Rx,0,8,25,00,11,43,FD,BB,E4,01
98282000,60D,false,Rx,0,8,0D,10,DF,23,02,20,70,00
98320000,625,false,Rx,0,8,25,00,11,43,FD,BB,E4,01
98358000,2C4,false,Rx,0,8,05,00,00,00,D2,02,00,00
98358000,2C5,false,Rx,0,8,00,00,00,00,00,00,00,00
98358000,2C6,false,Rx,0,8,F4,01,84,03,00,00,00,00
98372000,54,false,Rx,0,8,01,01,FE,FF,FE,FF,00,00
98372000,55,false,Rx,0,8,10,27,00,00,00,00,00,00
98373000,56,false,Rx,0,8,10,27,00,00,00,00,00,00
98383000,57,false,Rx,0,8,00,00,FE,FF,FE,FF,00,00
98383000,60D,false,Rx,0,8,0D,10,DF,23,02,20,70,00
98420000,625,false,Rx,0,8,25,00,11,43,FD,BB,E4,01
98482000,60D,false,Rx,0,8,0D,10,DF,23,02,20,70,00
98520000,625,false,Rx,0,8,25,00,11,43,FD,BB,E4,01
98558000,2C4,false,Rx,0,8,05,00,00,00,D5,02,00,00
98558000,2C5,false,Rx,0,8,00,00,00,00,00,00,00,00
98558000,2C6,false,Rx,0,8,F4,01,84,03,00,00,00,00
98572000,54,false,Rx,0,8,01,01,FE,FF,FE,FF,00,00
98572000,55,false,Rx,0,8,10,27,00,00,00,00,00,00
98573000,56,false,Rx,0,8,10,27,00,00,00,00,00,00
98583000,57,false,Rx,0,8,00,00,FE,FF,FE,FF,00,00
98583000,60D,false,Rx,0,8,0D,10,DF,23,02,20,70,00
98620000,625,false,Rx,0,8,25,00,11,43,FD,BB,E4,01
98682000,60D,false,Rx,0,8,0D,10,DF,23,02,20,70,00
98720000,625,false,Rx,0,8,25,00,11,43,FD,BB,E4,01
98758000,2C4,false,Rx,0,8,05,00,00,00,D2,02,00,00
98758000,2C5,false,Rx,0,8,00,00,00,00,00,00,00,00
98758000,2C6,false,Rx,0,8,F4,01,84,03,00,00,00,00
98772000,54,false,Rx,0,8,01,01,FE,FF,FE,FF,00,00
98772000,55,false,Rx,0,8,10,27,00,00,00,00,00,00
98773000,56,false,Rx,0,8,10,27,00,00,00,00,00,00
98783000,57,false,Rx,0,8,00,00,FE,FF,FE,FF,00,00
98783000,60D,false,Rx,0,8,0D,10,DF,23,02,20,70,00
98820000,625,false,Rx,0,8,25,00,11,43,FD,BB,E4,01
98882000,60D,false,Rx,0,8,0D,10,DF,23,02,20,70,00
98920000,625,false,Rx,0,8,25,00,11,43,FD,BB,E4,01
98958000,2C4,false,Rx,0,8,05,00,00,00,D2,02,00,00
98958000,2C5,false,Rx,0,8,00,00,00,00,00,00,00,00
98958000,2C6,false,Rx,0,8,F4,01,84,03,00,00,00,00
98972000,54,false,Rx,0,8,01,01,FE,FF,FE,FF,00,00
98972000,55,false,Rx,0,8,10,27,00,00,00,00,00,00
98973000,56,false,Rx,0,8,10,27,00,00,00,00,00,00
98983000,57,false,Rx,0,8,00,00,FE,FF,FE,FF,00,00
98983000,60D,false,Rx,0,8,0D,10,DF,23,02,20,70,00
99020000,625,false,Rx,0,8,25,00,11,43,FD,BB,E4,01
99082000,60D,false,Rx,0,8,0D,10,DF,23,02,20,70,00
99120000,625,false,Rx,0,8,25,00,11,43,FD,BB,E4,01
99158000,2C4,false,Rx,0,8,05,00,00,00,D5,02,00,00
99158000,2C5,false,Rx,0,8,00,00,00,00,00,00,00,00
99158000,2C6,false,Rx,0,8,F4,01,84,03,00,00,00,00
99172000,54,false,Rx,0,8,01,01,FE,FF,FE,FF,00,00
99172000,55,false,Rx,0,8,10,27,00,00,00,00,00,00
99173000,56,false,Rx,0,8,10,27,00,00,00,00,00,00
99183000,57,false,Rx,0,8,00,00,FE,FF,FE,FF,00,00
99183000,60D,false,Rx,0,8,0D,10,DF,23,02,20,70,00
99220000,625,false,Rx,0,8,25,00,11,43,FD,BB,E4,01
99282000,60D,false,Rx,0,8,0D,10,DF,23,02,20,70,00
99320000,625,false,Rx,0,8,25,00,11,43,FD,BB,E4,01
99358000,2C4,false,Rx,0,8,05,00,00,00,D2,02,00,00
99358000,2C5,false,Rx,0,8,00,00,00,00,00,00,00,00
99358000,2C6,false,Rx,0,8,F4,01,84,03,00,00,00,00
99372000,54,false,Rx,0,8,01,01,FE,FF,FE,FF,00,00
99372000,55,false,Rx,0,8,10,27,00,00,00,00,00,00
99373000,56,false,Rx,0,8,10,27,00,00,00,00,00,00
99383000,57,false,Rx,0,8,00,00,FE,FF,FE,FF,00,00
99383000,60D,false,Rx,0,8,0D,10,DF,23,02,20,70,00
99420000,625,false,Rx,0,8,25,00,11,43,FD,BB,E4,01
99482000,60D,false,Rx,0,8,0D,10,DF,23,02,20,70,00
99520000,625,false,Rx,0,8,25,00,11,43,FD,BB,E4,01
99558000,2C4,false,Rx,0,8,05,00,00,00,D2,02,00,00
99558000,2C5,false,Rx,0,8,00,00,00,00,00,00,00,00
99558000,2C6,false,Rx,0,8,F4,01,84,03,00,00,00,00
99572000,54,false,Rx,0,8,01,01,FE,FF,FE,FF,00,00
99572000,55,false,Rx,0,8,10,27,00,00,00,00,00,00
99573000,56,false,Rx,0,8,10,27,00,00,00,00,00,00
99583000,57,false,Rx,0,8,00,00,FE,FF,FE,FF,00,00
99583000,60D,false,Rx,0,8,0D,10,DF,23,02,20,70,00
99620000,625,false,Rx,0,8,25,00,11,43,FD,BB,E4,01
99682000,60D,false,Rx,0,8,0D,10,DF,23,02,20,70,00
99720000,625,false,Rx,0,8,25,00,11,43,FD,BB,E4,01
99758000,2C4,false,Rx,0,8,05,00,00,00,D2,02,00,00
99758000,2C5,false,Rx,0,8,00,00,00,00,00,00,00,00
99758000,2C6,false,Rx,0,8,F4,01,84,03,00,00,00,00
99772000,54,false,Rx,0,8,01,01,FE,FF,FE,FF,00,00
99772000,55,false,Rx,0,8,10,27,00,00,00,00,00,00
99773000,56,false,Rx,0,8,10,27,00,00,00,00,00,00
99783000,57,false,Rx,0,8,00,00,FE,FF,FE,FF,00,00
99783000,60D,false,Rx,0,8,0D,10,DF,23,02,20,70,00
99820000,625,false,Rx,0,8,25,00,11,43,FD,BB,E4,01
99882000,60D,false,Rx,0,8,0D,10,DF,23,02,20,70,00
99920000,625,false,Rx,0,8,25,00,11,43,FD,BB,E4,01
99958000,2C4,false,Rx,0,8,05,00,00,00,D2,02,00,00
99958000,2C5,false,Rx,0,8,00,00,00,00,00,00,00,00
99958000,2C6,false,Rx,0,8,F4,01,84,03,00,00,00,00
99972000,54,false,Rx,0,8,01,01,FE,FF,FE,FF,00,00
99972000,55,false,Rx,0,8,10,27,00,00,00,00,00,00
99973000,56,false,Rx,0,8,10,27,00,00,00,00,00,00
99983000,57,false,Rx,0,8,00,00,FE,FF,FE,FF,00,00
99983000,60D,false,Rx,0,8,0D,10,DF,23,02,20,70,00
100020000,625,false,Rx,0,8,25,00,11,43,FD,BB,E4,01
100082000,60D,false,Rx,0,8,0D,10,DF,23,02,20,70,00
100120000,625,false,Rx,0,8,25,00,11,43,FD,BB,E4,01
100158000,2C4,false,Rx,0,8,05,00,00,00,D5,02,00,00
100158000,2C5,false,Rx,0,8,00,00,00,00,00,00,00,00
100158000,2C6,false,Rx,0,8,F4,01,84,03,00,00,00,00
100172000,54,false,Rx,0,8,01,01,FE,FF,FE,FF,00,00
100172000,55,false,Rx,0,8,10,27,00,00,00,00,00,00
100173000,56,false,Rx,0,8,10,27,00,00,00,00,00,00
100183000,57,false,Rx,0,8,00,00,FE,FF,FE,FF,00,00
100183000,60D,false,Rx,0,8,0D,10,DF,23,02,20,70,00
100220000,625,false,Rx,0,8,25,00,11,43,FD,BB,E4,01
100282000,60D,false,Rx,0,8,0D,10,DF,23,02,20,70,00
100320000,625,false,Rx,0,8,25,00,11,43,FD,BB,E4,01
100358000,2C4,false,Rx,0,8,05,00,00,00,D5,02,00,00
100358000,2C5,false,Rx,0,8,00,00,00,00,00,00,00,00
100358000,2C6,false,Rx,0,8,F4,01,84,03,00,00,00,00
100372000,54,false,Rx,0,8,01,01,FE,FF,FE,FF,00,00
100372000,55,false,Rx,0,8,10,27,00,00,00,00,00,00
100373000,56,false,Rx,0,8,10,27,00,00,00,00,00,00
100383000,57,false,Rx,0,8,00,00,FE,FF,FE,FF,00,00
100383000,60D,false,Rx,0,8,0D,10,DF,23,02,20,70,00
100420000,625,false,Rx,0,8,25,00,11,43,FD,BB,E4,01
100482000,60D,false,Rx,0,8,0D,10,DF,23,02,20,70,00
100520000,625,false,Rx,0,8,25,00,11,43,FD,BB,E4,01
100558000,2C4,false,Rx,0,8,05,00,00,00,D2,02,00,00
100558000,2C5,false,Rx,0,8,00,00,00,00,00,00,00,00
100558000,2C6,false,Rx,0,8,F4,01,84,03,00,00,00,00
100572000,54,false,Rx,0,8,01,01,FE,FF,FE,FF,00,00
100572000,55,false,Rx,0,8,10,27,00,00,00,00,00,00
100573000,56,false,Rx,0,8,10,27,00,00,00,00,00,00
100583000,57,false,Rx,0,8,00,00,FE,FF,FE,FF,00,00
100583000,60D,false,Rx,0,8,0D,10,DF,23,02,20,70,00
100620000,625,false,Rx,0,8,25,00,11,43,FD,BB,E4,01
100682000,60D,false,Rx,0,8,0D,10,DF,23,02,20,70,00
100720000,625,false,Rx,0,8,25,00,11,43,FD,BB,E4,01
100758000,2C4,false,Rx,0,8,05,00,00,00,D2,02,00,00
100758000,2C5,false,Rx,0,8,00,00,00,00,00,00,00,00
100758000,2C6,false,Rx,0,8,F4,01,84,03,00,00,00,00
100772000,54,false,Rx,0,8,01,01,FE,FF,FE,FF,00,00
100772000,55,false,Rx,0,8,10,27,00,00,00,00,00,00
100773000,56,false,Rx,0,8,10,27,00,00,00,00,00,00
100783000,57,false,Rx,0,8,00,00,FE,FF,FE,FF,00,00
100783000,60D,false,Rx,0,8,0D,10,DF,23,02,20,70,00
100820000,625,false,Rx,0,8,25,00,11,43,FD,BB,E4,01
100882000,60D,false,Rx,0,8,0D,10,DF,23,02,20,70,00
100920000,625,false,Rx,0,8,25,00,11,43,FD,BB,E4,01
100958000,2C4,false,Rx,0,8,05,00,00,00,D5,02,00,00
100958000,2C5,false,Rx,0,8,00,00,00,00,00,00,00,00
100958000,2C6,false,Rx,0,8,F4,01,84,03,00,00,00,00
100972000,54,false,Rx,0,8,01,01,FE,FF,FE,FF,00,00
100972000,55,false,Rx,0,8,10,27,00,00,00,00,00,00
100973000,56,false,Rx,0,8,10,27,00,00,00,00,00,00
100983000,57,false,Rx,0,8,00,00,FE,FF,FE,FF,00,00
100983000,60D,false,Rx,0,8,0D,10,DF,23,02,20,70,00
101020000,625,false,Rx,0,8,25,00,11,43,FD,BB,E4,01
101082000,60D,false,Rx,0,8,0D,10,DF,23,02,20,70,00
101120000,625,false,Rx,0,8,25,00,11,43,FD,BB,E4,01
101158000,2C4,false,Rx,0,8,05,00,00,00,D2,02,00,00
101158000,2C5,false,Rx,0,8,00,00,00,00,00,00,00,00
101158000,2C6,false,Rx,0,8,F4,01,84,03,00,00,00,00
101172000,54,false,Rx,0,8,01,01,FE,FF,FE,FF,00,00
101172000,55,false,Rx,0,8,10,27,00,00,00,00,00,00
101173000,56,false,Rx,0,8,10,27,00,00,00,00,00,00
101183000,57,false,Rx,0,8,00,00,FE,FF,FE,FF,00,00
101183000,60D,false,Rx,0,8,0D,10,DF,23,02,20,70,00
101220000,625,false,Rx,0,8,25,00,11,43,FD,BB,E4,01
101282000,60D,false,Rx,0,8,0D,10,DF,23,02,20,70,00
101320000,625,false,Rx,0,8,25,00,11,43,FD,BB,E4,01
101358000,2C4,false,Rx,0,8,05,00,00,00,D2,02,00,00
101358000,2C5,false,Rx,0,8,00,00,00,00,00,00,00,00
101358000,2C6,false,Rx,0,8,F4,01,84,03,00,00,00,00
101372000,54,false,Rx,0,8,01,01,FE,FF,FE,FF,00,00
101372000,55,false,Rx,0,8,10,27,00,00,00,00,00,00
101373000,56,false,Rx,0,8,10,27,00,00,00,00,00,00
101383000,57,false,Rx,0,8,00,00,FE,FF,FE,FF,00,00
101383000,60D,false,Rx,0,8,0D,10,DF,23,02,20,70,00
101420000,625,false,Rx,0,8,25,00,11,43,FD,BB,E4,01
101482000,60D,false,Rx,0,8,0D,10,DF,23,02,20,70,00
101520000,625,false,Rx,0,8,25,00,11,43,FD,BB,E4,01
101558000,2C4,false,Rx,0,8,05,00,00,00,D5,02,00,00
101558000,2C5,false,Rx,0,8,00,00,00,00,00,00,00,00
101558000,2C6,false,Rx,0,8,F4,01,84,03,00,00,00,00
101572000,54,false,Rx,0,8,01,01,FE,FF,FE,FF,00,00
101572000,55,false,Rx,0,8,10,27,00,00,00,00,00,00
101573000,56,false,Rx,0,8,10,27,00,00,00,00,00,00
101583000,57,false,Rx,0,8,00,00,FE,FF,FE,FF,00,00
101583000,60D,false,Rx,0,8,0D,10,DF,23,02,20,70,00
101620000,625,false,Rx,0,8,25,00,11,43,FD,BB,E4,01
101682000,60D,false,Rx,0,8,0D,10,DF,23,02,20,70,00
101720000,625,false,Rx,0,8,25,00,11,43,FD,BB,E4,01
101758000,2C4,false,Rx,0,8,05,00,00,00,D2,02,00,00
101758000,2C5,false,Rx,0,8,00,00,00,00,00,00,00,00
101758000,2C6,false,Rx,0,8,F4,01,84,03,00,00,00,00
101772000,54,false,Rx,0,8,01,01,FE,FF,FE,FF,00,00
101772000,55,false,Rx,0,8,10,27,00,00,00,00,00,00
101773000,56,false,Rx,0,8,10,27,00,00,00,00,00,00
101783000,57,false,Rx,0,8,00,00,FE,FF,FE,FF,00,00
101783000,60D,false,Rx,0,8,0D,10,DF,23,02,20,70,00
101820000,625,false,Rx,0,8,25,00,11,43,FD,BB,E4,01
101882000,60D,false,Rx,0,8,0D,10,DF,23,02,20,70,00
101920000,625,false,Rx,0,8,25,00,11,43,FD,BB,E4,01
101958000,2C4,false,Rx,0,8,05,00,00,00,D2,02,00,00
101958000,2C5,false,Rx,0,8,00,00,00,00,00,00,00,00
101958000,2C6,false,Rx,0,8,F4,01,84,03,00,00,00,00
101972000,54,false,Rx,0,8,01,01,FE,FF,FE,FF,00,00
101972000,55,false,Rx,0,8,10,27,00,00,00,00,00,00
101973000,56,false,Rx,0,8,10,27,00,00,00,00,00,00
101983000,57,false,Rx,0,8,00,00,FE,FF,FE,FF,00,00
101983000,60D,false,Rx,0,8,0D,10,DF,23,02,20,70,00
102020000,625,false,Rx,0,8,25,00,11,43,FD,BB,E4,01
102082000,60D,false,Rx,0,8,0D,10,DF,23,02,20,70,00
102120000,625,false,Rx,0,8,25,00,11,43,FD,BB,E4,01
102158000,2C4,false,Rx,0,8,05,00,00,00,D2,02,00,00
102158000,2C5,false,Rx,0,8,00,00,00,00,00,00,00,00
102158000,2C6,false,Rx,0,8,F4,01,84,03,00,00,00,00
102172000,54,false,Rx,0,8,01,01,FE,FF,FE,FF,00,00
102172000,55,false,Rx,0,8,10,27,00,00,00,00,00,00
102173000,56,false,Rx,0,8,10,27,00,00,00,00,00,00
102183000,57,false,Rx,0,8,00,00,FE,FF,FE,FF,00,00
102183000,60D,false,Rx,0,8,0D,10,DF,23,02,20,70,00
102220000,625,false,Rx,0,8,25,00,11,43,FD,BB,E4,01
102282000,60D,false,Rx,0,8,0D,10,DF,23,02,20,70,00
102320000,625,false,Rx,0,8,25,00,11,43,FD,BB,E4,01
102358000,2C4,false,Rx,0,8,05,00,00,00,D2,02,00,00
102358000,2C5,false,Rx,0,8,00,00,00,00,00,00,00,00
102358000,2C6,false,Rx,0,8,F4,01,84,03,00,00,00,00
102372000,54,false,Rx,0,8,01,01,FE,FF,FE,FF,00,00
102372000,55,false,Rx,0,8,10,27,00,00,00,00,00,00
102373000,56,false,Rx,0,8,10,27,00,00,00,00,00,00
102383000,57,false,Rx,0,8,00,00,FE,FF,FE,FF,00,00
102383000,60D,false,Rx,0,8,0D,10,DF,23,02,20,70,00
102420000,625,false,Rx,0,8,25,00,11,43,FD,BB,E4,01
102482000,60D,false,Rx,0,8,0D,10,DF,23,02,20,70,00
102520000,625,false,Rx,0,8,25,00,11,43,FD,BB,E4,01
102558000,2C4,false,Rx,0,8,05,00,00,00,D2,02,00,00
102558000,2C5,false,Rx,0,8,00,00,00,00,00,00,00,00
102558000,2C6,false,Rx,0,8,F4,01,84,03,00,00,00,00
102572000,54,false,Rx,0,8,01,01,FE,FF,FE,FF,00,00
102572000,55,false,Rx,0,8,10,27,00,00,00,00,00,00
102573000,56,false,Rx,0,8,10,27,00,00,00,00,00,00
102583000,57,false,Rx,0,8,00,00,FE,FF,FE,FF,00,00
102583000,60D,false,Rx,0,8,0D,10,DF,23,02,20,70,00
102620000,625,false,Rx,0,8,25,00,11,43,FD,BB,E4,01
102682000,60D,false,Rx,0,8,0D,10,DF,23,02,20,70,00
102720000,625,false,Rx,0,8,25,00,11,43,FD,BB,E4,01
102758000,2C4,false,Rx,0,8,05,00,00,00,D2,02,00,00
102758000,2C5,false,Rx,0,8,00,00,00,00,00,00,00,00
102758000,2C6,false,Rx,0,8,F4,01,84,03,00,00,00,00
102772000,54,false,Rx,0,8,01,01,FE,FF,FE,FF,00,00
102772000,55,false,Rx,0,8,10,27,00,00,00,00,00,00
102773000,56,false,Rx,0,8,10,27,00,00,00,00,00,00
102783000,57,false,Rx,0,8,00,00,FE,FF,FE,FF,00,00
102783000,60D,false,Rx,0,8,0D,10,DF,23,02,20,70,00
102820000,625,false,Rx,0,8,25,00,11,43,FD,BB,E4,01
102882000,60D,false,Rx,0,8,0D,10,DF,23,02,20,70,00
102920000,625,false,Rx,0,8,25,00,11,43,FD,BB,E4,01
102958000,2C4,false,Rx,0,8,05,00,00,00,D5,02,00,00
102958000,2C5,false,Rx,0,8,00,00,00,00,00,00,00,00
102958000,2C6,false,Rx,0,8,F4,01,84,03,00,00,00,00
102972000,54,false,Rx,0,8,01,01,FE,FF,FE,FF,00,00
102972000,55,false,Rx,0,8,10,27,00,00,00,00,00,00
102973000,56,false,Rx,0,8,10,27,00,00,00,00,00,00
102983000,57,false,Rx,0,8,00,00,FE,FF,FE,FF,00,00
102983000,60D,false,Rx,0,8,0D,10,DF,23,02,20,70,00
103020000,625,false,Rx,0,8,25,00,11,43,FD,BB,E4,01
103082000,60D,false,Rx,0,8,0D,10,DF,23,02,20,70,00
103120000,625,false,Rx,0,8,25,00,11,43,FD,BB,E4,01
103158000,2C4,false,Rx,0,8,05,00,00,00,D2,02,00,00
103158000,2C5,false,Rx,0,8,00,00,00,00,00,00,00,00
103158000,2C6,false,Rx,0,8,F4,01,84,03,00,00,00,00
103172000,54,false,Rx,0,8,01,01,FE,FF,FE,FF,00,00
103172000,55,false,Rx,0,8,10,27,00,00,00,00,00,00
103173000,56,false,Rx,0,8,10,27,00,00,00,00,00,00
103183000,57,false,Rx,0,8,00,00,FE,FF,FE,FF,00,00
103183000,60D,false,Rx,0,8,0D,10,DF,23,02,20,70,00
103220000,625,false,Rx,0,8,25,00,11,43,FD,BB,E4,01
103282000,60D,false,Rx,0,8,0D,10,DF,23,02,20,70,00
103320000,625,false,Rx,0,8,25,00,11,43,FD,BB,E4,01
103358000,2C4,false,Rx,0,8,05,00,00,00,D5,02,00,00
103358000,2C5,false,Rx,0,8,00,00,00,00,00,00,00,00
103358000,2C6,false,Rx,0,8,F4,01,84,03,00,00,00,00
103372000,54,false,Rx,0,8,01,01,FE,FF,FE,FF,00,00
103372000,55,false,Rx,0,8,10,27,00,00,00,00,00,00
103373000,56,false,Rx,0,8,10,27,00,00,00,00,00,00
103383000,57,false,Rx,0,8,00,00,FE,FF,FE,FF,00,00
103383000,60D,false,Rx,0,8,0D,10,DF,23,02,20,70,00
103419000,625,false,Rx,0,8,25,00,11,43,FD,BB,E4,01
103482000,60D,false,Rx,0,8,0D,10,DF,23,02,20,70,00
103519000,625,false,Rx,0,8,25,00,11,43,FD,BB,E4,01
103558000,2C4,false,Rx,0,8,05,00,00,00,D2,02,00,00
103558000,2C5,false,Rx,0,8,00,00,00,00,00,00,00,00
103558000,2C6,false,Rx,0,8,F4,01,84,03,00,00,00,00
103572000,54,false,Rx,0,8,01,01,FE,FF,FE,FF,00,00
103572000,55,false,Rx,0,8,10,27,00,00,00,00,00,00
103573000,56,false,Rx,0,8,10,27,00,00,00,00,00,00
103583000,57,false,Rx,0,8,00,00,FE,FF,FE,FF,00,00
103583000,60D,false,Rx,0,8,0D,10,DF,23,02,20,70,00
103619000,625,false,Rx,0,8,25,00,11,43,FD,BB,E4,01
103682000,60D,false,Rx,0,8,0D,10,DF,23,02,20,70,00
103719000,625,false,Rx,0,8,25,00,11,43,FD,BB,E4,01
103758000,2C4,false,Rx,0,8,05,00,00,00,D5,02,00,00
103758000,2C5,false,Rx,0,8,00,00,00,00,00,00,00,00
103758000,2C6,false,Rx,0,8,F4,01,84,03,00,00,00,00
103772000,54,false,Rx,0,8,01,01,FE,FF,FE,FF,00,00
103772000,55,false,Rx,0,8,10,27,00,00,00,00,00,00
103773000,56,false,Rx,0,8,10,27,00,00,00,00,00,00
103783000,57,false,Rx,0,8,00,00,FE,FF,FE,FF,00,00
103783000,60D,false,Rx,0,8,0D,10,DF,23,02,20,70,00
103819000,625,false,Rx,0,8,25,00,11,43,FD,BB,E4,01
103882000,60D,false,Rx,0,8,0D,10,DF,23,02,20,70,00
103919000,625,false,Rx,0,8,25,00,11,43,FD,BB,E4,01
103958000,2C4,false,Rx,0,8,05,00,00,00,D5,02,00,00
103958000,2C5,false,Rx,0,8,00,00,00,00,00,00,00,00
103958000,2C6,false,Rx,0,8,F4,01,84,03,00,00,00,00
103972000,54,false,Rx,0,8,01,01,FE,FF,FE,FF,00,00
103972000,55,false,Rx,0,8,10,27,00,00,00,00,00,00
103973000,56,false,Rx,0,8,10,27,00,00,00,00,00,00
103983000,57,false,Rx,0,8,00,00,FE,FF,FE,FF,00,00
103983000,60D,false,Rx,0,8,0D,10,DF,23,02,20,70,00
104019000,625,false,Rx,0,8,25,00,11,43,FD,BB,E4,01
104082000,60D,false,Rx,0,8,0D,10,DF,23,02,20,70,00
104119000,625,false,Rx,0,8,25,00,11,43,FD,BB,E4,01
104158000,2C4,false,Rx,0,8,05,00,00,00,D2,02,00,00
104158000,2C5,false,Rx,0,8,00,00,00,00,00,00,00,00
104158000,2C6,false,Rx,0,8,F4,01,84,03,00,00,00,00
104172000,54,false,Rx,0,8,01,01,FE,FF,FE,FF,00,00
104172000,55,false,Rx,0,8,10,27,00,00,00,00,00,00
104173000,56,false,Rx,0,8,10,27,00,00,00,00,00,00
104183000,57,false,Rx,0,8,00,00,FE,FF,FE,FF,00,00
104183000,60D,false,Rx,0,8,0D,10,DF,23,02,20,70,00
104219000,625,false,Rx,0,8,25,00,11,43,FD,BB,E4,01
104282000,60D,false,Rx,0,8,0D,10,DF,23,02,20,70,00
104319000,625,false,Rx,0,8,25,00,11,43,FD,BB,E4,01
104358000,2C4,false,Rx,0,8,05,00,00,00,D2,02,00,00
104358000,2C5,false,Rx,0,8,00,00,00,00,00,00,00,00
104358000,2C6,false,Rx,0,8,F4,01,84,03,00,00,00,00
104372000,54,false,Rx,0,8,01,01,FE,FF,FE,FF,00,00
104372000,55,false,Rx,0,8,10,27,00,00,00,00,00,00
104373000,56,false,Rx,0,8,10,27,00,00,00,00,00,00
104383000,57,false,Rx,0,8,00,00,FE,FF,FE,FF,00,00
104383000,60D,false,Rx,0,8,0D,10,DF,23,02,20,70,00
104419000,625,false,Rx,0,8,25,00,11,43,FD,BB,E4,01
104482000,60D,false,Rx,0,8,0D,10,DF,23,02,20,70,00
104519000,625,false,Rx,0,8,25,00,11,43,FD,BB,E4,01
104558000,2C4,false,Rx,0,8,05,00,00,00,D2,02,00,00
104558000,2C5,false,Rx,0,8,00,00,00,00,00,00,00,00
104558000,2C6,false,Rx,0,8,F4,01,84,03,00,00,00,00
104572000,54,false,Rx,0,8,01,01,FE,FF,FE,FF,00,00
104572000,55,false,Rx,0,8,10,27,00,00,00,00,00,00
104573000,56,false,Rx,0,8,10,27,00,00,00,00,00,00
104583000,57,false,Rx,0,8,00,00,FE,FF,FE,FF,00,00
104583000,60D,false,Rx,0,8,0D,10,DF,23,02,20,70,00
104619000,625,false,Rx,0,8,25,00,11,43,FD,BB,E4,01
104682000,60D,false,Rx,0,8,0D,10,DF,23,02,20,70,00
104719000,625,false,Rx,0,8,25,00,11,43,FD,BB,E4,01
104758000,2C4,false,Rx,0,8,05,00,00,00,D5,02,00,00
104758000,2C5,false,Rx,0,8,00,00,00,00,00,00,00,00
104758000,2C6,false,Rx,0,8,F4,01,84,03,00,00,00,00
104772000,54,false,Rx,0,8,01,01,FE,FF,FE,FF,00,00
104772000,55,false,Rx,0,8,10,27,00,00,00,00,00,00
104773000,56,false,Rx,0,8,10,27,00,00,00,00,00,00
104783000,57,false,Rx,0,8,00,00,FE,FF,FE,FF,00,00
104783000,60D,false,Rx,0,8,0D,10,DF,23,02,20,70,00
104819000,625,false,Rx,0,8,25,00,11,43,FD,BB,E4,01
104882000,60D,false,Rx,0,8,0D,10,DF,23,02,20,70,00
104919000,625,false,Rx,0,8,25,00,11,43,FD,BB,E4,01
104958000,2C4,false,Rx,0,8,05,00,00,00,D5,02,00,00
104958000,2C5,false,Rx,0,8,00,00,00,00,00,00,00,00
104958000,2C6,false,Rx,0,8,F4,01,84,03,00,00,00,00
104972000,54,false,Rx,0,8,01,01,FE,FF,FE,FF,00,00
104972000,55,false,Rx,0,8,10,27,00,00,00,00,00,00
104972000,56,false,Rx,0,8,10,27,00,00,00,00,00,00
104983000,57,false,Rx,0,8,00,00,FE,FF,FE,FF,00,00
104983000,60D,false,Rx,0,8,0D,10,DF,23,02,20,70,00
105019000,625,false,Rx,0,8,25,00,11,43,FD,BB,E4,01
105082000,60D,false,Rx,0,8,0D,10,DF,23,02,20,70,00
105119000,625,false,Rx,0,8,25,00,11,43,FD,BB,E4,01
105158000,2C4,false,Rx,0,8,05,00,00,00,D2,02,00,00
105158000,2C5,false,Rx,0,8,00,00,00,00,00,00,00,00
105158000,2C6,false,Rx,0,8,F4,01,84,03,00,00,00,00
105172000,54,false,Rx,0,8,01,01,FE,FF,FE,FF,00,00
105172000,55,false,Rx,0,8,10,27,00,00,00,00,00,00
105173000,56,false,Rx,0,8,10,27,00,00,00,00,00,00
105183000,57,false,Rx,0,8,00,00,FE,FF,FE,FF,00,00
105183000,60D,false,Rx,0,8,0D,10,DF,23,02,20,70,00
105219000,625,false,Rx,0,8,25,00,11,43,FD,BB,E4,01
105282000,60D,false,Rx,0,8,0D,10,DF,23,02,20,70,00
105319000,625,false,Rx,0,8,25,00,11,43,FD,BB,E4,01
105358000,2C4,false,Rx,0,8,05,00,00,00,D5,02,00,00
105358000,2C5,false,Rx,0,8,00,00,00,00,00,00,00,00
105358000,2C6,false,Rx,0,8,F4,01,84,03,00,00,00,00
105372000,54,false,Rx,0,8,01,01,FE,FF,FE,FF,00,00
105372000,55,false,Rx,0,8,10,27,00,00,00,00,00,00
105373000,56,false,Rx,0,8,10,27,00,00,00,00,00,00
105383000,57,false,Rx,0,8,00,00,FE,FF,FE,FF,00,00
105383000,60D,false,Rx,0,8,0D,10,DF,23,02,20,70,00
105419000,625,false,Rx,0,8,25,00,11,43,FD,BB,E4,01
105482000,60D,false,Rx,0,8,0D,10,DF,23,02,20,70,00
105519000,625,false,Rx,0,8,25,00,11,43,FD,BB,E4,01
105558000,2C4,false,Rx,0,8,05,00,00,00,D5,02,00,00
105558000,2C5,false,Rx,0,8,00,00,00,00,00,00,00,00
105558000,2C6,false,Rx,0,8,F4,01,84,03,00,00,00,00
105572000,54,false,Rx,0,8,01,01,FE,FF,FE,FF,00,00
105572000,55,false,Rx,0,8,10,27,00,00,00,00,00,00
105572000,56,false,Rx,0,8,10,27,00,00,00,00,00,00
105583000,57,false,Rx,0,8,00,00,FE,FF,FE,FF,00,00
105583000,60D,false,Rx,0,8,0D,10,DF,23,02,20,70,00
105619000,625,false,Rx,0,8,25,00,11,43,FD,BB,E4,01
105682000,60D,false,Rx,0,8,0D,10,DF,23,02,20,70,00
105719000,625,false,Rx,0,8,25,00,11,43,FD,BB,E4,01
105758000,2C4,false,Rx,0,8,05,00,00,00,D5,02,00,00
105758000,2C5,false,Rx,0,8,00,00,00,00,00,00,00,00
105758000,2C6,false,Rx,0,8,F4,01,84,03,00,00,00,00
105772000,54,false,Rx,0,8,01,01,FE,FF,FE,FF,00,00
105772000,55,false,Rx,0,8,10,27,00,00,00,00,00,00
105772000,56,false,Rx,0,8,10,27,00,00,00,00,00,00
105783000,57,false,Rx,0,8,00,00,FE,FF,FE,FF,00,00
105783000,60D,false,Rx,0,8,0D,10,DF,23,02,20,70,00
105819000,625,false,Rx,0,8,25,00,11,43,FD,BB,E4,01
105882000,60D,false,Rx,0,8,0D,10,DF,23,02,20,70,00
105919000,625,false,Rx,0,8,25,00,11,43,FD,BB,E4,01
105957000,2C4,false,Rx,0,8,05,00,00,00,D2,02,00,00
105958000,2C5,false,Rx,0,8,00,00,00,00,00,00,00,00
105958000,2C6,false,Rx,0,8,F4,01,84,03,00,00,00,00
105972000,54,false,Rx,0,8,01,01,FE,FF,FE,FF,00,00
105972000,55,false,Rx,0,8,10,27,00,00,00,00,00,00
105972000,56,false,Rx,0,8,10,27,00,00,00,00,00,00
105983000,57,false,Rx,0,8,00,00,FE,FF,FE,FF,00,00
105983000,60D,false,Rx,0,8,0D,10,DF,23,02,20,70,00
106019000,625,false,Rx,0,8,25,00,11,43,FD,BB,E4,01
106082000,60D,false,Rx,0,8,0D,10,DF,23,02,20,70,00
106119000,625,false,Rx,0,8,25,00,11,43,FD,BB,E4,01
106157000,2C4,false,Rx,0,8,05,00,00,00,D2,02,00,00
106158000,2C5,false,Rx,0,8,00,00,00,00,00,00,00,00
106158000,2C6,false,Rx,0,8,F4,01,84,03,00,00,00,00
106172000,54,false,Rx,0,8,01,01,FE,FF,FE,FF,00,00
106172000,55,false,Rx,0,8,10,27,00,00,00,00,00,00
106172000,56,false,Rx,0,8,10,27,00,00,00,00,00,00
106183000,57,false,Rx,0,8,00,00,FE,FF,FE,FF,00,00
106183000,60D,false,Rx,0,8,0D,10,DF,23,02,20,70,00
106219000,625,false,Rx,0,8,25,00,11,43,FD,BB,E4,01
106282000,60D,false,Rx,0,8,0D,10,DF,23,02,20,70,00
106319000,625,false,Rx,0,8,25,00,11,43,FD,BB,E4,01
106357000,2C4,false,Rx,0,8,05,00,00,00,D5,02,00,00
106358000,2C5,false,Rx,0,8,00,00,00,00,00,00,00,00
106358000,2C6,false,Rx,0,8,F4,01,84,03,00,00,00,00
106372000,54,false,Rx,0,8,01,01,FE,FF,FE,FF,00,00
106372000,55,false,Rx,0,8,10,27,00,00,00,00,00,00
106372000,56,false,Rx,0,8,10,27,00,00,00,00,00,00
106383000,57,false,Rx,0,8,00,00,FE,FF,FE,FF,00,00
106383000,60D,false,Rx,0,8,0D,10,DF,23,02,20,70,00
106419000,625,false,Rx,0,8,25,00,11,43,FD,BB,E4,01
106482000,60D,false,Rx,0,8,0D,10,DF,23,02,20,70,00
106519000,625,false,Rx,0,8,25,00,11,43,FD,BB,E4,01
106557000,2C4,false,Rx,0,8,05,00,00,00,D2,02,00,00
106558000,2C5,false,Rx,0,8,00,00,00,00,00,00,00,00
106558000,2C6,false,Rx,0,8,F4,01,84,03,00,00,00,00
106572000,54,false,Rx,0,8,01,01,FE,FF,FE,FF,00,00
106572000,55,false,Rx,0,8,10,27,00,00,00,00,00,00
106572000,56,false,Rx,0,8,10,27,00,00,00,00,00,00
106583000,57,false,Rx,0,8,00,00,FE,FF,FE,FF,00,00
106583000,60D,false,Rx,0,8,0D,10,DF,23,02,20,70,00
106619000,625,false,Rx,0,8,25,00,11,43,FD,BB,E4,01
106682000,60D,false,Rx,0,8,0D,10,DF,23,02,20,70,00
106719000,625,false,Rx,0,8,25,00,11,43,FD,BB,E4,01
106757000,2C4,false,Rx,0,8,05,00,00,00,D2,02,00,00
106758000,2C5,false,Rx,0,8,00,00,00,00,00,00,00,00
106758000,2C6,false,Rx,0,8,F4,01,84,03,00,00,00,00
106772000,54,false,Rx,0,8,01,01,FE,FF,FE,FF,00,00
106772000,55,false,Rx,0,8,10,27,00,00,00,00,00,00
106772000,56,false,Rx,0,8,10,27,00,00,00,00,00,00
106783000,57,false,Rx,0,8,00,00,FE,FF,FE,FF,00,00
106783000,60D,false,Rx,0,8,0D,10,DF,23,02,20,70,00
106819000,625,false,Rx,0,8,25,00,11,43,FD,BB,E4,01
106882000,60D,false,Rx,0,8,0D,10,DF,23,02,20,70,00
106919000,625,false,Rx,0,8,25,00,11,43,FD,BB,E4,01
106957000,2C4,false,Rx,0,8,05,00,00,00,D2,02,00,00
106958000,2C5,false,Rx,0,8,00,00,00,00,00,00,00,00
106958000,2C6,false,Rx,0,8,F4,01,84,03,00,00,00,00
106972000,54,false,Rx,0,8,01,01,FE,FF,FE,FF,00,00
106972000,55,false,Rx,0,8,10,27,00,00,00,00,00,00
106972000,56,false,Rx,0,8,10,27,00,00,00,00,00,00
106983000,57,false,Rx,0,8,00,00,FE,FF,FE,FF,00,00
106983000,60D,false,Rx,0,8,0D,10,DF,23,02,20,70,00
107019000,625,false,Rx,0,8,25,00,11,43,FD,BB,E4,01
107082000,60D,false,Rx,0,8,0D,10,DF,23,02,20,70,00
107119000,625,false,Rx,0,8,25,00,11,43,FD,BB,E4,01
107157000,2C4,false,Rx,0,8,05,00,00,00,D5,02,00,00
107158000,2C5,false,Rx,0,8,00,00,00,00,00,00,00,00
107158000,2C6,false,Rx,0,8,F4,01,84,03,00,00,00,00
107172000,54,false,Rx,0,8,01,01,FE,FF,FE,FF,00,00
107172000,55,false,Rx,0,8,10,27,00,00,00,00,00,00
107172000,56,false,Rx,0,8,10,27,00,00,00,00,00,00
107183000,57,false,Rx,0,8,00,00,FE,FF,FE,FF,00,00
107183000,60D,false,Rx,0,8,0D,10,DF,23,02,20,70,00
107219000,625,false,Rx,0,8,25,00,11,43,FD,BB,E4,01
107282000,60D,false,Rx,0,8,0D,10,DF,23,02,20,70,00
107319000,625,false,Rx,0,8,25,00,11,43,FD,BB,E4,01
107357000,2C4,false,Rx,0,8,05,00,00,00,D5,02,00,00
107358000,2C5,false,Rx,0,8,00,00,00,00,00,00,00,00
107358000,2C6,false,Rx,0,8,F4,01,84,03,00,00,00,00
107372000,54,false,Rx,0,8,01,01,FE,FF,FE,FF,00,00
107372000,55,false,Rx,0,8,10,27,00,00,00,00,00,00
107373000,56,false,Rx,0,8,10,27,00,00,00,00,00,00
107383000,57,false,Rx,0,8,00,00,FE,FF,FE,FF,00,00
107383000,60D,false,Rx,0,8,0D,10,DF,23,02,20,70,00
107419000,625,false,Rx,0,8,25,00,11,43,FD,BB,E4,01
107482000,60D,false,Rx,0,8,0D,10,DF,23,02,20,70,00
107519000,625,false,Rx,0,8,25,00,11,43,FD,BB,E4,01
107557000,2C4,false,Rx,0,8,05,00,00,00,D2,02,00,00
107558000,2C5,false,Rx,0,8,00,00,00,00,00,00,00,00
107558000,2C6,false,Rx,0,8,F4,01,84,03,00,00,00,00
107572000,54,false,Rx,0,8,01,01,FE,FF,FE,FF,00,00
107572000,55,false,Rx,0,8,10,27,00,00,00,00,00,00
107572000,56,false,Rx,0,8,10,27,00,00,00,00,00,00
107583000,57,false,Rx,0,8,00,00,FE,FF,FE,FF,00,00
107583000,60D,false,Rx,0,8,0D,10,DF,23,02,20,70,00
107619000,625,false,Rx,0,8,25,00,11,43,FD,BB,E4,01
107682000,60D,false,Rx,0,8,0D,10,DF,23,02,20,70,00
107719000,625,false,Rx,0,8,25,00,11,43,FD,BB,E4,01
107757000,2C4,false,Rx,0,8,05,00,00,00,D2,02,00,00
107758000,2C5,false,Rx,0,8,00,00,00,00,00,00,00,00
107758000,2C6,false,Rx,0,8,F4,01,84,03,00,00,00,00
107772000,54,false,Rx,0,8,01,01,FE,FF,FE,FF,00,00
107772000,55,false,Rx,0,8,10,27,00,00,00,00,00,00
107772000,56,false,Rx,0,8,10,27,00,00,00,00,00,00
107783000,57,false,Rx,0,8,00,00,FE,FF,FE,FF,00,00
107783000,60D,false,Rx,0,8,0D,10,DF,23,02,20,70,00
107819000,625,false,Rx,0,8,25,00,11,43,FD,BB,E4,01
107882000,60D,false,Rx,0,8,0D,10,DF,23,02,20,70,00
107919000,625,false,Rx,0,8,25,00,11,43,FD,BB,E4,01
107957000,2C4,false,Rx,0,8,05,00,00,00,D5,02,00,00
107958000,2C5,false,Rx,0,8,00,00,00,00,00,00,00,00
107958000,2C6,false,Rx,0,8,F4,01,84,03,00,00,00,00
107972000,54,false,Rx,0,8,01,01,FE,FF,FE,FF,00,00
107972000,55,false,Rx,0,8,10,27,00,00,00,00,00,00
107972000,56,false,Rx,0,8,10,27,00,00,00,00,00,00
107983000,57,false,Rx,0,8,00,00,FE,FF,FE,FF,00,00
107983000,60D,false,Rx,0,8,0D,10,DF,23,02,20,70,00
108019000,625,false,Rx,0,8,25,00,11,43,FD,BB,E4,01
108082000,60D,false,Rx,0,8,0D,10,DF,23,02,20,70,00
108119000,625,false,Rx,0,8,25,00,11,43,FD,BB,E4,01
108157000,2C4,false,Rx,0,8,05,00,00,00,D5,02,00,00
108158000,2C5,false,Rx,0,8,00,00,00,00,00,00,00,00
108158000,2C6,false,Rx,0,8,F4,01,84,03,00,00,00,00
108172000,54,false,Rx,0,8,01,01,FE,FF,FE,FF,00,00
108172000,55,false,Rx,0,8,10,27,00,00,00,00,00,00
108173000,56,false,Rx,0,8,10,27,00,00,00,00,00,00
108183000,57,false,Rx,0,8,00,00,FE,FF,FE,FF,00,00
108183000,60D,false,Rx,0,8,0D,10,DF,23,02,20,70,00
108219000,625,false,Rx,0,8,25,00,11,43,FD,BB,E4,01
108282000,60D,false,Rx,0,8,0D,10,DF,23,02,20,70,00
108319000,625,false,Rx,0,8,25,00,11,43,FD,BB,E4,01
108357000,2C4,false,Rx,0,8,05,00,00,00,D5,02,00,00
108358000,2C5,false,Rx,0,8,00,00,00,00,00,00,00,00
108358000,2C6,false,Rx,0,8,F4,01,84,03,00,00,00,00
108372000,54,false,Rx,0,8,01,01,FE,FF,FE,FF,00,00
108372000,55,false,Rx,0,8,10,27,00,00,00,00,00,00
108372000,56,false,Rx,0,8,10,27,00,00,00,00,00,00
108383000,57,false,Rx,0,8,00,00,FE,FF,FE,FF,00,00
108383000,60D,false,Rx,0,8,0D,10,DF,23,02,20,70,00
108419000,625,false,Rx,0,8,25,00,11,43,FD,BB,E4,01
108482000,60D,false,Rx,0,8,0D,10,DF,23,02,20,70,00
108519000,625,false,Rx,0,8,25,00,11,43,FD,BB,E4,01
108557000,2C4,false,Rx,0,8,05,00,00,00,D2,02,00,00
108558000,2C5,false,Rx,0,8,00,00,00,00,00,00,00,00
108558000,2C6,false,Rx,0,8,F4,01,84,03,00,00,00,00
108572000,54,false,Rx,0,8,01,01,FE,FF,FE,FF,00,00
108572000,55,false,Rx,0,8,10,27,00,00,00,00,00,00
108572000,56,false,Rx,0,8,10,27,00,00,00,00,00,00
108583000,57,false,Rx,0,8,00,00,FE,FF,FE,FF,00,00
108583000,60D,false,Rx,0,8,0D,10,DF,23,02,20,70,00
108619000,625,false,Rx,0,8,25,00,11,43,FD,BB,E4,01
108682000,60D,false,Rx,0,8,0D,10,DF,23,02,20,70,00
108719000,625,false,Rx,0,8,25,00,11,43,FD,BB,E4,01
108757000,2C4,false,Rx,0,8,05,00,00,00,D2,02,00,00
108758000,2C5,false,Rx,0,8,00,00,00,00,00,00,00,00
108758000,2C6,false,Rx,0,8,F4,01,84,03,00,00,00,00
108772000,54,false,Rx,0,8,01,01,FE,FF,FE,FF,00,00
108772000,55,false,Rx,0,8,10,27,00,00,00,00,00,00
108772000,56,false,Rx,0,8,10,27,00,00,00,00,00,00
108783000,57,false,Rx,0,8,00,00,FE,FF,FE,FF,00,00
108783000,60D,false,Rx,0,8,0D,10,DF,23,02,20,70,00
108819000,625,false,Rx,0,8,25,00,11,43,FD,BB,E4,01
108882000,60D,false,Rx,0,8,0D,10,DF,23,02,20,70,00
108919000,625,false,Rx,0,8,25,00,11,43,FD,BB,E4,01
108957000,2C4,false,Rx,0,8,05,00,00,00,D5,02,00,00
108958000,2C5,false,Rx,0,8,00,00,00,00,00,00,00,00
108958000,2C6,false,Rx,0,8,F4,01,84,03,00,00,00,00
108972000,54,false,Rx,0,8,01,01,FE,FF,FE,FF,00,00
108972000,55,false,Rx,0,8,10,27,00,00,00,00,00,00
108972000,56,false,Rx,0,8,10,27,00,00,00,00,00,00
108983000,57,false,Rx,0,8,00,00,FE,FF,FE,FF,00,00
108983000,60D,false,Rx,0,8,0D,10,DF,23,02,20,70,00
109019000,625,false,Rx,0,8,25,00,11,43,FD,BB,E4,01
109082000,60D,false,Rx,0,8,0D,10,DF,23,02,20,70,00
109119000,625,false,Rx,0,8,25,00,11,43,FD,BB,E4,01
109157000,2C4,false,Rx,0,8,05,00,00,00,D5,02,00,00
109158000,2C5,false,Rx,0,8,00,00,00,00,00,00,00,00
109158000,2C6,false,Rx,0,8,F4,01,84,03,00,00,00,00
109172000,54,false,Rx,0,8,01,01,FE,FF,FE,FF,00,00
109172000,55,false,Rx,0,8,10,27,00,00,00,00,00,00
109172000,56,false,Rx,0,8,10,27,00,00,00,00,00,00
109183000,57,false,Rx,0,8,00,00,FE,FF,FE,FF,00,00
109183000,60D,false,Rx,0,8,0D,10,DF,23,02,20,70,00
109219000,625,false,Rx,0,8,25,00,11,43,FD,BB,E4,01
109282000,60D,false,Rx,0,8,0D,10,DF,23,02,20,70,00
109319000,625,false,Rx,0,8,25,00,11,43,FD,BB,E4,01
109357000,2C4,false,Rx,0,8,05,00,00,00,D2,02,00,00
109358000,2C5,false,Rx,0,8,00,00,00,00,00,00,00,00
109358000,2C6,false,Rx,0,8,F4,01,84,03,00,00,00,00
109372000,54,false,Rx,0,8,01,01,FE,FF,FE,FF,00,00
109372000,55,false,Rx,0,8,10,27,00,00,00,00,00,00
109372000,56,false,Rx,0,8,10,27,00,00,00,00,00,00
109383000,57,false,Rx,0,8,00,00,FE,FF,FE,FF,00,00
109383000,60D,false,Rx,0,8,0D,10,DF,23,02,20,70,00
109419000,625,false,Rx,0,8,25,00,11,43,FD,BB,E4,01
109482000,60D,false,Rx,0,8,0D,10,DF,23,02,20,70,00
109519000,625,false,Rx,0,8,25,00,11,43,FD,BB,E4,01
109557000,2C4,false,Rx,0,8,05,00,00,00,D2,02,00,00
109558000,2C5,false,Rx,0,8,00,00,00,00,00,00,00,00
109558000,2C6,false,Rx,0,8,F4,01,84,03,00,00,00,00
109572000,54,false,Rx,0,8,01,01,FE,FF,FE,FF,00,00
109572000,55,false,Rx,0,8,10,27,00,00,00,00,00,00
109572000,56,false,Rx,0,8,10,27,00,00,00,00,00,00
109583000,57,false,Rx,0,8,00,00,FE,FF,FE,FF,00,00
109583000,60D,false,Rx,0,8,0D,10,DF,23,02,20,70,00
109619000,625,false,Rx,0,8,25,00,11,43,FD,BB,E4,01
109682000,60D,false,Rx,0,8,0D,10,DF,23,02,20,70,00
109719000,625,false,Rx,0,8,25,00,11,43,FD,BB,E4,01
109757000,2C4,false,Rx,0,8,05,00,00,00,D5,02,00,00
109758000,2C5,false,Rx,0,8,00,00,00,00,00,00,00,00
109758000,2C6,false,Rx,0,8,F4,01,84,03,00,00,00,00
109772000,54,false,Rx,0,8,01,01,FE,FF,FE,FF,00,00
109772000,55,false,Rx,0,8,10,27,00,00,00,00,00,00
109772000,56,false,Rx,0,8,10,27,00,00,00,00,00,00
109783000,57,false,Rx,0,8,00,00,FE,FF,FE,FF,00,00
109783000,60D,false,Rx,0,8,0D,10,DF,23,02,20,70,00
109819000,625,false,Rx,0,8,25,00,11,43,FD,BB,E4,01
109882000,60D,false,Rx,0,8,0D,10,DF,23,02,20,70,00
109919000,625,false,Rx,0,8,25,00,11,43,FD,BB,E4,01
109957000,2C4,false,Rx,0,8,05,00,00,00,D5,02,00,00
109958000,2C5,false,Rx,0,8,00,00,00,00,00,00,00,00
109958000,2C6,false,Rx,0,8,F4,01,84,03,00,00,00,00
109972000,54,false,Rx,0,8,01,01,FE,FF,FE,FF,00,00
109972000,55,false,Rx,0,8,10,27,00,00,00,00,00,00
109972000,56,false,Rx,0,8,10,27,00,00,00,00,00,00
109983000,57,false,Rx,0,8,00,00,FE,FF,FE,FF,00,00
109983000,60D,false,Rx,0,8,0D,10,DF,23,02,20,70,00
110019000,625,false,Rx,0,8,25,00,11,43,FD,BB,E4,01
110082000,60D,false,Rx,0,8,0D,10,DF,23,02,20,70,00
110119000,625,false,Rx,0,8,25,00,11,43,FD,BB,E4,01
110157000,2C4,false,Rx,0,8,05,00,00,00,D2,02,00,00
110158000,2C5,false,Rx,0,8,00,00,00,00,00,00,00,00
110158000,2C6,false,Rx,0,8,F4,01,84,03,00,00,00,00
110172000,54,false,Rx,0,8,01,01,FE,FF,FE,FF,00,00
110172000,55,false,Rx,0,8,10,27,00,00,00,00,00,00
110172000,56,false,Rx,0,8,10,27,00,00,00,00,00,00
110183000,57,false,Rx,0,8,00,00,FE,FF,FE,FF,00,00
110183000,60D,false,Rx,0,8,0D,10,DF,23,02,20,70,00
110219000,625,false,Rx,0,8,25,00,11,43,FD,BB,E4,01
110282000,60D,false,Rx,0,8,0D,10,DF,23,02,20,70,00
110319000,625,false,Rx,0,8,25,00,11,43,FD,BB,E4,01
110357000,2C4,false,Rx,0,8,05,00,00,00,D2,02,00,00
110357000,2C5,false,Rx,0,8,00,00,00,00,00,00,00,00
110358000,2C6,false,Rx,0,8,F4,01,84,03,00,00,00,00
110372000,54,false,Rx,0,8,01,01,FE,FF,FE,FF,00,00
110372000,55,false,Rx,0,8,10,27,00,00,00,00,00,00
110372000,56,false,Rx,0,8,10,27,00,00,00,00,00,00
110383000,57,false,Rx,0,8,00,00,FE,FF,FE,FF,00,00
110383000,60D,false,Rx,0,8,0D,10,DF,23,02,20,70,00
110419000,625,false,Rx,0,8,25,00,11,43,FD,BB,E4,01
110482000,60D,false,Rx,0,8,0D,10,DF,23,02,20,70,00
110519000,625,false,Rx,0,8,25,00,11,43,FD,BB,E4,01
110557000,2C4,false,Rx,0,8,05,00,00,00,D5,02,00,00
110557000,2C5,false,Rx,0,8,00,00,00,00,00,00,00,00
110558000,2C6,false,Rx,0,8,F4,01,84,03,00,00,00,00
110572000,54,false,Rx,0,8,01,01,FE,FF,FE,FF,00,00
110572000,55,false,Rx,0,8,10,27,00,00,00,00,00,00
110572000,56,false,Rx,0,8,10,27,00,00,00,00,00,00
110583000,57,false,Rx,0,8,00,00,FE,FF,FE,FF,00,00
110583000,60D,false,Rx,0,8,0D,10,DF,23,02,20,70,00
110619000,625,false,Rx,0,8,25,00,11,43,FD,BB,E4,01
110682000,60D,false,Rx,0,8,0D,10,DF,23,02,20,70,00
110719000,625,false,Rx,0,8,25,00,11,43,FD,BB,E4,01
110757000,2C4,false,Rx,0,8,05,00,00,00,D5,02,00,00
110757000,2C5,false,Rx,0,8,00,00,00,00,00,00,00,00
110758000,2C6,false,Rx,0,8,F4,01,84,03,00,00,00,00
110772000,54,false,Rx,0,8,01,01,FE,FF,FE,FF,00,00
110772000,55,false,Rx,0,8,10,27,00,00,00,00,00,00
110772000,56,false,Rx,0,8,10,27,00,00,00,00,00,00
110783000,57,false,Rx,0,8,00,00,FE,FF,FE,FF,00,00
110783000,60D,false,Rx,0,8,0D,10,DF,23,02,20,70,00
110819000,625,false,Rx,0,8,25,00,11,43,FD,BB,E4,01
110882000,60D,false,Rx,0,8,0D,10,DF,23,02,20,70,00
110919000,625,false,Rx,0,8,25,00,11,43,FD,BB,E4,01
110957000,2C4,false,Rx,0,8,05,00,00,00,D2,02,00,00
110957000,2C5,false,Rx,0,8,00,00,00,00,00,00,00,00
110958000,2C6,false,Rx,0,8,F4,01,84,03,00,00,00,00
110972000,54,false,Rx,0,8,01,01,FE,FF,FE,FF,00,00
110972000,55,false,Rx,0,8,10,27,00,00,00,00,00,00
110972000,56,false,Rx,0,8,10,27,00,00,00,00,00,00
110983000,57,false,Rx,0,8,00,00,FE,FF,FE,FF,00,00
110983000,60D,false,Rx,0,8,0D,10,DF,23,02,20,70,00
111019000,625,false,Rx,0,8,25,00,11,43,FD,BB,E4,01
111082000,60D,false,Rx,0,8,0D,10,DF,23,02,20,70,00
111119000,625,false,Rx,0,8,25,00,11,43,FD,BB,E4,01
111157000,2C4,false,Rx,0,8,05,00,00,00,D2,02,00,00
111157000,2C5,false,Rx,0,8,00,00,00,00,00,00,00,00
111158000,2C6,false,Rx,0,8,F4,01,84,03,00,00,00,00
111172000,54,false,Rx,0,8,01,01,FE,FF,FE,FF,00,00
111172000,55,false,Rx,0,8,10,27,00,00,00,00,00,00
111172000,56,false,Rx,0,8,10,27,00,00,00,00,00,00
111183000,57,false,Rx,0,8,00,00,FE,FF,FE,FF,00,00
111183000,60D,false,Rx,0,8,0D,10,DF,23,02,20,70,00
111219000,625,false,Rx,0,8,25,00,11,43,FD,BB,E4,01
111282000,60D,false,Rx,0,8,0D,10,DF,23,02,20,70,00
111319000,625,false,Rx,0,8,25,00,11,43,FD,BB,E4,01
111357000,2C4,false,Rx,0,8,05,00,00,00,D5,02,00,00
111357000,2C5,false,Rx,0,8,00,00,00,00,00,00,00,00
111358000,2C6,false,Rx,0,8,F4,01,84,03,00,00,00,00
111372000,54,false,Rx,0,8,01,01,FE,FF,FE,FF,00,00
111372000,55,false,Rx,0,8,10,27,00,00,00,00,00,00
111372000,56,false,Rx,0,8,10,27,00,00,00,00,00,00
111383000,57,false,Rx,0,8,00,00,FE,FF,FE,FF,00,00
111383000,60D,false,Rx,0,8,0D,10,DF,23,02,20,70,00
111419000,625,false,Rx,0,8,25,00,11,43,FD,BB,E4,01
111482000,60D,false,Rx,0,8,0D,10,DF,23,02,20,70,00
111519000,625,false,Rx,0,8,25,00,11,43,FD,BB,E4,01
111557000,2C4,false,Rx,0,8,05,00,00,00,D5,02,00,00
111557000,2C5,false,Rx,0,8,00,00,00,00,00,00,00,00
111558000,2C6,false,Rx,0,8,F4,01,84,03,00,00,00,00
111572000,54,false,Rx,0,8,01,01,FE,FF,FE,FF,00,00
111572000,55,false,Rx,0,8,10,27,00,00,00,00,00,00
111572000,56,false,Rx,0,8,10,27,00,00,00,00,00,00
111583000,57,false,Rx,0,8,00,00,FE,FF,FE,FF,00,00
111583000,60D,false,Rx,0,8,0D,10,DF,23,02,20,70,00
111619000,625,false,Rx,0,8,25,00,11,43,FD,BB,E4,01
111682000,60D,false,Rx,0,8,0D,10,DF,23,02,20,70,00
111719000,625,false,Rx,0,8,25,00,11,43,FD,BB,E4,01
111757000,2C4,false,Rx,0,8,05,00,00,00,D5,02,00,00
111757000,2C5,false,Rx,0,8,00,00,00,00,00,00,00,00
111758000,2C6,false,Rx,0,8,F4,01,84,03,00,00,00,00
111772000,54,false,Rx,0,8,01,01,FE,FF,FE,FF,00,00
111772000,55,false,Rx,0,8,10,27,00,00,00,00,00,00
111772000,56,false,Rx,0,8,10,27,00,00,00,00,00,00
111783000,57,false,Rx,0,8,00,00,FE,FF,FE,FF,00,00
111783000,60D,false,Rx,0,8,0D,10,DF,23,02,20,70,00
111819000,625,false,Rx,0,8,25,00,11,43,FD,BB,E4,01
111882000,60D,false,Rx,0,8,0D,10,DF,23,02,20,70,00
111919000,625,false,Rx,0,8,25,00,11,43,FD,BB,E4,01
111957000,2C4,false,Rx,0,8,05,00,00,00,D2,02,00,00
111957000,2C5,false,Rx,0,8,00,00,00,00,00,00,00,00
111958000,2C6,false,Rx,0,8,F4,01,84,03,00,00,00,00
111972000,54,false,Rx,0,8,01,01,FE,FF,FE,FF,00,00
111972000,55,false,Rx,0,8,10,27,00,00,00,00,00,00
111972000,56,false,Rx,0,8,10,27,00,00,00,00,00,00
111983000,57,false,Rx,0,8,00,00,FE,FF,FE,FF,00,00
111983000,60D,false,Rx,0,8,0D,10,DF,23,02,20,70,00
112019000,625,false,Rx,0,8,25,00,11,43,FD,BB,E4,01
112082000,60D,false,Rx,0,8,0D,10,DF,23,02,20,70,00
112119000,625,false,Rx,0,8,25,00,11,43,FD,BB,E4,01
112157000,2C4,false,Rx,0,8,05,00,00,00,D2,02,00,00
112157000,2C5,false,Rx,0,8,00,00,00,00,00,00,00,00
112158000,2C6,false,Rx,0,8,F4,01,84,03,00,00,00,00
112172000,54,false,Rx,0,8,01,01,FE,FF,FE,FF,00,00
112172000,55,false,Rx,0,8,10,27,00,00,00,00,00,00
112172000,56,false,Rx,0,8,10,27,00,00,00,00,00,00
112183000,57,false,Rx,0,8,00,00,FE,FF,FE,FF,00,00
112183000,60D,false,Rx,0,8,0D,10,DF,23,02,20,70,00
112219000,625,false,Rx,0,8,25,00,11,43,FD,BB,E4,01
112282000,60D,false,Rx,0,8,0D,10,DF,23,02,20,70,00
112319000,625,false,Rx,0,8,25,00,11,43,FD,BB,E4,01
112357000,2C4,false,Rx,0,8,05,00,00,00,D5,02,00,00
112357000,2C5,false,Rx,0,8,00,00,00,00,00,00,00,00
112358000,2C6,false,Rx,0,8,F4,01,84,03,00,00,00,00
112372000,54,false,Rx,0,8,01,01,FE,FF,FE,FF,00,00
112372000,55,false,Rx,0,8,10,27,00,00,00,00,00,00
112373000,56,false,Rx,0,8,10,27,00,00,00,00,00,00
112383000,57,false,Rx,0,8,00,00,FE,FF,FE,FF,00,00
112383000,60D,false,Rx,0,8,0D,10,DF,23,02,20,70,00
112419000,625,false,Rx,0,8,25,00,11,43,FD,BB,E4,01
112482000,60D,false,Rx,0,8,0D,10,DF,23,02,20,70,00
112519000,625,false,Rx,0,8,25,00,11,43,FD,BB,E4,01
112557000,2C4,false,Rx,0,8,05,00,00,00,D5,02,00,00
112557000,2C5,false,Rx,0,8,00,00,00,00,00,00,00,00
112558000,2C6,false,Rx,0,8,F4,01,84,03,00,00,00,00
112572000,54,false,Rx,0,8,01,01,FE,FF,FE,FF,00,00
112572000,55,false,Rx,0,8,10,27,00,00,00,00,00,00
112572000,56,false,Rx,0,8,10,27,00,00,00,00,00,00
112583000,57,false,Rx,0,8,00,00,FE,FF,FE,FF,00,00
112583000,60D,false,Rx,0,8,0D,10,DF,23,02,20,70,00
112619000,625,false,Rx,0,8,25,00,11,43,FD,BB,E4,01
112682000,60D,false,Rx,0,8,0D,10,DF,23,02,20,70,00
112719000,625,false,Rx,0,8,25,00,11,43,FD,BB,E4,01
112757000,2C4,false,Rx,0,8,05,00,00,00,D2,02,00,00
112757000,2C5,false,Rx,0,8,00,00,00,00,00,00,00,00
112758000,2C6,false,Rx,0,8,F4,01,84,03,00,00,00,00
112772000,54,false,Rx,0,8,01,01,FE,FF,FE,FF,00,00
112772000,55,false,Rx,0,8,10,27,00,00,00,00,00,00
112772000,56,false,Rx,0,8,10,27,00,00,00,00,00,00
112783000,57,false,Rx,0,8,00,00,FE,FF,FE,FF,00,00
112783000,60D,false,Rx,0,8,0D,10,DF,23,02,20,70,00
112819000,625,false,Rx,0,8,25,00,11,43,FD,BB,E4,01
112882000,60D,false,Rx,0,8,0D,10,DF,23,02,20,70,00
112919000,625,false,Rx,0,8,25,00,11,43,FD,BB,E4,01
112957000,2C4,false,Rx,0,8,05,00,00,00,D2,02,00,00
112957000,2C5,false,Rx,0,8,00,00,00,00,00,00,00,00
112958000,2C6,false,Rx,0,8,F4,01,84,03,00,00,00,00
112972000,54,false,Rx,0,8,01,01,FE,FF,FE,FF,00,00
112972000,55,false,Rx,0,8,10,27,00,00,00,00,00,00
112972000,56,false,Rx,0,8,10,27,00,00,00,00,00,00
112983000,57,false,Rx,0,8,00,00,FE,FF,FE,FF,00,00
112983000,60D,false,Rx,0,8,0D,10,DF,23,02,20,70,00
113019000,625,false,Rx,0,8,25,00,11,43,FD,BB,E4,01
113082000,60D,false,Rx,0,8,0D,10,DF,23,02,20,70,00
113119000,625,false,Rx,0,8,25,00,11,43,FD,BB,E4,01
113157000,2C4,false,Rx,0,8,05,00,00,00,D5,02,00,00
113157000,2C5,false,Rx,0,8,00,00,00,00,00,00,00,00
113158000,2C6,false,Rx,0,8,F4,01,84,03,00,00,00,00
113172000,54,false,Rx,0,8,01,01,FE,FF,FE,FF,00,00
113172000,55,false,Rx,0,8,10,27,00,00,00,00,00,00
113172000,56,false,Rx,0,8,10,27,00,00,00,00,00,00
113183000,57,false,Rx,0,8,00,00,FE,FF,FE,FF,00,00
113183000,60D,false,Rx,0,8,0D,10,DF,23,02,20,70,00
113219000,625,false,Rx,0,8,25,00,11,43,FD,BB,E4,01
113282000,60D,false,Rx,0,8,0D,10,DF,23,02,20,70,00
113319000,625,false,Rx,0,8,25,00,11,43,FD,BB,E4,01
113357000,2C4,false,Rx,0,8,05,00,00,00,D5,02,00,00
113357000,2C5,false,Rx,0,8,00,00,00,00,00,00,00,00
113358000,2C6,false,Rx,0,8,F4,01,84,03,00,00,00,00
113372000,54,false,Rx,0,8,01,01,FE,FF,FE,FF,00,00
113372000,55,false,Rx,0,8,10,27,00,00,00,00,00,00
113372000,56,false,Rx,0,8,10,27,00,00,00,00,00,00
113383000,57,false,Rx,0,8,00,00,FE,FF,FE,FF,00,00
113383000,60D,false,Rx,0,8,0D,10,DF,23,02,20,70,00
113419000,625,false,Rx,0,8,25,00,11,43,FD,BB,E4,01
113482000,60D,false,Rx,0,8,0D,10,DF,23,02,20,70,00
113519000,625,false,Rx,0,8,25,00,11,43,FD,BB,E4,01
113557000,2C4,false,Rx,0,8,05,00,00,00,D2,02,00,00
113557000,2C5,false,Rx,0,8,00,00,00,00,00,00,00,00
113558000,2C6,false,Rx,0,8,F4,01,84,03,00,00,00,00
113572000,54,false,Rx,0,8,01,01,FE,FF,FE,FF,00,00
113572000,55,false,Rx,0,8,10,27,00,00,00,00,00,00
113572000,56,false,Rx,0,8,10,27,00,00,00,00,00,00
113583000,57,false,Rx,0,8,00,00,FE,FF,FE,FF,00,00
113583000,60D,false,Rx,0,8,0D,10,DF,23,02,20,70,00
113619000,625,false,Rx,0,8,25,00,11,43,FD,BB,E4,01
113682000,60D,false,Rx,0,8,0D,10,DF,23,02,20,70,00
113719000,625,false,Rx,0,8,25,00,11,43,FD,BB,E4,01
113757000,2C4,false,Rx,0,8,05,00,00,00,D2,02,00,00
113757000,2C5,false,Rx,0,8,00,00,00,00,00,00,00,00
113758000,2C6,false,Rx,0,8,F4,01,84,03,00,00,00,00
113772000,54,false,Rx,0,8,01,01,FE,FF,FE,FF,00,00
113772000,55,false,Rx,0,8,10,27,00,00,00,00,00,00
113772000,56,false,Rx,0,8,10,27,00,00,00,00,00,00
113783000,57,false,Rx,0,8,00,00,FE,FF,FE,FF,00,00
113783000,60D,false,Rx,0,8,0D,10,DF,23,02,20,70,00
113819000,625,false,Rx,0,8,25,00,11,43,FD,BB,E4,01
113882000,60D,false,Rx,0,8,0D,10,DF,23,02,20,70,00
113919000,625,false,Rx,0,8,25,00,11,43,FD,BB,E4,01
113957000,2C4,false,Rx,0,8,05,00,00,00,D2,02,00,00
113957000,2C5,false,Rx,0,8,00,00,00,00,00,00,00,00
113958000,2C6,false,Rx,0,8,F4,01,84,03,00,00,00,00
113972000,54,false,Rx,0,8,01,01,FE,FF,FE,FF,00,00
113972000,55,false,Rx,0,8,10,27,00,00,00,00,00,00
113972000,56,false,Rx,0,8,10,27,00,00,00,00,00,00
113983000,57,false,Rx,0,8,00,00,FE,FF,FE,FF,00,00
113983000,60D,false,Rx,0,8,0D,10,DF,23,02,20,70,00
114019000,625,false,Rx,0,8,25,00,11,43,FD,BB,E4,01
114082000,60D,false,Rx,0,8,0D,10,DF,23,02,20,70,00
114119000,625,false,Rx,0,8,25,00,11,43,FD,BB,E4,01
114157000,2C4,false,Rx,0,8,05,00,00,00,D5,02,00,00
114157000,2C5,false,Rx,0,8,00,00,00,00,00,00,00,00
114158000,2C6,false,Rx,0,8,F4,01,84,03,00,00,00,00
114172000,54,false,Rx,0,8,01,01,FE,FF,FE,FF,00,00
114172000,55,false,Rx,0,8,10,27,00,00,00,00,00,00
114172000,56,false,Rx,0,8,10,27,00,00,00,00,00,00
114183000,57,false,Rx,0,8,00,00,FE,FF,FE,FF,00,00
114183000,60D,false,Rx,0,8,0D,10,DF,23,02,20,70,00
114219000,625,false,Rx,0,8,25,00,11,43,FD,BB,E4,01
114282000,60D,false,Rx,0,8,0D,10,DF,23,02,20,70,00
114319000,625,false,Rx,0,8,25,00,11,43,FD,BB,E4,01
114357000,2C4,false,Rx,0,8,05,00,00,00,D2,02,00,00
114357000,2C5,false,Rx,0,8,00,00,00,00,00,00,00,00
114358000,2C6,false,Rx,0,8,F4,01,84,03,00,00,00,00
114372000,54,false,Rx,0,8,01,01,FE,FF,FE,FF,00,00
114372000,55,false,Rx,0,8,10,27,00,00,00,00,00,00
114372000,56,false,Rx,0,8,10,27,00,00,00,00,00,00
114383000,57,false,Rx,0,8,00,00,FE,FF,FE,FF,00,00
114383000,60D,false,Rx,0,8,0D,10,DF,23,02,20,70,00
114419000,625,false,Rx,0,8,25,00,11,43,FD,BB,E4,01
114482000,60D,false,Rx,0,8,0D,10,DF,23,02,20,70,00
114519000,625,false,Rx,0,8,25,00,11,43,FD,BB,E4,01
114557000,2C4,false,Rx,0,8,05,00,00,00,D2,02,00,00
114557000,2C5,false,Rx,0,8,00,00,00,00,00,00,00,00
114558000,2C6,false,Rx,0,8,F4,01,84,03,00,00,00,00
114572000,54,false,Rx,0,8,01,01,FE,FF,FE,FF,00,00
114572000,55,false,Rx,0,8,10,27,00,00,00,00,00,00
114572000,56,false,Rx,0,8,10,27,00,00,00,00,00,00
114583000,57,false,Rx,0,8,00,00,FE,FF,FE,FF,00,00
114583000,60D,false,Rx,0,8,0D,10,DF,23,02,20,70,00
114619000,625,false,Rx,0,8,25,00,11,43,FD,BB,E4,01
114682000,60D,false,Rx,0,8,0D,10,DF,23,02,20,70,00
114719000,625,false,Rx,0,8,25,00,11,43,FD,BB,E4,01
114757000,2C4,false,Rx,0,8,05,00,00,00,D2,02,00,00
114757000,2C5,false,Rx,0,8,00,00,00,00,00,00,00,00
114757000,2C6,false,Rx,0,8,F4,01,84,03,00,00,00,00
114772000,54,false,Rx,0,8,01,01,FE,FF,FE,FF,00,00
114772000,55,false,Rx,0,8,10,27,00,00,00,00,00,00
114772000,56,false,Rx,0,8,10,27,00,00,00,00,00,00
114783000,57,false,Rx,0,8,00,00,FE,FF,FE,FF,00,00
114783000,60D,false,Rx,0,8,0D,10,DF,23,02,20,70,00
114819000,625,false,Rx,0,8,25,00,11,43,FD,BB,E4,01
114882000,60D,false,Rx,0,8,0D,10,DF,23,02,20,70,00
114919000,625,false,Rx,0,8,25,00,11,43,FD,BB,E4,01
114957000,2C4,false,Rx,0,8,05,00,00,00,D5,02,00,00
114957000,2C5,false,Rx,0,8,00,00,00,00,00,00,00,00
114957000,2C6,false,Rx,0,8,F4,01,84,03,00,00,00,00
114972000,54,false,Rx,0,8,01,01,FE,FF,FE,FF,00,00
114972000,55,false,Rx,0,8,10,27,00,00,00,00,00,00
114972000,56,false,Rx,0,8,10,27,00,00,00,00,00,00
114983000,57,false,Rx,0,8,00,00,FE,FF,FE,FF,00,00
114983000,60D,false,Rx,0,8,0D,10,DF,23,02,20,70,00
115019000,625,false,Rx,0,8,25,00,11,43,FD,BB,E4,01
115082000,60D,false,Rx,0,8,0D,10,DF,23,02,20,70,00
115119000,625,false,Rx,0,8,25,00,11,43,FD,BB,E4,01
115157000,2C4,false,Rx,0,8,05,00,00,00,D2,02,00,00
115157000,2C5,false,Rx,0,8,00,00,00,00,00,00,00,00
115157000,2C6,false,Rx,0,8,F4,01,84,03,00,00,00,00
115172000,54,false,Rx,0,8,01,01,FE,FF,FE,FF,00,00
115172000,55,false,Rx,0,8,10,27,00,00,00,00,00,00
115172000,56,false,Rx,0,8,10,27,00,00,00,00,00,00
115183000,57,false,Rx,0,8,00,00,FE,FF,FE,FF,00,00
115183000,60D,false,Rx,0,8,0D,10,DF,23,02,20,70,00
115219000,625,false,Rx,0,8,25,00,11,43,FD,BB,E4,01
115282000,60D,false,Rx,0,8,0D,10,DF,23,02,20,70,00
115319000,625,false,Rx,0,8,25,00,11,43,FD,BB,E4,01
115357000,2C4,false,Rx,0,8,05,00,00,00,D2,02,00,00
115357000,2C5,false,Rx,0,8,00,00,00,00,00,00,00,00
115357000,2C6,false,Rx,0,8,F4,01,84,03,00,00,00,00
115372000,54,false,Rx,0,8,01,01,FE,FF,FE,FF,00,00
115372000,55,false,Rx,0,8,10,27,00,00,00,00,00,00
115372000,56,false,Rx,0,8,10,27,00,00,00,00,00,00
115383000,57,false,Rx,0,8,00,00,FE,FF,FE,FF,00,00
115383000,60D,false,Rx,0,8,0D,10,DF,23,02,20,70,00
115419000,625,false,Rx,0,8,25,00,11,43,FD,BB,E4,01
115482000,60D,false,Rx,0,8,0D,10,DF,23,02,20,70,00
115519000,625,false,Rx,0,8,25,00,11,43,FD,BB,E4,01
115557000,2C4,false,Rx,0,8,05,00,00,00,D2,02,00,00
115557000,2C5,false,Rx,0,8,00,00,00,00,00,00,00,00
115557000,2C6,false,Rx,0,8,F4,01,84,03,00,00,00,00
115572000,54,false,Rx,0,8,01,01,FE,FF,FE,FF,00,00
115572000,55,false,Rx,0,8,10,27,00,00,00,00,00,00
115572000,56,false,Rx,0,8,10,27,00,00,00,00,00,00
115583000,57,false,Rx,0,8,00,00,FE,FF,FE,FF,00,00
115583000,60D,false,Rx,0,8,0D,10,DF,23,02,20,70,00
115619000,625,false,Rx,0,8,25,00,11,43,FD,BB,E4,01
115682000,60D,false,Rx,0,8,0D,10,DF,23,02,20,70,00
115719000,625,false,Rx,0,8,25,00,11,43,FD,BB,E4,01
115757000,2C4,false,Rx,0,8,05,00,00,00,D5,02,00,00
115757000,2C5,false,Rx,0,8,00,00,00,00,00,00,00,00
115757000,2C6,false,Rx,0,8,F4,01,84,03,00,00,00,00
115772000,54,false,Rx,0,8,01,01,FE,FF,FE,FF,00,00
115772000,55,false,Rx,0,8,10,27,00,00,00,00,00,00
115772000,56,false,Rx,0,8,10,27,00,00,00,00,00,00
115783000,57,false,Rx,0,8,00,00,FE,FF,FE,FF,00,00
115783000,60D,false,Rx,0,8,0D,10,DF,23,02,20,70,00
115819000,625,false,Rx,0,8,25,00,11,43,FD,BB,E4,01
115882000,60D,false,Rx,0,8,0D,10,DF,23,02,20,70,00
115919000,625,false,Rx,0,8,25,00,11,43,FD,BB,E4,01
115957000,2C4,false,Rx,0,8,05,00,00,00,D2,02,00,00
115957000,2C5,false,Rx,0,8,00,00,00,00,00,00,00,00
115957000,2C6,false,Rx,0,8,F4,01,84,03,00,00,00,00
115972000,54,false,Rx,0,8,01,01,FE,FF,FE,FF,00,00
115972000,55,false,Rx,0,8,10,27,00,00,00,00,00,00
115972000,56,false,Rx,0,8,10,27,00,00,00,00,00,00
115983000,57,false,Rx,0,8,00,00,FE,FF,FE,FF,00,00
115983000,60D,false,Rx,0,8,0D,10,DF,23,02,20,70,00
116019000,625,false,Rx,0,8,25,00,11,43,FD,BB,E4,01
116082000,60D,false,Rx,0,8,0D,10,DF,23,02,20,70,00
116119000,625,false,Rx,0,8,25,00,11,43,FD,BB,E4,01
116157000,2C4,false,Rx,0,8,05,00,00,00,D2,02,00,00
116157000,2C5,false,Rx,0,8,00,00,00,00,00,00,00,00
116157000,2C6,false,Rx,0,8,F4,01,84,03,00,00,00,00
116172000,54,false,Rx,0,8,01,01,FE,FF,FE,FF,00,00
116172000,55,false,Rx,0,8,10,27,00,00,00,00,00,00
116172000,56,false,Rx,0,8,10,27,00,00,00,00,00,00
116183000,57,false,Rx,0,8,00,00,FE,FF,FE,FF,00,00
116183000,60D,false,Rx,0,8,0D,10,DF,23,02,20,70,00
116219000,625,false,Rx,0,8,25,00,11,43,FD,BB,E4,01
116282000,60D,false,Rx,0,8,0D,10,DF,23,02,20,70,00
116319000,625,false,Rx,0,8,25,00,11,43,FD,BB,E4,01
116357000,2C4,false,Rx,0,8,05,00,00,00,D2,02,00,00
116357000,2C5,false,Rx,0,8,00,00,00,00,00,00,00,00
116357000,2C6,false,Rx,0,8,F4,01,84,03,00,00,00,00
116372000,54,false,Rx,0,8,01,01,FE,FF,FE,FF,00,00
116372000,55,false,Rx,0,8,10,27,00,00,00,00,00,00
116372000,56,false,Rx,0,8,10,27,00,00,00,00,00,00
116383000,57,false,Rx,0,8,00,00,FE,FF,FE,FF,00,00
116383000,60D,false,Rx,0,8,0D,10,DF,23,02,20,70,00
116419000,625,false,Rx,0,8,25,00,11,43,FD,BB,E4,01
116482000,60D,false,Rx,0,8,0D,10,DF,23,02,20,70,00
116519000,625,false,Rx,0,8,25,00,11,43,FD,BB,E4,01
116557000,2C4,false,Rx,0,8,05,00,00,00,D5,02,00,00
116557000,2C5,false,Rx,0,8,00,00,00,00,00,00,00,00
116557000,2C6,false,Rx,0,8,F4,01,84,03,00,00,00,00
116572000,54,false,Rx,0,8,01,01,FE,FF,FE,FF,00,00
116572000,55,false,Rx,0,8,10,27,00,00,00,00,00,00
116572000,56,false,Rx,0,8,10,27,00,00,00,00,00,00
116583000,57,false,Rx,0,8,00,00,FE,FF,FE,FF,00,00
116583000,60D,false,Rx,0,8,0D,10,DF,23,02,20,70,00
116619000,625,false,Rx,0,8,25,00,11,43,FD,BB,E4,01
116682000,60D,false,Rx,0,8,0D,10,DF,23,02,20,70,00
116719000,625,false,Rx,0,8,25,00,11,43,FD,BB,E4,01
116757000,2C4,false,Rx,0,8,05,00,00,00,D5,02,00,00
116757000,2C5,false,Rx,0,8,00,00,00,00,00,00,00,00
116757000,2C6,false,Rx,0,8,F4,01,84,03,00,00,00,00
116772000,54,false,Rx,0,8,01,01,FE,FF,FE,FF,00,00
116772000,55,false,Rx,0,8,10,27,00,00,00,00,00,00
116772000,56,false,Rx,0,8,10,27,00,00,00,00,00,00
116783000,57,false,Rx,0,8,00,00,FE,FF,FE,FF,00,00
116783000,60D,false,Rx,0,8,0D,10,DF,23,02,20,70,00
116819000,625,false,Rx,0,8,25,00,11,43,FD,BB,E4,01
116882000,60D,false,Rx,0,8,0D,10,DF,23,02,20,70,00
116919000,625,false,Rx,0,8,25,00,11,43,FD,BB,E4,01
116957000,2C4,false,Rx,0,8,05,00,00,00,D2,02,00,00
116957000,2C5,false,Rx,0,8,00,00,00,00,00,00,00,00
116957000,2C6,false,Rx,0,8,F4,01,84,03,00,00,00,00
116972000,54,false,Rx,0,8,01,01,FE,FF,FE,FF,00,00
116972000,55,false,Rx,0,8,10,27,00,00,00,00,00,00
116972000,56,false,Rx,0,8,10,27,00,00,00,00,00,00
116983000,57,false,Rx,0,8,00,00,FE,FF,FE,FF,00,00
116983000,60D,false,Rx,0,8,0D,10,DF,23,02,20,70,00
117019000,625,false,Rx,0,8,25,00,11,43,FD,BB,E4,01
117082000,60D,false,Rx,0,8,0D,10,DF,23,02,20,70,00
117119000,625,false,Rx,0,8,25,00,11,43,FD,BB,E4,01
117157000,2C4,false,Rx,0,8,05,00,00,00,D2,02,00,00
117157000,2C5,false,Rx,0,8,00,00,00,00,00,00,00,00
117157000,2C6,false,Rx,0,8,F4,01,84,03,00,00,00,00
117172000,54,false,Rx,0,8,01,01,FE,FF,FE,FF,00,00
117172000,55,false,Rx,0,8,10,27,00,00,00,00,00,00
117172000,56,false,Rx,0,8,10,27,00,00,00,00,00,00
117183000,57,false,Rx,0,8,00,00,FE,FF,FE,FF,00,00
117183000,60D,false,Rx,0,8,0D,10,DF,23,02,20,70,00
117219000,625,false,Rx,0,8,25,00,11,43,FD,BB,E4,01
117282000,60D,false,Rx,0,8,0D,10,DF,23,02,20,70,00
117319000,625,false,Rx,0,8,25,00,11,43,FD,BB,E4,01
117357000,2C4,false,Rx,0,8,05,00,00,00,D2,02,00,00
117357000,2C5,false,Rx,0,8,00,00,00,00,00,00,00,00
117357000,2C6,false,Rx,0,8,F4,01,84,03,00,00,00,00
117372000,54,false,Rx,0,8,01,01,FE,FF,FE,FF,00,00
117372000,55,false,Rx,0,8,10,27,00,00,00,00,00,00
117372000,56,false,Rx,0,8,10,27,00,00,00,00,00,00
117383000,57,false,Rx,0,8,00,00,FE,FF,FE,FF,00,00
117383000,60D,false,Rx,0,8,0D,10,DF,23,02,20,70,00
117419000,625,false,Rx,0,8,25,00,11,43,FD,BB,E4,01
117482000,60D,false,Rx,0,8,0D,10,DF,23,02,20,70,00
117519000,625,false,Rx,0,8,25,00,11,43,FD,BB,E4,01
117557000,2C4,false,Rx,0,8,05,00,00,00,D5,02,00,00
117557000,2C5,false,Rx,0,8,00,00,00,00,00,00,00,00
117557000,2C6,false,Rx,0,8,F4,01,84,03,00,00,00,00
117572000,54,false,Rx,0,8,01,01,FE,FF,FE,FF,00,00
117572000,55,false,Rx,0,8,10,27,00,00,00,00,00,00
117572000,56,false,Rx,0,8,10,27,00,00,00,00,00,00
117583000,57,false,Rx,0,8,00,00,FE,FF,FE,FF,00,00
117583000,60D,false,Rx,0,8,0D,10,DF,23,02,20,70,00
117619000,625,false,Rx,0,8,25,00,11,43,FD,BB,E4,01
117682000,60D,false,Rx,0,8,0D,10,DF,23,02,20,70,00
117719000,625,false,Rx,0,8,25,00,11,43,FD,BB,E4,01
117757000,2C4,false,Rx,0,8,05,00,00,00,D2,02,00,00
117757000,2C5,false,Rx,0,8,00,00,00,00,00,00,00,00
117757000,2C6,false,Rx,0,8,F4,01,84,03,00,00,00,00
117772000,54,false,Rx,0,8,01,01,FE,FF,FE,FF,00,00
117772000,55,false,Rx,0,8,10,27,00,00,00,00,00,00
117772000,56,false,Rx,0,8,10,27,00,00,00,00,00,00
117783000,57,false,Rx,0,8,00,00,FE,FF,FE,FF,00,00
117783000,60D,false,Rx,0,8,0D,10,DF,23,02,20,70,00
117819000,625,false,Rx,0,8,25,00,11,43,FD,BB,E4,01
117882000,60D,false,Rx,0,8,0D,10,DF,23,02,20,70,00
117919000,625,false,Rx,0,8,25,00,11,43,FD,BB,E4,01
117957000,2C4,false,Rx,0,8,05,00,00,00,D2,02,00,00
117957000,2C5,false,Rx,0,8,00,00,00,00,00,00,00,00
117957000,2C6,false,Rx,0,8,F4,01,84,03,00,00,00,00
117972000,54,false,Rx,0,8,01,01,FE,FF,FE,FF,00,00
117972000,55,false,Rx,0,8,10,27,00,00,00,00,00,00
117972000,56,false,Rx,0,8,10,27,00,00,00,00,00,00
117983000,57,false,Rx,0,8,00,00,FE,FF,FE,FF,00,00
117983000,60D,false,Rx,0,8,0D,10,DF,23,02,20,70,00
118019000,625,false,Rx,0,8,25,00,11,43,FD,BB,E4,01
118082000,60D,false,Rx,0,8,0D,10,DF,23,02,20,70,00
118119000,625,false,Rx,0,8,25,00,11,43,FD,BB,E4,01
118157000,2C4,false,Rx,0,8,05,00,00,00,D2,02,00,00
118157000,2C5,false,Rx,0,8,00,00,00,00,00,00,00,00
118157000,2C6,false,Rx,0,8,F4,01,84,03,00,00,00,00
118172000,54,false,Rx,0,8,01,01,FE,FF,FE,FF,00,00
118172000,55,false,Rx,0,8,10,27,00,00,00,00,00,00
118172000,56,false,Rx,0,8,10,27,00,00,00,00,00,00
118183000,57,false,Rx,0,8,00,00,FE,FF,FE,FF,00,00
118183000,60D,false,Rx,0,8,0D,10,DF,23,02,20,70,00
118219000,625,false,Rx,0,8,25,00,11,43,FD,BB,E4,01
118282000,60D,false,Rx,0,8,0D,10,DF,23,02,20,70,00
118319000,625,false,Rx,0,8,25,00,11,43,FD,BB,E4,01
118357000,2C4,false,Rx,0,8,05,00,00,00,D5,02,00,00
118357000,2C5,false,Rx,0,8,00,00,00,00,00,00,00,00
118357000,2C6,false,Rx,0,8,F4,01,84,03,00,00,00,00
118372000,54,false,Rx,0,8,01,01,FE,FF,FE,FF,00,00
118372000,55,false,Rx,0,8,10,27,00,00,00,00,00,00
118372000,56,false,Rx,0,8,10,27,00,00,00,00,00,00
118383000,57,false,Rx,0,8,00,00,FE,FF,FE,FF,00,00
118383000,60D,false,Rx,0,8,0D,10,DF,23,02,20,70,00
118419000,625,false,Rx,0,8,25,00,11,43,FD,BB,E4,01
118482000,60D,false,Rx,0,8,0D,10,DF,23,02,20,70,00
118519000,625,false,Rx,0,8,25,00,11,43,FD,BB,E4,01
118557000,2C4,false,Rx,0,8,05,00,00,00,D5,02,00,00
118557000,2C5,false,Rx,0,8,00,00,00,00,00,00,00,00
118557000,2C6,false,Rx,0,8,F4,01,84,03,00,00,00,00
118572000,54,false,Rx,0,8,01,01,FE,FF,FE,FF,00,00
118572000,55,false,Rx,0,8,10,27,00,00,00,00,00,00
118572000,56,false,Rx,0,8,10,27,00,00,00,00,00,00
118583000,57,false,Rx,0,8,00,00,FE,FF,FE,FF,00,00
118583000,60D,false,Rx,0,8,0D,10,DF,23,02,20,70,00
118619000,625,false,Rx,0,8,25,00,11,43,FD,BB,E4,01
118682000,60D,false,Rx,0,8,0D,10,DF,23,02,20,70,00
118719000,625,false,Rx,0,8,25,00,11,43,FD,BB,E4,01
118757000,2C4,false,Rx,0,8,05,00,00,00,D2,02,00,00
118757000,2C5,false,Rx,0,8,00,00,00,00,00,00,00,00
118757000,2C6,false,Rx,0,8,F4,01,84,03,00,00,00,00
118772000,54,false,Rx,0,8,01,01,FE,FF,FE,FF,00,00
118772000,55,false,Rx,0,8,10,27,00,00,00,00,00,00
118772000,56,false,Rx,0,8,10,27,00,00,00,00,00,00
118783000,57,false,Rx,0,8,00,00,FE,FF,FE,FF,00,00
118783000,60D,false,Rx,0,8,0D,10,DF,23,02,20,70,00
118819000,625,false,Rx,0,8,25,00,11,43,FD,BB,E4,01
118882000,60D,false,Rx,0,8,0D,10,DF,23,02,20,70,00
118919000,625,false,Rx,0,8,25,00,11,43,FD,BB,E4,01
118957000,2C4,false,Rx,0,8,05,00,00,00,D2,02,00,00
118957000,2C5,false,Rx,0,8,00,00,00,00,00,00,00,00
118957000,2C6,false,Rx,0,8,F4,01,84,03,00,00,00,00
118972000,54,false,Rx,0,8,01,01,FE,FF,FE,FF,00,00
118972000,55,false,Rx,0,8,10,27,00,00,00,00,00,00
118972000,56,false,Rx,0,8,10,27,00,00,00,00,00,00
118983000,57,false,Rx,0,8,00,00,FE,FF,FE,FF,00,00
118983000,60D,false,Rx,0,8,0D,10,DF,23,02,20,70,00
119019000,625,false,Rx,0,8,25,00,11,43,FD,BB,E4,01
119082000,60D,false,Rx,0,8,0D,10,DF,23,02,20,70,00
119119000,625,false,Rx,0,8,25,00,11,43,FD,BB,E4,01
119157000,2C4,false,Rx,0,8,05,00,00,00,D2,02,00,00
119157000,2C5,false,Rx,0,8,00,00,00,00,00,00,00,00
119157000,2C6,false,Rx,0,8,F4,01,84,03,00,00,00,00
119172000,54,false,Rx,0,8,01,01,FE,FF,FE,FF,00,00
119172000,55,false,Rx,0,8,10,27,00,00,00,00,00,00
119172000,56,false,Rx,0,8,10,27,00,00,00,00,00,00
119183000,57,false,Rx,0,8,00,00,FE,FF,FE,FF,00,00
119183000,60D,false,Rx,0,8,0D,10,DF,23,02,20,70,00
119219000,625,false,Rx,0,8,25,00,11,43,FD,BB,E4,01
119282000,60D,false,Rx,0,8,0D,10,DF,23,02,20,70,00
119319000,625,false,Rx,0,8,25,00,11,43,FD,BB,E4,01
119357000,2C4,false,Rx,0,8,05,00,00,00,D5,02,00,00
119357000,2C5,false,Rx,0,8,00,00,00,00,00,00,00,00
119357000,2C6,false,Rx,0,8,F4,01,84,03,00,00,00,00
119372000,54,false,Rx,0,8,01,01,FE,FF,FE,FF,00,00
119372000,55,false,Rx,0,8,10,27,00,00,00,00,00,00
119372000,56,false,Rx,0,8,10,27,00,00,00,00,00,00
119383000,57,false,Rx,0,8,00,00,FE,FF,FE,FF,00,00
119383000,60D,false,Rx,0,8,0D,10,DF,23,02,20,70,00
119419000,625,false,Rx,0,8,25,00,11,43,FD,BB,E4,01
119482000,60D,false,Rx,0,8,0D,10,DF,23,02,20,70,00
119519000,625,false,Rx,0,8,25,00,11,43,FD,BB,E4,01
119557000,2C4,false,Rx,0,8,05,00,00,00,D2,02,00,00
119557000,2C5,false,Rx,0,8,00,00,00,00,00,00,00,00
119557000,2C6,false,Rx,0,8,F4,01,84,03,00,00,00,00
119572000,54,false,Rx,0,8,01,01,FE,FF,FE,FF,00,00
119572000,55,false,Rx,0,8,10,27,00,00,00,00,00,00
119572000,56,false,Rx,0,8,10,27,00,00,00,00,00,00
119583000,57,false,Rx,0,8,00,00,FE,FF,FE,FF,00,00
119583000,60D,false,Rx,0,8,0D,10,DF,23,02,20,70,00
119619000,625,false,Rx,0,8,25,00,11,43,FD,BB,E4,01
119682000,60D,false,Rx,0,8,0D,10,DF,23,02,20,70,00
119719000,625,false,Rx,0,8,25,00,11,43,FD,BB,E4,01
119757000,2C4,false,Rx,0,8,05,00,00,00,D2,02,00,00
119757000,2C5,false,Rx,0,8,00,00,00,00,00,00,00,00
119757000,2C6,false,Rx,0,8,F4,01,84,03,00,00,00,00
119772000,54,false,Rx,0,8,01,01,FE,FF,FE,FF,00,00
119772000,55,false,Rx,0,8,10,27,00,00,00,00,00,00
119772000,56,false,Rx,0,8,10,27,00,00,00,00,00,00
119783000,57,false,Rx,0,8,00,00,FE,FF,FE,FF,00,00
119783000,60D,false,Rx,0,8,0D,10,DF,23,02,20,70,00
119819000,625,false,Rx,0,8,25,00,11,43,FD,BB,E4,01
119882000,60D,false,Rx,0,8,0D,10,DF,23,02,20,70,00
119919000,625,false,Rx,0,8,25,00,11,43,FD,BB,E4,01
119957000,2C4,false,Rx,0,8,05,00,00,00,D5,02,00,00
119957000,2C5,false,Rx,0,8,00,00,00,00,00,00,00,00
119957000,2C6,false,Rx,0,8,F4,01,84,03,00,00,00,00
119972000,54,false,Rx,0,8,01,01,FE,FF,FE,FF,00,00
119972000,55,false,Rx,0,8,10,27,00,00,00,00,00,00
119972000,56,false,Rx,0,8,10,27,00,00,00,00,00,00
119983000,57,false,Rx,0,8,00,00,FE,FF,FE,FF,00,00
119983000,60D,false,Rx,0,8,0D,10,DF,23,02,20,70,00
120019000,625,false,Rx,0,8,25,00,11,43,FD,BB,E4,01
120082000,60D,false,Rx,0,8,0D,10,DF,23,02,20,70,00
120119000,625,false,Rx,0,8,25,00,11,43,FD,BB,E4,01
120157000,2C4,false,Rx,0,8,05,00,00,00,D5,02,00,00
120157000,2C5,false,Rx,0,8,00,00,00,00,00,00,00,00
120157000,2C6,false,Rx,0,8,F4,01,84,03,00,00,00,00
120172000,54,false,Rx,0,8,01,01,FE,FF,FE,FF,00,00
120172000,55,false,Rx,0,8,10,27,00,00,00,00,00,00
120172000,56,false,Rx,0,8,10,27,00,00,00,00,00,00
120183000,57,false,Rx,0,8,00,00,FE,FF,FE,FF,00,00
120183000,60D,false,Rx,0,8,0D,10,DF,23,02,20,70,00
120219000,625,false,Rx,0,8,25,00,11,43,FD,BB,E4,01
120282000,60D,false,Rx,0,8,0D,10,DF,23,02,20,70,00
120319000,625,false,Rx,0,8,25,00,11,43,FD,BB,E4,01
120357000,2C4,false,Rx,0,8,05,00,00,00,D2,02,00,00
120357000,2C5,false,Rx,0,8,00,00,00,00,00,00,00,00
120357000,2C6,false,Rx,0,8,F4,01,84,03,00,00,00,00
120372000,54,false,Rx,0,8,01,01,FE,FF,FE,FF,00,00
120372000,55,false,Rx,0,8,10,27,00,00,00,00,00,00
120372000,56,false,Rx,0,8,10,27,00,00,00,00,00,00
120383000,57,false,Rx,0,8,00,00,FE,FF,FE,FF,00,00
120383000,60D,false,Rx,0,8,0D,10,DF,23,02,20,70,00
120419000,625,false,Rx,0,8,25,00,11,43,FD,BB,E4,01
120482000,60D,false,Rx,0,8,0D,10,DF,23,02,20,70,00
120519000,625,false,Rx,0,8,25,00,11,43,FD,BB,E4,01
120557000,2C4,false,Rx,0,8,05,00,00,00,D2,02,00,00
120557000,2C5,false,Rx,0,8,00,00,00,00,00,00,00,00
120557000,2C6,false,Rx,0,8,F4,01,84,03,00,00,00,00
120572000,54,false,Rx,0,8,01,01,FE,FF,FE,FF,00,00
120572000,55,false,Rx,0,8,10,27,00,00,00,00,00,00
120572000,56,false,Rx,0,8,10,27,00,00,00,00,00,00
120583000,57,false,Rx,0,8,00,00,FE,FF,FE,FF,00,00
120583000,60D,false,Rx,0,8,0D,10,DF,23,02,20,70,00
120619000,625,false,Rx,0,8,25,00,11,43,FD,BB,E4,01
120682000,60D,false,Rx,0,8,0D,10,DF,23,02,20,70,00
120719000,625,false,Rx,0,8,25,00,11,43,FD,BB,E4,01
120757000,2C4,false,Rx,0,8,05,00,00,00,D2,02,00,00
120757000,2C5,false,Rx,0,8,00,00,00,00,00,00,00,00
120757000,2C6,false,Rx,0,8,F4,01,84,03,00,00,00,00
120772000,54,false,Rx,0,8,01,01,FE,FF,FE,FF,00,00
120772000,55,false,Rx,0,8,10,27,00,00,00,00,00,00
120772000,56,false,Rx,0,8,10,27,00,00,00,00,00,00
120783000,57,false,Rx,0,8,00,00,FE,FF,FE,FF,00,00
120783000,60D,false,Rx,0,8,0D,10,DF,23,02,20,70,00
120819000,625,false,Rx,0,8,25,00,11,43,FD,BB,E4,01
120882000,60D,false,Rx,0,8,0D,10,DF,23,02,20,70,00
120919000,625,false,Rx,0,8,25,00,11,43,FD,BB,E4,01
120957000,2C4,false,Rx,0,8,05,00,00,00,D5,02,00,00
120957000,2C5,false,Rx,0,8,00,00,00,00,00,00,00,00
120957000,2C6,false,Rx,0,8,F4,01,84,03,00,00,00,00
120972000,54,false,Rx,0,8,01,01,FE,FF,FE,FF,00,00
120972000,55,false,Rx,0,8,10,27,00,00,00,00,00,00
120972000,56,false,Rx,0,8,10,27,00,00,00,00,00,00
120983000,57,false,Rx,0,8,00,00,FE,FF,FE,FF,00,00
120983000,60D,false,Rx,0,8,0D,10,DF,23,02,20,70,00
121019000,625,false,Rx,0,8,25,00,11,43,FD,BB,E4,01
121082000,60D,false,Rx,0,8,0D,10,DF,23,02,20,70,00
121119000,625,false,Rx,0,8,25,00,11,43,FD,BB,E4,01
121157000,2C4,false,Rx,0,8,05,00,00,00,D2,02,00,00
121157000,2C5,false,Rx,0,8,00,00,00,00,00,00,00,00
121157000,2C6,false,Rx,0,8,F4,01,84,03,00,00,00,00
121172000,54,false,Rx,0,8,01,01,FE,FF,FE,FF,00,00
121172000,55,false,Rx,0,8,10,27,00,00,00,00,00,00
121172000,56,false,Rx,0,8,10,27,00,00,00,00,00,00
121183000,57,false,Rx,0,8,00,00,FE,FF,FE,FF,00,00
121183000,60D,false,Rx,0,8,0D,10,DF,23,02,20,70,00
121219000,625,false,Rx,0,8,25,00,11,43,FD,BB,E4,01
121282000,60D,false,Rx,0,8,0D,10,DF,23,02,20,70,00
121319000,625,false,Rx,0,8,25,00,11,43,FD,BB,E4,01
121357000,2C4,false,Rx,0,8,05,00,00,00,D2,02,00,00
121357000,2C5,false,Rx,0,8,00,00,00,00,00,00,00,00
121357000,2C6,false,Rx,0,8,F4,01,84,03,00,00,00,00
121372000,54,false,Rx,0,8,01,01,FE,FF,FE,FF,00,00
121372000,55,false,Rx,0,8,10,27,00,00,00,00,00,00
121372000,56,false,Rx,0,8,10,27,00,00,00,00,00,00
121383000,57,false,Rx,0,8,00,00,FE,FF,FE,FF,00,00
121383000,60D,false,Rx,0,8,0D,10,DF,23,02,20,70,00
121419000,625,false,Rx,0,8,25,00,11,43,FD,BB,E4,01
121482000,60D,false,Rx,0,8,0D,10,DF,23,02,20,70,00
121519000,625,false,Rx,0,8,25,00,11,43,FD,BB,E4,01
121557000,2C4,false,Rx,0,8,05,00,00,00,D2,02,00,00
121557000,2C5,false,Rx,0,8,00,00,00,00,00,00,00,00
121557000,2C6,false,Rx,0,8,F4,01,84,03,00,00,00,00
121572000,54,false,Rx,0,8,01,01,FE,FF,FE,FF,00,00
121572000,55,false,Rx,0,8,10,27,00,00,00,00,00,00
121572000,56,false,Rx,0,8,10,27,00,00,00,00,00,00
121583000,57,false,Rx,0,8,00,00,FE,FF,FE,FF,00,00
121583000,60D,false,Rx,0,8,0D,10,DF,23,02,20,70,00
121619000,625,false,Rx,0,8,25,00,11,43,FD,BB,E4,01
121682000,60D,false,Rx,0,8,0D,10,DF,23,02,20,70,00
121719000,625,false,Rx,0,8,25,00,11,43,FD,BB,E4,01
121757000,2C4,false,Rx,0,8,05,00,00,00,D5,02,00,00
121757000,2C5,false,Rx,0,8,00,00,00,00,00,00,00,00
121757000,2C6,false,Rx,0,8,F4,01,84,03,00,00,00,00
121772000,54,false,Rx,0,8,01,01,FE,FF,FE,FF,00,00
121772000,55,false,Rx,0,8,10,27,00,00,00,00,00,00
121772000,56,false,Rx,0,8,10,27,00,00,00,00,00,00
121783000,57,false,Rx,0,8,00,00,FE,FF,FE,FF,00,00
121783000,60D,false,Rx,0,8,0D,10,DF,23,02,20,70,00
121819000,625,false,Rx,0,8,25,00,11,43,FD,BB,E4,01
121882000,60D,false,Rx,0,8,0D,10,DF,23,02,20,70,00
121919000,625,false,Rx,0,8,25,00,11,43,FD,BB,E4,01
121957000,2C4,false,Rx,0,8,05,00,00,00,D2,02,00,00
121957000,2C5,false,Rx,0,8,00,00,00,00,00,00,00,00
121957000,2C6,false,Rx,0,8,F4,01,84,03,00,00,00,00
121972000,54,false,Rx,0,8,01,01,FE,FF,FE,FF,00,00
121972000,55,false,Rx,0,8,10,27,00,00,00,00,00,00
121972000,56,false,Rx,0,8,10,27,00,00,00,00,00,00
121983000,57,false,Rx,0,8,00,00,FE,FF,FE,FF,00,00
121983000,60D,false,Rx,0,8,0D,10,DF,23,02,20,70,00
122018000,625,false,Rx,0,8,25,00,11,43,FD,BB,E4,01
122082000,60D,false,Rx,0,8,0D,10,DF,23,02,20,70,00
122118000,625,false,Rx,0,8,25,00,11,43,FD,BB,E4,01
122157000,2C4,false,Rx,0,8,05,00,00,00,D2,02,00,00
122157000,2C5,false,Rx,0,8,00,00,00,00,00,00,00,00
122157000,2C6,false,Rx,0,8,F4,01,84,03,00,00,00,00
122172000,54,false,Rx,0,8,01,01,FE,FF,FE,FF,00,00
122172000,55,false,Rx,0,8,10,27,00,00,00,00,00,00
122172000,56,false,Rx,0,8,10,27,00,00,00,00,00,00
122183000,57,false,Rx,0,8,00,00,FE,FF,FE,FF,00,00
122183000,60D,false,Rx,0,8,0D,10,DF,23,02,20,70,00
122218000,625,false,Rx,0,8,25,00,11,43,FD,BB,E4,01
122282000,60D,false,Rx,0,8,0D,10,DF,23,02,20,70,00
122318000,625,false,Rx,0,8,25,00,11,43,FD,BB,E4,01
122357000,2C4,false,Rx,0,8,05,00,00,00,D2,02,00,00
122357000,2C5,false,Rx,0,8,00,00,00,00,00,00,00,00
122357000,2C6,false,Rx,0,8,F4,01,84,03,00,00,00,00
122372000,54,false,Rx,0,8,01,01,FE,FF,FE,FF,00,00
122372000,55,false,Rx,0,8,10,27,00,00,00,00,00,00
122372000,56,false,Rx,0,8,10,27,00,00,00,00,00,00
122383000,57,false,Rx,0,8,00,00,FE,FF,FE,FF,00,00
122383000,60D,false,Rx,0,8,0D,10,DF,23,02,20,70,00
122418000,625,false,Rx,0,8,25,00,11,43,FD,BB,E4,01
122482000,60D,false,Rx,0,8,0D,10,DF,23,02,20,70,00
122518000,625,false,Rx,0,8,25,00,11,43,FD,BB,E4,01
122557000,2C4,false,Rx,0,8,05,00,00,00,D5,02,00,00
122557000,2C5,false,Rx,0,8,00,00,00,00,00,00,00,00
122557000,2C6,false,Rx,0,8,F4,01,84,03,00,00,00,00
122572000,54,false,Rx,0,8,01,01,FE,FF,FE,FF,00,00
122572000,55,false,Rx,0,8,10,27,00,00,00,00,00,00
122572000,56,false,Rx,0,8,10,27,00,00,00,00,00,00
122583000,57,false,Rx,0,8,00,00,FE,FF,FE,FF,00,00
122583000,60D,false,Rx,0,8,0D,10,DF,23,02,20,70,00
122618000,625,false,Rx,0,8,25,00,11,43,FD,BB,E4,01
122682000,60D,false,Rx,0,8,0D,10,DF,23,02,20,70,00
122719000,625,false,Rx,0,8,25,00,11,43,FD,BB,E4,01
122757000,2C4,false,Rx,0,8,05,00,00,00,D2,02,00,00
122757000,2C5,false,Rx,0,8,00,00,00,00,00,00,00,00
122757000,2C6,false,Rx,0,8,F4,01,84,03,00,00,00,00
122772000,54,false,Rx,0,8,01,01,FE,FF,FE,FF,00,00
122772000,55,false,Rx,0,8,10,27,00,00,00,00,00,00
122772000,56,false,Rx,0,8,10,27,00,00,00,00,00,00
122783000,57,false,Rx,0,8,00,00,FE,FF,FE,FF,00,00
122783000,60D,false,Rx,0,8,0D,10,DF,23,02,20,70,00
122818000,625,false,Rx,0,8,25,00,11,43,FD,BB,E4,01
122882000,60D,false,Rx,0,8,0D,10,DF,23,02,20,70,00
122918000,625,false,Rx,0,8,25,00,11,43,FD,BB,E4,01
122957000,2C4,false,Rx,0,8,05,00,00,00,D2,02,00,00
122957000,2C5,false,Rx,0,8,00,00,00,00,00,00,00,00
122957000,2C6,false,Rx,0,8,F4,01,84,03,00,00,00,00
122972000,54,false,Rx,0,8,01,01,FE,FF,FE,FF,00,00
122972000,55,false,Rx,0,8,10,27,00,00,00,00,00,00
122972000,56,false,Rx,0,8,10,27,00,00,00,00,00,00
122983000,57,false,Rx,0,8,00,00,FE,FF,FE,FF,00,00
122983000,60D,false,Rx,0,8,0D,10,DF,23,02,20,70,00
123018000,625,false,Rx,0,8,25,00,11,43,FD,BB,E4,01
123082000,60D,false,Rx,0,8,0D,10,DF,23,02,20,70,00
123118000,625,false,Rx,0,8,25,00,11,43,FD,BB,E4,01
123157000,2C4,false,Rx,0,8,05,00,00,00,D2,02,00,00
123157000,2C5,false,Rx,0,8,00,00,00,00,00,00,00,00
123157000,2C6,false,Rx,0,8,F4,01,84,03,00,00,00,00
123172000,54,false,Rx,0,8,01,01,FE,FF,FE,FF,00,00
123172000,55,false,Rx,0,8,10,27,00,00,00,00,00,00
123172000,56,false,Rx,0,8,10,27,00,00,00,00,00,00
123183000,57,false,Rx,0,8,00,00,FE,FF,FE,FF,00,00
123183000,60D,false,Rx,0,8,0D,10,DF,23,02,20,70,00
123218000,625,false,Rx,0,8,25,00,11,43,FD,BB,E4,01
123282000,60D,false,Rx,0,8,0D,10,DF,23,02,20,70,00
123318000,625,false,Rx,0,8,25,00,11,43,FD,BB,E4,01
123357000,2C4,false,Rx,0,8,05,00,00,00,D2,02,00,00
123357000,2C5,false,Rx,0,8,00,00,00,00,00,00,00,00
123357000,2C6,false,Rx,0,8,F4,01,84,03,00,00,00,00
123372000,54,false,Rx,0,8,01,01,FE,FF,FE,FF,00,00
123372000,55,false,Rx,0,8,10,27,00,00,00,00,00,00
123372000,56,false,Rx,0,8,10,27,00,00,00,00,00,00
123383000,57,false,Rx,0,8,00,00,FE,FF,FE,FF,00,00
123383000,60D,false,Rx,0,8,0D,10,DF,23,02,20,70,00
123418000,625,false,Rx,0,8,25,00,11,43,FD,BB,E4,01
123482000,60D,false,Rx,0,8,0D,10,DF,23,02,20,70,00
123518000,625,false,Rx,0,8,25,00,11,43,FD,BB,E4,01
123557000,2C4,false,Rx,0,8,05,00,00,00,D5,02,00,00
123557000,2C5,false,Rx,0,8,00,00,00,00,00,00,00,00
123557000,2C6,false,Rx,0,8,F4,01,84,03,00,00,00,00
123572000,54,false,Rx,0,8,01,01,FE,FF,FE,FF,00,00
123572000,55,false,Rx,0,8,10,27,00,00,00,00,00,00
123572000,56,false,Rx,0,8,10,27,00,00,00,00,00,00
123583000,57,false,Rx,0,8,00,00,FE,FF,FE,FF,00,00
123583000,60D,false,Rx,0,8,0D,10,DF,23,02,20,70,00
123618000,625,false,Rx,0,8,25,00,11,43,FD,BB,E4,01
123682000,60D,false,Rx,0,8,0D,10,DF,23,02,20,70,00
123718000,625,false,Rx,0,8,25,00,11,43,FD,BB,E4,01
123757000,2C4,false,Rx,0,8,05,00,00,00,D2,02,00,00
123757000,2C5,false,Rx,0,8,00,00,00,00,00,00,00,00
123757000,2C6,false,Rx,0,8,F4,01,84,03,00,00,00,00
123772000,54,false,Rx,0,8,01,01,FE,FF,FE,FF,00,00
123772000,55,false,Rx,0,8,10,27,00,00,00,00,00,00
123772000,56,false,Rx,0,8,10,27,00,00,00,00,00,00
123783000,57,false,Rx,0,8,00,00,FE,FF,FE,FF,00,00
123783000,60D,false,Rx,0,8,0D,10,DF,23,02,20,70,00
123818000,625,false,Rx,0,8,25,00,11,43,FD,BB,E4,01
123882000,60D,false,Rx,0,8,0D,10,DF,23,02,20,70,00
123918000,625,false,Rx,0,8,25,00,11,43,FD,BB,E4,01
123957000,2C4,false,Rx,0,8,05,00,00,00,D2,02,00,00
123957000,2C5,false,Rx,0,8,00,00,00,00,00,00,00,00
123957000,2C6,false,Rx,0,8,F4,01,84,03,00,00,00,00
123972000,54,false,Rx,0,8,01,01,FE,FF,FE,FF,00,00
123972000,55,false,Rx,0,8,10,27,00,00,00,00,00,00
123972000,56,false,Rx,0,8,10,27,00,00,00,00,00,00
123983000,57,false,Rx,0,8,00,00,FE,FF,FE,FF,00,00
123983000,60D,false,Rx,0,8,0D,10,DF,23,02,20,70,00
124018000,625,false,Rx,0,8,25,00,11,43,FD,BB,E4,01
124082000,60D,false,Rx,0,8,0D,10,DF,23,02,20,70,00
124118000,625,false,Rx,0,8,25,00,11,43,FD,BB,E4,01
124157000,2C4,false,Rx,0,8,05,00,00,00,D2,02,00,00
124157000,2C5,false,Rx,0,8,00,00,00,00,00,00,00,00
124157000,2C6,false,Rx,0,8,F4,01,84,03,00,00,00,00
124172000,54,false,Rx,0,8,01,01,FE,FF,FE,FF,00,00
124172000,55,false,Rx,0,8,10,27,00,00,00,00,00,00
124172000,56,false,Rx,0,8,10,27,00,00,00,00,00,00
124183000,57,false,Rx,0,8,00,00,FE,FF,FE,FF,00,00
124183000,60D,false,Rx,0,8,0D,10,DF,23,02,20,70,00
124218000,625,false,Rx,0,8,25,00,11,43,FD,BB,E4,01
124282000,60D,false,Rx,0,8,0D,10,DF,23,02,20,70,00
124318000,625,false,Rx,0,8,25,00,11,43,FD,BB,E4,01
124357000,2C4,false,Rx,0,8,05,00,00,00,D2,02,00,00
124357000,2C5,false,Rx,0,8,00,00,00,00,00,00,00,00
124357000,2C6,false,Rx,0,8,F4,01,84,03,00,00,00,00
124372000,54,false,Rx,0,8,01,01,FE,FF,FE,FF,00,00
124372000,55,false,Rx,0,8,10,27,00,00,00,00,00,00
124372000,56,false,Rx,0,8,10,27,00,00,00,00,00,00
124383000,57,false,Rx,0,8,00,00,FE,FF,FE,FF,00,00
124383000,60D,false,Rx,0,8,0D,10,DF,23,02,20,70,00
124418000,625,false,Rx,0,8,25,00,11,43,FD,BB,E4,01
124482000,60D,false,Rx,0,8,0D,10,DF,23,02,20,70,00
124518000,625,false,Rx,0,8,25,00,11,43,FD,BB,E4,01
124556000,2C4,false,Rx,0,8,05,00,00,00,D2,02,00,00
124557000,2C5,false,Rx,0,8,00,00,00,00,00,00,00,00
124557000,2C6,false,Rx,0,8,F4,01,84,03,00,00,00,00
124572000,54,false,Rx,0,8,01,01,FE,FF,FE,FF,00,00
124572000,55,false,Rx,0,8,10,27,00,00,00,00,00,00
124572000,56,false,Rx,0,8,10,27,00,00,00,00,00,00
124583000,57,false,Rx,0,8,00,00,FE,FF,FE,FF,00,00
124583000,60D,false,Rx,0,8,0D,10,DF,23,02,20,70,00
124618000,625,false,Rx,0,8,25,00,11,43,FD,BB,E4,01
124682000,60D,false,Rx,0,8,0D,10,DF,23,02,20,70,00
124718000,625,false,Rx,0,8,25,00,11,43,FD,BB,E4,01
124756000,2C4,false,Rx,0,8,05,00,00,00,D2,02,00,00
124757000,2C5,false,Rx,0,8,00,00,00,00,00,00,00,00
124757000,2C6,false,Rx,0,8,F4,01,84,03,00,00,00,00
124772000,54,false,Rx,0,8,01,01,FE,FF,FE,FF,00,00
124772000,55,false,Rx,0,8,10,27,00,00,00,00,00,00
124772000,56,false,Rx,0,8,10,27,00,00,00,00,00,00
124783000,57,false,Rx,0,8,00,00,FE,FF,FE,FF,00,00
124783000,60D,false,Rx,0,8,0D,10,DF,23,02,20,70,00
124818000,625,false,Rx,0,8,25,00,11,43,FD,BB,E4,01
124882000,60D,false,Rx,0,8,0D,10,DF,23,02,20,70,00
124918000,625,false,Rx,0,8,25,00,11,43,FD,BB,E4,01
124956000,2C4,false,Rx,0,8,05,00,00,00,D2,02,00,00
124957000,2C5,false,Rx,0,8,00,00,00,00,00,00,00,00
124957000,2C6,false,Rx,0,8,F4,01,84,03,00,00,00,00
124972000,54,false,Rx,0,8,01,01,FE,FF,FE,FF,00,00
124972000,55,false,Rx,0,8,10,27,00,00,00,00,00,00
124972000,56,false,Rx,0,8,10,27,00,00,00,00,00,00
124983000,57,false,Rx,0,8,00,00,FE,FF,FE,FF,00,00
124983000,60D,false,Rx,0,8,0D,10,DF,23,02,20,70,00
125018000,625,false,Rx,0,8,25,00,11,43,FD,BB,E4,01
125082000,60D,false,Rx,0,8,0D,10,DF,23,02,20,70,00
125118000,625,false,Rx,0,8,25,00,11,43,FD,BB,E4,01
125156000,2C4,false,Rx,0,8,05,00,00,00,D2,02,00,00
125157000,2C5,false,Rx,0,8,00,00,00,00,00,00,00,00
125157000,2C6,false,Rx,0,8,F4,01,84,03,00,00,00,00
125172000,54,false,Rx,0,8,01,01,FE,FF,FE,FF,00,00
125172000,55,false,Rx,0,8,10,27,00,00,00,00,00,00
125172000,56,false,Rx,0,8,10,27,00,00,00,00,00,00
125183000,57,false,Rx,0,8,00,00,FE,FF,FE,FF,00,00
125183000,60D,false,Rx,0,8,0D,10,DF,23,02,20,70,00
125218000,625,false,Rx,0,8,25,00,11,43,FD,BB,E4,01
125282000,60D,false,Rx,0,8,0D,10,DF,23,02,20,70,00
125318000,625,false,Rx,0,8,25,00,11,43,FD,BB,E4,01
125356000,2C4,false,Rx,0,8,05,00,00,00,D5,02,00,00
125357000,2C5,false,Rx,0,8,00,00,00,00,00,00,00,00
125357000,2C6,false,Rx,0,8,F4,01,84,03,00,00,00,00
125372000,54,false,Rx,0,8,01,01,FE,FF,FE,FF,00,00
125372000,55,false,Rx,0,8,10,27,00,00,00,00,00,00
125372000,56,false,Rx,0,8,10,27,00,00,00,00,00,00
125383000,57,false,Rx,0,8,00,00,FE,FF,FE,FF,00,00
125383000,60D,false,Rx,0,8,0D,10,DF,23,02,20,70,00
125418000,625,false,Rx,0,8,25,00,11,43,FD,BB,E4,01
125482000,60D,false,Rx,0,8,0D,10,DF,23,02,20,70,00
125518000,625,false,Rx,0,8,25,00,11,43,FD,BB,E4,01
125556000,2C4,false,Rx,0,8,05,00,00,00,D2,02,00,00
125557000,2C5,false,Rx,0,8,00,00,00,00,00,00,00,00
125557000,2C6,false,Rx,0,8,F4,01,84,03,00,00,00,00
125572000,54,false,Rx,0,8,01,01,FE,FF,FE,FF,00,00
125572000,55,false,Rx,0,8,10,27,00,00,00,00,00,00
125572000,56,false,Rx,0,8,10,27,00,00,00,00,00,00
125583000,57,false,Rx,0,8,00,00,FE,FF,FE,FF,00,00
125583000,60D,false,Rx,0,8,0D,10,DF,23,02,20,70,00
125618000,625,false,Rx,0,8,25,00,11,43,FD,BB,E4,01
125682000,60D,false,Rx,0,8,0D,10,DF,23,02,20,70,00
125718000,625,false,Rx,0,8,25,00,11,43,FD,BB,E4,01
125756000,2C4,false,Rx,0,8,05,00,00,00,D2,02,00,00
125757000,2C5,false,Rx,0,8,00,00,00,00,00,00,00,00
125757000,2C6,false,Rx,0,8,F4,01,84,03,00,00,00,00
125772000,54,false,Rx,0,8,01,01,FE,FF,FE,FF,00,00
125772000,55,false,Rx,0,8,10,27,00,00,00,00,00,00
125772000,56,false,Rx,0,8,10,27,00,00,00,00,00,00
125783000,57,false,Rx,0,8,00,00,FE,FF,FE,FF,00,00
125783000,60D,false,Rx,0,8,0D,10,DF,23,02,20,70,00
125818000,625,false,Rx,0,8,25,00,11,43,FD,BB,E4,01
125882000,60D,false,Rx,0,8,0D,10,DF,23,02,20,70,00
125918000,625,false,Rx,0,8,25,00,11,43,FD,BB,E4,01
125956000,2C4,false,Rx,0,8,05,00,00,00,D2,02,00,00
125957000,2C5,false,Rx,0,8,00,00,00,00,00,00,00,00
125957000,2C6,false,Rx,0,8,F4,01,84,03,00,00,00,00
125972000,54,false,Rx,0,8,01,01,FE,FF,FE,FF,00,00
125972000,55,false,Rx,0,8,10,27,00,00,00,00,00,00
125972000,56,false,Rx,0,8,10,27,00,00,00,00,00,00
125983000,57,false,Rx,0,8,00,00,FE,FF,FE,FF,00,00
125983000,60D,false,Rx,0,8,0D,10,DF,23,02,20,70,00
126018000,625,false,Rx,0,8,25,00,11,43,FD,BB,E4,01
126082000,60D,false,Rx,0,8,0D,10,DF,23,02,20,70,00
126118000,625,false,Rx,0,8,25,00,11,43,FD,BB,E4,01
126156000,2C4,false,Rx,0,8,05,00,00,00,D5,02,00,00
126157000,2C5,false,Rx,0,8,00,00,00,00,00,00,00,00
126157000,2C6,false,Rx,0,8,F4,01,84,03,00,00,00,00
126172000,54,false,Rx,0,8,01,01,FE,FF,FE,FF,00,00
126172000,55,false,Rx,0,8,10,27,00,00,00,00,00,00
126172000,56,false,Rx,0,8,10,27,00,00,00,00,00,00
126183000,57,false,Rx,0,8,00,00,FE,FF,FE,FF,00,00
126183000,60D,false,Rx,0,8,0D,10,DF,23,02,20,70,00
126218000,625,false,Rx,0,8,25,00,11,43,FD,BB,E4,01
126282000,60D,false,Rx,0,8,0D,10,DF,23,02,20,70,00
126318000,625,false,Rx,0,8,25,00,11,43,FD,BB,E4,01
126356000,2C4,false,Rx,0,8,05,00,00,00,D2,02,00,00
126357000,2C5,false,Rx,0,8,00,00,00,00,00,00,00,00
126357000,2C6,false,Rx,0,8,F4,01,84,03,00,00,00,00
126372000,54,false,Rx,0,8,01,01,FE,FF,FE,FF,00,00
126372000,55,false,Rx,0,8,10,27,00,00,00,00,00,00
126372000,56,false,Rx,0,8,10,27,00,00,00,00,00,00
126383000,57,false,Rx,0,8,00,00,FE,FF,FE,FF,00,00
126383000,60D,false,Rx,0,8,0D,10,DF,23,02,20,70,00
126418000,625,false,Rx,0,8,25,00,11,43,FD,BB,E4,01
126482000,60D,false,Rx,0,8,0D,10,DF,23,02,20,70,00
126518000,625,false,Rx,0,8,25,00,11,43,FD,BB,E4,01
126556000,2C4,false,Rx,0,8,05,00,00,00,D2,02,00,00
126557000,2C5,false,Rx,0,8,00,00,00,00,00,00,00,00
126557000,2C6,false,Rx,0,8,F4,01,84,03,00,00,00,00
126572000,54,false,Rx,0,8,01,01,FE,FF,FE,FF,00,00
126572000,55,false,Rx,0,8,10,27,00,00,00,00,00,00
126572000,56,false,Rx,0,8,10,27,00,00,00,00,00,00
126583000,57,false,Rx,0,8,00,00,FE,FF,FE,FF,00,00
126583000,60D,false,Rx,0,8,0D,10,DF,23,02,20,70,00
126618000,625,false,Rx,0,8,25,00,11,43,FD,BB,E4,01
126682000,60D,false,Rx,0,8,0D,10,DF,23,02,20,70,00
126718000,625,false,Rx,0,8,25,00,11,43,FD,BB,E4,01
126756000,2C4,false,Rx,0,8,05,00,00,00,D2,02,00,00
126757000,2C5,false,Rx,0,8,00,00,00,00,00,00,00,00
126757000,2C6,false,Rx,0,8,F4,01,84,03,00,00,00,00
126772000,54,false,Rx,0,8,01,01,FE,FF,FE,FF,00,00
126772000,55,false,Rx,0,8,10,27,00,00,00,00,00,00
126772000,56,false,Rx,0,8,10,27,00,00,00,00,00,00
126783000,57,false,Rx,0,8,00,00,FE,FF,FE,FF,00,00
126783000,60D,false,Rx,0,8,0D,10,DF,23,02,20,70,00
126818000,625,false,Rx,0,8,25,00,11,43,FD,BB,E4,01
126882000,60D,false,Rx,0,8,0D,10,DF,23,02,20,70,00
126918000,625,false,Rx,0,8,25,00,11,43,FD,BB,E4,01
126956000,2C4,false,Rx,0,8,05,00,00,00,D5,02,00,00
126957000,2C5,false,Rx,0,8,00,00,00,00,00,00,00,00
126957000,2C6,false,Rx,0,8,F4,01,84,03,00,00,00,00
126972000,54,false,Rx,0,8,01,01,FE,FF,FE,FF,00,00
126972000,55,false,Rx,0,8,10,27,00,00,00,00,00,00
126972000,56,false,Rx,0,8,10,27,00,00,00,00,00,00
126983000,57,false,Rx,0,8,00,00,FE,FF,FE,FF,00,00
126983000,60D,false,Rx,0,8,0D,10,DF,23,02,20,70,00
127018000,625,false,Rx,0,8,25,00,11,43,FD,BB,E4,01
127082000,60D,false,Rx,0,8,0D,10,DF,23,02,20,70,00
127118000,625,false,Rx,0,8,25,00,11,43,FD,BB,E4,01
127156000,2C4,false,Rx,0,8,05,00,00,00,D2,02,00,00
127157000,2C5,false,Rx,0,8,00,00,00,00,00,00,00,00
127157000,2C6,false,Rx,0,8,F4,01,84,03,00,00,00,00
127172000,54,false,Rx,0,8,01,01,FE,FF,FE,FF,00,00
127172000,55,false,Rx,0,8,10,27,00,00,00,00,00,00
127172000,56,false,Rx,0,8,10,27,00,00,00,00,00,00
127183000,57,false,Rx,0,8,00,00,FE,FF,FE,FF,00,00
127183000,60D,false,Rx,0,8,0D,10,DF,23,02,20,70,00
127218000,625,false,Rx,0,8,25,00,11,43,FD,BB,E4,01
127282000,60D,false,Rx,0,8,0D,10,DF,23,02,20,70,00
127318000,625,false,Rx,0,8,25,00,11,43,FD,BB,E4,01
127356000,2C4,false,Rx,0,8,05,00,00,00,D2,02,00,00
127357000,2C5,false,Rx,0,8,00,00,00,00,00,00,00,00
127357000,2C6,false,Rx,0,8,F4,01,84,03,00,00,00,00
127372000,54,false,Rx,0,8,01,01,FE,FF,FE,FF,00,00
127372000,55,false,Rx,0,8,10,27,00,00,00,00,00,00
127372000,56,false,Rx,0,8,10,27,00,00,00,00,00,00
127383000,57,false,Rx,0,8,00,00,FE,FF,FE,FF,00,00
127383000,60D,false,Rx,0,8,0D,10,DF,23,02,20,70,00
127418000,625,false,Rx,0,8,25,00,11,43,FD,BB,E4,01
127482000,60D,false,Rx,0,8,0D,10,DF,23,02,20,70,00
127518000,625,false,Rx,0,8,25,00,11,43,FD,BB,E4,01
127556000,2C4,false,Rx,0,8,05,00,00,00,D2,02,00,00
127557000,2C5,false,Rx,0,8,00,00,00,00,00,00,00,00
127557000,2C6,false,Rx,0,8,F4,01,84,03,00,00,00,00
127572000,54,false,Rx,0,8,01,01,FE,FF,FE,FF,00,00
127572000,55,false,Rx,0,8,10,27,00,00,00,00,00,00
127572000,56,false,Rx,0,8,10,27,00,00,00,00,00,00
127583000,57,false,Rx,0,8,00,00,FE,FF,FE,FF,00,00
127583000,60D,false,Rx,0,8,0D,10,DF,23,02,20,70,00
127618000,625,false,Rx,0,8,25,00,11,43,FD,BB,E4,01
127682000,60D,false,Rx,0,8,0D,10,DF,23,02,20,70,00
127718000,625,false,Rx,0,8,25,00,11,43,FD,BB,E4,01
127756000,2C4,false,Rx,0,8,05,00,00,00,D5,02,00,00
127757000,2C5,false,Rx,0,8,00,00,00,00,00,00,00,00
127757000,2C6,false,Rx,0,8,F4,01,84,03,00,00,00,00
127772000,54,false,Rx,0,8,01,01,FE,FF,FE,FF,00,00
127772000,55,false,Rx,0,8,10,27,00,00,00,00,00,00
127772000,56,false,Rx,0,8,10,27,00,00,00,00,00,00
127783000,57,false,Rx,0,8,00,00,FE,FF,FE,FF,00,00
127783000,60D,false,Rx,0,8,0D,10,DF,23,02,20,70,00
127818000,625,false,Rx,0,8,25,00,11,43,FD,BB,E4,01
127882000,60D,false,Rx,0,8,0D,10,DF,23,02,20,70,00
127918000,625,false,Rx,0,8,25,00,11,43,FD,BB,E4,01
127956000,2C4,false,Rx,0,8,05,00,00,00,D2,02,00,00
127957000,2C5,false,Rx,0,8,00,00,00,00,00,00,00,00
127957000,2C6,false,Rx,0,8,F4,01,84,03,00,00,00,00
127972000,54,false,Rx,0,8,01,01,FE,FF,FE,FF,00,00
127972000,55,false,Rx,0,8,10,27,00,00,00,00,00,00
127972000,56,false,Rx,0,8,10,27,00,00,00,00,00,00
127983000,57,false,Rx,0,8,00,00,FE,FF,FE,FF,00,00
127983000,60D,false,Rx,0,8,0D,10,DF,23,02,20,70,00
128018000,625,false,Rx,0,8,25,00,11,43,FD,BB,E4,01
128082000,60D,false,Rx,0,8,0D,10,DF,23,02,20,70,00
128118000,625,false,Rx,0,8,25,00,11,43,FD,BB,E4,01
128156000,2C4,false,Rx,0,8,05,00,00,00,D2,02,00,00
128157000,2C5,false,Rx,0,8,00,00,00,00,00,00,00,00
128157000,2C6,false,Rx,0,8,F4,01,84,03,00,00,00,00
128172000,54,false,Rx,0,8,01,01,FE,FF,FE,FF,00,00
128172000,55,false,Rx,0,8,10,27,00,00,00,00,00,00
128172000,56,false,Rx,0,8,10,27,00,00,00,00,00,00
128183000,57,false,Rx,0,8,00,00,FE,FF,FE,FF,00,00
128183000,60D,false,Rx,0,8,0D,10,DF,23,02,20,70,00
128218000,625,false,Rx,0,8,25,00,11,43,FD,BB,E4,01
128282000,60D,false,Rx,0,8,0D,10,DF,23,02,20,70,00
128318000,625,false,Rx,0,8,25,00,11,43,FD,BB,E4,01
128356000,2C4,false,Rx,0,8,05,00,00,00,D2,02,00,00
128357000,2C5,false,Rx,0,8,00,00,00,00,00,00,00,00
128357000,2C6,false,Rx,0,8,F4,01,84,03,00,00,00,00
128372000,54,false,Rx,0,8,01,01,FE,FF,FE,FF,00,00
128372000,55,false,Rx,0,8,10,27,00,00,00,00,00,00
128372000,56,false,Rx,0,8,10,27,00,00,00,00,00,00
128383000,57,false,Rx,0,8,00,00,FE,FF,FE,FF,00,00
128383000,60D,false,Rx,0,8,0D,10,DF,23,02,20,70,00
128418000,625,false,Rx,0,8,25,00,11,43,FD,BB,E4,01
128482000,60D,false,Rx,0,8,0D,10,DF,23,02,20,70,00
128518000,625,false,Rx,0,8,25,00,11,43,FD,BB,E4,01
128556000,2C4,false,Rx,0,8,05,00,00,00,D2,02,00,00
128557000,2C5,false,Rx,0,8,00,00,00,00,00,00,00,00
128557000,2C6,false,Rx,0,8,F4,01,84,03,00,00,00,00
128572000,54,false,Rx,0,8,01,01,FE,FF,FE,FF,00,00
128572000,55,false,Rx,0,8,10,27,00,00,00,00,00,00
128572000,56,false,Rx,0,8,10,27,00,00,00,00,00,00
128583000,57,false,Rx,0,8,00,00,FE,FF,FE,FF,00,00
128583000,60D,false,Rx,0,8,0D,10,DF,23,02,20,70,00
128618000,625,false,Rx,0,8,25,00,11,43,FD,BB,E4,01
128682000,60D,false,Rx,0,8,0D,10,DF,23,02,20,70,00
128718000,625,false,Rx,0,8,25,00,11,43,FD,BB,E4,01
128756000,2C4,false,Rx,0,8,05,00,00,00,D5,02,00,00
128757000,2C5,false,Rx,0,8,00,00,00,00,00,00,00,00
128757000,2C6,false,Rx,0,8,F4,01,84,03,00,00,00,00
128772000,54,false,Rx,0,8,01,01,FE,FF,FE,FF,00,00
128772000,55,false,Rx,0,8,10,27,00,00,00,00,00,00
128772000,56,false,Rx,0,8,10,27,00,00,00,00,00,00
128783000,57,false,Rx,0,8,00,00,FE,FF,FE,FF,00,00
128783000,60D,false,Rx,0,8,0D,10,DF,23,02,20,70,00
128818000,625,false,Rx,0,8,25,00,11,43,FD,BB,E4,01
128882000,60D,false,Rx,0,8,0D,10,DF,23,02,20,70,00
128918000,625,false,Rx,0,8,25,00,11,43,FD,BB,E4,01
128956000,2C4,false,Rx,0,8,05,00,00,00,D2,02,00,00
128956000,2C5,false,Rx,0,8,00,00,00,00,00,00,00,00
128957000,2C6,false,Rx,0,8,F4,01,84,03,00,00,00,00
128972000,54,false,Rx,0,8,01,01,FE,FF,FE,FF,00,00
128972000,55,false,Rx,0,8,10,27,00,00,00,00,00,00
128972000,56,false,Rx,0,8,10,27,00,00,00,00,00,00
128983000,57,false,Rx,0,8,00,00,FE,FF,FE,FF,00,00
128983000,60D,false,Rx,0,8,0D,10,DF,23,02,20,70,00
129018000,625,false,Rx,0,8,25,00,11,43,FD,BB,E4,01
129082000,60D,false,Rx,0,8,0D,10,DF,23,02,20,70,00
129118000,625,false,Rx,0,8,25,00,11,43,FD,BB,E4,01
129156000,2C4,false,Rx,0,8,05,00,00,00,D2,02,00,00
129157000,2C5,false,Rx,0,8,00,00,00,00,00,00,00,00
129157000,2C6,false,Rx,0,8,F4,01,84,03,00,00,00,00
129172000,54,false,Rx,0,8,01,01,FE,FF,FE,FF,00,00
129172000,55,false,Rx,0,8,10,27,00,00,00,00,00,00
129172000,56,false,Rx,0,8,10,27,00,00,00,00,00,00
129183000,57,false,Rx,0,8,00,00,FE,FF,FE,FF,00,00
129183000,60D,false,Rx,0,8,0D,10,DF,23,02,20,70,00
129218000,625,false,Rx,0,8,25,00,11,43,FD,BB,E4,01
129282000,60D,false,Rx,0,8,0D,10,DF,23,02,20,70,00
129318000,625,false,Rx,0,8,25,00,11,43,FD,BB,E4,01
129356000,2C4,false,Rx,0,8,05,00,00,00,D2,02,00,00
129356000,2C5,false,Rx,0,8,00,00,00,00,00,00,00,00
129357000,2C6,false,Rx,0,8,F4,01,84,03,00,00,00,00
129372000,54,false,Rx,0,8,01,01,FE,FF,FE,FF,00,00
129372000,55,false,Rx,0,8,10,27,00,00,00,00,00,00
129372000,56,false,Rx,0,8,10,27,00,00,00,00,00,00
129383000,57,false,Rx,0,8,00,00,FE,FF,FE,FF,00,00
129383000,60D,false,Rx,0,8,0D,10,DF,23,02,20,70,00
129418000,625,false,Rx,0,8,25,00,11,43,FD,BB,E4,01
129482000,60D,false,Rx,0,8,0D,10,DF,23,02,20,70,00
129518000,625,false,Rx,0,8,25,00,11,43,FD,BB,E4,01
129556000,2C4,false,Rx,0,8,05,00,00,00,D5,02,00,00
129556000,2C5,false,Rx,0,8,00,00,00,00,00,00,00,00
129557000,2C6,false,Rx,0,8,F4,01,84,03,00,00,00,00
129572000,54,false,Rx,0,8,01,01,FE,FF,FE,FF,00,00
129572000,55,false,Rx,0,8,10,27,00,00,00,00,00,00
129572000,56,false,Rx,0,8,10,27,00,00,00,00,00,00
129583000,57,false,Rx,0,8,00,00,FE,FF,FE,FF,00,00
129583000,60D,false,Rx,0,8,0D,10,DF,23,02,20,70,00
129618000,625,false,Rx,0,8,25,00,11,43,FD,BB,E4,01
129682000,60D,false,Rx,0,8,0D,10,DF,23,02,20,70,00
129718000,625,false,Rx,0,8,25,00,11,43,FD,BB,E4,01
129756000,2C4,false,Rx,0,8,05,00,00,00,D2,02,00,00
129756000,2C5,false,Rx,0,8,00,00,00,00,00,00,00,00
129757000,2C6,false,Rx,0,8,F4,01,84,03,00,00,00,00
129772000,54,false,Rx,0,8,01,01,FE,FF,FE,FF,00,00
129772000,55,false,Rx,0,8,10,27,00,00,00,00,00,00
129772000,56,false,Rx,0,8,10,27,00,00,00,00,00,00
129783000,57,false,Rx,0,8,00,00,FE,FF,FE,FF,00,00
129783000,60D,false,Rx,0,8,0D,10,DF,23,02,20,70,00
129818000,625,false,Rx,0,8,25,00,11,43,FD,BB,E4,01
129882000,60D,false,Rx,0,8,0D,10,DF,23,02,20,70,00
129918000,625,false,Rx,0,8,25,00,11,43,FD,BB,E4,01
129956000,2C4,false,Rx,0,8,05,00,00,00,D2,02,00,00
129956000,2C5,false,Rx,0,8,00,00,00,00,00,00,00,00
129957000,2C6,false,Rx,0,8,F4,01,84,03,00,00,00,00
129972000,54,false,Rx,0,8,01,01,FE,FF,FE,FF,00,00
129972000,55,false,Rx,0,8,10,27,00,00,00,00,00,00
129972000,56,false,Rx,0,8,10,27,00,00,00,00,00,00
129983000,57,false,Rx,0,8,00,00,FE,FF,FE,FF,00,00
129983000,60D,false,Rx,0,8,0D,10,DF,23,02,20,70,00
130018000,625,false,Rx,0,8,25,00,11,43,FD,BB,E4,01
130082000,60D,false,Rx,0,8,0D,10,DF,23,02,20,70,00
130118000,625,false,Rx,0,8,25,00,11,43,FD,BB,E4,01
130156000,2C4,false,Rx,0,8,05,00,00,00,D2,02,00,00
130156000,2C5,false,Rx,0,8,00,00,00,00,00,00,00,00
130157000,2C6,false,Rx,0,8,F4,01,84,03,00,00,00,00
130172000,54,false,Rx,0,8,01,01,FE,FF,FE,FF,00,00
130172000,55,false,Rx,0,8,10,27,00,00,00,00,00,00
130172000,56,false,Rx,0,8,10,27,00,00,00,00,00,00
130183000,57,false,Rx,0,8,00,00,FE,FF,FE,FF,00,00
130183000,60D,false,Rx,0,8,0D,10,DF,23,02,20,70,00
130218000,625,false,Rx,0,8,25,00,11,43,FD,BB,E4,01
130282000,60D,false,Rx,0,8,0D,10,DF,23,02,20,70,00
130318000,625,false,Rx,0,8,25,00,11,43,FD,BB,E4,01
130356000,2C4,false,Rx,0,8,05,00,00,00,D5,02,00,00
130356000,2C5,false,Rx,0,8,00,00,00,00,00,00,00,00
130357000,2C6,false,Rx,0,8,F4,01,84,03,00,00,00,00
130372000,54,false,Rx,0,8,01,01,FE,FF,FE,FF,00,00
130372000,55,false,Rx,0,8,10,27,00,00,00,00,00,00
130372000,56,false,Rx,0,8,10,27,00,00,00,00,00,00
130383000,57,false,Rx,0,8,00,00,FE,FF,FE,FF,00,00
130383000,60D,false,Rx,0,8,0D,10,DF,23,02,20,70,00
130418000,625,false,Rx,0,8,25,00,11,43,FD,BB,E4,01
130482000,60D,false,Rx,0,8,0D,10,DF,23,02,20,70,00
130518000,625,false,Rx,0,8,25,00,11,43,FD,BB,E4,01
130556000,2C4,false,Rx,0,8,05,00,00,00,D2,02,00,00
130556000,2C5,false,Rx,0,8,00,00,00,00,00,00,00,00
130557000,2C6,false,Rx,0,8,F4,01,84,03,00,00,00,00
130572000,54,false,Rx,0,8,01,01,FE,FF,FE,FF,00,00
130572000,55,false,Rx,0,8,10,27,00,00,00,00,00,00
130572000,56,false,Rx,0,8,10,27,00,00,00,00,00,00
130583000,57,false,Rx,0,8,00,00,FE,FF,FE,FF,00,00
130583000,60D,false,Rx,0,8,0D,10,DF,23,02,20,70,00
130618000,625,false,Rx,0,8,25,00,11,43,FD,BB,E4,01
130682000,60D,false,Rx,0,8,0D,10,DF,23,02,20,70,00
130718000,625,false,Rx,0,8,25,00,11,43,FD,BB,E4,01
130756000,2C4,false,Rx,0,8,05,00,00,00,D2,02,00,00
130756000,2C5,false,Rx,0,8,00,00,00,00,00,00,00,00
130757000,2C6,false,Rx,0,8,F4,01,84,03,00,00,00,00
130772000,54,false,Rx,0,8,01,01,FE,FF,FE,FF,00,00
130772000,55,false,Rx,0,8,10,27,00,00,00,00,00,00
130772000,56,false,Rx,0,8,10,27,00,00,00,00,00,00
130783000,57,false,Rx,0,8,00,00,FE,FF,FE,FF,00,00
130783000,60D,false,Rx,0,8,0D,10,DF,23,02,20,70,00
130818000,625,false,Rx,0,8,25,00,11,43,FD,BB,E4,01
130882000,60D,false,Rx,0,8,0D,10,DF,23,02,20,70,00
130918000,625,false,Rx,0,8,25,00,11,43,FD,BB,E4,01
130956000,2C4,false,Rx,0,8,05,00,00,00,D2,02,00,00
130956000,2C5,false,Rx,0,8,00,00,00,00,00,00,00,00
130957000,2C6,false,Rx,0,8,F4,01,84,03,00,00,00,00
130972000,54,false,Rx,0,8,01,01,FE,FF,FE,FF,00,00
130972000,55,false,Rx,0,8,10,27,00,00,00,00,00,00
130972000,56,false,Rx,0,8,10,27,00,00,00,00,00,00
130983000,57,false,Rx,0,8,00,00,FE,FF,FE,FF,00,00
130983000,60D,false,Rx,0,8,0D,10,DF,23,02,20,70,00
131018000,625,false,Rx,0,8,25,00,11,43,FD,BB,E4,01
131082000,60D,false,Rx,0,8,0D,10,DF,23,02,20,70,00
131118000,625,false,Rx,0,8,25,00,11,43,FD,BB,E4,01
131156000,2C4,false,Rx,0,8,05,00,00,00,D5,02,00,00
131156000,2C5,false,Rx,0,8,00,00,00,00,00,00,00,00
131157000,2C6,false,Rx,0,8,F4,01,84,03,00,00,00,00
131172000,54,false,Rx,0,8,01,01,FE,FF,FE,FF,00,00
131172000,55,false,Rx,0,8,10,27,00,00,00,00,00,00
131172000,56,false,Rx,0,8,10,27,00,00,00,00,00,00
131183000,57,false,Rx,0,8,00,00,FE,FF,FE,FF,00,00
131183000,60D,false,Rx,0,8,0D,10,DF,23,02,20,70,00
131218000,625,false,Rx,0,8,25,00,11,43,FD,BB,E4,01
131282000,60D,false,Rx,0,8,0D,10,DF,23,02,20,70,00
131318000,625,false,Rx,0,8,25,00,11,43,FD,BB,E4,01
131356000,2C4,false,Rx,0,8,05,00,00,00,D2,02,00,00
131356000,2C5,false,Rx,0,8,00,00,00,00,00,00,00,00
131357000,2C6,false,Rx,0,8,F4,01,84,03,00,00,00,00
131372000,54,false,Rx,0,8,01,01,FE,FF,FE,FF,00,00
131372000,55,false,Rx,0,8,10,27,00,00,00,00,00,00
131372000,56,false,Rx,0,8,10,27,00,00,00,00,00,00
131383000,57,false,Rx,0,8,00,00,FE,FF,FE,FF,00,00
131383000,60D,false,Rx,0,8,0D,10,DF,23,02,20,70,00
131418000,625,false,Rx,0,8,25,00,11,43,FD,BB,E4,01
131482000,60D,false,Rx,0,8,0D,10,DF,23,02,20,70,00
131518000,625,false,Rx,0,8,25,00,11,43,FD,BB,E4,01
131556000,2C4,false,Rx,0,8,05,00,00,00,D2,02,00,00
131556000,2C5,false,Rx,0,8,00,00,00,00,00,00,00,00
131557000,2C6,false,Rx,0,8,F4,01,84,03,00,00,00,00
131572000,54,false,Rx,0,8,01,01,FE,FF,FE,FF,00,00
131572000,55,false,Rx,0,8,10,27,00,00,00,00,00,00
131572000,56,false,Rx,0,8,10,27,00,00,00,00,00,00
131583000,57,false,Rx,0,8,00,00,FE,FF,FE,FF,00,00
131583000,60D,false,Rx,0,8,0D,10,DF,23,02,20,70,00
131618000,625,false,Rx,0,8,25,00,11,43,FD,BB,E4,01
131682000,60D,false,Rx,0,8,0D,10,DF,23,02,20,70,00
131718000,625,false,Rx,0,8,25,00,11,43,FD,BB,E4,01
131756000,2C4,false,Rx,0,8,05,00,00,00,D2,02,00,00
131756000,2C5,false,Rx,0,8,00,00,00,00,00,00,00,00
131757000,2C6,false,Rx,0,8,F4,01,84,03,00,00,00,00
131772000,54,false,Rx,0,8,01,01,FE,FF,FE,FF,00,00
131772000,55,false,Rx,0,8,10,27,00,00,00,00,00,00
131772000,56,false,Rx,0,8,10,27,00,00,00,00,00,00
131783000,57,false,Rx,0,8,00,00,FE,FF,FE,FF,00,00
131783000,60D,false,Rx,0,8,0D,10,DF,23,02,20,70,00
131818000,625,false,Rx,0,8,25,00,11,43,FD,BB,E4,01
131882000,60D,false,Rx,0,8,0D,10,DF,23,02,20,70,00
131918000,625,false,Rx,0,8,25,00,11,43,FD,BB,E4,01
131956000,2C4,false,Rx,0,8,05,00,00,00,D5,02,00,00
131956000,2C5,false,Rx,0,8,00,00,00,00,00,00,00,00
131957000,2C6,false,Rx,0,8,F4,01,84,03,00,00,00,00
131972000,54,false,Rx,0,8,01,01,FE,FF,FE,FF,00,00
131972000,55,false,Rx,0,8,10,27,00,00,00,00,00,00
131972000,56,false,Rx,0,8,10,27,00,00,00,00,00,00
131983000,57,false,Rx,0,8,00,00,FE,FF,FE,FF,00,00
131983000,60D,false,Rx,0,8,0D,10,DF,23,02,20,70,00
132018000,625,false,Rx,0,8,25,00,11,43,FD,BB,E4,01
132082000,60D,false,Rx,0,8,0D,10,DF,23,02,20,70,00
132118000,625,false,Rx,0,8,25,00,11,43,FD,BB,E4,01
132156000,2C4,false,Rx,0,8,05,00,00,00,D5,02,00,00
132156000,2C5,false,Rx,0,8,00,00,00,00,00,00,00,00
132157000,2C6,false,Rx,0,8,F4,01,84,03,00,00,00,00
132172000,54,false,Rx,0,8,01,01,FE,FF,FE,FF,00,00
132172000,55,false,Rx,0,8,10,27,00,00,00,00,00,00
132172000,56,false,Rx,0,8,10,27,00,00,00,00,00,00
132183000,57,false,Rx,0,8,00,00,FE,FF,FE,FF,00,00
132183000,60D,false,Rx,0,8,0D,10,DF,23,02,20,70,00
132218000,625,false,Rx,0,8,25,00,11,43,FD,BB,E4,01
132282000,60D,false,Rx,0,8,0D,10,DF,23,02,20,70,00
132318000,625,false,Rx,0,8,25,00,11,43,FD,BB,E4,01
132356000,2C4,false,Rx,0,8,05,00,00,00,D2,02,00,00
132356000,2C5,false,Rx,0,8,00,00,00,00,00,00,00,00
132357000,2C6,false,Rx,0,8,F4,01,84,03,00,00,00,00
132372000,54,false,Rx,0,8,01,01,FE,FF,FE,FF,00,00
132372000,55,false,Rx,0,8,10,27,00,00,00,00,00,00
132372000,56,false,Rx,0,8,10,27,00,00,00,00,00,00
132383000,57,false,Rx,0,8,00,00,FE,FF,FE,FF,00,00
132383000,60D,false,Rx,0,8,0D,10,DF,23,02,20,70,00
132418000,625,false,Rx,0,8,25,00,11,43,FD,BB,E4,01
132482000,60D,false,Rx,0,8,0D,10,DF,23,02,20,70,00
132518000,625,false,Rx,0,8,25,00,11,43,FD,BB,E4,01
132556000,2C4,false,Rx,0,8,05,00,00,00,D2,02,00,00
132556000,2C5,false,Rx,0,8,00,00,00,00,00,00,00,00
132557000,2C6,false,Rx,0,8,F4,01,84,03,00,00,00,00
132572000,54,false,Rx,0,8,01,01,FE,FF,FE,FF,00,00
132572000,55,false,Rx,0,8,10,27,00,00,00,00,00,00
132572000,56,false,Rx,0,8,10,27,00,00,00,00,00,00
132583000,57,false,Rx,0,8,00,00,FE,FF,FE,FF,00,00
132583000,60D,false,Rx,0,8,0D,10,DF,23,02,20,70,00
132618000,625,false,Rx,0,8,25,00,11,43,FD,BB,E4,01
132682000,60D,false,Rx,0,8,0D,10,DF,23,02,20,70,00
132718000,625,false,Rx,0,8,25,00,11,43,FD,BB,E4,01
132756000,2C4,false,Rx,0,8,05,00,00,00,D2,02,00,00
132756000,2C5,false,Rx,0,8,00,00,00,00,00,00,00,00
132757000,2C6,false,Rx,0,8,F4,01,84,03,00,00,00,00
132772000,54,false,Rx,0,8,01,01,FE,FF,FE,FF,00,00
132772000,55,false,Rx,0,8,10,27,00,00,00,00,00,00
132772000,56,false,Rx,0,8,10,27,00,00,00,00,00,00
132783000,57,false,Rx,0,8,00,00,FE,FF,FE,FF,00,00
132783000,60D,false,Rx,0,8,0D,10,DF,23,02,20,70,00
132818000,625,false,Rx,0,8,25,00,11,43,FD,BB,E4,01
132882000,60D,false,Rx,0,8,0D,10,DF,23,02,20,70,00
132918000,625,false,Rx,0,8,25,00,11,43,FD,BB,E4,01
132956000,2C4,false,Rx,0,8,05,00,00,00,D5,02,00,00
132956000,2C5,false,Rx,0,8,00,00,00,00,00,00,00,00
132957000,2C6,false,Rx,0,8,F4,01,84,03,00,00,00,00
132972000,54,false,Rx,0,8,01,01,FE,FF,FE,FF,00,00
132972000,55,false,Rx,0,8,10,27,00,00,00,00,00,00
132972000,56,false,Rx,0,8,10,27,00,00,00,00,00,00
132983000,57,false,Rx,0,8,00,00,FE,FF,FE,FF,00,00
132983000,60D,false,Rx,0,8,0D,10,DF,23,02,20,70,00
133018000,625,false,Rx,0,8,25,00,11,43,FD,BB,E4,01
133082000,60D,false,Rx,0,8,0D,10,DF,23,02,20,70,00
133118000,625,false,Rx,0,8,25,00,11,43,FD,BB,E4,01
133156000,2C4,false,Rx,0,8,05,00,00,00,D2,02,00,00
133156000,2C5,false,Rx,0,8,00,00,00,00,00,00,00,00
133157000,2C6,false,Rx,0,8,F4,01,84,03,00,00,00,00
133172000,54,false,Rx,0,8,01,01,FE,FF,FE,FF,00,00
133172000,55,false,Rx,0,8,10,27,00,00,00,00,00,00
133172000,56,false,Rx,0,8,10,27,00,00,00,00,00,00
133183000,57,false,Rx,0,8,00,00,FE,FF,FE,FF,00,00
133183000,60D,false,Rx,0,8,0D,10,DF,23,02,20,70,00
133218000,625,false,Rx,0,8,25,00,11,43,FD,BB,E4,01
133282000,60D,false,Rx,0,8,0D,10,DF,23,02,20,70,00
133318000,625,false,Rx,0,8,25,00,11,43,FD,BB,E4,01
133356000,2C4,false,Rx,0,8,05,00,00,00,D2,02,00,00
133356000,2C5,false,Rx,0,8,00,00,00,00,00,00,00,00
133357000,2C6,false,Rx,0,8,F4,01,84,03,00,00,00,00
133371000,54,false,Rx,0,8,01,01,FE,FF,FE,FF,00,00
133372000,55,false,Rx,0,8,10,27,00,00,00,00,00,00
133372000,56,false,Rx,0,8,10,27,00,00,00,00,00,00
133382000,57,false,Rx,0,8,00,00,FE,FF,FE,FF,00,00
133383000,60D,false,Rx,0,8,0D,10,DF,23,02,20,70,00
133418000,625,false,Rx,0,8,25,00,11,43,FD,BB,E4,01
133482000,60D,false,Rx,0,8,0D,10,DF,23,02,20,70,00
133518000,625,false,Rx,0,8,25,00,11,43,FD,BB,E4,01
133556000,2C4,false,Rx,0,8,05,00,00,00,D2,02,00,00
133556000,2C5,false,Rx,0,8,00,00,00,00,00,00,00,00
133557000,2C6,false,Rx,0,8,F4,01,84,03,00,00,00,00
133571000,54,false,Rx,0,8,01,01,FE,FF,FE,FF,00,00
133572000,55,false,Rx,0,8,10,27,00,00,00,00,00,00
133572000,56,false,Rx,0,8,10,27,00,00,00,00,00,00
133582000,57,false,Rx,0,8,00,00,FE,FF,FE,FF,00,00
133583000,60D,false,Rx,0,8,0D,10,DF,23,02,20,70,00
133618000,625,false,Rx,0,8,25,00,11,43,FD,BB,E4,01
133682000,60D,false,Rx,0,8,0D,10,DF,23,02,20,70,00
133718000,625,false,Rx,0,8,25,00,11,43,FD,BB,E4,01
133756000,2C4,false,Rx,0,8,05,00,00,00,D2,02,00,00
133756000,2C5,false,Rx,0,8,00,00,00,00,00,00,00,00
133757000,2C6,false,Rx,0,8,F4,01,84,03,00,00,00,00
133771000,54,false,Rx,0,8,01,01,FE,FF,FE,FF,00,00
133772000,55,false,Rx,0,8,10,27,00,00,00,00,00,00
133772000,56,false,Rx,0,8,10,27,00,00,00,00,00,00
133782000,57,false,Rx,0,8,00,00,FE,FF,FE,FF,00,00
133783000,60D,false,Rx,0,8,0D,10,DF,23,02,20,70,00
133818000,625,false,Rx,0,8,25,00,11,43,FD,BB,E4,01
133882000,60D,false,Rx,0,8,0D,10,DF,23,02,20,70,00
133918000,625,false,Rx,0,8,25,00,11,43,FD,BB,E4,01
133956000,2C4,false,Rx,0,8,05,00,00,00,D2,02,00,00
133956000,2C5,false,Rx,0,8,00,00,00,00,00,00,00,00
133956000,2C6,false,Rx,0,8,F4,01,84,03,00,00,00,00
133971000,54,false,Rx,0,8,01,01,FE,FF,FE,FF,00,00
133972000,55,false,Rx,0,8,10,27,00,00,00,00,00,00
133972000,56,false,Rx,0,8,10,27,00,00,00,00,00,00
133982000,57,false,Rx,0,8,00,00,FE,FF,FE,FF,00,00
133983000,60D,false,Rx,0,8,0D,10,DF,23,02,20,70,00
134018000,625,false,Rx,0,8,25,00,11,43,FD,BB,E4,01
134082000,60D,false,Rx,0,8,0D,10,DF,23,02,20,70,00
134118000,625,false,Rx,0,8,25,00,11,43,FD,BB,E4,01
134156000,2C4,false,Rx,0,8,05,00,00,00,D2,02,00,00
134156000,2C5,false,Rx,0,8,00,00,00,00,00,00,00,00
134156000,2C6,false,Rx,0,8,F4,01,84,03,00,00,00,00
134171000,54,false,Rx,0,8,01,01,FE,FF,FE,FF,00,00
134172000,55,false,Rx,0,8,10,27,00,00,00,00,00,00
134172000,56,false,Rx,0,8,10,27,00,00,00,00,00,00
134182000,57,false,Rx,0,8,00,00,FE,FF,FE,FF,00,00
134183000,60D,false,Rx,0,8,0D,10,DF,23,02,20,70,00
134218000,625,false,Rx,0,8,25,00,11,43,FD,BB,E4,01
134282000,60D,false,Rx,0,8,0D,10,DF,23,02,20,70,00
134318000,625,false,Rx,0,8,25,00,11,43,FD,BB,E4,01
134356000,2C4,false,Rx,0,8,05,00,00,00,D2,02,00,00
134356000,2C5,false,Rx,0,8,00,00,00,00,00,00,00,00
134356000,2C6,false,Rx,0,8,F4,01,84,03,00,00,00,00
134371000,54,false,Rx,0,8,01,01,FE,FF,FE,FF,00,00
134372000,55,false,Rx,0,8,10,27,00,00,00,00,00,00
134372000,56,false,Rx,0,8,10,27,00,00,00,00,00,00
134382000,57,false,Rx,0,8,00,00,FE,FF,FE,FF,00,00
134383000,60D,false,Rx,0,8,0D,10,DF,23,02,20,70,00
134418000,625,false,Rx,0,8,25,00,11,43,FD,BB,E4,01
134482000,60D,false,Rx,0,8,0D,10,DF,23,02,20,70,00
134518000,625,false,Rx,0,8,25,00,11,43,FD,BB,E4,01
134556000,2C4,false,Rx,0,8,05,00,00,00,D5,02,00,00
134556000,2C5,false,Rx,0,8,00,00,00,00,00,00,00,00
134556000,2C6,false,Rx,0,8,F4,01,84,03,00,00,00,00
134571000,54,false,Rx,0,8,01,01,FE,FF,FE,FF,00,00
134572000,55,false,Rx,0,8,10,27,00,00,00,00,00,00
134572000,56,false,Rx,0,8,10,27,00,00,00,00,00,00
134582000,57,false,Rx,0,8,00,00,FE,FF,FE,FF,00,00
134583000,60D,false,Rx,0,8,0D,10,DF,23,02,20,70,00
134618000,625,false,Rx,0,8,25,00,11,43,FD,BB,E4,01
134682000,60D,false,Rx,0,8,0D,10,DF,23,02,20,70,00
134718000,625,false,Rx,0,8,25,00,11,43,FD,BB,E4,01
134756000,2C4,false,Rx,0,8,05,00,00,00,D2,02,00,00
134756000,2C5,false,Rx,0,8,00,00,00,00,00,00,00,00
134756000,2C6,false,Rx,0,8,F4,01,84,03,00,00,00,00
134771000,54,false,Rx,0,8,01,01,FE,FF,FE,FF,00,00
134772000,55,false,Rx,0,8,10,27,00,00,00,00,00,00
134772000,56,false,Rx,0,8,10,27,00,00,00,00,00,00
134782000,57,false,Rx,0,8,00,00,FE,FF,FE,FF,00,00
134783000,60D,false,Rx,0,8,0D,10,DF,23,02,20,70,00
134818000,625,false,Rx,0,8,25,00,11,43,FD,BB,E4,01
134882000,60D,false,Rx,0,8,0D,10,DF,23,02,20,70,00
134918000,625,false,Rx,0,8,25,00,11,43,FD,BB,E4,01
134956000,2C4,false,Rx,0,8,05,00,00,00,D2,02,00,00
134956000,2C5,false,Rx,0,8,00,00,00,00,00,00,00,00
134956000,2C6,false,Rx,0,8,F4,01,84,03,00,00,00,00
134971000,54,false,Rx,0,8,01,01,FE,FF,FE,FF,00,00
134972000,55,false,Rx,0,8,10,27,00,00,00,00,00,00
134972000,56,false,Rx,0,8,10,27,00,00,00,00,00,00
134982000,57,false,Rx,0,8,00,00,FE,FF,FE,FF,00,00
134983000,60D,false,Rx,0,8,0D,10,DF,23,02,20,70,00
135018000,625,false,Rx,0,8,25,00,11,43,FD,BB,E4,01
135082000,60D,false,Rx,0,8,0D,10,DF,23,02,20,70,00
135118000,625,false,Rx,0,8,25,00,11,43,FD,BB,E4,01
135156000,2C4,false,Rx,0,8,05,00,00,00,D2,02,00,00
135156000,2C5,false,Rx,0,8,00,00,00,00,00,00,00,00
135156000,2C6,false,Rx,0,8,F4,01,84,03,00,00,00,00
135171000,54,false,Rx,0,8,01,01,FE,FF,FE,FF,00,00
135172000,55,false,Rx,0,8,10,27,00,00,00,00,00,00
135172000,56,false,Rx,0,8,10,27,00,00,00,00,00,00
135182000,57,false,Rx,0,8,00,00,FE,FF,FE,FF,00,00
135183000,60D,false,Rx,0,8,0D,10,DF,23,02,20,70,00
135218000,625,false,Rx,0,8,25,00,11,43,FD,BB,E4,01
135282000,60D,false,Rx,0,8,0D,10,DF,23,02,20,70,00
135318000,625,false,Rx,0,8,25,00,11,43,FD,BB,E4,01
135356000,2C4,false,Rx,0,8,05,00,00,00,D5,02,00,00
135356000,2C5,false,Rx,0,8,00,00,00,00,00,00,00,00
135356000,2C6,false,Rx,0,8,F4,01,84,03,00,00,00,00
135371000,54,false,Rx,0,8,01,01,FE,FF,FE,FF,00,00
135372000,55,false,Rx,0,8,10,27,00,00,00,00,00,00
135372000,56,false,Rx,0,8,10,27,00,00,00,00,00,00
135382000,57,false,Rx,0,8,00,00,FE,FF,FE,FF,00,00
135383000,60D,false,Rx,0,8,0D,10,DF,23,02,20,70,00
135418000,625,false,Rx,0,8,25,00,11,43,FD,BB,E4,01
135482000,60D,false,Rx,0,8,0D,10,DF,23,02,20,70,00
135518000,625,false,Rx,0,8,25,00,11,43,FD,BB,E4,01
135556000,2C4,false,Rx,0,8,05,00,00,00,D5,02,00,00
135556000,2C5,false,Rx,0,8,00,00,00,00,00,00,00,00
135556000,2C6,false,Rx,0,8,F4,01,84,03,00,00,00,00
135571000,54,false,Rx,0,8,01,01,FE,FF,FE,FF,00,00
135572000,55,false,Rx,0,8,10,27,00,00,00,00,00,00
135572000,56,false,Rx,0,8,10,27,00,00,00,00,00,00
135582000,57,false,Rx,0,8,00,00,FE,FF,FE,FF,00,00
135583000,60D,false,Rx,0,8,0D,10,DF,23,02,20,70,00
135618000,625,false,Rx,0,8,25,00,11,43,FD,BB,E4,01
135682000,60D,false,Rx,0,8,0D,10,DF,23,02,20,70,00
135718000,625,false,Rx,0,8,25,00,11,43,FD,BB,E4,01
135756000,2C4,false,Rx,0,8,05,00,00,00,D2,02,00,00
135756000,2C5,false,Rx,0,8,00,00,00,00,00,00,00,00
135756000,2C6,false,Rx,0,8,F4,01,84,03,00,00,00,00
135771000,54,false,Rx,0,8,01,01,FE,FF,FE,FF,00,00
135772000,55,false,Rx,0,8,10,27,00,00,00,00,00,00
135772000,56,false,Rx,0,8,10,27,00,00,00,00,00,00
135782000,57,false,Rx,0,8,00,00,FE,FF,FE,FF,00,00
135783000,60D,false,Rx,0,8,0D,10,DF,23,02,20,70,00
135818000,625,false,Rx,0,8,25,00,11,43,FD,BB,E4,01
135882000,60D,false,Rx,0,8,0D,10,DF,23,02,20,70,00
135918000,625,false,Rx,0,8,25,00,11,43,FD,BB,E4,01
135956000,2C4,false,Rx,0,8,05,00,00,00,D2,02,00,00
135956000,2C5,false,Rx,0,8,00,00,00,00,00,00,00,00
135956000,2C6,false,Rx,0,8,F4,01,84,03,00,00,00,00
135971000,54,false,Rx,0,8,01,01,FE,FF,FE,FF,00,00
135972000,55,false,Rx,0,8,10,27,00,00,00,00,00,00
135972000,56,false,Rx,0,8,10,27,00,00,00,00,00,00
135982000,57,false,Rx,0,8,00,00,FE,FF,FE,FF,00,00
135983000,60D,false,Rx,0,8,0D,10,DF,23,02,20,70,00
136018000,625,false,Rx,0,8,25,00,11,43,FD,BB,E4,01
136082000,60D,false,Rx,0,8,0D,10,DF,23,02,20,70,00
136118000,625,false,Rx,0,8,25,00,11,43,FD,BB,E4,01
136156000,2C4,false,Rx,0,8,05,00,00,00,D5,02,00,00
136156000,2C5,false,Rx,0,8,00,00,00,00,00,00,00,00
136156000,2C6,false,Rx,0,8,F4,01,84,03,00,00,00,00
136171000,54,false,Rx,0,8,01,01,FE,FF,FE,FF,00,00
136172000,55,false,Rx,0,8,10,27,00,00,00,00,00,00
136172000,56,false,Rx,0,8,10,27,00,00,00,00,00,00
136182000,57,false,Rx,0,8,00,00,FE,FF,FE,FF,00,00
136183000,60D,false,Rx,0,8,0D,10,DF,23,02,20,70,00
136218000,625,false,Rx,0,8,25,00,11,43,FD,BB,E4,01
136282000,60D,false,Rx,0,8,0D,10,DF,23,02,20,70,00
136318000,625,false,Rx,0,8,25,00,11,43,FD,BB,E4,01
136356000,2C4,false,Rx,0,8,05,00,00,00,D5,02,00,00
136356000,2C5,false,Rx,0,8,00,00,00,00,00,00,00,00
136356000,2C6,false,Rx,0,8,F4,01,84,03,00,00,00,00
136371000,54,false,Rx,0,8,01,01,FE,FF,FE,FF,00,00
136372000,55,false,Rx,0,8,10,27,00,00,00,00,00,00
136372000,56,false,Rx,0,8,10,27,00,00,00,00,00,00
136382000,57,false,Rx,0,8,00,00,FE,FF,FE,FF,00,00
136383000,60D,false,Rx,0,8,0D,10,DF,23,02,20,70,00
136418000,625,false,Rx,0,8,25,00,11,43,FD,BB,E4,01
136482000,60D,false,Rx,0,8,0D,10,DF,23,02,20,70,00
136518000,625,false,Rx,0,8,25,00,11,43,FD,BB,E4,01
136556000,2C4,false,Rx,0,8,05,00,00,00,D2,02,00,00
136556000,2C5,false,Rx,0,8,00,00,00,00,00,00,00,00
136556000,2C6,false,Rx,0,8,F4,01,84,03,00,00,00,00
136571000,54,false,Rx,0,8,01,01,FE,FF,FE,FF,00,00
136572000,55,false,Rx,0,8,10,27,00,00,00,00,00,00
136572000,56,false,Rx,0,8,10,27,00,00,00,00,00,00
136582000,57,false,Rx,0,8,00,00,FE,FF,FE,FF,00,00
136583000,60D,false,Rx,0,8,0D,10,DF,23,02,20,70,00
136618000,625,false,Rx,0,8,25,00,11,43,FD,BB,E4,01
136682000,60D,false,Rx,0,8,0D,10,DF,23,02,20,70,00
136718000,625,false,Rx,0,8,25,00,11,43,FD,BB,E4,01
136756000,2C4,false,Rx,0,8,05,00,00,00,D2,02,00,00
136756000,2C5,false,Rx,0,8,00,00,00,00,00,00,00,00
136756000,2C6,false,Rx,0,8,F4,01,84,03,00,00,00,00
136771000,54,false,Rx,0,8,01,01,FE,FF,FE,FF,00,00
136772000,55,false,Rx,0,8,10,27,00,00,00,00,00,00
136772000,56,false,Rx,0,8,10,27,00,00,00,00,00,00
136782000,57,false,Rx,0,8,00,00,FE,FF,FE,FF,00,00
136783000,60D,false,Rx,0,8,0D,10,DF,23,02,20,70,00
136818000,625,false,Rx,0,8,25,00,11,43,FD,BB,E4,01
136882000,60D,false,Rx,0,8,0D,10,DF,23,02,20,70,00
136918000,625,false,Rx,0,8,25,00,11,43,FD,BB,E4,01
136956000,2C4,false,Rx,0,8,05,00,00,00,D2,02,00,00
136956000,2C5,false,Rx,0,8,00,00,00,00,00,00,00,00
136956000,2C6,false,Rx,0,8,F4,01,84,03,00,00,00,00
136971000,54,false,Rx,0,8,01,01,FE,FF,FE,FF,00,00
136972000,55,false,Rx,0,8,10,27,00,00,00,00,00,00
136972000,56,false,Rx,0,8,10,27,00,00,00,00,00,00
136982000,57,false,Rx,0,8,00,00,FE,FF,FE,FF,00,00
136983000,60D,false,Rx,0,8,0D,10,DF,23,02,20,70,00
137018000,625,false,Rx,0,8,25,00,11,43,FD,BB,E4,01
137082000,60D,false,Rx,0,8,0D,10,DF,23,02,20,70,00
137118000,625,false,Rx,0,8,25,00,11,43,FD,BB,E4,01
137156000,2C4,false,Rx,0,8,05,00,00,00,D5,02,00,00
137156000,2C5,false,Rx,0,8,00,00,00,00,00,00,00,00
137156000,2C6,false,Rx,0,8,F4,01,84,03,00,00,00,00
137171000,54,false,Rx,0,8,01,01,FE,FF,FE,FF,00,00
137172000,55,false,Rx,0,8,10,27,00,00,00,00,00,00
137172000,56,false,Rx,0,8,10,27,00,00,00,00,00,00
137182000,57,false,Rx,0,8,00,00,FE,FF,FE,FF,00,00
137183000,60D,false,Rx,0,8,0D,10,DF,23,02,20,70,00
137218000,625,false,Rx,0,8,25,00,11,43,FD,BB,E4,01
137282000,60D,false,Rx,0,8,0D,10,DF,23,02,20,70,00
137318000,625,false,Rx,0,8,25,00,11,43,FD,BB,E4,01
137356000,2C4,false,Rx,0,8,05,00,00,00,D2,02,00,00
137356000,2C5,false,Rx,0,8,00,00,00,00,00,00,00,00
137356000,2C6,false,Rx,0,8,F4,01,84,03,00,00,00,00
137372000,54,false,Rx,0,8,01,01,FE,FF,FE,FF,00,00
137372000,55,false,Rx,0,8,10,27,00,00,00,00,00,00
137372000,56,false,Rx,0,8,10,27,00,00,00,00,00,00
137383000,57,false,Rx,0,8,00,00,FE,FF,FE,FF,00,00
137383000,60D,false,Rx,0,8,0D,10,DF,23,02,20,70,00
137418000,625,false,Rx,0,8,25,00,11,43,FD,BB,E4,01
137482000,60D,false,Rx,0,8,0D,10,DF,23,02,20,70,00
137518000,625,false,Rx,0,8,25,00,11,43,FD,BB,E4,01
137556000,2C4,false,Rx,0,8,05,00,00,00,D2,02,00,00
137556000,2C5,false,Rx,0,8,00,00,00,00,00,00,00,00
137556000,2C6,false,Rx,0,8,F4,01,84,03,00,00,00,00
137571000,54,false,Rx,0,8,01,01,FE,FF,FE,FF,00,00
137572000,55,false,Rx,0,8,10,27,00,00,00,00,00,00
137572000,56,false,Rx,0,8,10,27,00,00,00,00,00,00
137582000,57,false,Rx,0,8,00,00,FE,FF,FE,FF,00,00
137583000,60D,false,Rx,0,8,0D,10,DF,23,02,20,70,00
137618000,625,false,Rx,0,8,25,00,11,43,FD,BB,E4,01
137682000,60D,false,Rx,0,8,0D,10,DF,23,02,20,70,00
137718000,625,false,Rx,0,8,25,00,11,43,FD,BB,E4,01
137756000,2C4,false,Rx,0,8,05,00,00,00,D2,02,00,00
137756000,2C5,false,Rx,0,8,00,00,00,00,00,00,00,00
137756000,2C6,false,Rx,0,8,F4,01,84,03,00,00,00,00
137771000,54,false,Rx,0,8,01,01,FE,FF,FE,FF,00,00
137772000,55,false,Rx,0,8,10,27,00,00,00,00,00,00
137772000,56,false,Rx,0,8,10,27,00,00,00,00,00,00
137782000,57,false,Rx,0,8,00,00,FE,FF,FE,FF,00,00
137783000,60D,false,Rx,0,8,0D,10,DF,23,02,20,70,00
137818000,625,false,Rx,0,8,25,00,11,43,FD,BB,E4,01
137882000,60D,false,Rx,0,8,0D,10,DF,23,02,20,70,00
137918000,625,false,Rx,0,8,25,00,11,43,FD,BB,E4,01
137956000,2C4,false,Rx,0,8,05,00,00,00,D5,02,00,00
137956000,2C5,false,Rx,0,8,00,00,00,00,00,00,00,00
137956000,2C6,false,Rx,0,8,F4,01,84,03,00,00,00,00
137971000,54,false,Rx,0,8,01,01,FE,FF,FE,FF,00,00
137972000,55,false,Rx,0,8,10,27,00,00,00,00,00,00
137972000,56,false,Rx,0,8,10,27,00,00,00,00,00,00
137982000,57,false,Rx,0,8,00,00,FE,FF,FE,FF,00,00
137983000,60D,false,Rx,0,8,0D,10,DF,23,02,20,70,00
138018000,625,false,Rx,0,8,25,00,11,43,FD,BB,E4,01
138082000,60D,false,Rx,0,8,0D,10,DF,23,02,20,70,00
138118000,625,false,Rx,0,8,25,00,11,43,FD,BB,E4,01
138156000,2C4,false,Rx,0,8,05,00,00,00,D2,02,00,00
138156000,2C5,false,Rx,0,8,00,00,00,00,00,00,00,00
138156000,2C6,false,Rx,0,8,F4,01,84,03,00,00,00,00
138171000,54,false,Rx,0,8,01,01,FE,FF,FE,FF,00,00
138172000,55,false,Rx,0,8,10,27,00,00,00,00,00,00
138172000,56,false,Rx,0,8,10,27,00,00,00,00,00,00
138182000,57,false,Rx,0,8,00,00,FE,FF,FE,FF,00,00
138183000,60D,false,Rx,0,8,0D,10,DF,23,02,20,70,00
138218000,625,false,Rx,0,8,25,00,11,43,FD,BB,E4,01
138282000,60D,false,Rx,0,8,0D,10,DF,23,02,20,70,00
138318000,625,false,Rx,0,8,25,00,11,43,FD,BB,E4,01
138356000,2C4,false,Rx,0,8,05,00,00,00,D2,02,00,00
138356000,2C5,false,Rx,0,8,00,00,00,00,00,00,00,00
138356000,2C6,false,Rx,0,8,F4,01,84,03,00,00,00,00
138371000,54,false,Rx,0,8,01,01,FE,FF,FE,FF,00,00
138372000,55,false,Rx,0,8,10,27,00,00,00,00,00,00
138372000,56,false,Rx,0,8,10,27,00,00,00,00,00,00
138382000,57,false,Rx,0,8,00,00,FE,FF,FE,FF,00,00
138383000,60D,false,Rx,0,8,0D,10,DF,23,02,20,70,00
138418000,625,false,Rx,0,8,25,00,11,43,FD,BB,E4,01
138482000,60D,false,Rx,0,8,0D,10,DF,23,02,20,70,00
138518000,625,false,Rx,0,8,25,00,11,43,FD,BB,E4,01
138556000,2C4,false,Rx,0,8,05,00,00,00,D2,02,00,00
138556000,2C5,false,Rx,0,8,00,00,00,00,00,00,00,00
138556000,2C6,false,Rx,0,8,F4,01,84,03,00,00,00,00
138571000,54,false,Rx,0,8,01,01,FE,FF,FE,FF,00,00
138572000,55,false,Rx,0,8,10,27,00,00,00,00,00,00
138572000,56,false,Rx,0,8,10,27,00,00,00,00,00,00
138582000,57,false,Rx,0,8,00,00,FE,FF,FE,FF,00,00
138583000,60D,false,Rx,0,8,0D,10,DF,23,02,20,70,00
138618000,625,false,Rx,0,8,25,00,11,43,FD,BB,E4,01
138682000,60D,false,Rx,0,8,0D,10,DF,23,02,20,70,00
138718000,625,false,Rx,0,8,25,00,11,43,FD,BB,E4,01
138756000,2C4,false,Rx,0,8,05,00,00,00,D5,02,00,00
138756000,2C5,false,Rx,0,8,00,00,00,00,00,00,00,00
138756000,2C6,false,Rx,0,8,F4,01,84,03,00,00,00,00
138771000,54,false,Rx,0,8,01,01,FE,FF,FE,FF,00,00
138772000,55,false,Rx,0,8,10,27,00,00,00,00,00,00
138772000,56,false,Rx,0,8,10,27,00,00,00,00,00,00
138782000,57,false,Rx,0,8,00,00,FE,FF,FE,FF,00,00
138783000,60D,false,Rx,0,8,0D,10,DF,23,02,20,70,00
138818000,625,false,Rx,0,8,25,00,11,43,FD,BB,E4,01
138882000,60D,false,Rx,0,8,0D,10,DF,23,02,20,70,00
138918000,625,false,Rx,0,8,25,00,11,43,FD,BB,E4,01
138956000,2C4,false,Rx,0,8,05,00,00,00,D5,02,00,00
138956000,2C5,false,Rx,0,8,00,00,00,00,00,00,00,00
138956000,2C6,false,Rx,0,8,F4,01,84,03,00,00,00,00
138971000,54,false,Rx,0,8,01,01,FE,FF,FE,FF,00,00
138972000,55,false,Rx,0,8,10,27,00,00,00,00,00,00
138972000,56,false,Rx,0,8,10,27,00,00,00,00,00,00
138982000,57,false,Rx,0,8,00,00,FE,FF,FE,FF,00,00
138983000,60D,false,Rx,0,8,0D,10,DF,23,02,20,70,00
139018000,625,false,Rx,0,8,25,00,11,43,FD,BB,E4,01
139082000,60D,false,Rx,0,8,0D,10,DF,23,02,20,70,00
139118000,625,false,Rx,0,8,25,00,11,43,FD,BB,E4,01
139156000,2C4,false,Rx,0,8,05,00,00,00,D2,02,00,00
139156000,2C5,false,Rx,0,8,00,00,00,00,00,00,00,00
139156000,2C6,false,Rx,0,8,F4,01,84,03,00,00,00,00
139171000,54,false,Rx,0,8,01,01,FE,FF,FE,FF,00,00
139172000,55,false,Rx,0,8,10,27,00,00,00,00,00,00
139172000,56,false,Rx,0,8,10,27,00,00,00,00,00,00
139182000,57,false,Rx,0,8,00,00,FE,FF,FE,FF,00,00
139183000,60D,false,Rx,0,8,0D,10,DF,23,02,20,70,00
139218000,625,false,Rx,0,8,25,00,11,43,FD,BB,E4,01
139282000,60D,false,Rx,0,8,0D,10,DF,23,02,20,70,00
139318000,625,false,Rx,0,8,25,00,11,43,FD,BB,E4,01
139356000,2C4,false,Rx,0,8,05,00,00,00,D2,02,00,00
139356000,2C5,false,Rx,0,8,00,00,00,00,00,00,00,00
139356000,2C6,false,Rx,0,8,F4,01,84,03,00,00,00,00
139371000,54,false,Rx,0,8,01,01,FE,FF,FE,FF,00,00
139372000,55,false,Rx,0,8,10,27,00,00,00,00,00,00
139372000,56,false,Rx,0,8,10,27,00,00,00,00,00,00
139382000,57,false,Rx,0,8,00,00,FE,FF,FE,FF,00,00
139383000,60D,false,Rx,0,8,0D,10,DF,23,02,20,70,00
139418000,625,false,Rx,0,8,25,00,11,43,FD,BB,E4,01
139482000,60D,false,Rx,0,8,0D,10,DF,23,02,20,70,00
139518000,625,false,Rx,0,8,25,00,11,43,FD,BB,E4,01
139556000,2C4,false,Rx,0,8,05,00,00,00,D5,02,00,00
139556000,2C5,false,Rx,0,8,00,00,00,00,00,00,00,00
139556000,2C6,false,Rx,0,8,F4,01,84,03,00,00,00,00
139571000,54,false,Rx,0,8,01,01,FE,FF,FE,FF,00,00
139572000,55,false,Rx,0,8,10,27,00,00,00,00,00,00
139572000,56,false,Rx,0,8,10,27,00,00,00,00,00,00
139582000,57,false,Rx,0,8,00,00,FE,FF,FE,FF,00,00
139583000,60D,false,Rx,0,8,0D,10,DF,23,02,20,70,00
139618000,625,false,Rx,0,8,25,00,11,43,FD,BB,E4,01
139682000,60D,false,Rx,0,8,0D,10,DF,23,02,20,70,00
139718000,625,false,Rx,0,8,25,00,11,43,FD,BB,E4,01
139756000,2C4,false,Rx,0,8,05,00,00,00,D5,02,00,00
139756000,2C5,false,Rx,0,8,00,00,00,00,00,00,00,00
139756000,2C6,false,Rx,0,8,F4,01,84,03,00,00,00,00
139771000,54,false,Rx,0,8,01,01,FE,FF,FE,FF,00,00
139772000,55,false,Rx,0,8,10,27,00,00,00,00,00,00
139772000,56,false,Rx,0,8,10,27,00,00,00,00,00,00
139782000,57,false,Rx,0,8,00,00,FE,FF,FE,FF,00,00
139783000,60D,false,Rx,0,8,0D,10,DF,23,02,20,70,00
139818000,625,false,Rx,0,8,25,00,11,43,FD,BB,E4,01
139882000,60D,false,Rx,0,8,0D,10,DF,23,02,20,70,00
139918000,625,false,Rx,0,8,25,00,11,43,FD,BB,E4,01
139956000,2C4,false,Rx,0,8,05,00,00,00,D2,02,00,00
139956000,2C5,false,Rx,0,8,00,00,00,00,00,00,00,00
139956000,2C6,false,Rx,0,8,F4,01,84,03,00,00,00,00
139971000,54,false,Rx,0,8,01,01,FE,FF,FE,FF,00,00
139972000,55,false,Rx,0,8,10,27,00,00,00,00,00,00
139972000,56,false,Rx,0,8,10,27,00,00,00,00,00,00
139982000,57,false,Rx,0,8,00,00,FE,FF,FE,FF,00,00
139983000,60D,false,Rx,0,8,0D,10,DF,23,02,20,70,00
140018000,625,false,Rx,0,8,25,00,11,43,FD,BB,E4,01
140082000,60D,false,Rx,0,8,0D,10,DF,23,02,20,70,00
140118000,625,false,Rx,0,8,25,00,11,43,FD,BB,E4,01
140156000,2C4,false,Rx,0,8,05,00,00,00,D2,02,00,00
140156000,2C5,false,Rx,0,8,00,00,00,00,00,00,00,00
140156000,2C6,false,Rx,0,8,F4,01,84,03,00,00,00,00
140171000,54,false,Rx,0,8,01,01,FE,FF,FE,FF,00,00
140172000,55,false,Rx,0,8,10,27,00,00,00,00,00,00
140172000,56,false,Rx,0,8,10,27,00,00,00,00,00,00
140182000,57,false,Rx,0,8,00,00,FE,FF,FE,FF,00,00
140183000,60D,false,Rx,0,8,0D,10,DF,23,02,20,70,00
140218000,625,false,Rx,0,8,25,00,11,43,FD,BB,E4,01
140282000,60D,false,Rx,0,8,0D,10,DF,23,02,20,70,00
140318000,625,false,Rx,0,8,25,00,11,43,FD,BB,E4,01
140356000,2C4,false,Rx,0,8,05,00,00,00,D5,02,00,00
140356000,2C5,false,Rx,0,8,00,00,00,00,00,00,00,00
140356000,2C6,false,Rx,0,8,F4,01,84,03,00,00,00,00
140371000,54,false,Rx,0,8,01,01,FE,FF,FE,FF,00,00
140372000,55,false,Rx,0,8,10,27,00,00,00,00,00,00
140372000,56,false,Rx,0,8,10,27,00,00,00,00,00,00
140382000,57,false,Rx,0,8,00,00,FE,FF,FE,FF,00,00
140383000,60D,false,Rx,0,8,0D,10,DF,23,02,20,70,00
140418000,625,false,Rx,0,8,25,00,11,43,FD,BB,E4,01
140482000,60D,false,Rx,0,8,0D,10,DF,23,02,20,70,00
140518000,625,false,Rx,0,8,25,00,11,43,FD,BB,E4,01
140556000,2C4,false,Rx,0,8,05,00,00,00,D5,02,00,00
140556000,2C5,false,Rx,0,8,00,00,00,00,00,00,00,00
140556000,2C6,false,Rx,0,8,F4,01,84,03,00,00,00,00
140571000,54,false,Rx,0,8,01,01,FE,FF,FE,FF,00,00
140572000,55,false,Rx,0,8,10,27,00,00,00,00,00,00
140572000,56,false,Rx,0,8,10,27,00,00,00,00,00,00
140582000,57,false,Rx,0,8,00,00,FE,FF,FE,FF,00,00
140583000,60D,false,Rx,0,8,0D,10,DF,23,02,20,70,00
140618000,625,false,Rx,0,8,25,00,11,43,FD,BB,E4,01
140682000,60D,false,Rx,0,8,0D,10,DF,23,02,20,70,00
140717000,625,false,Rx,0,8,25,00,11,43,FD,BB,E4,01
140756000,2C4,false,Rx,0,8,05,00,00,00,D2,02,00,00
140756000,2C5,false,Rx,0,8,00,00,00,00,00,00,00,00
140756000,2C6,false,Rx,0,8,F4,01,84,03,00,00,00,00
140771000,54,false,Rx,0,8,01,01,FE,FF,FE,FF,00,00
140772000,55,false,Rx,0,8,10,27,00,00,00,00,00,00
140772000,56,false,Rx,0,8,10,27,00,00,00,00,00,00
140782000,57,false,Rx,0,8,00,00,FE,FF,FE,FF,00,00
140783000,60D,false,Rx,0,8,0D,10,DF,23,02,20,70,00
140817000,625,false,Rx,0,8,25,00,11,43,FD,BB,E4,01
140882000,60D,false,Rx,0,8,0D,10,DF,23,02,20,70,00
140917000,625,false,Rx,0,8,25,00,11,43,FD,BB,E4,01
140956000,2C4,false,Rx,0,8,05,00,00,00,D2,02,00,00
140956000,2C5,false,Rx,0,8,00,00,00,00,00,00,00,00
140956000,2C6,false,Rx,0,8,F4,01,84,03,00,00,00,00
140971000,54,false,Rx,0,8,01,01,FE,FF,FE,FF,00,00
140972000,55,false,Rx,0,8,10,27,00,00,00,00,00,00
140972000,56,false,Rx,0,8,10,27,00,00,00,00,00,00
140982000,57,false,Rx,0,8,00,00,FE,FF,FE,FF,00,00
140983000,60D,false,Rx,0,8,0D,10,DF,23,02,20,70,00
141017000,625,false,Rx,0,8,25,00,11,43,FD,BB,E4,01
141082000,60D,false,Rx,0,8,0D,10,DF,23,02,20,70,00
141117000,625,false,Rx,0,8,25,00,11,43,FD,BB,E4,01
141156000,2C4,false,Rx,0,8,05,00,00,00,D5,02,00,00
141156000,2C5,false,Rx,0,8,00,00,00,00,00,00,00,00
141156000,2C6,false,Rx,0,8,F4,01,84,03,00,00,00,00
141171000,54,false,Rx,0,8,01,01,FE,FF,FE,FF,00,00
141172000,55,false,Rx,0,8,10,27,00,00,00,00,00,00
141172000,56,false,Rx,0,8,10,27,00,00,00,00,00,00
141182000,57,false,Rx,0,8,00,00,FE,FF,FE,FF,00,00
141183000,60D,false,Rx,0,8,0D,10,DF,23,02,20,70,00
141217000,625,false,Rx,0,8,25,00,11,43,FD,BB,E4,01
141282000,60D,false,Rx,0,8,0D,10,DF,23,02,20,70,00
141317000,625,false,Rx,0,8,25,00,11,43,FD,BB,E4,01
141356000,2C4,false,Rx,0,8,05,00,00,00,D5,02,00,00
141356000,2C5,false,Rx,0,8,00,00,00,00,00,00,00,00
141356000,2C6,false,Rx,0,8,F4,01,84,03,00,00,00,00
141371000,54,false,Rx,0,8,01,01,FE,FF,FE,FF,00,00
141372000,55,false,Rx,0,8,10,27,00,00,00,00,00,00
141372000,56,false,Rx,0,8,10,27,00,00,00,00,00,00
141382000,57,false,Rx,0,8,00,00,FE,FF,FE,FF,00,00
141383000,60D,false,Rx,0,8,0D,10,DF,23,02,20,70,00
141417000,625,false,Rx,0,8,25,00,11,43,FD,BB,E4,01
141482000,60D,false,Rx,0,8,0D,10,DF,23,02,20,70,00
141517000,625,false,Rx,0,8,25,00,11,43,FD,BB,E4,01
141556000,2C4,false,Rx,0,8,05,00,00,00,D2,02,00,00
141556000,2C5,false,Rx,0,8,00,00,00,00,00,00,00,00
141556000,2C6,false,Rx,0,8,F4,01,84,03,00,00,00,00
141571000,54,false,Rx,0,8,01,01,FE,FF,FE,FF,00,00
141572000,55,false,Rx,0,8,10,27,00,00,00,00,00,00
141572000,56,false,Rx,0,8,10,27,00,00,00,00,00,00
141582000,57,false,Rx,0,8,00,00,FE,FF,FE,FF,00,00
141583000,60D,false,Rx,0,8,0D,10,DF,23,02,20,70,00
141617000,625,false,Rx,0,8,25,00,11,43,FD,BB,E4,01
141682000,60D,false,Rx,0,8,0D,10,DF,23,02,20,70,00
141717000,625,false,Rx,0,8,25,00,11,43,FD,BB,E4,01
141756000,2C4,false,Rx,0,8,05,00,00,00,D2,02,00,00
141756000,2C5,false,Rx,0,8,00,00,00,00,00,00,00,00
141756000,2C6,false,Rx,0,8,F4,01,84,03,00,00,00,00
141771000,54,false,Rx,0,8,01,01,FE,FF,FE,FF,00,00
141772000,55,false,Rx,0,8,10,27,00,00,00,00,00,00
141772000,56,false,Rx,0,8,10,27,00,00,00,00,00,00
141782000,57,false,Rx,0,8,00,00,FE,FF,FE,FF,00,00
141783000,60D,false,Rx,0,8,0D,10,DF,23,02,20,70,00
141817000,625,false,Rx,0,8,25,00,11,43,FD,BB,E4,01
141882000,60D,false,Rx,0,8,0D,10,DF,23,02,20,70,00
141917000,625,false,Rx,0,8,25,00,11,43,FD,BB,E4,01
141956000,2C4,false,Rx,0,8,05,00,00,00,D2,02,00,00
141956000,2C5,false,Rx,0,8,00,00,00,00,00,00,00,00
141956000,2C6,false,Rx,0,8,F4,01,84,03,00,00,00,00
141971000,54,false,Rx,0,8,01,01,FE,FF,FE,FF,00,00
141972000,55,false,Rx,0,8,10,27,00,00,00,00,00,00
141972000,56,false,Rx,0,8,10,27,00,00,00,00,00,00
141982000,57,false,Rx,0,8,00,00,FE,FF,FE,FF,00,00
141983000,60D,false,Rx,0,8,0D,10,DF,23,02,20,70,00
142017000,625,false,Rx,0,8,25,00,11,43,FD,BB,E4,01
142082000,60D,false,Rx,0,8,0D,10,DF,23,02,20,70,00
142117000,625,false,Rx,0,8,25,00,11,43,FD,BB,E4,01
142156000,2C4,false,Rx,0,8,05,00,00,00,D5,02,00,00
142156000,2C5,false,Rx,0,8,00,00,00,00,00,00,00,00
142156000,2C6,false,Rx,0,8,F4,01,84,03,00,00,00,00
142171000,54,false,Rx,0,8,01,01,FE,FF,FE,FF,00,00
142172000,55,false,Rx,0,8,10,27,00,00,00,00,00,00
142172000,56,false,Rx,0,8,10,27,00,00,00,00,00,00
142182000,57,false,Rx,0,8,00,00,FE,FF,FE,FF,00,00
142183000,60D,false,Rx,0,8,0D,10,DF,23,02,20,70,00
142217000,625,false,Rx,0,8,25,00,11,43,FD,BB,E4,01
142282000,60D,false,Rx,0,8,0D,10,DF,23,02,20,70,00
142317000,625,false,Rx,0,8,25,00,11,43,FD,BB,E4,01
142356000,2C4,false,Rx,0,8,05,00,00,00,D5,02,00,00
142356000,2C5,false,Rx,0,8,00,00,00,00,00,00,00,00
142356000,2C6,false,Rx,0,8,F4,01,84,03,00,00,00,00
142372000,54,false,Rx,0,8,01,01,FE,FF,FE,FF,00,00
142372000,55,false,Rx,0,8,10,27,00,00,00,00,00,00
142372000,56,false,Rx,0,8,10,27,00,00,00,00,00,00
142383000,57,false,Rx,0,8,00,00,FE,FF,FE,FF,00,00
142383000,60D,false,Rx,0,8,0D,10,DF,23,02,20,70,00
142417000,625,false,Rx,0,8,25,00,11,43,FD,BB,E4,01
142482000,60D,false,Rx,0,8,0D,10,DF,23,02,20,70,00
142517000,625,false,Rx,0,8,25,00,11,43,FD,BB,E4,01
142556000,2C4,false,Rx,0,8,05,00,00,00,D2,02,00,00
142556000,2C5,false,Rx,0,8,00,00,00,00,00,00,00,00
142556000,2C6,false,Rx,0,8,F4,01,84,03,00,00,00,00
142571000,54,false,Rx,0,8,01,01,FE,FF,FE,FF,00,00
142572000,55,false,Rx,0,8,10,27,00,00,00,00,00,00
142572000,56,false,Rx,0,8,10,27,00,00,00,00,00,00
142582000,57,false,Rx,0,8,00,00,FE,FF,FE,FF,00,00
142583000,60D,false,Rx,0,8,0D,10,DF,23,02,20,70,00
142617000,625,false,Rx,0,8,25,00,11,43,FD,BB,E4,01
142682000,60D,false,Rx,0,8,0D,10,DF,23,02,20,70,00
142717000,625,false,Rx,0,8,25,00,11,43,FD,BB,E4,01
142756000,2C4,false,Rx,0,8,05,00,00,00,D2,02,00,00
142756000,2C5,false,Rx,0,8,00,00,00,00,00,00,00,00
142756000,2C6,false,Rx,0,8,F4,01,84,03,00,00,00,00
142771000,54,false,Rx,0,8,01,01,FE,FF,FE,FF,00,00
142772000,55,false,Rx,0,8,10,27,00,00,00,00,00,00
142772000,56,false,Rx,0,8,10,27,00,00,00,00,00,00
142782000,57,false,Rx,0,8,00,00,FE,FF,FE,FF,00,00
142783000,60D,false,Rx,0,8,0D,10,DF,23,02,20,70,00
142817000,625,false,Rx,0,8,25,00,11,43,FD,BB,E4,01
142882000,60D,false,Rx,0,8,0D,10,DF,23,02,20,70,00
142917000,625,false,Rx,0,8,25,00,11,43,FD,BB,E4,01
142956000,2C4,false,Rx,0,8,05,00,00,00,D5,02,00,00
142956000,2C5,false,Rx,0,8,00,00,00,00,00,00,00,00
142956000,2C6,false,Rx,0,8,F4,01,84,03,00,00,00,00
142971000,54,false,Rx,0,8,01,01,FE,FF,FE,FF,00,00
142972000,55,false,Rx,0,8,10,27,00,00,00,00,00,00
142972000,56,false,Rx,0,8,10,27,00,00,00,00,00,00
142982000,57,false,Rx,0,8,00,00,FE,FF,FE,FF,00,00
142983000,60D,false,Rx,0,8,0D,10,DF,23,02,20,70,00
143017000,625,false,Rx,0,8,25,00,11,43,FD,BB,E4,01
143082000,60D,false,Rx,0,8,0D,10,DF,23,02,20,70,00
143117000,625,false,Rx,0,8,25,00,11,43,FD,BB,E4,01
143155000,2C4,false,Rx,0,8,05,00,00,00,D5,02,00,00
143156000,2C5,false,Rx,0,8,00,00,00,00,00,00,00,00
143156000,2C6,false,Rx,0,8,F4,01,84,03,00,00,00,00
143171000,54,false,Rx,0,8,01,01,FE,FF,FE,FF,00,00
143172000,55,false,Rx,0,8,10,27,00,00,00,00,00,00
143172000,56,false,Rx,0,8,10,27,00,00,00,00,00,00
143182000,57,false,Rx,0,8,00,00,FE,FF,FE,FF,00,00
143183000,60D,false,Rx,0,8,0D,10,DF,23,02,20,70,00
143217000,625,false,Rx,0,8,25,00,11,43,FD,BB,E4,01
143282000,60D,false,Rx,0,8,0D,10,DF,23,02,20,70,00
143317000,625,false,Rx,0,8,25,00,11,43,FD,BB,E4,01
143355000,2C4,false,Rx,0,8,05,00,00,00,D2,02,00,00
143356000,2C5,false,Rx,0,8,00,00,00,00,00,00,00,00
143356000,2C6,false,Rx,0,8,F4,01,84,03,00,00,00,00
143371000,54,false,Rx,0,8,01,01,FE,FF,FE,FF,00,00
143372000,55,false,Rx,0,8,10,27,00,00,00,00,00,00
143372000,56,false,Rx,0,8,10,27,00,00,00,00,00,00
143382000,57,false,Rx,0,8,00,00,FE,FF,FE,FF,00,00
143383000,60D,false,Rx,0,8,0D,10,DF,23,02,20,70,00
143417000,625,false,Rx,0,8,25,00,11,43,FD,BB,E4,01
143482000,60D,false,Rx,0,8,0D,10,DF,23,02,20,70,00
143517000,625,false,Rx,0,8,25,00,11,43,FD,BB,E4,01
143555000,2C4,false,Rx,0,8,05,00,00,00,D2,02,00,00
143556000,2C5,false,Rx,0,8,00,00,00,00,00,00,00,00
143556000,2C6,false,Rx,0,8,F4,01,84,03,00,00,00,00
143571000,54,false,Rx,0,8,01,01,FE,FF,FE,FF,00,00
143572000,55,false,Rx,0,8,10,27,00,00,00,00,00,00
143572000,56,false,Rx,0,8,10,27,00,00,00,00,00,00
143582000,57,false,Rx,0,8,00,00,FE,FF,FE,FF,00,00
143583000,60D,false,Rx,0,8,0D,10,DF,23,02,20,70,00
143617000,625,false,Rx,0,8,25,00,11,43,FD,BB,E4,01
143682000,60D,false,Rx,0,8,0D,10,DF,23,02,20,70,00
143717000,625,false,Rx,0,8,25,00,11,43,FD,BB,E4,01
143755000,2C4,false,Rx,0,8,05,00,00,00,D5,02,00,00
143756000,2C5,false,Rx,0,8,00,00,00,00,00,00,00,00
143756000,2C6,false,Rx,0,8,F4,01,84,03,00,00,00,00
143771000,54,false,Rx,0,8,01,01,FE,FF,FE,FF,00,00
143772000,55,false,Rx,0,8,10,27,00,00,00,00,00,00
143772000,56,false,Rx,0,8,10,27,00,00,00,00,00,00
143782000,57,false,Rx,0,8,00,00,FE,FF,FE,FF,00,00
143783000,60D,false,Rx,0,8,0D,10,DF,23,02,20,70,00
143817000,625,false,Rx,0,8,25,00,11,43,FD,BB,E4,01
143882000,60D,false,Rx,0,8,0D,10,DF,23,02,20,70,00
143917000,625,false,Rx,0,8,25,00,11,43,FD,BB,E4,01
143955000,2C4,false,Rx,0,8,05,00,00,00,D5,02,00,00
143956000,2C5,false,Rx,0,8,00,00,00,00,00,00,00,00
143956000,2C6,false,Rx,0,8,F4,01,84,03,00,00,00,00
143971000,54,false,Rx,0,8,01,01,FE,FF,FE,FF,00,00
143972000,55,false,Rx,0,8,10,27,00,00,00,00,00,00
143972000,56,false,Rx,0,8,10,27,00,00,00,00,00,00
143982000,57,false,Rx,0,8,00,00,FE,FF,FE,FF,00,00
143983000,60D,false,Rx,0,8,0D,10,DF,23,02,20,70,00
144017000,625,false,Rx,0,8,25,00,11,43,FD,BB,E4,01
144082000,60D,false,Rx,0,8,0D,10,DF,23,02,20,70,00
144117000,625,false,Rx,0,8,25,00,11,43,FD,BB,E4,01
144155000,2C4,false,Rx,0,8,05,00,00,00,D2,02,00,00
144156000,2C5,false,Rx,0,8,00,00,00,00,00,00,00,00
144156000,2C6,false,Rx,0,8,F4,01,84,03,00,00,00,00
144171000,54,false,Rx,0,8,01,01,FE,FF,FE,FF,00,00
144172000,55,false,Rx,0,8,10,27,00,00,00,00,00,00
144172000,56,false,Rx,0,8,10,27,00,00,00,00,00,00
144182000,57,false,Rx,0,8,00,00,FE,FF,FE,FF,00,00
144182000,60D,false,Rx,0,8,0D,10,DF,23,02,20,70,00
144217000,625,false,Rx,0,8,25,00,11,43,FD,BB,E4,01
144282000,60D,false,Rx,0,8,0D,10,DF,23,02,20,70,00
144317000,625,false,Rx,0,8,25,00,11,43,FD,BB,E4,01
144355000,2C4,false,Rx,0,8,05,00,00,00,D2,02,00,00
144356000,2C5,false,Rx,0,8,00,00,00,00,00,00,00,00
144356000,2C6,false,Rx,0,8,F4,01,84,03,00,00,00,00
144371000,54,false,Rx,0,8,01,01,FE,FF,FE,FF,00,00
144372000,55,false,Rx,0,8,10,27,00,00,00,00,00,00
144372000,56,false,Rx,0,8,10,27,00,00,00,00,00,00
144382000,57,false,Rx,0,8,00,00,FE,FF,FE,FF,00,00
144383000,60D,false,Rx,0,8,0D,10,DF,23,02,20,70,00
144417000,625,false,Rx,0,8,25,00,11,43,FD,BB,E4,01
144482000,60D,false,Rx,0,8,0D,10,DF,23,02,20,70,00
144517000,625,false,Rx,0,8,25,00,11,43,FD,BB,E4,01
144555000,2C4,false,Rx,0,8,05,00,00,00,D5,02,00,00
144556000,2C5,false,Rx,0,8,00,00,00,00,00,00,00,00
144556000,2C6,false,Rx,0,8,F4,01,84,03,00,00,00,00
144571000,54,false,Rx,0,8,01,01,FE,FF,FE,FF,00,00
144572000,55,false,Rx,0,8,10,27,00,00,00,00,00,00
144572000,56,false,Rx,0,8,10,27,00,00,00,00,00,00
144582000,57,false,Rx,0,8,00,00,FE,FF,FE,FF,00,00
144582000,60D,false,Rx,0,8,0D,10,DF,23,02,20,70,00
144617000,625,false,Rx,0,8,25,00,11,43,FD,BB,E4,01
144682000,60D,false,Rx,0,8,0D,10,DF,23,02,20,70,00
144717000,625,false,Rx,0,8,25,00,11,43,FD,BB,E4,01
144755000,2C4,false,Rx,0,8,05,00,00,00,D5,02,00,00
144756000,2C5,false,Rx,0,8,00,00,00,00,00,00,00,00
144756000,2C6,false,Rx,0,8,F4,01,84,03,00,00,00,00
144771000,54,false,Rx,0,8,01,01,FE,FF,FE,FF,00,00
144772000,55,false,Rx,0,8,10,27,00,00,00,00,00,00
144772000,56,false,Rx,0,8,10,27,00,00,00,00,00,00
144782000,57,false,Rx,0,8,00,00,FE,FF,FE,FF,00,00
144782000,60D,false,Rx,0,8,0D,10,DF,23,02,20,70,00
144817000,625,false,Rx,0,8,25,00,11,43,FD,BB,E4,01
144882000,60D,false,Rx,0,8,0D,10,DF,23,02,20,70,00
144917000,625,false,Rx,0,8,25,00,11,43,FD,BB,E4,01
144955000,2C4,false,Rx,0,8,05,00,00,00,D2,02,00,00
144956000,2C5,false,Rx,0,8,00,00,00,00,00,00,00,00
144956000,2C6,false,Rx,0,8,F4,01,84,03,00,00,00,00
144971000,54,false,Rx,0,8,01,01,FE,FF,FE,FF,00,00
144972000,55,false,Rx,0,8,10,27,00,00,00,00,00,00
144972000,56,false,Rx,0,8,10,27,00,00,00,00,00,00
144982000,57,false,Rx,0,8,00,00,FE,FF,FE,FF,00,00
144982000,60D,false,Rx,0,8,0D,10,DF,23,02,20,70,00
145017000,625,false,Rx,0,8,25,00,11,43,FD,BB,E4,01
145082000,60D,false,Rx,0,8,0D,10,DF,23,02,20,70,00
145117000,625,false,Rx,0,8,25,00,11,43,FD,BB,E4,01
145155000,2C4,false,Rx,0,8,05,00,00,00,D2,02,00,00
145156000,2C5,false,Rx,0,8,00,00,00,00,00,00,00,00
145156000,2C6,false,Rx,0,8,F4,01,84,03,00,00,00,00
145171000,54,false,Rx,0,8,01,01,FE,FF,FE,FF,00,00
145172000,55,false,Rx,0,8,10,27,00,00,00,00,00,00
145172000,56,false,Rx,0,8,10,27,00,00,00,00,00,00
145182000,57,false,Rx,0,8,00,00,FE,FF,FE,FF,00,00
145182000,60D,false,Rx,0,8,0D,10,DF,23,02,20,70,00
145217000,625,false,Rx,0,8,25,00,11,43,FD,BB,E4,01
145282000,60D,false,Rx,0,8,0D,10,DF,23,02,20,70,00
145317000,625,false,Rx,0,8,25,00,11,43,FD,BB,E4,01
145355000,2C4,false,Rx,0,8,05,00,00,00,D2,02,00,00
145356000,2C5,false,Rx,0,8,00,00,00,00,00,00,00,00
145356000,2C6,false,Rx,0,8,F4,01,84,03,00,00,00,00
145371000,54,false,Rx,0,8,01,01,FE,FF,FE,FF,00,00
145372000,55,false,Rx,0,8,10,27,00,00,00,00,00,00
145372000,56,false,Rx,0,8,10,27,00,00,00,00,00,00
145382000,57,false,Rx,0,8,00,00,FE,FF,FE,FF,00,00
145382000,60D,false,Rx,0,8,0D,10,DF,23,02,20,70,00
145417000,625,false,Rx,0,8,25,00,11,43,FD,BB,E4,01
145482000,60D,false,Rx,0,8,0D,10,DF,23,02,20,70,00
145517000,625,false,Rx,0,8,25,00,11,43,FD,BB,E4,01
145555000,2C4,false,Rx,0,8,05,00,00,00,D5,02,00,00
145556000,2C5,false,Rx,0,8,00,00,00,00,00,00,00,00
145556000,2C6,false,Rx,0,8,F4,01,84,03,00,00,00,00
145571000,54,false,Rx,0,8,01,01,FE,FF,FE,FF,00,00
145572000,55,false,Rx,0,8,10,27,00,00,00,00,00,00
145572000,56,false,Rx,0,8,10,27,00,00,00,00,00,00
145582000,57,false,Rx,0,8,00,00,FE,FF,FE,FF,00,00
145582000,60D,false,Rx,0,8,0D,10,DF,23,02,20,70,00
145617000,625,false,Rx,0,8,25,00,11,43,FD,BB,E4,01
145682000,60D,false,Rx,0,8,0D,10,DF,23,02,20,70,00
145717000,625,false,Rx,0,8,25,00,11,43,FD,BB,E4,01
145755000,2C4,false,Rx,0,8,05,00,00,00,D5,02,00,00
145756000,2C5,false,Rx,0,8,00,00,00,00,00,00,00,00
145756000,2C6,false,Rx,0,8,F4,01,84,03,00,00,00,00
145771000,54,false,Rx,0,8,01,01,FE,FF,FE,FF,00,00
145772000,55,false,Rx,0,8,10,27,00,00,00,00,00,00
145772000,56,false,Rx,0,8,10,27,00,00,00,00,00,00
145782000,57,false,Rx,0,8,00,00,FE,FF,FE,FF,00,00
145782000,60D,false,Rx,0,8,0D,10,DF,23,02,20,70,00
145817000,625,false,Rx,0,8,25,00,11,43,FD,BB,E4,01
145882000,60D,false,Rx,0,8,0D,10,DF,23,02,20,70,00
145917000,625,false,Rx,0,8,25,00,11,43,FD,BB,E4,01
145955000,2C4,false,Rx,0,8,05,00,00,00,D2,02,00,00
145956000,2C5,false,Rx,0,8,00,00,00,00,00,00,00,00
145956000,2C6,false,Rx,0,8,F4,01,84,03,00,00,00,00
145971000,54,false,Rx,0,8,01,01,FE,FF,FE,FF,00,00
145972000,55,false,Rx,0,8,10,27,00,00,00,00,00,00
145972000,56,false,Rx,0,8,10,27,00,00,00,00,00,00
145982000,57,false,Rx,0,8,00,00,FE,FF,FE,FF,00,00
145982000,60D,false,Rx,0,8,0D,10,DF,23,02,20,70,00
146017000,625,false,Rx,0,8,25,00,11,43,FD,BB,E4,01
146082000,60D,false,Rx,0,8,0D,10,DF,23,02,20,70,00
146117000,625,false,Rx,0,8,25,00,11,43,FD,BB,E4,01
146155000,2C4,false,Rx,0,8,05,00,00,00,D2,02,00,00
146156000,2C5,false,Rx,0,8,00,00,00,00,00,00,00,00
146156000,2C6,false,Rx,0,8,F4,01,84,03,00,00,00,00
146171000,54,false,Rx,0,8,01,01,FE,FF,FE,FF,00,00
146172000,55,false,Rx,0,8,10,27,00,00,00,00,00,00
146172000,56,false,Rx,0,8,10,27,00,00,00,00,00,00
146182000,57,false,Rx,0,8,00,00,FE,FF,FE,FF,00,00
146182000,60D,false,Rx,0,8,0D,10,DF,23,02,20,70,00
146217000,625,false,Rx,0,8,25,00,11,43,FD,BB,E4,01
146282000,60D,false,Rx,0,8,0D,10,DF,23,02,20,70,00
146317000,625,false,Rx,0,8,25,00,11,43,FD,BB,E4,01
146355000,2C4,false,Rx,0,8,05,00,00,00,D5,02,00,00
146356000,2C5,false,Rx,0,8,00,00,00,00,00,00,00,00
146356000,2C6,false,Rx,0,8,F4,01,84,03,00,00,00,00
146371000,54,false,Rx,0,8,01,01,FE,FF,FE,FF,00,00
146372000,55,false,Rx,0,8,10,27,00,00,00,00,00,00
146372000,56,false,Rx,0,8,10,27,00,00,00,00,00,00
146382000,57,false,Rx,0,8,00,00,FE,FF,FE,FF,00,00
146382000,60D,false,Rx,0,8,0D,10,DF,23,02,20,70,00
146417000,625,false,Rx,0,8,25,00,11,43,FD,BB,E4,01
146482000,60D,false,Rx,0,8,0D,10,DF,23,02,20,70,00
146517000,625,false,Rx,0,8,25,00,11,43,FD,BB,E4,01
146555000,2C4,false,Rx,0,8,05,00,00,00,D5,02,00,00
146556000,2C5,false,Rx,0,8,00,00,00,00,00,00,00,00
146556000,2C6,false,Rx,0,8,F4,01,84,03,00,00,00,00
146571000,54,false,Rx,0,8,01,01,FE,FF,FE,FF,00,00
146572000,55,false,Rx,0,8,10,27,00,00,00,00,00,00
146572000,56,false,Rx,0,8,10,27,00,00,00,00,00,00
146582000,57,false,Rx,0,8,00,00,FE,FF,FE,FF,00,00
146582000,60D,false,Rx,0,8,0D,10,DF,23,02,20,70,00
146617000,625,false,Rx,0,8,25,00,11,43,FD,BB,E4,01
146682000,60D,false,Rx,0,8,0D,10,DF,23,02,20,70,00
146717000,625,false,Rx,0,8,25,00,11,43,FD,BB,E4,01
146755000,2C4,false,Rx,0,8,05,00,00,00,D2,02,00,00
146756000,2C5,false,Rx,0,8,00,00,00,00,00,00,00,00
146756000,2C6,false,Rx,0,8,F4,01,84,03,00,00,00,00
146771000,54,false,Rx,0,8,01,01,FE,FF,FE,FF,00,00
146772000,55,false,Rx,0,8,10,27,00,00,00,00,00,00
146772000,56,false,Rx,0,8,10,27,00,00,00,00,00,00
146782000,57,false,Rx,0,8,00,00,FE,FF,FE,FF,00,00
146782000,60D,false,Rx,0,8,0D,10,DF,23,02,20,70,00
146817000,625,false,Rx,0,8,25,00,11,43,FD,BB,E4,01
146882000,60D,false,Rx,0,8,0D,10,DF,23,02,20,70,00
146917000,625,false,Rx,0,8,25,00,11,43,FD,BB,E4,01
146955000,2C4,false,Rx,0,8,05,00,00,00,D2,02,00,00
146956000,2C5,false,Rx,0,8,00,00,00,00,00,00,00,00
146956000,2C6,false,Rx,0,8,F4,01,84,03,00,00,00,00
146971000,54,false,Rx,0,8,01,01,FE,FF,FE,FF,00,00
146972000,55,false,Rx,0,8,10,27,00,00,00,00,00,00
146972000,56,false,Rx,0,8,10,27,00,00,00,00,00,00
146982000,57,false,Rx,0,8,00,00,FE,FF,FE,FF,00,00
146982000,60D,false,Rx,0,8,0D,10,DF,23,02,20,70,00
147017000,625,false,Rx,0,8,25,00,11,43,FD,BB,E4,01
147082000,60D,false,Rx,0,8,0D,10,DF,23,02,20,70,00
147117000,625,false,Rx,0,8,25,00,11,43,FD,BB,E4,01
147155000,2C4,false,Rx,0,8,05,00,00,00,D5,02,00,00
147156000,2C5,false,Rx,0,8,00,00,00,00,00,00,00,00
147156000,2C6,false,Rx,0,8,F4,01,84,03,00,00,00,00
147171000,54,false,Rx,0,8,01,01,FE,FF,FE,FF,00,00
147172000,55,false,Rx,0,8,10,27,00,00,00,00,00,00
147172000,56,false,Rx,0,8,10,27,00,00,00,00,00,00
147182000,57,false,Rx,0,8,00,00,FE,FF,FE,FF,00,00
147182000,60D,false,Rx,0,8,0D,10,DF,23,02,20,70,00
147217000,625,false,Rx,0,8,25,00,11,43,FD,BB,E4,01
147282000,60D,false,Rx,0,8,0D,10,DF,23,02,20,70,00
147317000,625,false,Rx,0,8,25,00,11,43,FD,BB,E4,01
147355000,2C4,false,Rx,0,8,05,00,00,00,D5,02,00,00
147356000,2C5,false,Rx,0,8,00,00,00,00,00,00,00,00
147356000,2C6,false,Rx,0,8,F4,01,84,03,00,00,00,00
147371000,54,false,Rx,0,8,01,01,FE,FF,FE,FF,00,00
147372000,55,false,Rx,0,8,10,27,00,00,00,00,00,00
147372000,56,false,Rx,0,8,10,27,00,00,00,00,00,00
147382000,57,false,Rx,0,8,00,00,FE,FF,FE,FF,00,00
147383000,60D,false,Rx,0,8,0D,10,DF,23,02,20,70,00
147417000,625,false,Rx,0,8,25,00,11,43,FD,BB,E4,01
147482000,60D,false,Rx,0,8,0D,10,DF,23,02,20,70,00
147517000,625,false,Rx,0,8,25,00,11,43,FD,BB,E4,01
147555000,2C4,false,Rx,0,8,05,00,00,00,D2,02,00,00
147556000,2C5,false,Rx,0,8,00,00,00,00,00,00,00,00
147556000,2C6,false,Rx,0,8,F4,01,84,03,00,00,00,00
147571000,54,false,Rx,0,8,01,01,FE,FF,FE,FF,00,00
147572000,55,false,Rx,0,8,10,27,00,00,00,00,00,00
147572000,56,false,Rx,0,8,10,27,00,00,00,00,00,00
147582000,57,false,Rx,0,8,00,00,FE,FF,FE,FF,00,00
147582000,60D,false,Rx,0,8,0D,10,DF,23,02,20,70,00
147617000,625,false,Rx,0,8,25,00,11,43,FD,BB,E4,01
147682000,60D,false,Rx,0,8,0D,10,DF,23,02,20,70,00
147717000,625,false,Rx,0,8,25,00,11,43,FD,BB,E4,01
147755000,2C4,false,Rx,0,8,05,00,00,00,D2,02,00,00
147756000,2C5,false,Rx,0,8,00,00,00,00,00,00,00,00
147756000,2C6,false,Rx,0,8,F4,01,84,03,00,00,00,00
147771000,54,false,Rx,0,8,01,01,FE,FF,FE,FF,00,00
147772000,55,false,Rx,0,8,10,27,00,00,00,00,00,00
147772000,56,false,Rx,0,8,10,27,00,00,00,00,00,00
147782000,57,false,Rx,0,8,00,00,FE,FF,FE,FF,00,00
147782000,60D,false,Rx,0,8,0D,10,DF,23,02,20,70,00
147817000,625,false,Rx,0,8,25,00,11,43,FD,BB,E4,01
147882000,60D,false,Rx,0,8,0D,10,DF,23,02,20,70,00
147917000,625,false,Rx,0,8,25,00,11,43,FD,BB,E4,01
147955000,2C4,false,Rx,0,8,05,00,00,00,D5,02,00,00
147955000,2C5,false,Rx,0,8,00,00,00,00,00,00,00,00
147956000,2C6,false,Rx,0,8,F4,01,84,03,00,00,00,00
147971000,54,false,Rx,0,8,01,01,FE,FF,FE,FF,00,00
147972000,55,false,Rx,0,8,10,27,00,00,00,00,00,00
147972000,56,false,Rx,0,8,10,27,00,00,00,00,00,00
147982000,57,false,Rx,0,8,00,00,FE,FF,FE,FF,00,00
147982000,60D,false,Rx,0,8,0D,10,DF,23,02,20,70,00
148017000,625,false,Rx,0,8,25,00,11,43,FD,BB,E4,01
148082000,60D,false,Rx,0,8,0D,10,DF,23,02,20,70,00
148117000,625,false,Rx,0,8,25,00,11,43,FD,BB,E4,01
148155000,2C4,false,Rx,0,8,05,00,00,00,D5,02,00,00
148155000,2C5,false,Rx,0,8,00,00,00,00,00,00,00,00
148156000,2C6,false,Rx,0,8,F4,01,84,03,00,00,00,00
148171000,54,false,Rx,0,8,01,01,FE,FF,FE,FF,00,00
148172000,55,false,Rx,0,8,10,27,00,00,00,00,00,00
148172000,56,false,Rx,0,8,10,27,00,00,00,00,00,00
148182000,57,false,Rx,0,8,00,00,FE,FF,FE,FF,00,00
148183000,60D,false,Rx,0,8,0D,10,DF,23,02,20,70,00
148217000,625,false,Rx,0,8,25,00,11,43,FD,BB,E4,01
148282000,60D,false,Rx,0,8,0D,10,DF,23,02,20,70,00
148317000,625,false,Rx,0,8,25,00,11,43,FD,BB,E4,01
148355000,2C4,false,Rx,0,8,05,00,00,00,D2,02,00,00
148355000,2C5,false,Rx,0,8,00,00,00,00,00,00,00,00
148356000,2C6,false,Rx,0,8,F4,01,84,03,00,00,00,00
148371000,54,false,Rx,0,8,01,01,FE,FF,FE,FF,00,00
148372000,55,false,Rx,0,8,10,27,00,00,00,00,00,00
148372000,56,false,Rx,0,8,10,27,00,00,00,00,00,00
148382000,57,false,Rx,0,8,00,00,FE,FF,FE,FF,00,00
148382000,60D,false,Rx,0,8,0D,10,DF,23,02,20,70,00
148417000,625,false,Rx,0,8,25,00,11,43,FD,BB,E4,01
148481000,60D,false,Rx,0,8,0D,10,DF,23,02,20,70,00
148517000,625,false,Rx,0,8,25,00,11,43,FD,BB,E4,01
148555000,2C4,false,Rx,0,8,05,00,00,00,D2,02,00,00
148555000,2C5,false,Rx,0,8,00,00,00,00,00,00,00,00
148556000,2C6,false,Rx,0,8,F4,01,84,03,00,00,00,00
148571000,54,false,Rx,0,8,01,01,FE,FF,FE,FF,00,00
148572000,55,false,Rx,0,8,10,27,00,00,00,00,00,00
148572000,56,false,Rx,0,8,10,27,00,00,00,00,00,00
148582000,57,false,Rx,0,8,00,00,FE,FF,FE,FF,00,00
148582000,60D,false,Rx,0,8,0D,10,DF,23,02,20,70,00
148617000,625,false,Rx,0,8,25,00,11,43,FD,BB,E4,01
148681000,60D,false,Rx,0,8,0D,10,DF,23,02,20,70,00
148717000,625,false,Rx,0,8,25,00,11,43,FD,BB,E4,01
148755000,2C4,false,Rx,0,8,05,00,00,00,D5,02,00,00
148755000,2C5,false,Rx,0,8,00,00,00,00,00,00,00,00
148756000,2C6,false,Rx,0,8,F4,01,84,03,00,00,00,00
148771000,54,false,Rx,0,8,01,01,FE,FF,FE,FF,00,00
148772000,55,false,Rx,0,8,10,27,00,00,00,00,00,00
148772000,56,false,Rx,0,8,10,27,00,00,00,00,00,00
148782000,57,false,Rx,0,8,00,00,FE,FF,FE,FF,00,00
148782000,60D,false,Rx,0,8,0D,10,DF,23,02,20,70,00
148817000,625,false,Rx,0,8,25,00,11,43,FD,BB,E4,01
148881000,60D,false,Rx,0,8,0D,10,DF,23,02,20,70,00
148917000,625,false,Rx,0,8,25,00,11,43,FD,BB,E4,01
148955000,2C4,false,Rx,0,8,05,00,00,00,D5,02,00,00
148955000,2C5,false,Rx,0,8,00,00,00,00,00,00,00,00
148956000,2C6,false,Rx,0,8,F4,01,84,03,00,00,00,00
148971000,54,false,Rx,0,8,01,01,FE,FF,FE,FF,00,00
148972000,55,false,Rx,0,8,10,27,00,00,00,00,00,00
148972000,56,false,Rx,0,8,10,27,00,00,00,00,00,00
148982000,57,false,Rx,0,8,00,00,FE,FF,FE,FF,00,00
148982000,60D,false,Rx,0,8,0D,10,DF,23,02,20,70,00
149017000,625,false,Rx,0,8,25,00,11,43,FD,BB,E4,01
149081000,60D,false,Rx,0,8,0D,10,DF,23,02,20,70,00
149117000,625,false,Rx,0,8,25,00,11,43,FD,BB,E4,01
149155000,2C4,false,Rx,0,8,05,00,00,00,D5,02,00,00
149155000,2C5,false,Rx,0,8,00,00,00,00,00,00,00,00
149156000,2C6,false,Rx,0,8,F4,01,84,03,00,00,00,00
149171000,54,false,Rx,0,8,01,01,FE,FF,FE,FF,00,00
149172000,55,false,Rx,0,8,10,27,00,00,00,00,00,00
149172000,56,false,Rx,0,8,10,27,00,00,00,00,00,00
149182000,57,false,Rx,0,8,00,00,FE,FF,FE,FF,00,00
149182000,60D,false,Rx,0,8,0D,10,DF,23,02,20,70,00
149217000,625,false,Rx,0,8,25,00,11,43,FD,BB,E4,01
149281000,60D,false,Rx,0,8,0D,10,DF,23,02,20,70,00
149317000,625,false,Rx,0,8,25,00,11,43,FD,BB,E4,01
149355000,2C4,false,Rx,0,8,05,00,00,00,D2,02,00,00
149355000,2C5,false,Rx,0,8,00,00,00,00,00,00,00,00
149356000,2C6,false,Rx,0,8,F4,01,84,03,00,00,00,00
149371000,54,false,Rx,0,8,01,01,FE,FF,FE,FF,00,00
149372000,55,false,Rx,0,8,10,27,00,00,00,00,00,00
149372000,56,false,Rx,0,8,10,27,00,00,00,00,00,00
149382000,57,false,Rx,0,8,00,00,FE,FF,FE,FF,00,00
149382000,60D,false,Rx,0,8,0D,10,DF,23,02,20,70,00
149417000,625,false,Rx,0,8,25,00,11,43,FD,BB,E4,01
149481000,60D,false,Rx,0,8,0D,10,DF,23,02,20,70,00
149517000,625,false,Rx,0,8,25,00,11,43,FD,BB,E4,01
149555000,2C4,false,Rx,0,8,05,00,00,00,D5,02,00,00
149555000,2C5,false,Rx,0,8,00,00,00,00,00,00,00,00
149556000,2C6,false,Rx,0,8,F4,01,84,03,00,00,00,00
149571000,54,false,Rx,0,8,01,01,FE,FF,FE,FF,00,00
149572000,55,false,Rx,0,8,10,27,00,00,00,00,00,00
149572000,56,false,Rx,0,8,10,27,00,00,00,00,00,00
149582000,57,false,Rx,0,8,00,00,FE,FF,FE,FF,00,00
149582000,60D,false,Rx,0,8,0D,10,DF,23,02,20,70,00
149617000,625,false,Rx,0,8,25,00,11,43,FD,BB,E4,01
149681000,60D,false,Rx,0,8,0D,10,DF,23,02,20,70,00
149717000,625,false,Rx,0,8,25,00,11,43,FD,BB,E4,01
149755000,2C4,false,Rx,0,8,05,00,00,00,D5,02,00,00
149755000,2C5,false,Rx,0,8,00,00,00,00,00,00,00,00
149756000,2C6,false,Rx,0,8,F4,01,84,03,00,00,00,00
149771000,54,false,Rx,0,8,01,01,FE,FF,FE,FF,00,00
149772000,55,false,Rx,0,8,10,27,00,00,00,00,00,00
149772000,56,false,Rx,0,8,10,27,00,00,00,00,00,00
149782000,57,false,Rx,0,8,00,00,FE,FF,FE,FF,00,00
149782000,60D,false,Rx,0,8,0D,10,DF,23,02,20,70,00
149817000,625,false,Rx,0,8,25,00,11,43,FD,BB,E4,01
149881000,60D,false,Rx,0,8,0D,10,DF,23,02,20,70,00
149917000,625,false,Rx,0,8,25,00,11,43,FD,BB,E4,01
149955000,2C4,false,Rx,0,8,05,00,00,00,D5,02,00,00
149955000,2C5,false,Rx,0,8,00,00,00,00,00,00,00,00
149956000,2C6,false,Rx,0,8,F4,01,84,03,00,00,00,00
149971000,54,false,Rx,0,8,01,01,FE,FF,FE,FF,00,00
149972000,55,false,Rx,0,8,10,27,00,00,00,00,00,00
149972000,56,false,Rx,0,8,10,27,00,00,00,00,00,00
149982000,57,false,Rx,0,8,00,00,FE,FF,FE,FF,00,00
149982000,60D,false,Rx,0,8,0D,10,DF,23,02,20,70,00
150017000,625,false,Rx,0,8,25,00,11,43,FD,BB,E4,01
150081000,60D,false,Rx,0,8,0D,10,DF,23,02,20,70,00
150117000,625,false,Rx,0,8,25,00,11,43,FD,BB,E4,01
150155000,2C4,false,Rx,0,8,05,00,00,00,D2,02,00,00
150155000,2C5,false,Rx,0,8,00,00,00,00,00,00,00,00
150156000,2C6,false,Rx,0,8,F4,01,84,03,00,00,00,00
150171000,54,false,Rx,0,8,01,01,FE,FF,FE,FF,00,00
150172000,55,false,Rx,0,8,10,27,00,00,00,00,00,00
150172000,56,false,Rx,0,8,10,27,00,00,00,00,00,00
150182000,57,false,Rx,0,8,00,00,FE,FF,FE,FF,00,00
150182000,60D,false,Rx,0,8,0D,10,DF,23,02,20,70,00
150217000,625,false,Rx,0,8,25,00,11,43,FD,BB,E4,01
150281000,60D,false,Rx,0,8,0D,10,DF,23,02,20,70,00
150317000,625,false,Rx,0,8,25,00,11,43,FD,BB,E4,01
150355000,2C4,false,Rx,0,8,05,00,00,00,D2,02,00,00
150355000,2C5,false,Rx,0,8,00,00,00,00,00,00,00,00
150356000,2C6,false,Rx,0,8,F4,01,84,03,00,00,00,00
150371000,54,false,Rx,0,8,01,01,FE,FF,FE,FF,00,00
150372000,55,false,Rx,0,8,10,27,00,00,00,00,00,00
150372000,56,false,Rx,0,8,10,27,00,00,00,00,00,00
150382000,57,false,Rx,0,8,00,00,FE,FF,FE,FF,00,00
150382000,60D,false,Rx,0,8,0D,10,DF,23,02,20,70,00
150417000,625,false,Rx,0,8,25,00,11,43,FD,BB,E4,01
150481000,60D,false,Rx,0,8,0D,10,DF,23,02,20,70,00
150517000,625,false,Rx,0,8,25,00,11,43,FD,BB,E4,01
150555000,2C4,false,Rx,0,8,05,00,00,00,D5,02,00,00
150555000,2C5,false,Rx,0,8,00,00,00,00,00,00,00,00
150556000,2C6,false,Rx,0,8,F4,01,84,03,00,00,00,00
150571000,54,false,Rx,0,8,01,01,FE,FF,FE,FF,00,00
150572000,55,false,Rx,0,8,10,27,00,00,00,00,00,00
150572000,56,false,Rx,0,8,10,27,00,00,00,00,00,00
150582000,57,false,Rx,0,8,00,00,FE,FF,FE,FF,00,00
150582000,60D,false,Rx,0,8,0D,10,DF,23,02,20,70,00
150617000,625,false,Rx,0,8,25,00,11,43,FD,BB,E4,01
150681000,60D,false,Rx,0,8,0D,10,DF,23,02,20,70,00
150717000,625,false,Rx,0,8,25,00,11,43,FD,BB,E4,01
150755000,2C4,false,Rx,0,8,05,00,00,00,D5,02,00,00
150755000,2C5,false,Rx,0,8,00,00,00,00,00,00,00,00
150756000,2C6,false,Rx,0,8,F4,01,84,03,00,00,00,00
150771000,54,false,Rx,0,8,01,01,FE,FF,FE,FF,00,00
150772000,55,false,Rx,0,8,10,27,00,00,00,00,00,00
150772000,56,false,Rx,0,8,10,27,00,00,00,00,00,00
150782000,57,false,Rx,0,8,00,00,FE,FF,FE,FF,00,00
150782000,60D,false,Rx,0,8,0D,10,DF,23,02,20,70,00
150817000,625,false,Rx,0,8,25,00,11,43,FD,BB,E4,01
150881000,60D,false,Rx,0,8,0D,10,DF,23,02,20,70,00
150917000,625,false,Rx,0,8,25,00,11,43,FD,BB,E4,01
150955000,2C4,false,Rx,0,8,05,00,00,00,D2,02,00,00
150955000,2C5,false,Rx,0,8,00,00,00,00,00,00,00,00
150956000,2C6,false,Rx,0,8,F4,01,84,03,00,00,00,00
150971000,54,false,Rx,0,8,01,01,FE,FF,FE,FF,00,00
150972000,55,false,Rx,0,8,10,27,00,00,00,00,00,00
150972000,56,false,Rx,0,8,10,27,00,00,00,00,00,00
150982000,57,false,Rx,0,8,00,00,FE,FF,FE,FF,00,00
150982000,60D,false,Rx,0,8,0D,10,DF,23,02,20,70,00
151017000,625,false,Rx,0,8,25,00,11,43,FD,BB,E4,01
151081000,60D,false,Rx,0,8,0D,10,DF,23,02,20,70,00
151117000,625,false,Rx,0,8,25,00,11,43,FD,BB,E4,01
151155000,2C4,false,Rx,0,8,05,00,00,00,D2,02,00,00
151155000,2C5,false,Rx,0,8,00,00,00,00,00,00,00,00
151156000,2C6,false,Rx,0,8,F4,01,84,03,00,00,00,00
151171000,54,false,Rx,0,8,01,01,FE,FF,FE,FF,00,00
151172000,55,false,Rx,0,8,10,27,00,00,00,00,00,00
151172000,56,false,Rx,0,8,10,27,00,00,00,00,00,00
151182000,57,false,Rx,0,8,00,00,FE,FF,FE,FF,00,00
151182000,60D,false,Rx,0,8,0D,10,DF,23,02,20,70,00
151217000,625,false,Rx,0,8,25,00,11,43,FD,BB,E4,01
151281000,60D,false,Rx,0,8,0D,10,DF,23,02,20,70,00
151317000,625,false,Rx,0,8,25,00,11,43,FD,BB,E4,01
151355000,2C4,false,Rx,0,8,05,00,00,00,D5,02,00,00
151355000,2C5,false,Rx,0,8,00,00,00,00,00,00,00,00
151356000,2C6,false,Rx,0,8,F4,01,84,03,00,00,00,00
151371000,54,false,Rx,0,8,01,01,FE,FF,FE,FF,00,00
151371000,55,false,Rx,0,8,10,27,00,00,00,00,00,00
151372000,56,false,Rx,0,8,10,27,00,00,00,00,00,00
151382000,57,false,Rx,0,8,00,00,FE,FF,FE,FF,00,00
151382000,60D,false,Rx,0,8,0D,10,DF,23,02,20,70,00
151417000,625,false,Rx,0,8,25,00,11,43,FD,BB,E4,01
151481000,60D,false,Rx,0,8,0D,10,DF,23,02,20,70,00
151517000,625,false,Rx,0,8,25,00,11,43,FD,BB,E4,01
151555000,2C4,false,Rx,0,8,05,00,00,00,D5,02,00,00
151555000,2C5,false,Rx,0,8,00,00,00,00,00,00,00,00
151556000,2C6,false,Rx,0,8,F4,01,84,03,00,00,00,00
151571000,54,false,Rx,0,8,01,01,FE,FF,FE,FF,00,00
151572000,55,false,Rx,0,8,10,27,00,00,00,00,00,00
151572000,56,false,Rx,0,8,10,27,00,00,00,00,00,00
151582000,57,false,Rx,0,8,00,00,FE,FF,FE,FF,00,00
151582000,60D,false,Rx,0,8,0D,10,DF,23,02,20,70,00
151617000,625,false,Rx,0,8,25,00,11,43,FD,BB,E4,01
151681000,60D,false,Rx,0,8,0D,10,DF,23,02,20,70,00
151717000,625,false,Rx,0,8,25,00,11,43,FD,BB,E4,01
151755000,2C4,false,Rx,0,8,05,00,00,00,D2,02,00,00
151755000,2C5,false,Rx,0,8,00,00,00,00,00,00,00,00
151756000,2C6,false,Rx,0,8,F4,01,84,03,00,00,00,00
151771000,54,false,Rx,0,8,01,01,FE,FF,FE,FF,00,00
151771000,55,false,Rx,0,8,10,27,00,00,00,00,00,00
151772000,56,false,Rx,0,8,10,27,00,00,00,00,00,00
151782000,57,false,Rx,0,8,00,00,FE,FF,FE,FF,00,00
151782000,60D,false,Rx,0,8,0D,10,DF,23,02,20,70,00
151817000,625,false,Rx,0,8,25,00,11,43,FD,BB,E4,01
151881000,60D,false,Rx,0,8,0D,10,DF,23,02,20,70,00
151917000,625,false,Rx,0,8,25,00,11,43,FD,BB,E4,01
151955000,2C4,false,Rx,0,8,05,00,00,00,D2,02,00,00
151955000,2C5,false,Rx,0,8,00,00,00,00,00,00,00,00
151956000,2C6,false,Rx,0,8,F4,01,84,03,00,00,00,00
151971000,54,false,Rx,0,8,01,01,FE,FF,FE,FF,00,00
151971000,55,false,Rx,0,8,10,27,00,00,00,00,00,00
151972000,56,false,Rx,0,8,10,27,00,00,00,00,00,00
151982000,57,false,Rx,0,8,00,00,FE,FF,FE,FF,00,00
151982000,60D,false,Rx,0,8,0D,10,DF,23,02,20,70,00
152017000,625,false,Rx,0,8,25,00,11,43,FD,BB,E4,01
152081000,60D,false,Rx,0,8,0D,10,DF,23,02,20,70,00
152117000,625,false,Rx,0,8,25,00,11,43,FD,BB,E4,01
152155000,2C4,false,Rx,0,8,05,00,00,00,D5,02,00,00
152155000,2C5,false,Rx,0,8,00,00,00,00,00,00,00,00
152155000,2C6,false,Rx,0,8,F4,01,84,03,00,00,00,00
152171000,54,false,Rx,0,8,01,01,FE,FF,FE,FF,00,00
152171000,55,false,Rx,0,8,10,27,00,00,00,00,00,00
152172000,56,false,Rx,0,8,10,27,00,00,00,00,00,00
152182000,57,false,Rx,0,8,00,00,FE,FF,FE,FF,00,00
152182000,60D,false,Rx,0,8,0D,10,DF,23,02,20,70,00
152217000,625,false,Rx,0,8,25,00,11,43,FD,BB,E4,01
152281000,60D,false,Rx,0,8,0D,10,DF,23,02,20,70,00
152317000,625,false,Rx,0,8,25,00,11,43,FD,BB,E4,01
152355000,2C4,false,Rx,0,8,05,00,00,00,D5,02,00,00
152355000,2C5,false,Rx,0,8,00,00,00,00,00,00,00,00
152355000,2C6,false,Rx,0,8,F4,01,84,03,00,00,00,00
152371000,54,false,Rx,0,8,01,01,FE,FF,FE,FF,00,00
152372000,55,false,Rx,0,8,10,27,00,00,00,00,00,00
152372000,56,false,Rx,0,8,10,27,00,00,00,00,00,00
152382000,57,false,Rx,0,8,00,00,FE,FF,FE,FF,00,00
152383000,60D,false,Rx,0,8,0D,10,DF,23,02,20,70,00
152417000,625,false,Rx,0,8,25,00,11,43,FD,BB,E4,01
152482000,60D,false,Rx,0,8,0D,10,DF,23,02,20,70,00
152517000,625,false,Rx,0,8,25,00,11,43,FD,BB,E4,01
152555000,2C4,false,Rx,0,8,05,00,00,00,D5,02,00,00
152555000,2C5,false,Rx,0,8,00,00,00,00,00,00,00,00
152555000,2C6,false,Rx,0,8,F4,01,84,03,00,00,00,00
152571000,54,false,Rx,0,8,01,01,FE,FF,FE,FF,00,00
152572000,55,false,Rx,0,8,10,27,00,00,00,00,00,00
152572000,56,false,Rx,0,8,10,27,00,00,00,00,00,00
152582000,57,false,Rx,0,8,00,00,FE,FF,FE,FF,00,00
152582000,60D,false,Rx,0,8,0D,10,DF,23,02,20,70,00
152617000,625,false,Rx,0,8,25,00,11,43,FD,BB,E4,01
152681000,60D,false,Rx,0,8,0D,10,DF,23,02,20,70,00
152717000,625,false,Rx,0,8,25,00,11,43,FD,BB,E4,01
152755000,2C4,false,Rx,0,8,05,00,00,00,D2,02,00,00
152755000,2C5,false,Rx,0,8,00,00,00,00,00,00,00,00
152755000,2C6,false,Rx,0,8,F4,01,84,03,00,00,00,00
152771000,54,false,Rx,0,8,01,01,FE,FF,FE,FF,00,00
152772000,55,false,Rx,0,8,10,27,00,00,00,00,00,00
152772000,56,false,Rx,0,8,10,27,00,00,00,00,00,00
152782000,57,false,Rx,0,8,00,00,FE,FF,FE,FF,00,00
152782000,60D,false,Rx,0,8,0D,10,DF,23,02,20,70,00
152817000,625,false,Rx,0,8,25,00,11,43,FD,BB,E4,01
152881000,60D,false,Rx,0,8,0D,10,DF,23,02,20,70,00
152917000,625,false,Rx,0,8,25,00,11,43,FD,BB,E4,01
152955000,2C4,false,Rx,0,8,05,00,00,00,D5,02,00,00
152955000,2C5,false,Rx,0,8,00,00,00,00,00,00,00,00
152955000,2C6,false,Rx,0,8,F4,01,84,03,00,00,00,00
152971000,54,false,Rx,0,8,01,01,FE,FF,FE,FF,00,00
152971000,55,false,Rx,0,8,10,27,00,00,00,00,00,00
152972000,56,false,Rx,0,8,10,27,00,00,00,00,00,00
152982000,57,false,Rx,0,8,00,00,FE,FF,FE,FF,00,00
152982000,60D,false,Rx,0,8,0D,10,DF,23,02,20,70,00
153017000,625,false,Rx,0,8,25,00,11,43,FD,BB,E4,01
153081000,60D,false,Rx,0,8,0D,10,DF,23,02,20,70,00
153117000,625,false,Rx,0,8,25,00,11,43,FD,BB,E4,01
153155000,2C4,false,Rx,0,8,05,00,00,00,D5,02,00,00
153155000,2C5,false,Rx,0,8,00,00,00,00,00,00,00,00
153155000,2C6,false,Rx,0,8,F4,01,84,03,00,00,00,00
153171000,54,false,Rx,0,8,01,01,FE,FF,FE,FF,00,00
153171000,55,false,Rx,0,8,10,27,00,00,00,00,00,00
153172000,56,false,Rx,0,8,10,27,00,00,00,00,00,00
153182000,57,false,Rx,0,8,00,00,FE,FF,FE,FF,00,00
153182000,60D,false,Rx,0,8,0D,10,DF,23,02,20,70,00
153217000,625,false,Rx,0,8,25,00,11,43,FD,BB,E4,01
153281000,60D,false,Rx,0,8,0D,10,DF,23,02,20,70,00
153317000,625,false,Rx,0,8,25,00,11,43,FD,BB,E4,01
153355000,2C4,false,Rx,0,8,05,00,00,00,D5,02,00,00
153355000,2C5,false,Rx,0,8,00,00,00,00,00,00,00,00
153355000,2C6,false,Rx,0,8,F4,01,84,03,00,00,00,00
153371000,54,false,Rx,0,8,01,01,FE,FF,FE,FF,00,00
153371000,55,false,Rx,0,8,10,27,00,00,00,00,00,00
153372000,56,false,Rx,0,8,10,27,00,00,00,00,00,00
153382000,57,false,Rx,0,8,00,00,FE,FF,FE,FF,00,00
153382000,60D,false,Rx,0,8,0D,10,DF,23,02,20,70,00
153417000,625,false,Rx,0,8,25,00,11,43,FD,BB,E4,01
153481000,60D,false,Rx,0,8,0D,10,DF,23,02,20,70,00
153517000,625,false,Rx,0,8,25,00,11,43,FD,BB,E4,01
153555000,2C4,false,Rx,0,8,05,00,00,00,D2,02,00,00
153555000,2C5,false,Rx,0,8,00,00,00,00,00,00,00,00
153555000,2C6,false,Rx,0,8,F4,01,84,03,00,00,00,00
153571000,54,false,Rx,0,8,01,01,FE,FF,FE,FF,00,00
153571000,55,false,Rx,0,8,10,27,00,00,00,00,00,00
153572000,56,false,Rx,0,8,10,27,00,00,00,00,00,00
153582000,57,false,Rx,0,8,00,00,FE,FF,FE,FF,00,00
153582000,60D,false,Rx,0,8,0D,10,DF,23,02,20,70,00
153617000,625,false,Rx,0,8,25,00,11,43,FD,BB,E4,01
153681000,60D,false,Rx,0,8,0D,10,DF,23,02,20,70,00
153717000,625,false,Rx,0,8,25,00,11,43,FD,BB,E4,01
153755000,2C4,false,Rx,0,8,05,00,00,00,D2,02,00,00
153755000,2C5,false,Rx,0,8,00,00,00,00,00,00,00,00
153755000,2C6,false,Rx,0,8,F4,01,84,03,00,00,00,00
153771000,54,false,Rx,0,8,01,01,FE,FF,FE,FF,00,00
153771000,55,false,Rx,0,8,10,27,00,00,00,00,00,00
153772000,56,false,Rx,0,8,10,27,00,00,00,00,00,00
153782000,57,false,Rx,0,8,00,00,FE,FF,FE,FF,00,00
153782000,60D,false,Rx,0,8,0D,10,DF,23,02,20,70,00
153817000,625,false,Rx,0,8,25,00,11,43,FD,BB,E4,01
153881000,60D,false,Rx,0,8,0D,10,DF,23,02,20,70,00
153917000,625,false,Rx,0,8,25,00,11,43,FD,BB,E4,01
153955000,2C4,false,Rx,0,8,05,00,00,00,D5,02,00,00
153955000,2C5,false,Rx,0,8,00,00,00,00,00,00,00,00
153955000,2C6,false,Rx,0,8,F4,01,84,03,00,00,00,00
153971000,54,false,Rx,0,8,01,01,FE,FF,FE,FF,00,00
153971000,55,false,Rx,0,8,10,27,00,00,00,00,00,00
153972000,56,false,Rx,0,8,10,27,00,00,00,00,00,00
153982000,57,false,Rx,0,8,00,00,FE,FF,FE,FF,00,00
153982000,60D,false,Rx,0,8,0D,10,DF,23,02,20,70,00
154017000,625,false,Rx,0,8,25,00,11,43,FD,BB,E4,01
154081000,60D,false,Rx,0,8,0D,10,DF,23,02,20,70,00
154117000,625,false,Rx,0,8,25,00,11,43,FD,BB,E4,01
154155000,2C4,false,Rx,0,8,05,00,00,00,D5,02,00,00
154155000,2C5,false,Rx,0,8,00,00,00,00,00,00,00,00
154155000,2C6,false,Rx,0,8,F4,01,84,03,00,00,00,00
154171000,54,false,Rx,0,8,01,01,FE,FF,FE,FF,00,00
154171000,55,false,Rx,0,8,10,27,00,00,00,00,00,00
154172000,56,false,Rx,0,8,10,27,00,00,00,00,00,00
154182000,57,false,Rx,0,8,00,00,FE,FF,FE,FF,00,00
154182000,60D,false,Rx,0,8,0D,10,DF,23,02,20,70,00
154217000,625,false,Rx,0,8,25,00,11,43,FD,BB,E4,01
154281000,60D,false,Rx,0,8,0D,10,DF,23,02,20,70,00
154317000,625,false,Rx,0,8,25,00,11,43,FD,BB,E4,01
154355000,2C4,false,Rx,0,8,05,00,00,00,D2,02,00,00
154355000,2C5,false,Rx,0,8,00,00,00,00,00,00,00,00
154355000,2C6,false,Rx,0,8,F4,01,84,03,00,00,00,00
154371000,54,false,Rx,0,8,01,01,FE,FF,FE,FF,00,00
154371000,55,false,Rx,0,8,10,27,00,00,00,00,00,00
154372000,56,false,Rx,0,8,10,27,00,00,00,00,00,00
154382000,57,false,Rx,0,8,00,00,FE,FF,FE,FF,00,00
154382000,60D,false,Rx,0,8,0D,10,DF,23,02,20,70,00
154417000,625,false,Rx,0,8,25,00,11,43,FD,BB,E4,01
154481000,60D,false,Rx,0,8,0D,10,DF,23,02,20,70,00
154517000,625,false,Rx,0,8,25,00,11,43,FD,BB,E4,01
154555000,2C4,false,Rx,0,8,05,00,00,00,D2,02,00,00
154555000,2C5,false,Rx,0,8,00,00,00,00,00,00,00,00
154555000,2C6,false,Rx,0,8,F4,01,84,03,00,00,00,00
154571000,54,false,Rx,0,8,01,01,FE,FF,FE,FF,00,00
154571000,55,false,Rx,0,8,10,27,00,00,00,00,00,00
154572000,56,false,Rx,0,8,10,27,00,00,00,00,00,00
154582000,57,false,Rx,0,8,00,00,FE,FF,FE,FF,00,00
154582000,60D,false,Rx,0,8,0D,10,DF,23,02,20,70,00
154617000,625,false,Rx,0,8,25,00,11,43,FD,BB,E4,01
154681000,60D,false,Rx,0,8,0D,10,DF,23,02,20,70,00
154717000,625,false,Rx,0,8,25,00,11,43,FD,BB,E4,01
154755000,2C4,false,Rx,0,8,05,00,00,00,D5,02,00,00
154755000,2C5,false,Rx,0,8,00,00,00,00,00,00,00,00
154755000,2C6,false,Rx,0,8,F4,01,84,03,00,00,00,00
154771000,54,false,Rx,0,8,01,01,FE,FF,FE,FF,00,00
154771000,55,false,Rx,0,8,10,27,00,00,00,00,00,00
154772000,56,false,Rx,0,8,10,27,00,00,00,00,00,00
154782000,57,false,Rx,0,8,00,00,FE,FF,FE,FF,00,00
154782000,60D,false,Rx,0,8,0D,10,DF,23,02,20,70,00
154817000,625,false,Rx,0,8,25,00,11,43,FD,BB,E4,01
154881000,60D,false,Rx,0,8,0D,10,DF,23,02,20,70,00
154917000,625,false,Rx,0,8,25,00,11,43,FD,BB,E4,01
154955000,2C4,false,Rx,0,8,05,00,00,00,D5,02,00,00
154955000,2C5,false,Rx,0,8,00,00,00,00,00,00,00,00
154955000,2C6,false,Rx,0,8,F4,01,84,03,00,00,00,00
154971000,54,false,Rx,0,8,01,01,FE,FF,FE,FF,00,00
154971000,55,false,Rx,0,8,10,27,00,00,00,00,00,00
154972000,56,false,Rx,0,8,10,27,00,00,00,00,00,00
154982000,57,false,Rx,0,8,00,00,FE,FF,FE,FF,00,00
154982000,60D,false,Rx,0,8,0D,10,DF,23,02,20,70,00
155017000,625,false,Rx,0,8,25,00,11,43,FD,BB,E4,01
155081000,60D,false,Rx,0,8,0D,10,DF,23,02,20,70,00
155117000,625,false,Rx,0,8,25,00,11,43,FD,BB,E4,01
155155000,2C4,false,Rx,0,8,05,00,00,00,D2,02,00,00
155155000,2C5,false,Rx,0,8,00,00,00,00,00,00,00,00
155155000,2C6,false,Rx,0,8,F4,01,84,03,00,00,00,00
155171000,54,false,Rx,0,8,01,01,FE,FF,FE,FF,00,00
155171000,55,false,Rx,0,8,10,27,00,00,00,00,00,00
155172000,56,false,Rx,0,8,10,27,00,00,00,00,00,00
155182000,57,false,Rx,0,8,00,00,FE,FF,FE,FF,00,00
155182000,60D,false,Rx,0,8,0D,10,DF,23,02,20,70,00
155217000,625,false,Rx,0,8,25,00,11,43,FD,BB,E4,01
155281000,60D,false,Rx,0,8,0D,10,DF,23,02,20,70,00
155317000,625,false,Rx,0,8,25,00,11,43,FD,BB,E4,01
155355000,2C4,false,Rx,0,8,05,00,00,00,D2,02,00,00
155355000,2C5,false,Rx,0,8,00,00,00,00,00,00,00,00
155355000,2C6,false,Rx,0,8,F4,01,84,03,00,00,00,00
155371000,54,false,Rx,0,8,01,01,FE,FF,FE,FF,00,00
155371000,55,false,Rx,0,8,10,27,00,00,00,00,00,00
155372000,56,false,Rx,0,8,10,27,00,00,00,00,00,00
155382000,57,false,Rx,0,8,00,00,FE,FF,FE,FF,00,00
155382000,60D,false,Rx,0,8,0D,10,DF,23,02,20,70,00
155417000,625,false,Rx,0,8,25,00,11,43,FD,BB,E4,01
155481000,60D,false,Rx,0,8,0D,10,DF,23,02,20,70,00
155517000,625,false,Rx,0,8,25,00,11,43,FD,BB,E4,01
155555000,2C4,false,Rx,0,8,05,00,00,00,D5,02,00,00
155555000,2C5,false,Rx,0,8,00,00,00,00,00,00,00,00
155555000,2C6,false,Rx,0,8,F4,01,84,03,00,00,00,00
155571000,54,false,Rx,0,8,01,01,FE,FF,FE,FF,00,00
155571000,55,false,Rx,0,8,10,27,00,00,00,00,00,00
155572000,56,false,Rx,0,8,10,27,00,00,00,00,00,00
155582000,57,false,Rx,0,8,00,00,FE,FF,FE,FF,00,00
155582000,60D,false,Rx,0,8,0D,10,DF,23,02,20,70,00
155617000,625,false,Rx,0,8,25,00,11,43,FD,BB,E4,01
155681000,60D,false,Rx,0,8,0D,10,DF,23,02,20,70,00
155717000,625,false,Rx,0,8,25,00,11,43,FD,BB,E4,01
155755000,2C4,false,Rx,0,8,05,00,00,00,D5,02,00,00
155755000,2C5,false,Rx,0,8,00,00,00,00,00,00,00,00
155755000,2C6,false,Rx,0,8,F4,01,84,03,00,00,00,00
155771000,54,false,Rx,0,8,01,01,FE,FF,FE,FF,00,00
155771000,55,false,Rx,0,8,10,27,00,00,00,00,00,00
155772000,56,false,Rx,0,8,10,27,00,00,00,00,00,00
155782000,57,false,Rx,0,8,00,00,FE,FF,FE,FF,00,00
155782000,60D,false,Rx,0,8,0D,10,DF,23,02,20,70,00
155817000,625,false,Rx,0,8,25,00,11,43,FD,BB,E4,01
155881000,60D,false,Rx,0,8,0D,10,DF,23,02,20,70,00
155917000,625,false,Rx,0,8,25,00,11,43,FD,BB,E4,01
155955000,2C4,false,Rx,0,8,05,00,00,00,D5,02,00,00
155955000,2C5,false,Rx,0,8,00,00,00,00,00,00,00,00
155955000,2C6,false,Rx,0,8,F4,01,84,03,00,00,00,00
155971000,54,false,Rx,0,8,01,01,FE,FF,FE,FF,00,00
155971000,55,false,Rx,0,8,10,27,00,00,00,00,00,00
155972000,56,false,Rx,0,8,10,27,00,00,00,00,00,00
155982000,57,false,Rx,0,8,00,00,FE,FF,FE,FF,00,00
155982000,60D,false,Rx,0,8,0D,10,DF,23,02,20,70,00
156017000,625,false,Rx,0,8,25,00,11,43,FD,BB,E4,01
156081000,60D,false,Rx,0,8,0D,10,DF,23,02,20,70,00
156117000,625,false,Rx,0,8,25,00,11,43,FD,BB,E4,01
156155000,2C4,false,Rx,0,8,05,00,00,00,D2,02,00,00
156155000,2C5,false,Rx,0,8,00,00,00,00,00,00,00,00
156155000,2C6,false,Rx,0,8,F4,01,84,03,00,00,00,00
156171000,54,false,Rx,0,8,01,01,FE,FF,FE,FF,00,00
156171000,55,false,Rx,0,8,10,27,00,00,00,00,00,00
156172000,56,false,Rx,0,8,10,27,00,00,00,00,00,00
156182000,57,false,Rx,0,8,00,00,FE,FF,FE,FF,00,00
156182000,60D,false,Rx,0,8,0D,10,DF,23,02,20,70,00
156217000,625,false,Rx,0,8,25,00,11,43,FD,BB,E4,01
156281000,60D,false,Rx,0,8,0D,10,DF,23,02,20,70,00
156317000,625,false,Rx,0,8,25,00,11,43,FD,BB,E4,01
156355000,2C4,false,Rx,0,8,05,00,00,00,D5,02,00,00
156355000,2C5,false,Rx,0,8,00,00,00,00,00,00,00,00
156355000,2C6,false,Rx,0,8,F4,01,84,03,00,00,00,00
156371000,54,false,Rx,0,8,01,01,FE,FF,FE,FF,00,00
156371000,55,false,Rx,0,8,10,27,00,00,00,00,00,00
156372000,56,false,Rx,0,8,10,27,00,00,00,00,00,00
156382000,57,false,Rx,0,8,00,00,FE,FF,FE,FF,00,00
156382000,60D,false,Rx,0,8,0D,10,DF,23,02,20,70,00
156417000,625,false,Rx,0,8,25,00,11,43,FD,BB,E4,01
156481000,60D,false,Rx,0,8,0D,10,DF,23,02,20,70,00
156517000,625,false,Rx,0,8,25,00,11,43,FD,BB,E4,01
156555000,2C4,false,Rx,0,8,05,00,00,00,D5,02,00,00
156555000,2C5,false,Rx,0,8,00,00,00,00,00,00,00,00
156555000,2C6,false,Rx,0,8,F4,01,84,03,00,00,00,00
156571000,54,false,Rx,0,8,01,01,FE,FF,FE,FF,00,00
156571000,55,false,Rx,0,8,10,27,00,00,00,00,00,00
156572000,56,false,Rx,0,8,10,27,00,00,00,00,00,00
156582000,57,false,Rx,0,8,00,00,FE,FF,FE,FF,00,00
156582000,60D,false,Rx,0,8,0D,10,DF,23,02,20,70,00
156617000,625,false,Rx,0,8,25,00,11,43,FD,BB,E4,01
156681000,60D,false,Rx,0,8,0D,10,DF,23,02,20,70,00
156717000,625,false,Rx,0,8,25,00,11,43,FD,BB,E4,01
156755000,2C4,false,Rx,0,8,05,00,00,00,D2,02,00,00
156755000,2C5,false,Rx,0,8,00,00,00,00,00,00,00,00
156755000,2C6,false,Rx,0,8,F4,01,84,03,00,00,00,00
156771000,54,false,Rx,0,8,01,01,FE,FF,FE,FF,00,00
156771000,55,false,Rx,0,8,10,27,00,00,00,00,00,00
156772000,56,false,Rx,0,8,10,27,00,00,00,00,00,00
156782000,57,false,Rx,0,8,00,00,FE,FF,FE,FF,00,00
156782000,60D,false,Rx,0,8,0D,10,DF,23,02,20,70,00
156817000,625,false,Rx,0,8,25,00,11,43,FD,BB,E4,01
156881000,60D,false,Rx,0,8,0D,10,DF,23,02,20,70,00
156917000,625,false,Rx,0,8,25,00,11,43,FD,BB,E4,01
156955000,2C4,false,Rx,0,8,05,00,00,00,D2,02,00,00
156955000,2C5,false,Rx,0,8,00,00,00,00,00,00,00,00
156955000,2C6,false,Rx,0,8,F4,01,84,03,00,00,00,00
156971000,54,false,Rx,0,8,01,01,FE,FF,FE,FF,00,00
156971000,55,false,Rx,0,8,10,27,00,00,00,00,00,00
156972000,56,false,Rx,0,8,10,27,00,00,00,00,00,00
156982000,57,false,Rx,0,8,00,00,FE,FF,FE,FF,00,00
156982000,60D,false,Rx,0,8,0D,10,DF,23,02,20,70,00
157017000,625,false,Rx,0,8,25,00,11,43,FD,BB,E4,01
157081000,60D,false,Rx,0,8,0D,10,DF,23,02,20,70,00
157117000,625,false,Rx,0,8,25,00,11,43,FD,BB,E4,01
157155000,2C4,false,Rx,0,8,05,00,00,00,D2,02,00,00
157155000,2C5,false,Rx,0,8,00,00,00,00,00,00,00,00
157155000,2C6,false,Rx,0,8,F4,01,84,03,00,00,00,00
157171000,54,false,Rx,0,8,01,01,FE,FF,FE,FF,00,00
157171000,55,false,Rx,0,8,10,27,00,00,00,00,00,00
157172000,56,false,Rx,0,8,10,27,00,00,00,00,00,00
157182000,57,false,Rx,0,8,00,00,FE,FF,FE,FF,00,00
157182000,60D,false,Rx,0,8,0D,10,DF,23,02,20,70,00
157217000,625,false,Rx,0,8,25,00,11,43,FD,BB,E4,01
157281000,60D,false,Rx,0,8,0D,10,DF,23,02,20,70,00
157317000,625,false,Rx,0,8,25,00,11,43,FD,BB,E4,01
157355000,2C4,false,Rx,0,8,05,00,00,00,D5,02,00,00
157355000,2C5,false,Rx,0,8,00,00,00,00,00,00,00,00
157355000,2C6,false,Rx,0,8,F4,01,84,03,00,00,00,00
157371000,54,false,Rx,0,8,01,01,FE,FF,FE,FF,00,00
157372000,55,false,Rx,0,8,10,27,00,00,00,00,00,00
157372000,56,false,Rx,0,8,10,27,00,00,00,00,00,00
157382000,57,false,Rx,0,8,00,00,FE,FF,FE,FF,00,00
157383000,60D,false,Rx,0,8,0D,10,DF,23,02,20,70,00
157417000,625,false,Rx,0,8,25,00,11,43,FD,BB,E4,01
157482000,60D,false,Rx,0,8,0D,10,DF,23,02,20,70,00
157517000,625,false,Rx,0,8,25,00,11,43,FD,BB,E4,01
157555000,2C4,false,Rx,0,8,05,00,00,00,D5,02,00,00
157555000,2C5,false,Rx,0,8,00,00,00,00,00,00,00,00
157555000,2C6,false,Rx,0,8,F4,01,84,03,00,00,00,00
157571000,54,false,Rx,0,8,01,01,FE,FF,FE,FF,00,00
157571000,55,false,Rx,0,8,10,27,00,00,00,00,00,00
157572000,56,false,Rx,0,8,10,27,00,00,00,00,00,00
157582000,57,false,Rx,0,8,00,00,FE,FF,FE,FF,00,00
157582000,60D,false,Rx,0,8,0D,10,DF,23,02,20,70,00
157617000,625,false,Rx,0,8,25,00,11,43,FD,BB,E4,01
157681000,60D,false,Rx,0,8,0D,10,DF,23,02,20,70,00
157717000,625,false,Rx,0,8,25,00,11,43,FD,BB,E4,01
157755000,2C4,false,Rx,0,8,05,00,00,00,D2,02,00,00
157755000,2C5,false,Rx,0,8,00,00,00,00,00,00,00,00
157755000,2C6,false,Rx,0,8,F4,01,84,03,00,00,00,00
157771000,54,false,Rx,0,8,01,01,FE,FF,FE,FF,00,00
157771000,55,false,Rx,0,8,10,27,00,00,00,00,00,00
157772000,56,false,Rx,0,8,10,27,00,00,00,00,00,00
157782000,57,false,Rx,0,8,00,00,FE,FF,FE,FF,00,00
157782000,60D,false,Rx,0,8,0D,10,DF,23,02,20,70,00
157817000,625,false,Rx,0,8,25,00,11,43,FD,BB,E4,01
157881000,60D,false,Rx,0,8,0D,10,DF,23,02,20,70,00
157917000,625,false,Rx,0,8,25,00,11,43,FD,BB,E4,01
157955000,2C4,false,Rx,0,8,05,00,00,00,D5,02,00,00
157955000,2C5,false,Rx,0,8,00,00,00,00,00,00,00,00
157955000,2C6,false,Rx,0,8,F4,01,84,03,00,00,00,00
157971000,54,false,Rx,0,8,01,01,FE,FF,FE,FF,00,00
157971000,55,false,Rx,0,8,10,27,00,00,00,00,00,00
157972000,56,false,Rx,0,8,10,27,00,00,00,00,00,00
157982000,57,false,Rx,0,8,00,00,FE,FF,FE,FF,00,00
157982000,60D,false,Rx,0,8,0D,10,DF,23,02,20,70,00
158017000,625,false,Rx,0,8,25,00,11,43,FD,BB,E4,01
158081000,60D,false,Rx,0,8,0D,10,DF,23,02,20,70,00
158117000,625,false,Rx,0,8,25,00,11,43,FD,BB,E4,01
158155000,2C4,false,Rx,0,8,05,00,00,00,D5,02,00,00
158155000,2C5,false,Rx,0,8,00,00,00,00,00,00,00,00
158155000,2C6,false,Rx,0,8,F4,01,84,03,00,00,00,00
158171000,54,false,Rx,0,8,01,01,FE,FF,FE,FF,00,00
158171000,55,false,Rx,0,8,10,27,00,00,00,00,00,00
158172000,56,false,Rx,0,8,10,27,00,00,00,00,00,00
158182000,57,false,Rx,0,8,00,00,FE,FF,FE,FF,00,00
158182000,60D,false,Rx,0,8,0D,10,DF,23,02,20,70,00
158217000,625,false,Rx,0,8,25,00,11,43,FD,BB,E4,01
158281000,60D,false,Rx,0,8,0D,10,DF,23,02,20,70,00
158317000,625,false,Rx,0,8,25,00,11,43,FD,BB,E4,01
158355000,2C4,false,Rx,0,8,05,00,00,00,D2,02,00,00
158355000,2C5,false,Rx,0,8,00,00,00,00,00,00,00,00
158355000,2C6,false,Rx,0,8,F4,01,84,03,00,00,00,00
158371000,54,false,Rx,0,8,01,01,FE,FF,FE,FF,00,00
158372000,55,false,Rx,0,8,10,27,00,00,00,00,00,00
158372000,56,false,Rx,0,8,10,27,00,00,00,00,00,00
158382000,57,false,Rx,0,8,00,00,FE,FF,FE,FF,00,00
158382000,60D,false,Rx,0,8,0D,10,DF,23,02,20,70,00
158417000,625,false,Rx,0,8,25,00,11,43,FD,BB,E4,01
158481000,60D,false,Rx,0,8,0D,10,DF,23,02,20,70,00
158517000,625,false,Rx,0,8,25,00,11,43,FD,BB,E4,01
158555000,2C4,false,Rx,0,8,05,00,00,00,D5,02,00,00
158555000,2C5,false,Rx,0,8,00,00,00,00,00,00,00,00
158555000,2C6,false,Rx,0,8,F4,01,84,03,00,00,00,00
158571000,54,false,Rx,0,8,01,01,FE,FF,FE,FF,00,00
158571000,55,false,Rx,0,8,10,27,00,00,00,00,00,00
158572000,56,false,Rx,0,8,10,27,00,00,00,00,00,00
158582000,57,false,Rx,0,8,00,00,FE,FF,FE,FF,00,00
158582000,60D,false,Rx,0,8,0D,10,DF,23,02,20,70,00
158617000,625,false,Rx,0,8,25,00,11,43,FD,BB,E4,01
158681000,60D,false,Rx,0,8,0D,10,DF,23,02,20,70,00
158717000,625,false,Rx,0,8,25,00,11,43,FD,BB,E4,01
158755000,2C4,false,Rx,0,8,05,00,00,00,D5,02,00,00
158755000,2C5,false,Rx,0,8,00,00,00,00,00,00,00,00
158755000,2C6,false,Rx,0,8,F4,01,84,03,00,00,00,00
158771000,54,false,Rx,0,8,01,01,FE,FF,FE,FF,00,00
158771000,55,false,Rx,0,8,10,27,00,00,00,00,00,00
158772000,56,false,Rx,0,8,10,27,00,00,00,00,00,00
158782000,57,false,Rx,0,8,00,00,FE,FF,FE,FF,00,00
158782000,60D,false,Rx,0,8,0D,10,DF,23,02,20,70,00
158817000,625,false,Rx,0,8,25,00,11,43,FD,BB,E4,01
158881000,60D,false,Rx,0,8,0D,10,DF,23,02,20,70,00
158917000,625,false,Rx,0,8,25,00,11,43,FD,BB,E4,01
158955000,2C4,false,Rx,0,8,05,00,00,00,D5,02,00,00
158955000,2C5,false,Rx,0,8,00,00,00,00,00,00,00,00
158955000,2C6,false,Rx,0,8,F4,01,84,03,00,00,00,00
158971000,54,false,Rx,0,8,01,01,FE,FF,FE,FF,00,00
158971000,55,false,Rx,0,8,10,27,00,00,00,00,00,00
158972000,56,false,Rx,0,8,10,27,00,00,00,00,00,00
158982000,57,false,Rx,0,8,00,00,FE,FF,FE,FF,00,00
158982000,60D,false,Rx,0,8,0D,10,DF,23,02,20,70,00
159017000,625,false,Rx,0,8,25,00,11,43,FD,BB,E4,01
159081000,60D,false,Rx,0,8,0D,10,DF,23,02,20,70,00
159117000,625,false,Rx,0,8,25,00,11,43,FD,BB,E4,01
159155000,2C4,false,Rx,0,8,05,00,00,00,D5,02,00,00
159155000,2C5,false,Rx,0,8,00,00,00,00,00,00,00,00
159155000,2C6,false,Rx,0,8,F4,01,84,03,00,00,00,00
159171000,54,false,Rx,0,8,01,01,FE,FF,FE,FF,00,00
159171000,55,false,Rx,0,8,10,27,00,00,00,00,00,00
159172000,56,false,Rx,0,8,10,27,00,00,00,00,00,00
159182000,57,false,Rx,0,8,00,00,FE,FF,FE,FF,00,00
159182000,60D,false,Rx,0,8,0D,10,DF,23,02,20,70,00
159217000,625,false,Rx,0,8,25,00,11,43,FD,BB,E4,01
159281000,60D,false,Rx,0,8,0D,10,DF,23,02,20,70,00
159317000,625,false,Rx,0,8,25,00,11,43,FD,BB,E4,01
159355000,2C4,false,Rx,0,8,05,00,00,00,D5,02,00,00
159355000,2C5,false,Rx,0,8,00,00,00,00,00,00,00,00
159355000,2C6,false,Rx,0,8,F4,01,84,03,00,00,00,00
159371000,54,false,Rx,0,8,01,01,FE,FF,FE,FF,00,00
159371000,55,false,Rx,0,8,10,27,00,00,00,00,00,00
159372000,56,false,Rx,0,8,10,27,00,00,00,00,00,00
159382000,57,false,Rx,0,8,00,00,FE,FF,FE,FF,00,00
159382000,60D,false,Rx,0,8,0D,10,DF,23,02,20,70,00
159416000,625,false,Rx,0,8,25,00,11,43,FD,BB,E4,01
159481000,60D,false,Rx,0,8,0D,10,DF,23,02,20,70,00
159516000,625,false,Rx,0,8,25,00,11,43,FD,BB,E4,01
159555000,2C4,false,Rx,0,8,05,00,00,00,D5,02,00,00
159555000,2C5,false,Rx,0,8,00,00,00,00,00,00,00,00
159555000,2C6,false,Rx,0,8,F4,01,84,03,00,00,00,00
159571000,54,false,Rx,0,8,01,01,FE,FF,FE,FF,00,00
159571000,55,false,Rx,0,8,10,27,00,00,00,00,00,00
159572000,56,false,Rx,0,8,10,27,00,00,00,00,00,00
159582000,57,false,Rx,0,8,00,00,FE,FF,FE,FF,00,00
159582000,60D,false,Rx,0,8,0D,10,DF,23,02,20,70,00
159617000,625,false,Rx,0,8,25,00,11,43,FD,BB,E4,01
159681000,60D,false,Rx,0,8,0D,10,DF,23,02,20,70,00
159716000,625,false,Rx,0,8,25,00,11,43,FD,BB,E4,01
159755000,2C4,false,Rx,0,8,05,00,00,00,D5,02,00,00
159755000,2C5,false,Rx,0,8,00,00,00,00,00,00,00,00
159755000,2C6,false,Rx,0,8,F4,01,84,03,00,00,00,00
159771000,54,false,Rx,0,8,01,01,FE,FF,FE,FF,00,00
159771000,55,false,Rx,0,8,10,27,00,00,00,00,00,00
159772000,56,false,Rx,0,8,10,27,00,00,00,00,00,00
159782000,57,false,Rx,0,8,00,00,FE,FF,FE,FF,00,00
159782000,60D,false,Rx,0,8,0D,10,DF,23,02,20,70,00
159816000,625,false,Rx,0,8,25,00,11,43,FD,BB,E4,01
159881000,60D,false,Rx,0,8,0D,10,DF,23,02,20,70,00
159916000,625,false,Rx,0,8,25,00,11,43,FD,BB,E4,01
159955000,2C4,false,Rx,0,8,05,00,00,00,D5,02,00,00
159955000,2C5,false,Rx,0,8,00,00,00,00,00,00,00,00
159955000,2C6,false,Rx,0,8,F4,01,84,03,00,00,00,00
159971000,54,false,Rx,0,8,01,01,FE,FF,FE,FF,00,00
159971000,55,false,Rx,0,8,10,27,00,00,00,00,00,00
159972000,56,false,Rx,0,8,10,27,00,00,00,00,00,00
159982000,57,false,Rx,0,8,00,00,FE,FF,FE,FF,00,00
159982000,60D,false,Rx,0,8,0D,10,DF,23,02,20,70,00
160016000,625,false,Rx,0,8,25,00,11,43,FD,BB,E4,01
160081000,60D,false,Rx,0,8,0D,10,DF,23,02,20,70,00
160116000,625,false,Rx,0,8,25,00,11,43,FD,BB,E4,01
160155000,2C4,false,Rx,0,8,05,00,00,00,D5,02,00,00
160155000,2C5,false,Rx,0,8,00,00,00,00,00,00,00,00
160155000,2C6,false,Rx,0,8,F4,01,84,03,00,00,00,00
160171000,54,false,Rx,0,8,01,01,FE,FF,FE,FF,00,00
160171000,55,false,Rx,0,8,10,27,00,00,00,00,00,00
160172000,56,false,Rx,0,8,10,27,00,00,00,00,00,00
160182000,57,false,Rx,0,8,00,00,FE,FF,FE,FF,00,00
160182000,60D,false,Rx,0,8,0D,10,DF,23,02,20,70,00
160216000,625,false,Rx,0,8,25,00,11,43,FD,BB,E4,01
160281000,60D,false,Rx,0,8,0D,10,DF,23,02,20,70,00
160316000,625,false,Rx,0,8,25,00,11,43,FD,BB,E4,01
160355000,2C4,false,Rx,0,8,05,00,00,00,D5,02,00,00
160355000,2C5,false,Rx,0,8,00,00,00,00,00,00,00,00
160355000,2C6,false,Rx,0,8,F4,01,84,03,00,00,00,00
160371000,54,false,Rx,0,8,01,01,FE,FF,FE,FF,00,00
160371000,55,false,Rx,0,8,10,27,00,00,00,00,00,00
160372000,56,false,Rx,0,8,10,27,00,00,00,00,00,00
160382000,57,false,Rx,0,8,00,00,FE,FF,FE,FF,00,00
160382000,60D,false,Rx,0,8,0D,10,DF,23,02,20,70,00
160416000,625,false,Rx,0,8,25,00,11,43,FD,BB,E4,01
160481000,60D,false,Rx,0,8,0D,10,DF,23,02,20,70,00
160516000,625,false,Rx,0,8,25,00,11,43,FD,BB,E4,01
160555000,2C4,false,Rx,0,8,05,00,00,00,D5,02,00,00
160555000,2C5,false,Rx,0,8,00,00,00,00,00,00,00,00
160555000,2C6,false,Rx,0,8,F4,01,84,03,00,00,00,00
160571000,54,false,Rx,0,8,01,01,FE,FF,FE,FF,00,00
160571000,55,false,Rx,0,8,10,27,00,00,00,00,00,00
160572000,56,false,Rx,0,8,10,27,00,00,00,00,00,00
160582000,57,false,Rx,0,8,00,00,FE,FF,FE,FF,00,00
160582000,60D,false,Rx,0,8,0D,10,DF,23,02,20,70,00
160616000,625,false,Rx,0,8,25,00,11,43,FD,BB,E4,01
160681000,60D,false,Rx,0,8,0D,10,DF,23,02,20,70,00
160716000,625,false,Rx,0,8,25,00,11,43,FD,BB,E4,01
160755000,2C4,false,Rx,0,8,05,00,00,00,D5,02,00,00
160755000,2C5,false,Rx,0,8,00,00,00,00,00,00,00,00
160755000,2C6,false,Rx,0,8,F4,01,84,03,00,00,00,00
160771000,54,false,Rx,0,8,01,01,FE,FF,FE,FF,00,00
160771000,55,false,Rx,0,8,10,27,00,00,00,00,00,00
160772000,56,false,Rx,0,8,10,27,00,00,00,00,00,00
160782000,57,false,Rx,0,8,00,00,FE,FF,FE,FF,00,00
160782000,60D,false,Rx,0,8,0D,10,DF,23,02,20,70,00
160816000,625,false,Rx,0,8,25,00,11,43,FD,BB,E4,01
160881000,60D,false,Rx,0,8,0D,10,DF,23,02,20,70,00
160916000,625,false,Rx,0,8,25,00,11,43,FD,BB,E4,01
160955000,2C4,false,Rx,0,8,05,00,00,00,D5,02,00,00
160955000,2C5,false,Rx,0,8,00,00,00,00,00,00,00,00
160955000,2C6,false,Rx,0,8,F4,01,84,03,00,00,00,00
160971000,54,false,Rx,0,8,01,01,FE,FF,FE,FF,00,00
160971000,55,false,Rx,0,8,10,27,00,00,00,00,00,00
160972000,56,false,Rx,0,8,10,27,00,00,00,00,00,00
160982000,57,false,Rx,0,8,00,00,FE,FF,FE,FF,00,00
160982000,60D,false,Rx,0,8,0D,10,DF,23,02,20,70,00
161016000,625,false,Rx,0,8,25,00,11,43,FD,BB,E4,01
161081000,60D,false,Rx,0,8,0D,10,DF,23,02,20,70,00
161116000,625,false,Rx,0,8,25,00,11,43,FD,BB,E4,01
161155000,2C4,false,Rx,0,8,05,00,00,00,D5,02,00,00
161155000,2C5,false,Rx,0,8,00,00,00,00,00,00,00,00
161155000,2C6,false,Rx,0,8,F4,01,84,03,00,00,00,00
161171000,54,false,Rx,0,8,01,01,FE,FF,FE,FF,00,00
161171000,55,false,Rx,0,8,10,27,00,00,00,00,00,00
161172000,56,false,Rx,0,8,10,27,00,00,00,00,00,00
161182000,57,false,Rx,0,8,00,00,FE,FF,FE,FF,00,00
161182000,60D,false,Rx,0,8,0D,10,DF,23,02,20,70,00
161216000,625,false,Rx,0,8,25,00,11,43,FD,BB,E4,01
161281000,60D,false,Rx,0,8,0D,10,DF,23,02,20,70,00
161316000,625,false,Rx,0,8,25,00,11,43,FD,BB,E4,01
161355000,2C4,false,Rx,0,8,05,00,00,00,D5,02,00,00
161355000,2C5,false,Rx,0,8,00,00,00,00,00,00,00,00
161355000,2C6,false,Rx,0,8,F4,01,84,03,00,00,00,00
161371000,54,false,Rx,0,8,01,01,FE,FF,FE,FF,00,00
161371000,55,false,Rx,0,8,10,27,00,00,00,00,00,00
161372000,56,false,Rx,0,8,10,27,00,00,00,00,00,00
161382000,57,false,Rx,0,8,00,00,FE,FF,FE,FF,00,00
161382000,60D,false,Rx,0,8,0D,10,DF,23,02,20,70,00
161416000,625,false,Rx,0,8,25,00,11,43,FD,BB,E4,01
161481000,60D,false,Rx,0,8,0D,10,DF,23,02,20,70,00
161516000,625,false,Rx,0,8,25,00,11,43,FD,BB,E4,01
161555000,2C4,false,Rx,0,8,05,00,00,00,D5,02,00,00
161555000,2C5,false,Rx,0,8,00,00,00,00,00,00,00,00
161555000,2C6,false,Rx,0,8,F4,01,84,03,00,00,00,00
161571000,54,false,Rx,0,8,01,01,FE,FF,FE,FF,00,00
161571000,55,false,Rx,0,8,10,27,00,00,00,00,00,00
161572000,56,false,Rx,0,8,10,27,00,00,00,00,00,00
161582000,57,false,Rx,0,8,00,00,FE,FF,FE,FF,00,00
161582000,60D,false,Rx,0,8,0D,10,DF,23,02,20,70,00
161616000,625,false,Rx,0,8,25,00,11,43,FD,BB,E4,01
161681000,60D,false,Rx,0,8,0D,10,DF,23,02,20,70,00
161716000,625,false,Rx,0,8,25,00,11,43,FD,BB,E4,01
161754000,2C4,false,Rx,0,8,05,00,00,00,D5,02,00,00
161755000,2C5,false,Rx,0,8,00,00,00,00,00,00,00,00
161755000,2C6,false,Rx,0,8,F4,01,84,03,00,00,00,00
161771000,54,false,Rx,0,8,01,01,FE,FF,FE,FF,00,00
161771000,55,false,Rx,0,8,10,27,00,00,00,00,00,00
161772000,56,false,Rx,0,8,10,27,00,00,00,00,00,00
161782000,57,false,Rx,0,8,00,00,FE,FF,FE,FF,00,00
161782000,60D,false,Rx,0,8,0D,10,DF,23,02,20,70,00
161816000,625,false,Rx,0,8,25,00,11,43,FD,BB,E4,01
161881000,60D,false,Rx,0,8,0D,10,DF,23,02,20,70,00
161916000,625,false,Rx,0,8,25,00,11,43,FD,BB,E4,01
161954000,2C4,false,Rx,0,8,05,00,00,00,D5,02,00,00
161955000,2C5,false,Rx,0,8,00,00,00,00,00,00,00,00
161955000,2C6,false,Rx,0,8,F4,01,84,03,00,00,00,00
161971000,54,false,Rx,0,8,01,01,FE,FF,FE,FF,00,00
161971000,55,false,Rx,0,8,10,27,00,00,00,00,00,00
161972000,56,false,Rx,0,8,10,27,00,00,00,00,00,00
161982000,57,false,Rx,0,8,00,00,FE,FF,FE,FF,00,00
161982000,60D,false,Rx,0,8,0D,10,DF,23,02,20,70,00
162016000,625,false,Rx,0,8,25,00,11,43,FD,BB,E4,01
162081000,60D,false,Rx,0,8,0D,10,DF,23,02,20,70,00
162116000,625,false,Rx,0,8,25,00,11,43,FD,BB,E4,01
162154000,2C4,false,Rx,0,8,05,00,00,00,D5,02,00,00
162155000,2C5,false,Rx,0,8,00,00,00,00,00,00,00,00
162155000,2C6,false,Rx,0,8,F4,01,84,03,00,00,00,00
162171000,54,false,Rx,0,8,01,01,FE,FF,FE,FF,00,00
162171000,55,false,Rx,0,8,10,27,00,00,00,00,00,00
162172000,56,false,Rx,0,8,10,27,00,00,00,00,00,00
162182000,57,false,Rx,0,8,00,00,FE,FF,FE,FF,00,00
162182000,60D,false,Rx,0,8,0D,10,DF,23,02,20,70,00
162216000,625,false,Rx,0,8,25,00,11,43,FD,BB,E4,01
162281000,60D,false,Rx,0,8,0D,10,DF,23,02,20,70,00
162316000,625,false,Rx,0,8,25,00,11,43,FD,BB,E4,01
162354000,2C4,false,Rx,0,8,05,00,00,00,D5,02,00,00
162355000,2C5,false,Rx,0,8,00,00,00,00,00,00,00,00
162355000,2C6,false,Rx,0,8,F4,01,84,03,00,00,00,00
162371000,54,false,Rx,0,8,01,01,FE,FF,FE,FF,00,00
162371000,55,false,Rx,0,8,10,27,00,00,00,00,00,00
162372000,56,false,Rx,0,8,10,27,00,00,00,00,00,00
162382000,57,false,Rx,0,8,00,00,FE,FF,FE,FF,00,00
162382000,60D,false,Rx,0,8,0D,10,DF,23,02,20,70,00
162416000,625,false,Rx,0,8,25,00,11,43,FD,BB,E4,01
162482000,60D,false,Rx,0,8,0D,10,DF,23,02,20,70,00
162516000,625,false,Rx,0,8,25,00,11,43,FD,BB,E4,01
162554000,2C4,false,Rx,0,8,05,00,00,00,D5,02,00,00
162555000,2C5,false,Rx,0,8,00,00,00,00,00,00,00,00
162555000,2C6,false,Rx,0,8,F4,01,84,03,00,00,00,00
162571000,54,false,Rx,0,8,01,01,FE,FF,FE,FF,00,00
162571000,55,false,Rx,0,8,10,27,00,00,00,00,00,00
162572000,56,false,Rx,0,8,10,27,00,00,00,00,00,00
162582000,57,false,Rx,0,8,00,00,FE,FF,FE,FF,00,00
162582000,60D,false,Rx,0,8,0D,10,DF,23,02,20,70,00
162616000,625,false,Rx,0,8,25,00,11,43,FD,BB,E4,01
162681000,60D,false,Rx,0,8,0D,10,DF,23,02,20,70,00
162716000,625,false,Rx,0,8,25,00,11,43,FD,BB,E4,01
162754000,2C4,false,Rx,0,8,05,00,00,00,D5,02,00,00
162755000,2C5,false,Rx,0,8,00,00,00,00,00,00,00,00
162755000,2C6,false,Rx,0,8,F4,01,84,03,00,00,00,00
162771000,54,false,Rx,0,8,01,01,FE,FF,FE,FF,00,00
162771000,55,false,Rx,0,8,10,27,00,00,00,00,00,00
162772000,56,false,Rx,0,8,10,27,00,00,00,00,00,00
162782000,57,false,Rx,0,8,00,00,FE,FF,FE,FF,00,00
162782000,60D,false,Rx,0,8,0D,10,DF,23,02,20,70,00
162816000,625,false,Rx,0,8,25,00,11,43,FD,BB,E4,01
162881000,60D,false,Rx,0,8,0D,10,DF,23,02,20,70,00
162916000,625,false,Rx,0,8,25,00,11,43,FD,BB,E4,01
162954000,2C4,false,Rx,0,8,05,00,00,00,D5,02,00,00
162955000,2C5,false,Rx,0,8,00,00,00,00,00,00,00,00
162955000,2C6,false,Rx,0,8,F4,01,84,03,00,00,00,00
162971000,54,false,Rx,0,8,01,01,FE,FF,FE,FF,00,00
162971000,55,false,Rx,0,8,10,27,00,00,00,00,00,00
162972000,56,false,Rx,0,8,10,27,00,00,00,00,00,00
162982000,57,false,Rx,0,8,00,00,FE,FF,FE,FF,00,00
162982000,60D,false,Rx,0,8,0D,10,DF,23,02,20,70,00
163016000,625,false,Rx,0,8,25,00,11,43,FD,BB,E4,01
163081000,60D,false,Rx,0,8,0D,10,DF,23,02,20,70,00
163116000,625,false,Rx,0,8,25,00,11,43,FD,BB,E4,01
163154000,2C4,false,Rx,0,8,05,00,00,00,D5,02,00,00
163155000,2C5,false,Rx,0,8,00,00,00,00,00,00,00,00
163155000,2C6,false,Rx,0,8,F4,01,84,03,00,00,00,00
163171000,54,false,Rx,0,8,01,01,FE,FF,FE,FF,00,00
163171000,55,false,Rx,0,8,10,27,00,00,00,00,00,00
163172000,56,false,Rx,0,8,10,27,00,00,00,00,00,00
163182000,57,false,Rx,0,8,00,00,FE,FF,FE,FF,00,00
163182000,60D,false,Rx,0,8,0D,10,DF,23,02,20,70,00
163216000,625,false,Rx,0,8,25,00,11,43,FD,BB,E4,01
163281000,60D,false,Rx,0,8,0D,10,DF,23,02,20,70,00
163316000,625,false,Rx,0,8,25,00,11,43,FD,BB,E4,01
163354000,2C4,false,Rx,0,8,05,00,00,00,D5,02,00,00
163355000,2C5,false,Rx,0,8,00,00,00,00,00,00,00,00
163355000,2C6,false,Rx,0,8,F4,01,84,03,00,00,00,00
163371000,54,false,Rx,0,8,01,01,FE,FF,FE,FF,00,00
163371000,55,false,Rx,0,8,10,27,00,00,00,00,00,00
163372000,56,false,Rx,0,8,10,27,00,00,00,00,00,00
163382000,57,false,Rx,0,8,00,00,FE,FF,FE,FF,00,00
163382000,60D,false,Rx,0,8,0D,10,DF,23,02,20,70,00
163416000,625,false,Rx,0,8,25,00,11,43,FD,BB,E4,01
163481000,60D,false,Rx,0,8,0D,10,DF,23,02,20,70,00
163516000,625,false,Rx,0,8,25,00,11,43,FD,BB,E4,01
163554000,2C4,false,Rx,0,8,05,00,00,00,D5,02,00,00
163555000,2C5,false,Rx,0,8,00,00,00,00,00,00,00,00
163555000,2C6,false,Rx,0,8,F4,01,84,03,00,00,00,00
163571000,54,false,Rx,0,8,01,01,FE,FF,FE,FF,00,00
163571000,55,false,Rx,0,8,10,27,00,00,00,00,00,00
163572000,56,false,Rx,0,8,10,27,00,00,00,00,00,00
163582000,57,false,Rx,0,8,00,00,FE,FF,FE,FF,00,00
163582000,60D,false,Rx,0,8,0D,10,DF,23,02,20,70,00
163616000,625,false,Rx,0,8,25,00,11,43,FD,BB,E4,01
163681000,60D,false,Rx,0,8,0D,10,DF,23,02,20,70,00
163716000,625,false,Rx,0,8,25,00,11,43,FD,BB,E4,01
163754000,2C4,false,Rx,0,8,05,00,00,00,D5,02,00,00
163755000,2C5,false,Rx,0,8,00,00,00,00,00,00,00,00
163755000,2C6,false,Rx,0,8,F4,01,84,03,00,00,00,00
163771000,54,false,Rx,0,8,01,01,FE,FF,FE,FF,00,00
163771000,55,false,Rx,0,8,10,27,00,00,00,00,00,00
163772000,56,false,Rx,0,8,10,27,00,00,00,00,00,00
163782000,57,false,Rx,0,8,00,00,FE,FF,FE,FF,00,00
163782000,60D,false,Rx,0,8,0D,10,DF,23,02,20,70,00
163816000,625,false,Rx,0,8,25,00,11,43,FD,BB,E4,01
163881000,60D,false,Rx,0,8,0D,10,DF,23,02,20,70,00
163916000,625,false,Rx,0,8,25,00,11,43,FD,BB,E4,01
163954000,2C4,false,Rx,0,8,05,00,00,00,D5,02,00,00
163955000,2C5,false,Rx,0,8,00,00,00,00,00,00,00,00
163955000,2C6,false,Rx,0,8,F4,01,84,03,00,00,00,00
163971000,54,false,Rx,0,8,01,01,FE,FF,FE,FF,00,00
163971000,55,false,Rx,0,8,10,27,00,00,00,00,00,00
163972000,56,false,Rx,0,8,10,27,00,00,00,00,00,00
163982000,57,false,Rx,0,8,00,00,FE,FF,FE,FF,00,00
163982000,60D,false,Rx,0,8,0D,10,DF,23,02,20,70,00
164016000,625,false,Rx,0,8,25,00,11,43,FD,BB,E4,01
164081000,60D,false,Rx,0,8,0D,10,DF,23,02,20,70,00
164116000,625,false,Rx,0,8,25,00,11,43,FD,BB,E4,01
164154000,2C4,false,Rx,0,8,05,00,00,00,D5,02,00,00
164155000,2C5,false,Rx,0,8,00,00,00,00,00,00,00,00
164155000,2C6,false,Rx,0,8,F4,01,84,03,00,00,00,00
164171000,54,false,Rx,0,8,01,01,FE,FF,FE,FF,00,00
164171000,55,false,Rx,0,8,10,27,00,00,00,00,00,00
164172000,56,false,Rx,0,8,10,27,00,00,00,00,00,00
164182000,57,false,Rx,0,8,00,00,FE,FF,FE,FF,00,00
164182000,60D,false,Rx,0,8,0D,10,DF,23,02,20,70,00
164216000,625,false,Rx,0,8,25,00,11,43,FD,BB,E4,01
164281000,60D,false,Rx,0,8,0D,10,DF,23,02,20,70,00
164316000,625,false,Rx,0,8,25,00,11,43,FD,BB,E4,01
164354000,2C4,false,Rx,0,8,05,00,00,00,D5,02,00,00
164355000,2C5,false,Rx,0,8,00,00,00,00,00,00,00,00
164355000,2C6,false,Rx,0,8,F4,01,84,03,00,00,00,00
164371000,54,false,Rx,0,8,01,01,FE,FF,FE,FF,00,00
164371000,55,false,Rx,0,8,10,27,00,00,00,00,00,00
164372000,56,false,Rx,0,8,10,27,00,00,00,00,00,00
164382000,57,false,Rx,0,8,00,00,FE,FF,FE,FF,00,00
164382000,60D,false,Rx,0,8,0D,10,DF,23,02,20,70,00
164416000,625,false,Rx,0,8,25,00,11,43,FD,BB,E4,01
164481000,60D,false,Rx,0,8,0D,10,DF,23,02,20,70,00
164516000,625,false,Rx,0,8,25,00,11,43,FD,BB,E4,01
164554000,2C4,false,Rx,0,8,05,00,00,00,D5,02,00,00
164555000,2C5,false,Rx,0,8,00,00,00,00,00,00,00,00
164555000,2C6,false,Rx,0,8,F4,01,84,03,00,00,00,00
164571000,54,false,Rx,0,8,01,01,FE,FF,FE,FF,00,00
164571000,55,false,Rx,0,8,10,27,00,00,00,00,00,00
164572000,56,false,Rx,0,8,10,27,00,00,00,00,00,00
164582000,57,false,Rx,0,8,00,00,FE,FF,FE,FF,00,00
164582000,60D,false,Rx,0,8,0D,10,DF,23,02,20,70,00
164616000,625,false,Rx,0,8,25,00,11,43,FD,BB,E4,01
164681000,60D,false,Rx,0,8,0D,10,DF,23,02,20,70,00
164716000,625,false,Rx,0,8,25,00,11,43,FD,BB,E4,01
164754000,2C4,false,Rx,0,8,05,00,00,00,D5,02,00,00
164755000,2C5,false,Rx,0,8,00,00,00,00,00,00,00,00
164755000,2C6,false,Rx,0,8,F4,01,84,03,00,00,00,00
164771000,54,false,Rx,0,8,01,01,FE,FF,FE,FF,00,00
164771000,55,false,Rx,0,8,10,27,00,00,00,00,00,00
164772000,56,false,Rx,0,8,10,27,00,00,00,00,00,00
164782000,57,false,Rx,0,8,00,00,FE,FF,FE,FF,00,00
164782000,60D,false,Rx,0,8,0D,10,DF,23,02,20,70,00
164816000,625,false,Rx,0,8,25,00,11,43,FD,BB,E4,01
164881000,60D,false,Rx,0,8,0D,10,DF,23,02,20,70,00
164916000,625,false,Rx,0,8,25,00,11,43,FD,BB,E4,01
164954000,2C4,false,Rx,0,8,05,00,00,00,D5,02,00,00
164955000,2C5,false,Rx,0,8,00,00,00,00,00,00,00,00
164955000,2C6,false,Rx,0,8,F4,01,84,03,00,00,00,00
164971000,54,false,Rx,0,8,01,01,FE,FF,FE,FF,00,00
164971000,55,false,Rx,0,8,10,27,00,00,00,00,00,00
164972000,56,false,Rx,0,8,10,27,00,00,00,00,00,00
164982000,57,false,Rx,0,8,00,00,FE,FF,FE,FF,00,00
164982000,60D,false,Rx,0,8,0D,10,DF,23,02,20,70,00
165016000,625,false,Rx,0,8,25,00,11,43,FD,BB,E4,01
165081000,60D,false,Rx,0,8,0D,10,DF,23,02,20,70,00
165116000,625,false,Rx,0,8,25,00,11,43,FD,BB,E4,01
165154000,2C4,false,Rx,0,8,05,00,00,00,D5,02,00,00
165155000,2C5,false,Rx,0,8,00,00,00,00,00,00,00,00
165155000,2C6,false,Rx,0,8,F4,01,84,03,00,00,00,00
165171000,54,false,Rx,0,8,01,01,FE,FF,FE,FF,00,00
165171000,55,false,Rx,0,8,10,27,00,00,00,00,00,00
165172000,56,false,Rx,0,8,10,27,00,00,00,00,00,00
165182000,57,false,Rx,0,8,00,00,FE,FF,FE,FF,00,00
165182000,60D,false,Rx,0,8,0D,10,DF,23,02,20,70,00
165216000,625,false,Rx,0,8,25,00,11,43,FD,BB,E4,01
165281000,60D,false,Rx,0,8,0D,10,DF,23,02,20,70,00
165316000,625,false,Rx,0,8,25,00,11,43,FD,BB,E4,01
165354000,2C4,false,Rx,0,8,05,00,00,00,D5,02,00,00
165355000,2C5,false,Rx,0,8,00,00,00,00,00,00,00,00
165355000,2C6,false,Rx,0,8,F4,01,84,03,00,00,00,00
165371000,54,false,Rx,0,8,01,01,FE,FF,FE,FF,00,00
165371000,55,false,Rx,0,8,10,27,00,00,00,00,00,00
165372000,56,false,Rx,0,8,10,27,00,00,00,00,00,00
165382000,57,false,Rx,0,8,00,00,FE,FF,FE,FF,00,00
165382000,60D,false,Rx,0,8,0D,10,DF,23,02,20,70,00
165416000,625,false,Rx,0,8,25,00,11,43,FD,BB,E4,01
165481000,60D,false,Rx,0,8,0D,10,DF,23,02,20,70,00
165516000,625,false,Rx,0,8,25,00,11,43,FD,BB,E4,01
165554000,2C4,false,Rx,0,8,05,00,00,00,D5,02,00,00
165555000,2C5,false,Rx,0,8,00,00,00,00,00,00,00,00
165555000,2C6,false,Rx,0,8,F4,01,84,03,00,00,00,00
165571000,54,false,Rx,0,8,01,01,FE,FF,FE,FF,00,00
165571000,55,false,Rx,0,8,10,27,00,00,00,00,00,00
165572000,56,false,Rx,0,8,10,27,00,00,00,00,00,00
165582000,57,false,Rx,0,8,00,00,FE,FF,FE,FF,00,00
165582000,60D,false,Rx,0,8,0D,10,DF,23,02,20,70,00
165616000,625,false,Rx,0,8,25,00,11,43,FD,BB,E4,01
165681000,60D,false,Rx,0,8,0D,10,DF,23,02,20,70,00
165716000,625,false,Rx,0,8,25,00,11,43,FD,BB,E4,01
165754000,2C4,false,Rx,0,8,05,00,00,00,D5,02,00,00
165755000,2C5,false,Rx,0,8,00,00,00,00,00,00,00,00
165755000,2C6,false,Rx,0,8,F4,01,84,03,00,00,00,00
165771000,54,false,Rx,0,8,01,01,FE,FF,FE,FF,00,00
165771000,55,false,Rx,0,8,10,27,00,00,00,00,00,00
165772000,56,false,Rx,0,8,10,27,00,00,00,00,00,00
165782000,57,false,Rx,0,8,00,00,FE,FF,FE,FF,00,00
165782000,60D,false,Rx,0,8,0D,10,DF,23,02,20,70,00
165816000,625,false,Rx,0,8,25,00,11,43,FD,BB,E4,01
165881000,60D,false,Rx,0,8,0D,10,DF,23,02,20,70,00
165916000,625,false,Rx,0,8,25,00,11,43,FD,BB,E4,01
165954000,2C4,false,Rx,0,8,05,00,00,00,D5,02,00,00
165955000,2C5,false,Rx,0,8,00,00,00,00,00,00,00,00
165955000,2C6,false,Rx,0,8,F4,01,84,03,00,00,00,00
165971000,54,false,Rx,0,8,01,01,FE,FF,FE,FF,00,00
165971000,55,false,Rx,0,8,10,27,00,00,00,00,00,00
165972000,56,false,Rx,0,8,10,27,00,00,00,00,00,00
165982000,57,false,Rx,0,8,00,00,FE,FF,FE,FF,00,00
165982000,60D,false,Rx,0,8,0D,10,DF,23,02,20,70,00
166016000,625,false,Rx,0,8,25,00,11,43,FD,BB,E4,01
166081000,60D,false,Rx,0,8,0D,10,DF,23,02,20,70,00
166116000,625,false,Rx,0,8,25,00,11,43,FD,BB,E4,01
166154000,2C4,false,Rx,0,8,05,00,00,00,D5,02,00,00
166155000,2C5,false,Rx,0,8,00,00,00,00,00,00,00,00
166155000,2C6,false,Rx,0,8,F4,01,84,03,00,00,00,00
166171000,54,false,Rx,0,8,01,01,FE,FF,FE,FF,00,00
166171000,55,false,Rx,0,8,10,27,00,00,00,00,00,00
166172000,56,false,Rx,0,8,10,27,00,00,00,00,00,00
166182000,57,false,Rx,0,8,00,00,FE,FF,FE,FF,00,00
166182000,60D,false,Rx,0,8,0D,10,DF,23,02,20,70,00
166216000,625,false,Rx,0,8,25,00,11,43,FD,BB,E4,01
166281000,60D,false,Rx,0,8,0D,10,DF,23,02,20,70,00
166316000,625,false,Rx,0,8,25,00,11,43,FD,BB,E4,01
166354000,2C4,false,Rx,0,8,05,00,00,00,D5,02,00,00
166355000,2C5,false,Rx,0,8,00,00,00,00,00,00,00,00
166355000,2C6,false,Rx,0,8,F4,01,84,03,00,00,00,00
166371000,54,false,Rx,0,8,01,01,FE,FF,FE,FF,00,00
166371000,55,false,Rx,0,8,10,27,00,00,00,00,00,00
166372000,56,false,Rx,0,8,10,27,00,00,00,00,00,00
166382000,57,false,Rx,0,8,00,00,FE,FF,FE,FF,00,00
166382000,60D,false,Rx,0,8,0D,10,DF,23,02,20,70,00
166416000,625,false,Rx,0,8,25,00,11,43,FD,BB,E4,01
166481000,60D,false,Rx,0,8,0D,10,DF,23,02,20,70,00
166516000,625,false,Rx,0,8,25,00,11,43,FD,BB,E4,01
166554000,2C4,false,Rx,0,8,05,00,00,00,D5,02,00,00
166555000,2C5,false,Rx,0,8,00,00,00,00,00,00,00,00
166555000,2C6,false,Rx,0,8,F4,01,84,03,00,00,00,00
166571000,54,false,Rx,0,8,01,01,FE,FF,FE,FF,00,00
166571000,55,false,Rx,0,8,10,27,00,00,00,00,00,00
166572000,56,false,Rx,0,8,10,27,00,00,00,00,00,00
166582000,57,false,Rx,0,8,00,00,FE,FF,FE,FF,00,00
166582000,60D,false,Rx,0,8,0D,10,DF,23,02,20,70,00
166616000,625,false,Rx,0,8,25,00,11,43,FD,BB,E4,01
166681000,60D,false,Rx,0,8,0D,10,DF,23,02,20,70,00
166716000,625,false,Rx,0,8,25,00,11,43,FD,BB,E4,01
166754000,2C4,false,Rx,0,8,05,00,00,00,D5,02,00,00
166754000,2C5,false,Rx,0,8,00,00,00,00,00,00,00,00
166755000,2C6,false,Rx,0,8,F4,01,84,03,00,00,00,00
166771000,54,false,Rx,0,8,01,01,FE,FF,FE,FF,00,00
166771000,55,false,Rx,0,8,10,27,00,00,00,00,00,00
166772000,56,false,Rx,0,8,10,27,00,00,00,00,00,00
166782000,57,false,Rx,0,8,00,00,FE,FF,FE,FF,00,00
166782000,60D,false,Rx,0,8,0D,10,DF,23,02,20,70,00
166816000,625,false,Rx,0,8,25,00,11,43,FD,BB,E4,01
166881000,60D,false,Rx,0,8,0D,10,DF,23,02,20,70,00
166916000,625,false,Rx,0,8,25,00,11,43,FD,BB,E4,01
166954000,2C4,false,Rx,0,8,05,00,00,00,D5,02,00,00
166954000,2C5,false,Rx,0,8,00,00,00,00,00,00,00,00
166955000,2C6,false,Rx,0,8,F4,01,84,03,00,00,00,00
166971000,54,false,Rx,0,8,01,01,FE,FF,FE,FF,00,00
166971000,55,false,Rx,0,8,10,27,00,00,00,00,00,00
166972000,56,false,Rx,0,8,10,27,00,00,00,00,00,00
166982000,57,false,Rx,0,8,00,00,FE,FF,FE,FF,00,00
166982000,60D,false,Rx,0,8,0D,10,DF,23,02,20,70,00
167016000,625,false,Rx,0,8,25,00,11,43,FD,BB,E4,01
167081000,60D,false,Rx,0,8,0D,10,DF,23,02,20,70,00
167116000,625,false,Rx,0,8,25,00,11,43,FD,BB,E4,01
167154000,2C4,false,Rx,0,8,05,00,00,00,D5,02,00,00
167154000,2C5,false,Rx,0,8,00,00,00,00,00,00,00,00
167155000,2C6,false,Rx,0,8,F4,01,84,03,00,00,00,00
167171000,54,false,Rx,0,8,01,01,FE,FF,FE,FF,00,00
167171000,55,false,Rx,0,8,10,27,00,00,00,00,00,00
167172000,56,false,Rx,0,8,10,27,00,00,00,00,00,00
167182000,57,false,Rx,0,8,00,00,FE,FF,FE,FF,00,00
167182000,60D,false,Rx,0,8,0D,10,DF,23,02,20,70,00
167216000,625,false,Rx,0,8,25,00,11,43,FD,BB,E4,01
167281000,60D,false,Rx,0,8,0D,10,DF,23,02,20,70,00
167316000,625,false,Rx,0,8,25,00,11,43,FD,BB,E4,01
167354000,2C4,false,Rx,0,8,05,00,00,00,D5,02,00,00
167354000,2C5,false,Rx,0,8,00,00,00,00,00,00,00,00
167355000,2C6,false,Rx,0,8,F4,01,84,03,00,00,00,00
167371000,54,false,Rx,0,8,01,01,FE,FF,FE,FF,00,00
167371000,55,false,Rx,0,8,10,27,00,00,00,00,00,00
167372000,56,false,Rx,0,8,10,27,00,00,00,00,00,00
167382000,57,false,Rx,0,8,00,00,FE,FF,FE,FF,00,00
167382000,60D,false,Rx,0,8,0D,10,DF,23,02,20,70,00
167416000,625,false,Rx,0,8,25,00,11,43,FD,BB,E4,01
167481000,60D,false,Rx,0,8,0D,10,DF,23,02,20,70,00
167516000,625,false,Rx,0,8,25,00,11,43,FD,BB,E4,01
167554000,2C4,false,Rx,0,8,05,00,00,00,D5,02,00,00
167554000,2C5,false,Rx,0,8,00,00,00,00,00,00,00,00
167555000,2C6,false,Rx,0,8,F4,01,84,03,00,00,00,00
167571000,54,false,Rx,0,8,01,01,FE,FF,FE,FF,00,00
167571000,55,false,Rx,0,8,10,27,00,00,00,00,00,00
167572000,56,false,Rx,0,8,10,27,00,00,00,00,00,00
167582000,57,false,Rx,0,8,00,00,FE,FF,FE,FF,00,00
167582000,60D,false,Rx,0,8,0D,10,DF,23,02,20,70,00
167616000,625,false,Rx,0,8,25,00,11,43,FD,BB,E4,01
167681000,60D,false,Rx,0,8,0D,10,DF,23,02,20,70,00
167716000,625,false,Rx,0,8,25,00,11,43,FD,BB,E4,01
167754000,2C4,false,Rx,0,8,05,00,00,00,D5,02,00,00
167754000,2C5,false,Rx,0,8,00,00,00,00,00,00,00,00
167755000,2C6,false,Rx,0,8,F4,01,84,03,00,00,00,00
167771000,54,false,Rx,0,8,01,01,FE,FF,FE,FF,00,00
167771000,55,false,Rx,0,8,10,27,00,00,00,00,00,00
167772000,56,false,Rx,0,8,10,27,00,00,00,00,00,00
167782000,57,false,Rx,0,8,00,00,FE,FF,FE,FF,00,00
167782000,60D,false,Rx,0,8,0D,10,DF,23,02,20,70,00
167816000,625,false,Rx,0,8,25,00,11,43,FD,BB,E4,01
167881000,60D,false,Rx,0,8,0D,10,DF,23,02,20,70,00
167916000,625,false,Rx,0,8,25,00,11,43,FD,BB,E4,01
167954000,2C4,false,Rx,0,8,05,00,00,00,D5,02,00,00
167954000,2C5,false,Rx,0,8,00,00,00,00,00,00,00,00
167955000,2C6,false,Rx,0,8,F4,01,84,03,00,00,00,00
167971000,54,false,Rx,0,8,01,01,FE,FF,FE,FF,00,00
167971000,55,false,Rx,0,8,10,27,00,00,00,00,00,00
167972000,56,false,Rx,0,8,10,27,00,00,00,00,00,00
167982000,57,false,Rx,0,8,00,00,FE,FF,FE,FF,00,00
167982000,60D,false,Rx,0,8,0D,10,DF,23,02,20,70,00
168016000,625,false,Rx,0,8,25,00,11,43,FD,BB,E4,01
168081000,60D,false,Rx,0,8,0D,10,DF,23,02,20,70,00
168116000,625,false,Rx,0,8,25,00,11,43,FD,BB,E4,01
168154000,2C4,false,Rx,0,8,05,00,00,00,D5,02,00,00
168154000,2C5,false,Rx,0,8,00,00,00,00,00,00,00,00
168155000,2C6,false,Rx,0,8,F4,01,84,03,00,00,00,00
168171000,54,false,Rx,0,8,01,01,FE,FF,FE,FF,00,00
168171000,55,false,Rx,0,8,10,27,00,00,00,00,00,00
168172000,56,false,Rx,0,8,10,27,00,00,00,00,00,00
168182000,57,false,Rx,0,8,00,00,FE,FF,FE,FF,00,00
168182000,60D,false,Rx,0,8,0D,10,DF,23,02,20,70,00
168216000,625,false,Rx,0,8,25,00,11,43,FD,BB,E4,01
168281000,60D,false,Rx,0,8,0D,10,DF,23,02,20,70,00
168316000,625,false,Rx,0,8,25,00,11,43,FD,BB,E4,01
168354000,2C4,false,Rx,0,8,05,00,00,00,D5,02,00,00
168354000,2C5,false,Rx,0,8,00,00,00,00,00,00,00,00
168355000,2C6,false,Rx,0,8,F4,01,84,03,00,00,00,00
168371000,54,false,Rx,0,8,01,01,FE,FF,FE,FF,00,00
168371000,55,false,Rx,0,8,10,27,00,00,00,00,00,00
168372000,56,false,Rx,0,8,10,27,00,00,00,00,00,00
168382000,57,false,Rx,0,8,00,00,FE,FF,FE,FF,00,00
168382000,60D,false,Rx,0,8,0D,10,DF,23,02,20,70,00
168416000,625,false,Rx,0,8,25,00,11,43,FD,BB,E4,01
168481000,60D,false,Rx,0,8,0D,10,DF,23,02,20,70,00
168516000,625,false,Rx,0,8,25,00,11,43,FD,BB,E4,01
168554000,2C4,false,Rx,0,8,05,00,00,00,D5,02,00,00
168554000,2C5,false,Rx,0,8,00,00,00,00,00,00,00,00
168555000,2C6,false,Rx,0,8,F4,01,84,03,00,00,00,00
168571000,54,false,Rx,0,8,01,01,FE,FF,FE,FF,00,00
168571000,55,false,Rx,0,8,10,27,00,00,00,00,00,00
168572000,56,false,Rx,0,8,10,27,00,00,00,00,00,00
168582000,57,false,Rx,0,8,00,00,FE,FF,FE,FF,00,00
168582000,60D,false,Rx,0,8,0D,10,DF,23,02,20,70,00
168616000,625,false,Rx,0,8,25,00,11,43,FD,BB,E4,01
168681000,60D,false,Rx,0,8,0D,10,DF,23,02,20,70,00
168716000,625,false,Rx,0,8,25,00,11,43,FD,BB,E4,01
168754000,2C4,false,Rx,0,8,05,00,00,00,D5,02,00,00
168754000,2C5,false,Rx,0,8,00,00,00,00,00,00,00,00
168755000,2C6,false,Rx,0,8,F4,01,84,03,00,00,00,00
168771000,54,false,Rx,0,8,01,01,FE,FF,FE,FF,00,00
168771000,55,false,Rx,0,8,10,27,00,00,00,00,00,00
168772000,56,false,Rx,0,8,10,27,00,00,00,00,00,00
168782000,57,false,Rx,0,8,00,00,FE,FF,FE,FF,00,00
168782000,60D,false,Rx,0,8,0D,10,DF,23,02,20,70,00
168816000,625,false,Rx,0,8,25,00,11,43,FD,BB,E4,01
168881000,60D,false,Rx,0,8,0D,10,DF,23,02,20,70,00
168916000,625,false,Rx,0,8,25,00,11,43,FD,BB,E4,01
168954000,2C4,false,Rx,0,8,05,00,00,00,D5,02,00,00
168954000,2C5,false,Rx,0,8,00,00,00,00,00,00,00,00
168955000,2C6,false,Rx,0,8,F4,01,84,03,00,00,00,00
168971000,54,false,Rx,0,8,01,01,FE,FF,FE,FF,00,00
168971000,55,false,Rx,0,8,10,27,00,00,00,00,00,00
168972000,56,false,Rx,0,8,10,27,00,00,00,00,00,00
168982000,57,false,Rx,0,8,00,00,FE,FF,FE,FF,00,00
168982000,60D,false,Rx,0,8,0D,10,DF,23,02,20,70,00
169016000,625,false,Rx,0,8,25,00,11,43,FD,BB,E4,01
169081000,60D,false,Rx,0,8,0D,10,DF,23,02,20,70,00
169116000,625,false,Rx,0,8,25,00,11,43,FD,BB,E4,01
169154000,2C4,false,Rx,0,8,05,00,00,00,D5,02,00,00
169154000,2C5,false,Rx,0,8,00,00,00,00,00,00,00,00
169155000,2C6,false,Rx,0,8,F4,01,84,03,00,00,00,00
169171000,54,false,Rx,0,8,01,01,FE,FF,FE,FF,00,00
169171000,55,false,Rx,0,8,10,27,00,00,00,00,00,00
169172000,56,false,Rx,0,8,10,27,00,00,00,00,00,00
169182000,57,false,Rx,0,8,00,00,FE,FF,FE,FF,00,00
169182000,60D,false,Rx,0,8,0D,10,DF,23,02,20,70,00
169216000,625,false,Rx,0,8,25,00,11,43,FD,BB,E4,01
169281000,60D,false,Rx,0,8,0D,10,DF,23,02,20,70,00
169316000,625,false,Rx,0,8,25,00,11,43,FD,BB,E4,01
169354000,2C4,false,Rx,0,8,05,00,00,00,D5,02,00,00
169354000,2C5,false,Rx,0,8,00,00,00,00,00,00,00,00
169355000,2C6,false,Rx,0,8,F4,01,84,03,00,00,00,00
169371000,54,false,Rx,0,8,01,01,FE,FF,FE,FF,00,00
169371000,55,false,Rx,0,8,10,27,00,00,00,00,00,00
169372000,56,false,Rx,0,8,10,27,00,00,00,00,00,00
169382000,57,false,Rx,0,8,00,00,FE,FF,FE,FF,00,00
169382000,60D,false,Rx,0,8,0D,10,DF,23,02,20,70,00
169416000,625,false,Rx,0,8,25,00,11,43,FD,BB,E4,01
169481000,60D,false,Rx,0,8,0D,10,DF,23,02,20,70,00
169516000,625,false,Rx,0,8,25,00,11,43,FD,BB,E4,01
169554000,2C4,false,Rx,0,8,05,00,00,00,D5,02,00,00
169554000,2C5,false,Rx,0,8,00,00,00,00,00,00,00,00
169555000,2C6,false,Rx,0,8,F4,01,84,03,00,00,00,00
169571000,54,false,Rx,0,8,01,01,FE,FF,FE,FF,00,00
169571000,55,false,Rx,0,8,10,27,00,00,00,00,00,00
169572000,56,false,Rx,0,8,10,27,00,00,00,00,00,00
169582000,57,false,Rx,0,8,00,00,FE,FF,FE,FF,00,00
169582000,60D,false,Rx,0,8,0D,10,DF,23,02,20,70,00
169616000,625,false,Rx,0,8,25,00,11,43,FD,BB,E4,01
169681000,60D,false,Rx,0,8,0D,10,DF,23,02,20,70,00
169716000,625,false,Rx,0,8,25,00,11,43,FD,BB,E4,01
169754000,2C4,false,Rx,0,8,05,00,00,00,D5,02,00,00
169754000,2C5,false,Rx,0,8,00,00,00,00,00,00,00,00
169755000,2C6,false,Rx,0,8,F4,01,84,03,00,00,00,00
169771000,54,false,Rx,0,8,01,01,FE,FF,FE,FF,00,00
169771000,55,false,Rx,0,8,10,27,00,00,00,00,00,00
169772000,56,false,Rx,0,8,10,27,00,00,00,00,00,00
169782000,57,false,Rx,0,8,00,00,FE,FF,FE,FF,00,00
169782000,60D,false,Rx,0,8,0D,10,DF,23,02,20,70,00
169816000,625,false,Rx,0,8,25,00,11,43,FD,BB,E4,01
169881000,60D,false,Rx,0,8,0D,10,DF,23,02,20,70,00
169916000,625,false,Rx,0,8,25,00,11,43,FD,BB,E4,01
169954000,2C4,false,Rx,0,8,05,00,00,00,D5,02,00,00
169954000,2C5,false,Rx,0,8,00,00,00,00,00,00,00,00
169955000,2C6,false,Rx,0,8,F4,01,84,03,00,00,00,00
169971000,54,false,Rx,0,8,01,01,FE,FF,FE,FF,00,00
169971000,55,false,Rx,0,8,10,27,00,00,00,00,00,00
169971000,56,false,Rx,0,8,10,27,00,00,00,00,00,00
169982000,57,false,Rx,0,8,00,00,FE,FF,FE,FF,00,00
169982000,60D,false,Rx,0,8,0D,10,DF,23,02,20,70,00
170016000,625,false,Rx,0,8,25,00,11,43,FD,BB,E4,01
170081000,60D,false,Rx,0,8,0D,10,DF,23,02,20,70,00
170116000,625,false,Rx,0,8,25,00,11,43,FD,BB,E4,01
170154000,2C4,false,Rx,0,8,05,00,00,00,D5,02,00,00
170154000,2C5,false,Rx,0,8,00,00,00,00,00,00,00,00
170155000,2C6,false,Rx,0,8,F4,01,84,03,00,00,00,00
170171000,54,false,Rx,0,8,01,01,FE,FF,FE,FF,00,00
170171000,55,false,Rx,0,8,10,27,00,00,00,00,00,00
170171000,56,false,Rx,0,8,10,27,00,00,00,00,00,00
170182000,57,false,Rx,0,8,00,00,FE,FF,FE,FF,00,00
170182000,60D,false,Rx,0,8,0D,10,DF,23,02,20,70,00
170216000,625,false,Rx,0,8,25,00,11,43,FD,BB,E4,01
170281000,60D,false,Rx,0,8,0D,10,DF,23,02,20,70,00
170316000,625,false,Rx,0,8,25,00,11,43,FD,BB,E4,01
170354000,2C4,false,Rx,0,8,05,00,00,00,D5,02,00,00
170354000,2C5,false,Rx,0,8,00,00,00,00,00,00,00,00
170355000,2C6,false,Rx,0,8,F4,01,84,03,00,00,00,00
170371000,54,false,Rx,0,8,01,01,FE,FF,FE,FF,00,00
170371000,55,false,Rx,0,8,10,27,00,00,00,00,00,00
170371000,56,false,Rx,0,8,10,27,00,00,00,00,00,00
170382000,57,false,Rx,0,8,00,00,FE,FF,FE,FF,00,00
170382000,60D,false,Rx,0,8,0D,10,DF,23,02,20,70,00
170416000,625,false,Rx,0,8,25,00,11,43,FD,BB,E4,01
170481000,60D,false,Rx,0,8,0D,10,DF,23,02,20,70,00
170516000,625,false,Rx,0,8,25,00,11,43,FD,BB,E4,01
170554000,2C4,false,Rx,0,8,05,00,00,00,D5,02,00,00
170554000,2C5,false,Rx,0,8,00,00,00,00,00,00,00,00
170555000,2C6,false,Rx,0,8,F4,01,84,03,00,00,00,00
170571000,54,false,Rx,0,8,01,01,FE,FF,FE,FF,00,00
170571000,55,false,Rx,0,8,10,27,00,00,00,00,00,00
170571000,56,false,Rx,0,8,10,27,00,00,00,00,00,00
170582000,57,false,Rx,0,8,00,00,FE,FF,FE,FF,00,00
170582000,60D,false,Rx,0,8,0D,10,DF,23,02,20,70,00
170616000,625,false,Rx,0,8,25,00,11,43,FD,BB,E4,01
170681000,60D,false,Rx,0,8,0D,10,DF,23,02,20,70,00
170716000,625,false,Rx,0,8,25,00,11,43,FD,BB,E4,01
170754000,2C4,false,Rx,0,8,05,00,00,00,D5,02,00,00
170754000,2C5,false,Rx,0,8,00,00,00,00,00,00,00,00
170755000,2C6,false,Rx,0,8,F4,01,84,03,00,00,00,00
170771000,54,false,Rx,0,8,01,01,FE,FF,FE,FF,00,00
170771000,55,false,Rx,0,8,10,27,00,00,00,00,00,00
170771000,56,false,Rx,0,8,10,27,00,00,00,00,00,00
170782000,57,false,Rx,0,8,00,00,FE,FF,FE,FF,00,00
170782000,60D,false,Rx,0,8,0D,10,DF,23,02,20,70,00
170816000,625,false,Rx,0,8,25,00,11,43,FD,BB,E4,01
170881000,60D,false,Rx,0,8,0D,10,DF,23,02,20,70,00
170916000,625,false,Rx,0,8,25,00,11,43,FD,BB,E4,01
170954000,2C4,false,Rx,0,8,05,00,00,00,D5,02,00,00
170954000,2C5,false,Rx,0,8,00,00,00,00,00,00,00,00
170955000,2C6,false,Rx,0,8,F4,01,84,03,00,00,00,00
170971000,54,false,Rx,0,8,01,01,FE,FF,FE,FF,00,00
170971000,55,false,Rx,0,8,10,27,00,00,00,00,00,00
170971000,56,false,Rx,0,8,10,27,00,00,00,00,00,00
170982000,57,false,Rx,0,8,00,00,FE,FF,FE,FF,00,00
170982000,60D,false,Rx,0,8,0D,10,DF,23,02,20,70,00
171016000,625,false,Rx,0,8,25,00,11,43,FD,BB,E4,01
171081000,60D,false,Rx,0,8,0D,10,DF,23,02,20,70,00
171116000,625,false,Rx,0,8,25,00,11,43,FD,BB,E4,01
171154000,2C4,false,Rx,0,8,05,00,00,00,D5,02,00,00
171154000,2C5,false,Rx,0,8,00,00,00,00,00,00,00,00
171154000,2C6,false,Rx,0,8,F4,01,84,03,00,00,00,00
171171000,54,false,Rx,0,8,01,01,FE,FF,FE,FF,00,00
171171000,55,false,Rx,0,8,10,27,00,00,00,00,00,00
171172000,56,false,Rx,0,8,10,27,00,00,00,00,00,00
171182000,57,false,Rx,0,8,00,00,FE,FF,FE,FF,00,00
171182000,60D,false,Rx,0,8,0D,10,DF,23,02,20,70,00
171216000,625,false,Rx,0,8,25,00,11,43,FD,BB,E4,01
171281000,60D,false,Rx,0,8,0D,10,DF,23,02,20,70,00
171316000,625,false,Rx,0,8,25,00,11,43,FD,BB,E4,01
171354000,2C4,false,Rx,0,8,05,00,00,00,D5,02,00,00
171354000,2C5,false,Rx,0,8,00,00,00,00,00,00,00,00
171354000,2C6,false,Rx,0,8,F4,01,84,03,00,00,00,00
171371000,54,false,Rx,0,8,01,01,FE,FF,FE,FF,00,00
171371000,55,false,Rx,0,8,10,27,00,00,00,00,00,00
171371000,56,false,Rx,0,8,10,27,00,00,00,00,00,00
171382000,57,false,Rx,0,8,00,00,FE,FF,FE,FF,00,00
171382000,60D,false,Rx,0,8,0D,10,DF,23,02,20,70,00
171416000,625,false,Rx,0,8,25,00,11,43,FD,BB,E4,01
171481000,60D,false,Rx,0,8,0D,10,DF,23,02,20,70,00
171516000,625,false,Rx,0,8,25,00,11,43,FD,BB,E4,01
171554000,2C4,false,Rx,0,8,05,00,00,00,D5,02,00,00
171554000,2C5,false,Rx,0,8,00,00,00,00,00,00,00,00
171554000,2C6,false,Rx,0,8,F4,01,84,03,00,00,00,00
171571000,54,false,Rx,0,8,01,01,FE,FF,FE,FF,00,00
171571000,55,false,Rx,0,8,10,27,00,00,00,00,00,00
171571000,56,false,Rx,0,8,10,27,00,00,00,00,00,00
171582000,57,false,Rx,0,8,00,00,FE,FF,FE,FF,00,00
171582000,60D,false,Rx,0,8,0D,10,DF,23,02,20,70,00
171616000,625,false,Rx,0,8,25,00,11,43,FD,BB,E4,01
171681000,60D,false,Rx,0,8,0D,10,DF,23,02,20,70,00
171716000,625,false,Rx,0,8,25,00,11,43,FD,BB,E4,01
171754000,2C4,false,Rx,0,8,05,00,00,00,D5,02,00,00
171754000,2C5,false,Rx,0,8,00,00,00,00,00,00,00,00
171754000,2C6,false,Rx,0,8,F4,01,84,03,00,00,00,00
171771000,54,false,Rx,0,8,01,01,FE,FF,FE,FF,00,00
171771000,55,false,Rx,0,8,10,27,00,00,00,00,00,00
171771000,56,false,Rx,0,8,10,27,00,00,00,00,00,00
171782000,57,false,Rx,0,8,00,00,FE,FF,FE,FF,00,00
171782000,60D,false,Rx,0,8,0D,10,DF,23,02,20,70,00
171816000,625,false,Rx,0,8,25,00,11,43,FD,BB,E4,01
171881000,60D,false,Rx,0,8,0D,10,DF,23,02,20,70,00
171916000,625,false,Rx,0,8,25,00,11,43,FD,BB,E4,01
171954000,2C4,false,Rx,0,8,05,00,00,00,D5,02,00,00
171954000,2C5,false,Rx,0,8,00,00,00,00,00,00,00,00
171954000,2C6,false,Rx,0,8,F4,01,84,03,00,00,00,00
171971000,54,false,Rx,0,8,01,01,FE,FF,FE,FF,00,00
171971000,55,false,Rx,0,8,10,27,00,00,00,00,00,00
171971000,56,false,Rx,0,8,10,27,00,00,00,00,00,00
171982000,57,false,Rx,0,8,00,00,FE,FF,FE,FF,00,00
171982000,60D,false,Rx,0,8,0D,10,DF,23,02,20,70,00
172016000,625,false,Rx,0,8,25,00,11,43,FD,BB,E4,01
172081000,60D,false,Rx,0,8,0D,10,DF,23,02,20,70,00
172116000,625,false,Rx,0,8,25,00,11,43,FD,BB,E4,01
172154000,2C4,false,Rx,0,8,05,00,00,00,D5,02,00,00
172154000,2C5,false,Rx,0,8,00,00,00,00,00,00,00,00
172154000,2C6,false,Rx,0,8,F4,01,84,03,00,00,00,00
172171000,54,false,Rx,0,8,01,01,FE,FF,FE,FF,00,00
172171000,55,false,Rx,0,8,10,27,00,00,00,00,00,00
172171000,56,false,Rx,0,8,10,27,00,00,00,00,00,00
172182000,57,false,Rx,0,8,00,00,FE,FF,FE,FF,00,00
172182000,60D,false,Rx,0,8,0D,10,DF,23,02,20,70,00
172216000,625,false,Rx,0,8,25,00,11,43,FD,BB,E4,01
172281000,60D,false,Rx,0,8,0D,10,DF,23,02,20,70,00
172316000,625,false,Rx,0,8,25,00,11,43,FD,BB,E4,01
172354000,2C4,false,Rx,0,8,05,00,00,00,D5,02,00,00
172354000,2C5,false,Rx,0,8,00,00,00,00,00,00,00,00
172354000,2C6,false,Rx,0,8,F4,01,84,03,00,00,00,00
172371000,54,false,Rx,0,8,01,01,FE,FF,FE,FF,00,00
172371000,55,false,Rx,0,8,10,27,00,00,00,00,00,00
172372000,56,false,Rx,0,8,10,27,00,00,00,00,00,00
172382000,57,false,Rx,0,8,00,00,FE,FF,FE,FF,00,00
172382000,60D,false,Rx,0,8,0D,10,DF,23,02,20,70,00
172416000,625,false,Rx,0,8,25,00,11,43,FD,BB,E4,01
172481000,60D,false,Rx,0,8,0D,10,DF,23,02,20,70,00
172516000,625,false,Rx,0,8,25,00,11,43,FD,BB,E4,01
172554000,2C4,false,Rx,0,8,05,00,00,00,D5,02,00,00
172554000,2C5,false,Rx,0,8,00,00,00,00,00,00,00,00
172554000,2C6,false,Rx,0,8,F4,01,84,03,00,00,00,00
172571000,54,false,Rx,0,8,01,01,FE,FF,FE,FF,00,00
172571000,55,false,Rx,0,8,10,27,00,00,00,00,00,00
172571000,56,false,Rx,0,8,10,27,00,00,00,00,00,00
172582000,57,false,Rx,0,8,00,00,FE,FF,FE,FF,00,00
172582000,60D,false,Rx,0,8,0D,10,DF,23,02,20,70,00
172616000,625,false,Rx,0,8,25,00,11,43,FD,BB,E4,01
172681000,60D,false,Rx,0,8,0D,10,DF,23,02,20,70,00
172716000,625,false,Rx,0,8,25,00,11,43,FD,BB,E4,01
172754000,2C4,false,Rx,0,8,05,00,00,00,D5,02,00,00
172754000,2C5,false,Rx,0,8,00,00,00,00,00,00,00,00
172754000,2C6,false,Rx,0,8,F4,01,84,03,00,00,00,00
172771000,54,false,Rx,0,8,01,01,FE,FF,FE,FF,00,00
172771000,55,false,Rx,0,8,10,27,00,00,00,00,00,00
172771000,56,false,Rx,0,8,10,27,00,00,00,00,00,00
172782000,57,false,Rx,0,8,00,00,FE,FF,FE,FF,00,00
172782000,60D,false,Rx,0,8,0D,10,DF,23,02,20,70,00
172816000,625,false,Rx,0,8,25,00,11,43,FD,BB,E4,01
172881000,60D,false,Rx,0,8,0D,10,DF,23,02,20,70,00
172916000,625,false,Rx,0,8,25,00,11,43,FD,BB,E4,01
172954000,2C4,false,Rx,0,8,05,00,00,00,D5,02,00,00
172954000,2C5,false,Rx,0,8,00,00,00,00,00,00,00,00
172954000,2C6,false,Rx,0,8,F4,01,84,03,00,00,00,00
172971000,54,false,Rx,0,8,01,01,FE,FF,FE,FF,00,00
172971000,55,false,Rx,0,8,10,27,00,00,00,00,00,00
172971000,56,false,Rx,0,8,10,27,00,00,00,00,00,00
172982000,57,false,Rx,0,8,00,00,FE,FF,FE,FF,00,00
172982000,60D,false,Rx,0,8,0D,10,DF,23,02,20,70,00
173016000,625,false,Rx,0,8,25,00,11,43,FD,BB,E4,01
173081000,60D,false,Rx,0,8,0D,10,DF,23,02,20,70,00
173116000,625,false,Rx,0,8,25,00,11,43,FD,BB,E4,01
173154000,2C4,false,Rx,0,8,05,00,00,00,D5,02,00,00
173154000,2C5,false,Rx,0,8,00,00,00,00,00,00,00,00
173154000,2C6,false,Rx,0,8,F4,01,84,03,00,00,00,00
173171000,54,false,Rx,0,8,01,01,FE,FF,FE,FF,00,00
173171000,55,false,Rx,0,8,10,27,00,00,00,00,00,00
173171000,56,false,Rx,0,8,10,27,00,00,00,00,00,00
173182000,57,false,Rx,0,8,00,00,FE,FF,FE,FF,00,00
173182000,60D,false,Rx,0,8,0D,10,DF,23,02,20,70,00
173216000,625,false,Rx,0,8,25,00,11,43,FD,BB,E4,01
173281000,60D,false,Rx,0,8,0D,10,DF,23,02,20,70,00
173316000,625,false,Rx,0,8,25,00,11,43,FD,BB,E4,01
173354000,2C4,false,Rx,0,8,05,00,00,00,D5,02,00,00
173354000,2C5,false,Rx,0,8,00,00,00,00,00,00,00,00
173354000,2C6,false,Rx,0,8,F4,01,84,03,00,00,00,00
173371000,54,false,Rx,0,8,01,01,FE,FF,FE,FF,00,00
173371000,55,false,Rx,0,8,10,27,00,00,00,00,00,00
173371000,56,false,Rx,0,8,10,27,00,00,00,00,00,00
173382000,57,false,Rx,0,8,00,00,FE,FF,FE,FF,00,00
173382000,60D,false,Rx,0,8,0D,10,DF,23,02,20,70,00
173416000,625,false,Rx,0,8,25,00,11,43,FD,BB,E4,01
173481000,60D,false,Rx,0,8,0D,10,DF,23,02,20,70,00
173516000,625,false,Rx,0,8,25,00,11,43,FD,BB,E4,01
173554000,2C4,false,Rx,0,8,05,00,00,00,D5,02,00,00
173554000,2C5,false,Rx,0,8,00,00,00,00,00,00,00,00
173554000,2C6,false,Rx,0,8,F4,01,84,03,00,00,00,00
173571000,54,false,Rx,0,8,01,01,FE,FF,FE,FF,00,00
173571000,55,false,Rx,0,8,10,27,00,00,00,00,00,00
173571000,56,false,Rx,0,8,10,27,00,00,00,00,00,00
173582000,57,false,Rx,0,8,00,00,FE,FF,FE,FF,00,00
173582000,60D,false,Rx,0,8,0D,10,DF,23,02,20,70,00
173616000,625,false,Rx,0,8,25,00,11,43,FD,BB,E4,01
173681000,60D,false,Rx,0,8,0D,10,DF,23,02,20,70,00
173716000,625,false,Rx,0,8,25,00,11,43,FD,BB,E4,01
173754000,2C4,false,Rx,0,8,05,00,00,00,D5,02,00,00
173754000,2C5,false,Rx,0,8,00,00,00,00,00,00,00,00
173754000,2C6,false,Rx,0,8,F4,01,84,03,00,00,00,00
173771000,54,false,Rx,0,8,01,01,FE,FF,FE,FF,00,00
173771000,55,false,Rx,0,8,10,27,00,00,00,00,00,00
173771000,56,false,Rx,0,8,10,27,00,00,00,00,00,00
173782000,57,false,Rx,0,8,00,00,FE,FF,FE,FF,00,00
173782000,60D,false,Rx,0,8,0D,10,DF,23,02,20,70,00
173816000,625,false,Rx,0,8,25,00,11,43,FD,BB,E4,01
173881000,60D,false,Rx,0,8,0D,10,DF,23,02,20,70,00
173916000,625,false,Rx,0,8,25,00,11,43,FD,BB,E4,01
173954000,2C4,false,Rx,0,8,05,00,00,00,D5,02,00,00
173954000,2C5,false,Rx,0,8,00,00,00,00,00,00,00,00
173954000,2C6,false,Rx,0,8,F4,01,84,03,00,00,00,00
173971000,54,false,Rx,0,8,01,01,FE,FF,FE,FF,00,00
173971000,55,false,Rx,0,8,10,27,00,00,00,00,00,00
173971000,56,false,Rx,0,8,10,27,00,00,00,00,00,00
173982000,57,false,Rx,0,8,00,00,FE,FF,FE,FF,00,00
173982000,60D,false,Rx,0,8,0D,10,DF,23,02,20,70,00
174016000,625,false,Rx,0,8,25,00,11,43,FD,BB,E4,01
174081000,60D,false,Rx,0,8,0D,10,DF,23,02,20,70,00
174116000,625,false,Rx,0,8,25,00,11,43,FD,BB,E4,01
174154000,2C4,false,Rx,0,8,05,00,00,00,D5,02,00,00
174154000,2C5,false,Rx,0,8,00,00,00,00,00,00,00,00
174154000,2C6,false,Rx,0,8,F4,01,84,03,00,00,00,00
174171000,54,false,Rx,0,8,01,01,FE,FF,FE,FF,00,00
174171000,55,false,Rx,0,8,10,27,00,00,00,00,00,00
174171000,56,false,Rx,0,8,10,27,00,00,00,00,00,00
174182000,57,false,Rx,0,8,00,00,FE,FF,FE,FF,00,00
174182000,60D,false,Rx,0,8,0D,10,DF,23,02,20,70,00
174216000,625,false,Rx,0,8,25,00,11,43,FD,BB,E4,01
174281000,60D,false,Rx,0,8,0D,10,DF,23,02,20,70,00
174316000,625,false,Rx,0,8,25,00,11,43,FD,BB,E4,01
174354000,2C4,false,Rx,0,8,05,00,00,00,D5,02,00,00
174354000,2C5,false,Rx,0,8,00,00,00,00,00,00,00,00
174354000,2C6,false,Rx,0,8,F4,01,84,03,00,00,00,00
174371000,54,false,Rx,0,8,01,01,FE,FF,FE,FF,00,00
174371000,55,false,Rx,0,8,10,27,00,00,00,00,00,00
174371000,56,false,Rx,0,8,10,27,00,00,00,00,00,00
174382000,57,false,Rx,0,8,00,00,FE,FF,FE,FF,00,00
174382000,60D,false,Rx,0,8,0D,10,DF,23,02,20,70,00
174416000,625,false,Rx,0,8,25,00,11,43,FD,BB,E4,01
174481000,60D,false,Rx,0,8,0D,10,DF,23,02,20,70,00
174516000,625,false,Rx,0,8,25,00,11,43,FD,BB,E4,01
174554000,2C4,false,Rx,0,8,05,00,00,00,D5,02,00,00
174554000,2C5,false,Rx,0,8,00,00,00,00,00,00,00,00
174554000,2C6,false,Rx,0,8,F4,01,84,03,00,00,00,00
174571000,54,false,Rx,0,8,01,01,FE,FF,FE,FF,00,00
174571000,55,false,Rx,0,8,10,27,00,00,00,00,00,00
174571000,56,false,Rx,0,8,10,27,00,00,00,00,00,00
174582000,57,false,Rx,0,8,00,00,FE,FF,FE,FF,00,00
174582000,60D,false,Rx,0,8,0D,10,DF,23,02,20,70,00
174616000,625,false,Rx,0,8,25,00,11,43,FD,BB,E4,01
174681000,60D,false,Rx,0,8,0D,10,DF,23,02,20,70,00
174716000,625,false,Rx,0,8,25,00,11,43,FD,BB,E4,01
174754000,2C4,false,Rx,0,8,05,00,00,00,D5,02,00,00
174754000,2C5,false,Rx,0,8,00,00,00,00,00,00,00,00
174754000,2C6,false,Rx,0,8,F4,01,84,03,00,00,00,00
174771000,54,false,Rx,0,8,01,01,FE,FF,FE,FF,00,00
174771000,55,false,Rx,0,8,10,27,00,00,00,00,00,00
174771000,56,false,Rx,0,8,10,27,00,00,00,00,00,00
174782000,57,false,Rx,0,8,00,00,FE,FF,FE,FF,00,00
174782000,60D,false,Rx,0,8,0D,10,DF,23,02,20,70,00
174816000,625,false,Rx,0,8,25,00,11,43,FD,BB,E4,01
174881000,60D,false,Rx,0,8,0D,10,DF,23,02,20,70,00
174916000,625,false,Rx,0,8,25,00,11,43,FD,BB,E4,01
174954000,2C4,false,Rx,0,8,05,00,00,00,D5,02,00,00
174954000,2C5,false,Rx,0,8,00,00,00,00,00,00,00,00
174954000,2C6,false,Rx,0,8,F4,01,84,03,00,00,00,00
174971000,54,false,Rx,0,8,01,01,FE,FF,FE,FF,00,00
174971000,55,false,Rx,0,8,10,27,00,00,00,00,00,00
174971000,56,false,Rx,0,8,10,27,00,00,00,00,00,00
174982000,57,false,Rx,0,8,00,00,FE,FF,FE,FF,00,00
174982000,60D,false,Rx,0,8,0D,10,DF,23,02,20,70,00
175016000,625,false,Rx,0,8,25,00,11,43,FD,BB,E4,01
175081000,60D,false,Rx,0,8,0D,10,DF,23,02,20,70,00
175116000,625,false,Rx,0,8,25,00,11,43,FD,BB,E4,01
175154000,2C4,false,Rx,0,8,05,00,00,00,D5,02,00,00
175154000,2C5,false,Rx,0,8,00,00,00,00,00,00,00,00
175154000,2C6,false,Rx,0,8,F4,01,84,03,00,00,00,00
175171000,54,false,Rx,0,8,01,01,FE,FF,FE,FF,00,00
175171000,55,false,Rx,0,8,10,27,00,00,00,00,00,00
175171000,56,false,Rx,0,8,10,27,00,00,00,00,00,00
175182000,57,false,Rx,0,8,00,00,FE,FF,FE,FF,00,00
175182000,60D,false,Rx,0,8,0D,10,DF,23,02,20,70,00
175216000,625,false,Rx,0,8,25,00,11,43,FD,BB,E4,01
175281000,60D,false,Rx,0,8,0D,10,DF,23,02,20,70,00
175316000,625,false,Rx,0,8,25,00,11,43,FD,BB,E4,01
175354000,2C4,false,Rx,0,8,05,00,00,00,D5,02,00,00
175354000,2C5,false,Rx,0,8,00,00,00,00,00,00,00,00
175354000,2C6,false,Rx,0,8,F4,01,84,03,00,00,00,00
175371000,54,false,Rx,0,8,01,01,FE,FF,FE,FF,00,00
175371000,55,false,Rx,0,8,10,27,00,00,00,00,00,00
175371000,56,false,Rx,0,8,10,27,00,00,00,00,00,00
175382000,57,false,Rx,0,8,00,00,FE,FF,FE,FF,00,00
175382000,60D,false,Rx,0,8,0D,10,DF,23,02,20,70,00
175416000,625,false,Rx,0,8,25,00,11,43,FD,BB,E4,01
175481000,60D,false,Rx,0,8,0D,10,DF,23,02,20,70,00
175516000,625,false,Rx,0,8,25,00,11,43,FD,BB,E4,01
175554000,2C4,false,Rx,0,8,05,00,00,00,D5,02,00,00
175554000,2C5,false,Rx,0,8,00,00,00,00,00,00,00,00
175554000,2C6,false,Rx,0,8,F4,01,84,03,00,00,00,00
175571000,54,false,Rx,0,8,01,01,FE,FF,FE,FF,00,00
175571000,55,false,Rx,0,8,10,27,00,00,00,00,00,00
175571000,56,false,Rx,0,8,10,27,00,00,00,00,00,00
175582000,57,false,Rx,0,8,00,00,FE,FF,FE,FF,00,00
175582000,60D,false,Rx,0,8,0D,10,DF,23,02,20,70,00
175616000,625,false,Rx,0,8,25,00,11,43,FD,BB,E4,01
175681000,60D,false,Rx,0,8,0D,10,DF,23,02,20,70,00
175716000,625,false,Rx,0,8,25,00,11,43,FD,BB,E4,01
175754000,2C4,false,Rx,0,8,05,00,00,00,D5,02,00,00
175754000,2C5,false,Rx,0,8,00,00,00,00,00,00,00,00
175754000,2C6,false,Rx,0,8,F4,01,84,03,00,00,00,00
175771000,54,false,Rx,0,8,01,01,FE,FF,FE,FF,00,00
175771000,55,false,Rx,0,8,10,27,00,00,00,00,00,00
175771000,56,false,Rx,0,8,10,27,00,00,00,00,00,00
175782000,57,false,Rx,0,8,00,00,FE,FF,FE,FF,00,00
175782000,60D,false,Rx,0,8,0D,10,DF,23,02,20,70,00
175816000,625,false,Rx,0,8,25,00,11,43,FD,BB,E4,01
175881000,60D,false,Rx,0,8,0D,10,DF,23,02,20,70,00
175916000,625,false,Rx,0,8,25,00,11,43,FD,BB,E4,01
175954000,2C4,false,Rx,0,8,05,00,00,00,D5,02,00,00
175954000,2C5,false,Rx,0,8,00,00,00,00,00,00,00,00
175954000,2C6,false,Rx,0,8,F4,01,84,03,00,00,00,00
175971000,54,false,Rx,0,8,01,01,FE,FF,FE,FF,00,00
175971000,55,false,Rx,0,8,10,27,00,00,00,00,00,00
175971000,56,false,Rx,0,8,10,27,00,00,00,00,00,00
175982000,57,false,Rx,0,8,00,00,FE,FF,FE,FF,00,00
175982000,60D,false,Rx,0,8,0D,10,DF,23,02,20,70,00
176016000,625,false,Rx,0,8,25,00,11,43,FD,BB,E4,01
176081000,60D,false,Rx,0,8,0D,10,DF,23,02,20,70,00
176116000,625,false,Rx,0,8,25,00,11,43,FD,BB,E4,01
176154000,2C4,false,Rx,0,8,05,00,00,00,D5,02,00,00
176154000,2C5,false,Rx,0,8,00,00,00,00,00,00,00,00
176154000,2C6,false,Rx,0,8,F4,01,84,03,00,00,00,00
176171000,54,false,Rx,0,8,01,01,FE,FF,FE,FF,00,00
176171000,55,false,Rx,0,8,10,27,00,00,00,00,00,00
176171000,56,false,Rx,0,8,10,27,00,00,00,00,00,00
176182000,57,false,Rx,0,8,00,00,FE,FF,FE,FF,00,00
176182000,60D,false,Rx,0,8,0D,10,DF,23,02,20,70,00
176216000,625,false,Rx,0,8,25,00,11,43,FD,BB,E4,01
176281000,60D,false,Rx,0,8,0D,10,DF,23,02,20,70,00
176316000,625,false,Rx,0,8,25,00,11,43,FD,BB,E4,01
176354000,2C4,false,Rx,0,8,05,00,00,00,D5,02,00,00
176354000,2C5,false,Rx,0,8,00,00,00,00,00,00,00,00
176354000,2C6,false,Rx,0,8,F4,01,84,03,00,00,00,00
176371000,54,false,Rx,0,8,01,01,FE,FF,FE,FF,00,00
176371000,55,false,Rx,0,8,10,27,00,00,00,00,00,00
176371000,56,false,Rx,0,8,10,27,00,00,00,00,00,00
176382000,57,false,Rx,0,8,00,00,FE,FF,FE,FF,00,00
176382000,60D,false,Rx,0,8,0D,10,DF,23,02,20,70,00
176416000,625,false,Rx,0,8,25,00,11,43,FD,BB,E4,01
176481000,60D,false,Rx,0,8,0D,10,DF,23,02,20,70,00
176516000,625,false,Rx,0,8,25,00,11,43,FD,BB,E4,01
176554000,2C4,false,Rx,0,8,05,00,00,00,D5,02,00,00
176554000,2C5,false,Rx,0,8,00,00,00,00,00,00,00,00
176554000,2C6,false,Rx,0,8,F4,01,84,03,00,00,00,00
176571000,54,false,Rx,0,8,01,01,FE,FF,FE,FF,00,00
176571000,55,false,Rx,0,8,10,27,00,00,00,00,00,00
176571000,56,false,Rx,0,8,10,27,00,00,00,00,00,00
176582000,57,false,Rx,0,8,00,00,FE,FF,FE,FF,00,00
176582000,60D,false,Rx,0,8,0D,10,DF,23,02,20,70,00
176616000,625,false,Rx,0,8,25,00,11,43,FD,BB,E4,01
176681000,60D,false,Rx,0,8,0D,10,DF,23,02,20,70,00
176716000,625,false,Rx,0,8,25,00,11,43,FD,BB,E4,01
176754000,2C4,false,Rx,0,8,05,00,00,00,D5,02,00,00
176754000,2C5,false,Rx,0,8,00,00,00,00,00,00,00,00
176754000,2C6,false,Rx,0,8,F4,01,84,03,00,00,00,00
176771000,54,false,Rx,0,8,01,01,FE,FF,FE,FF,00,00
176771000,55,false,Rx,0,8,10,27,00,00,00,00,00,00
176771000,56,false,Rx,0,8,10,27,00,00,00,00,00,00
176782000,57,false,Rx,0,8,00,00,FE,FF,FE,FF,00,00
176782000,60D,false,Rx,0,8,0D,10,DF,23,02,20,70,00
176816000,625,false,Rx,0,8,25,00,11,43,FD,BB,E4,01
176881000,60D,false,Rx,0,8,0D,10,DF,23,02,20,70,00
176916000,625,false,Rx,0,8,25,00,11,43,FD,BB,E4,01
176954000,2C4,false,Rx,0,8,05,00,00,00,D5,02,00,00
176954000,2C5,false,Rx,0,8,00,00,00,00,00,00,00,00
176954000,2C6,false,Rx,0,8,F4,01,84,03,00,00,00,00
176971000,54,false,Rx,0,8,01,01,FE,FF,FE,FF,00,00
176971000,55,false,Rx,0,8,10,27,00,00,00,00,00,00
176971000,56,false,Rx,0,8,10,27,00,00,00,00,00,00
176982000,57,false,Rx,0,8,00,00,FE,FF,FE,FF,00,00
176982000,60D,false,Rx,0,8,0D,10,DF,23,02,20,70,00
177016000,625,false,Rx,0,8,25,00,11,43,FD,BB,E4,01
177081000,60D,false,Rx,0,8,0D,10,DF,23,02,20,70,00
177116000,625,false,Rx,0,8,25,00,11,43,FD,BB,E4,01
177154000,2C4,false,Rx,0,8,05,00,00,00,D5,02,00,00
177154000,2C5,false,Rx,0,8,00,00,00,00,00,00,00,00
177154000,2C6,false,Rx,0,8,F4,01,84,03,00,00,00,00
177171000,54,false,Rx,0,8,01,01,FE,FF,FE,FF,00,00
177171000,55,false,Rx,0,8,10,27,00,00,00,00,00,00
177171000,56,false,Rx,0,8,10,27,00,00,00,00,00,00
177182000,57,false,Rx,0,8,00,00,FE,FF,FE,FF,00,00
177182000,60D,false,Rx,0,8,0D,10,DF,23,02,20,70,00
177216000,625,false,Rx,0,8,25,00,11,43,FD,BB,E4,01
177281000,60D,false,Rx,0,8,0D,10,DF,23,02,20,70,00
177316000,625,false,Rx,0,8,25,00,11,43,FD,BB,E4,01
177354000,2C4,false,Rx,0,8,05,00,00,00,D5,02,00,00
177354000,2C5,false,Rx,0,8,00,00,00,00,00,00,00,00
177354000,2C6,false,Rx,0,8,F4,01,84,03,00,00,00,00
177371000,54,false,Rx,0,8,01,01,FE,FF,FE,FF,00,00
177371000,55,false,Rx,0,8,10,27,00,00,00,00,00,00
177372000,56,false,Rx,0,8,10,27,00,00,00,00,00,00
177382000,57,false,Rx,0,8,00,00,FE,FF,FE,FF,00,00
177382000,60D,false,Rx,0,8,0D,10,DF,23,02,20,70,00
177416000,625,false,Rx,0,8,25,00,11,43,FD,BB,E4,01
177481000,60D,false,Rx,0,8,0D,10,DF,23,02,20,70,00
177516000,625,false,Rx,0,8,25,00,11,43,FD,BB,E4,01
177554000,2C4,false,Rx,0,8,05,00,00,00,D5,02,00,00
177554000,2C5,false,Rx,0,8,00,00,00,00,00,00,00,00
177554000,2C6,false,Rx,0,8,F4,01,84,03,00,00,00,00
177571000,54,false,Rx,0,8,01,01,FE,FF,FE,FF,00,00
177571000,55,false,Rx,0,8,10,27,00,00,00,00,00,00
177571000,56,false,Rx,0,8,10,27,00,00,00,00,00,00
177582000,57,false,Rx,0,8,00,00,FE,FF,FE,FF,00,00
177582000,60D,false,Rx,0,8,0D,10,DF,23,02,20,70,00
177616000,625,false,Rx,0,8,25,00,11,43,FD,BB,E4,01
177681000,60D,false,Rx,0,8,0D,10,DF,23,02,20,70,00
177716000,625,false,Rx,0,8,25,00,11,43,FD,BB,E4,01
177754000,2C4,false,Rx,0,8,05,00,00,00,D5,02,00,00
177754000,2C5,false,Rx,0,8,00,00,00,00,00,00,00,00
177754000,2C6,false,Rx,0,8,F4,01,84,03,00,00,00,00
177771000,54,false,Rx,0,8,01,01,FE,FF,FE,FF,00,00
177771000,55,false,Rx,0,8,10,27,00,00,00,00,00,00
177771000,56,false,Rx,0,8,10,27,00,00,00,00,00,00
177782000,57,false,Rx,0,8,00,00,FE,FF,FE,FF,00,00
177782000,60D,false,Rx,0,8,0D,10,DF,23,02,20,70,00
177816000,625,false,Rx,0,8,25,00,11,43,FD,BB,E4,01
177881000,60D,false,Rx,0,8,0D,10,DF,23,02,20,70,00
177916000,625,false,Rx,0,8,25,00,11,43,FD,BB,E4,01
177954000,2C4,false,Rx,0,8,05,00,00,00,D5,02,00,00
177954000,2C5,false,Rx,0,8,00,00,00,00,00,00,00,00
177954000,2C6,false,Rx,0,8,F4,01,84,03,00,00,00,00
177971000,54,false,Rx,0,8,01,01,FE,FF,FE,FF,00,00
177971000,55,false,Rx,0,8,10,27,00,00,00,00,00,00
177971000,56,false,Rx,0,8,10,27,00,00,00,00,00,00
177982000,57,false,Rx,0,8,00,00,FE,FF,FE,FF,00,00
177982000,60D,false,Rx,0,8,0D,10,DF,23,02,20,70,00
178016000,625,false,Rx,0,8,25,00,11,43,FD,BB,E4,01
178081000,60D,false,Rx,0,8,0D,10,DF,23,02,20,70,00
178116000,625,false,Rx,0,8,25,00,11,43,FD,BB,E4,01
178154000,2C4,false,Rx,0,8,05,00,00,00,D5,02,00,00
178154000,2C5,false,Rx,0,8,00,00,00,00,00,00,00,00
178154000,2C6,false,Rx,0,8,F4,01,84,03,00,00,00,00
178171000,54,false,Rx,0,8,01,01,FE,FF,FE,FF,00,00
178171000,55,false,Rx,0,8,10,27,00,00,00,00,00,00
178171000,56,false,Rx,0,8,10,27,00,00,00,00,00,00
178182000,57,false,Rx,0,8,00,00,FE,FF,FE,FF,00,00
178182000,60D,false,Rx,0,8,0D,10,DF,23,02,20,70,00
178216000,625,false,Rx,0,8,25,00,11,43,FD,BB,E4,01
178281000,60D,false,Rx,0,8,0D,10,DF,23,02,20,70,00
178316000,625,false,Rx,0,8,25,00,11,43,FD,BB,E4,01
178354000,2C4,false,Rx,0,8,05,00,00,00,D5,02,00,00
178354000,2C5,false,Rx,0,8,00,00,00,00,00,00,00,00
178354000,2C6,false,Rx,0,8,F4,01,84,03,00,00,00,00
178371000,54,false,Rx,0,8,01,01,FE,FF,FE,FF,00,00
178371000,55,false,Rx,0,8,10,27,00,00,00,00,00,00
178371000,56,false,Rx,0,8,10,27,00,00,00,00,00,00
178382000,57,false,Rx,0,8,00,00,FE,FF,FE,FF,00,00
178382000,60D,false,Rx,0,8,0D,10,DF,23,02,20,70,00
178415000,625,false,Rx,0,8,25,00,11,43,FD,BB,E4,01
178481000,60D,false,Rx,0,8,0D,10,DF,23,02,20,70,00
178515000,625,false,Rx,0,8,25,00,11,43,FD,BB,E4,01
178554000,2C4,false,Rx,0,8,05,00,00,00,D5,02,00,00
178554000,2C5,false,Rx,0,8,00,00,00,00,00,00,00,00
178554000,2C6,false,Rx,0,8,F4,01,84,03,00,00,00,00
178571000,54,false,Rx,0,8,01,01,FE,FF,FE,FF,00,00
178571000,55,false,Rx,0,8,10,27,00,00,00,00,00,00
178571000,56,false,Rx,0,8,10,27,00,00,00,00,00,00
178582000,57,false,Rx,0,8,00,00,FE,FF,FE,FF,00,00
178582000,60D,false,Rx,0,8,0D,10,DF,23,02,20,70,00
178615000,625,false,Rx,0,8,25,00,11,43,FD,BB,E4,01
178681000,60D,false,Rx,0,8,0D,10,DF,23,02,20,70,00
178715000,625,false,Rx,0,8,25,00,11,43,FD,BB,E4,01
178754000,2C4,false,Rx,0,8,05,00,00,00,D5,02,00,00
178754000,2C5,false,Rx,0,8,00,00,00,00,00,00,00,00
178754000,2C6,false,Rx,0,8,F4,01,84,03,00,00,00,00
178771000,54,false,Rx,0,8,01,01,FE,FF,FE,FF,00,00
178771000,55,false,Rx,0,8,10,27,00,00,00,00,00,00
178771000,56,false,Rx,0,8,10,27,00,00,00,00,00,00
178782000,57,false,Rx,0,8,00,00,FE,FF,FE,FF,00,00
178782000,60D,false,Rx,0,8,0D,10,DF,23,02,20,70,00
178815000,625,false,Rx,0,8,25,00,11,43,FD,BB,E4,01
178881000,60D,false,Rx,0,8,0D,10,DF,23,02,20,70,00
178915000,625,false,Rx,0,8,25,00,11,43,FD,BB,E4,01
178954000,2C4,false,Rx,0,8,05,00,00,00,D5,02,00,00
178954000,2C5,false,Rx,0,8,00,00,00,00,00,00,00,00
178954000,2C6,false,Rx,0,8,F4,01,84,03,00,00,00,00
178971000,54,false,Rx,0,8,01,01,FE,FF,FE,FF,00,00
178971000,55,false,Rx,0,8,10,27,00,00,00,00,00,00
178971000,56,false,Rx,0,8,10,27,00,00,00,00,00,00
178982000,57,false,Rx,0,8,00,00,FE,FF,FE,FF,00,00
178982000,60D,false,Rx,0,8,0D,10,DF,23,02,20,70,00
179015000,625,false,Rx,0,8,25,00,11,43,FD,BB,E4,01
179081000,60D,false,Rx,0,8,0D,10,DF,23,02,20,70,00
179115000,625,false,Rx,0,8,25,00,11,43,FD,BB,E4,01
179154000,2C4,false,Rx,0,8,05,00,00,00,D5,02,00,00
179154000,2C5,false,Rx,0,8,00,00,00,00,00,00,00,00
179154000,2C6,false,Rx,0,8,F4,01,84,03,00,00,00,00
179171000,54,false,Rx,0,8,01,01,FE,FF,FE,FF,00,00
179171000,55,false,Rx,0,8,10,27,00,00,00,00,00,00
179171000,56,false,Rx,0,8,10,27,00,00,00,00,00,00
179182000,57,false,Rx,0,8,00,00,FE,FF,FE,FF,00,00
179182000,60D,false,Rx,0,8,0D,10,DF,23,02,20,70,00
179215000,625,false,Rx,0,8,25,00,11,43,FD,BB,E4,01
179281000,60D,false,Rx,0,8,0D,10,DF,23,02,20,70,00
179315000,625,false,Rx,0,8,25,00,11,43,FD,BB,E4,01
179354000,2C4,false,Rx,0,8,05,00,00,00,D5,02,00,00
179354000,2C5,false,Rx,0,8,00,00,00,00,00,00,00,00
179354000,2C6,false,Rx,0,8,F4,01,84,03,00,00,00,00
179371000,54,false,Rx,0,8,01,01,FE,FF,FE,FF,00,00
179371000,55,false,Rx,0,8,10,27,00,00,00,00,00,00
179371000,56,false,Rx,0,8,10,27,00,00,00,00,00,00
179382000,57,false,Rx,0,8,00,00,FE,FF,FE,FF,00,00
179382000,60D,false,Rx,0,8,0D,10,DF,23,02,20,70,00
179415000,625,false,Rx,0,8,25,00,11,43,FD,BB,E4,01
179481000,60D,false,Rx,0,8,0D,10,DF,23,02,20,70,00
179515000,625,false,Rx,0,8,25,00,11,43,FD,BB,E4,01
179554000,2C4,false,Rx,0,8,05,00,00,00,D5,02,00,00
179554000,2C5,false,Rx,0,8,00,00,00,00,00,00,00,00
179554000,2C6,false,Rx,0,8,F4,01,84,03,00,00,00,00
179571000,54,false,Rx,0,8,01,01,FE,FF,FE,FF,00,00
179571000,55,false,Rx,0,8,10,27,00,00,00,00,00,00
179571000,56,false,Rx,0,8,10,27,00,00,00,00,00,00
179582000,57,false,Rx,0,8,00,00,FE,FF,FE,FF,00,00
179582000,60D,false,Rx,0,8,0D,10,DF,23,02,20,70,00
179615000,625,false,Rx,0,8,25,00,11,43,FD,BB,E4,01
179681000,60D,false,Rx,0,8,0D,10,DF,23,02,20,70,00
179715000,625,false,Rx,0,8,25,00,11,43,FD,BB,E4,01
179754000,2C4,false,Rx,0,8,05,00,00,00,D5,02,00,00
179754000,2C5,false,Rx,0,8,00,00,00,00,00,00,00,00
179754000,2C6,false,Rx,0,8,F4,01,84,03,00,00,00,00
179771000,54,false,Rx,0,8,01,01,FE,FF,FE,FF,00,00
179771000,55,false,Rx,0,8,10,27,00,00,00,00,00,00
179771000,56,false,Rx,0,8,10,27,00,00,00,00,00,00
179782000,57,false,Rx,0,8,00,00,FE,FF,FE,FF,00,00
179782000,60D,false,Rx,0,8,0D,10,DF,23,02,20,70,00
179815000,625,false,Rx,0,8,25,00,11,43,FD,BB,E4,01
179881000,60D,false,Rx,0,8,0D,10,DF,23,02,20,70,00
179915000,625,false,Rx,0,8,25,00,11,43,FD,BB,E4,01
179954000,2C4,false,Rx,0,8,05,00,00,00,D5,02,00,00
179954000,2C5,false,Rx,0,8,00,00,00,00,00,00,00,00
179954000,2C6,false,Rx,0,8,F4,01,84,03,00,00,00,00
179971000,54,false,Rx,0,8,01,01,FE,FF,FE,FF,00,00
179971000,55,false,Rx,0,8,10,27,00,00,00,00,00,00
179971000,56,false,Rx,0,8,10,27,00,00,00,00,00,00
179982000,57,false,Rx,0,8,00,00,FE,FF,FE,FF,00,00
179982000,60D,false,Rx,0,8,0D,10,DF,23,02,20,70,00
180015000,625,false,Rx,0,8,25,00,11,43,FD,BB,E4,01
180081000,60D,false,Rx,0,8,0D,10,DF,23,02,20,70,00
180115000,625,false,Rx,0,8,25,00,11,43,FD,BB,E4,01
180154000,2C4,false,Rx,0,8,05,00,00,00,D5,02,00,00
180154000,2C5,false,Rx,0,8,00,00,00,00,00,00,00,00
180154000,2C6,false,Rx,0,8,F4,01,84,03,00,00,00,00
180171000,54,false,Rx,0,8,01,01,FE,FF,FE,FF,00,00
180171000,55,false,Rx,0,8,10,27,00,00,00,00,00,00
180171000,56,false,Rx,0,8,10,27,00,00,00,00,00,00
180182000,57,false,Rx,0,8,00,00,FE,FF,FE,FF,00,00
180182000,60D,false,Rx,0,8,0D,10,DF,23,02,20,70,00
180215000,625,false,Rx,0,8,25,00,11,43,FD,BB,E4,01
180281000,60D,false,Rx,0,8,0D,10,DF,23,02,20,70,00
180315000,625,false,Rx,0,8,25,00,11,43,FD,BB,E4,01
180354000,2C4,false,Rx,0,8,05,00,00,00,D7,02,00,00
180354000,2C5,false,Rx,0,8,00,00,00,00,00,00,00,00
180354000,2C6,false,Rx,0,8,F4,01,84,03,00,00,00,00
180371000,54,false,Rx,0,8,01,01,FE,FF,FE,FF,00,00
180371000,55,false,Rx,0,8,10,27,00,00,00,00,00,00
180371000,56,false,Rx,0,8,10,27,00,00,00,00,00,00
180382000,57,false,Rx,0,8,00,00,FE,FF,FE,FF,00,00
180382000,60D,false,Rx,0,8,0D,10,DF,23,02,20,70,00
180415000,625,false,Rx,0,8,25,00,11,43,FD,BB,E4,01
180481000,60D,false,Rx,0,8,0D,10,DF,23,02,20,70,00
180515000,625,false,Rx,0,8,25,00,11,43,FD,BB,E4,01
180554000,2C4,false,Rx,0,8,05,00,00,00,D7,02,00,00
180554000,2C5,false,Rx,0,8,00,00,00,00,00,00,00,00
180554000,2C6,false,Rx,0,8,F4,01,84,03,00,00,00,00
180571000,54,false,Rx,0,8,01,01,FE,FF,FE,FF,00,00
180571000,55,false,Rx,0,8,10,27,00,00,00,00,00,00
180571000,56,false,Rx,0,8,10,27,00,00,00,00,00,00
180582000,57,false,Rx,0,8,00,00,FE,FF,FE,FF,00,00
180582000,60D,false,Rx,0,8,0D,10,DF,23,02,20,70,00
180615000,625,false,Rx,0,8,25,00,11,43,FD,BB,E4,01
180681000,60D,false,Rx,0,8,0D,10,DF,23,02,20,70,00
180715000,625,false,Rx,0,8,25,00,11,43,FD,BB,E4,01
180754000,2C4,false,Rx,0,8,05,00,00,00,D5,02,00,00
180754000,2C5,false,Rx,0,8,00,00,00,00,00,00,00,00
180754000,2C6,false,Rx,0,8,F4,01,84,03,00,00,00,00
180771000,54,false,Rx,0,8,01,01,FE,FF,FE,FF,00,00
180771000,55,false,Rx,0,8,10,27,00,00,00,00,00,00
180771000,56,false,Rx,0,8,10,27,00,00,00,00,00,00
180782000,57,false,Rx,0,8,00,00,FE,FF,FE,FF,00,00
180782000,60D,false,Rx,0,8,0D,10,DF,23,02,20,70,00
180815000,625,false,Rx,0,8,25,00,11,43,FD,BB,E4,01
180881000,60D,false,Rx,0,8,0D,10,DF,23,02,20,70,00
180915000,625,false,Rx,0,8,25,00,11,43,FD,BB,E4,01
180953000,2C4,false,Rx,0,8,05,00,00,00,D5,02,00,00
180954000,2C5,false,Rx,0,8,00,00,00,00,00,00,00,00
180954000,2C6,false,Rx,0,8,F4,01,84,03,00,00,00,00
180971000,54,false,Rx,0,8,01,01,FE,FF,FE,FF,00,00
180971000,55,false,Rx,0,8,10,27,00,00,00,00,00,00
180971000,56,false,Rx,0,8,10,27,00,00,00,00,00,00
180982000,57,false,Rx,0,8,00,00,FE,FF,FE,FF,00,00
180982000,60D,false,Rx,0,8,0D,10,DF,23,02,20,70,00
181015000,625,false,Rx,0,8,25,00,11,43,FD,BB,E4,01
181081000,60D,false,Rx,0,8,0D,10,DF,23,02,20,70,00
181115000,625,false,Rx,0,8,25,00,11,43,FD,BB,E4,01
181153000,2C4,false,Rx,0,8,05,00,00,00,D7,02,00,00
181154000,2C5,false,Rx,0,8,00,00,00,00,00,00,00,00
181154000,2C6,false,Rx,0,8,F4,01,84,03,00,00,00,00
181171000,54,false,Rx,0,8,01,01,FE,FF,FE,FF,00,00
181171000,55,false,Rx,0,8,10,27,00,00,00,00,00,00
181171000,56,false,Rx,0,8,10,27,00,00,00,00,00,00
181182000,57,false,Rx,0,8,00,00,FE,FF,FE,FF,00,00
181182000,60D,false,Rx,0,8,0D,10,DF,23,02,20,70,00
181215000,625,false,Rx,0,8,25,00,11,43,FD,BB,E4,01
181281000,60D,false,Rx,0,8,0D,10,DF,23,02,20,70,00
181315000,625,false,Rx,0,8,25,00,11,43,FD,BB,E4,01
181353000,2C4,false,Rx,0,8,05,00,00,00,D7,02,00,00
181354000,2C5,false,Rx,0,8,00,00,00,00,00,00,00,00
181354000,2C6,false,Rx,0,8,F4,01,84,03,00,00,00,00
181371000,54,false,Rx,0,8,01,01,FE,FF,FE,FF,00,00
181371000,55,false,Rx,0,8,10,27,00,00,00,00,00,00
181371000,56,false,Rx,0,8,10,27,00,00,00,00,00,00
181382000,57,false,Rx,0,8,00,00,FE,FF,FE,FF,00,00
181382000,60D,false,Rx,0,8,0D,10,DF,23,02,20,70,00
181415000,625,false,Rx,0,8,25,00,11,43,FD,BB,E4,01
181481000,60D,false,Rx,0,8,0D,10,DF,23,02,20,70,00
181515000,625,false,Rx,0,8,25,00,11,43,FD,BB,E4,01
181553000,2C4,false,Rx,0,8,05,00,00,00,D5,02,00,00
181554000,2C5,false,Rx,0,8,00,00,00,00,00,00,00,00
181554000,2C6,false,Rx,0,8,F4,01,84,03,00,00,00,00
181571000,54,false,Rx,0,8,01,01,FE,FF,FE,FF,00,00
181571000,55,false,Rx,0,8,10,27,00,00,00,00,00,00
181571000,56,false,Rx,0,8,10,27,00,00,00,00,00,00
181582000,57,false,Rx,0,8,00,00,FE,FF,FE,FF,00,00
181582000,60D,false,Rx,0,8,0D,10,DF,23,02,20,70,00
181615000,625,false,Rx,0,8,25,00,11,43,FD,BB,E4,01
181681000,60D,false,Rx,0,8,0D,10,DF,23,02,20,70,00
181715000,625,false,Rx,0,8,25,00,11,43,FD,BB,E4,01
181753000,2C4,false,Rx,0,8,05,00,00,00,D5,02,00,00
181754000,2C5,false,Rx,0,8,00,00,00,00,00,00,00,00
181754000,2C6,false,Rx,0,8,F4,01,84,03,00,00,00,00
181771000,54,false,Rx,0,8,01,01,FE,FF,FE,FF,00,00
181771000,55,false,Rx,0,8,10,27,00,00,00,00,00,00
181771000,56,false,Rx,0,8,10,27,00,00,00,00,00,00
181782000,57,false,Rx,0,8,00,00,FE,FF,FE,FF,00,00
181782000,60D,false,Rx,0,8,0D,10,DF,23,02,20,70,00
181815000,625,false,Rx,0,8,25,00,11,43,FD,BB,E4,01
181881000,60D,false,Rx,0,8,0D,10,DF,23,02,20,70,00
181915000,625,false,Rx,0,8,25,00,11,43,FD,BB,E4,01
181953000,2C4,false,Rx,0,8,05,00,00,00,D5,02,00,00
181954000,2C5,false,Rx,0,8,00,00,00,00,00,00,00,00
181954000,2C6,false,Rx,0,8,F4,01,84,03,00,00,00,00
181971000,54,false,Rx,0,8,01,01,FE,FF,FE,FF,00,00
181971000,55,false,Rx,0,8,10,27,00,00,00,00,00,00
181971000,56,false,Rx,0,8,10,27,00,00,00,00,00,00
181982000,57,false,Rx,0,8,00,00,FE,FF,FE,FF,00,00
181982000,60D,false,Rx,0,8,0D,10,DF,23,02,20,70,00
182015000,625,false,Rx,0,8,25,00,11,43,FD,BB,E4,01
182081000,60D,false,Rx,0,8,0D,10,DF,23,02,20,70,00
182115000,625,false,Rx,0,8,25,00,11,43,FD,BB,E4,01
182153000,2C4,false,Rx,0,8,05,00,00,00,D7,02,00,00
182154000,2C5,false,Rx,0,8,00,00,00,00,00,00,00,00
182154000,2C6,false,Rx,0,8,F4,01,84,03,00,00,00,00
182171000,54,false,Rx,0,8,01,01,FE,FF,FE,FF,00,00
182171000,55,false,Rx,0,8,10,27,00,00,00,00,00,00
182171000,56,false,Rx,0,8,10,27,00,00,00,00,00,00
182182000,57,false,Rx,0,8,00,00,FE,FF,FE,FF,00,00
182182000,60D,false,Rx,0,8,0D,10,DF,23,02,20,70,00
182215000,625,false,Rx,0,8,25,00,11,43,FD,BB,E4,01
182281000,60D,false,Rx,0,8,0D,10,DF,23,02,20,70,00
182315000,625,false,Rx,0,8,25,00,11,43,FD,BB,E4,01
182353000,2C4,false,Rx,0,8,05,00,00,00,D5,02,00,00
182354000,2C5,false,Rx,0,8,00,00,00,00,00,00,00,00
182354000,2C6,false,Rx,0,8,F4,01,84,03,00,00,00,00
182371000,54,false,Rx,0,8,01,01,FE,FF,FE,FF,00,00
182371000,55,false,Rx,0,8,10,27,00,00,00,00,00,00
182371000,56,false,Rx,0,8,10,27,00,00,00,00,00,00
182382000,57,false,Rx,0,8,00,00,FE,FF,FE,FF,00,00
182382000,60D,false,Rx,0,8,0D,10,DF,23,02,20,70,00
182415000,625,false,Rx,0,8,25,00,11,43,FD,BB,E4,01
182481000,60D,false,Rx,0,8,0D,10,DF,23,02,20,70,00
182515000,625,false,Rx,0,8,25,00,11,43,FD,BB,E4,01
182553000,2C4,false,Rx,0,8,05,00,00,00,D5,02,00,00
182554000,2C5,false,Rx,0,8,00,00,00,00,00,00,00,00
182554000,2C6,false,Rx,0,8,F4,01,84,03,00,00,00,00
182571000,54,false,Rx,0,8,01,01,FE,FF,FE,FF,00,00
182571000,55,false,Rx,0,8,10,27,00,00,00,00,00,00
182571000,56,false,Rx,0,8,10,27,00,00,00,00,00,00
182582000,57,false,Rx,0,8,00,00,FE,FF,FE,FF,00,00
182582000,60D,false,Rx,0,8,0D,10,DF,23,02,20,70,00
182615000,625,false,Rx,0,8,25,00,11,43,FD,BB,E4,01
182681000,60D,false,Rx,0,8,0D,10,DF,23,02,20,70,00
182715000,625,false,Rx,0,8,25,00,11,43,FD,BB,E4,01
182753000,2C4,false,Rx,0,8,05,00,00,00,D5,02,00,00
182754000,2C5,false,Rx,0,8,00,00,00,00,00,00,00,00
182754000,2C6,false,Rx,0,8,F4,01,84,03,00,00,00,00
182771000,54,false,Rx,0,8,01,01,FE,FF,FE,FF,00,00
182771000,55,false,Rx,0,8,10,27,00,00,00,00,00,00
182771000,56,false,Rx,0,8,10,27,00,00,00,00,00,00
182782000,57,false,Rx,0,8,00,00,FE,FF,FE,FF,00,00
182782000,60D,false,Rx,0,8,0D,10,DF,23,02,20,70,00
182815000,625,false,Rx,0,8,25,00,11,43,FD,BB,E4,01
182881000,60D,false,Rx,0,8,0D,10,DF,23,02,20,70,00
182915000,625,false,Rx,0,8,25,00,11,43,FD,BB,E4,01
182953000,2C4,false,Rx,0,8,05,00,00,00,D7,02,00,00
182954000,2C5,false,Rx,0,8,00,00,00,00,00,00,00,00
182954000,2C6,false,Rx,0,8,F4,01,84,03,00,00,00,00
182971000,54,false,Rx,0,8,01,01,FE,FF,FE,FF,00,00
182971000,55,false,Rx,0,8,10,27,00,00,00,00,00,00
182971000,56,false,Rx,0,8,10,27,00,00,00,00,00,00
182982000,57,false,Rx,0,8,00,00,FE,FF,FE,FF,00,00
182982000,60D,false,Rx,0,8,0D,10,DF,23,02,20,70,00
183015000,625,false,Rx,0,8,25,00,11,43,FD,BB,E4,01
183081000,60D,false,Rx,0,8,0D,10,DF,23,02,20,70,00
183115000,625,false,Rx,0,8,25,00,11,43,FD,BB,E4,01
183153000,2C4,false,Rx,0,8,05,00,00,00,D5,02,00,00
183154000,2C5,false,Rx,0,8,00,00,00,00,00,00,00,00
183154000,2C6,false,Rx,0,8,F4,01,84,03,00,00,00,00
183171000,54,false,Rx,0,8,01,01,FE,FF,FE,FF,00,00
183171000,55,false,Rx,0,8,10,27,00,00,00,00,00,00
183171000,56,false,Rx,0,8,10,27,00,00,00,00,00,00
183182000,57,false,Rx,0,8,00,00,FE,FF,FE,FF,00,00
183182000,60D,false,Rx,0,8,0D,10,DF,23,02,20,70,00
183215000,625,false,Rx,0,8,25,00,11,43,FD,BB,E4,01
183281000,60D,false,Rx,0,8,0D,10,DF,23,02,20,70,00
183315000,625,false,Rx,0,8,25,00,11,43,FD,BB,E4,01
183353000,2C4,false,Rx,0,8,05,00,00,00,D5,02,00,00
183354000,2C5,false,Rx,0,8,00,00,00,00,00,00,00,00
183354000,2C6,false,Rx,0,8,F4,01,84,03,00,00,00,00
183371000,54,false,Rx,0,8,01,01,FE,FF,FE,FF,00,00
183371000,55,false,Rx,0,8,10,27,00,00,00,00,00,00
183371000,56,false,Rx,0,8,10,27,00,00,00,00,00,00
183382000,57,false,Rx,0,8,00,00,FE,FF,FE,FF,00,00
183382000,60D,false,Rx,0,8,0D,10,DF,23,02,20,70,00
183415000,625,false,Rx,0,8,25,00,11,43,FD,BB,E4,01
183481000,60D,false,Rx,0,8,0D,10,DF,23,02,20,70,00
183515000,625,false,Rx,0,8,25,00,11,43,FD,BB,E4,01
183553000,2C4,false,Rx,0,8,05,00,00,00,D7,02,00,00
183554000,2C5,false,Rx,0,8,00,00,00,00,00,00,00,00
183554000,2C6,false,Rx,0,8,F4,01,84,03,00,00,00,00
183571000,54,false,Rx,0,8,01,01,FE,FF,FE,FF,00,00
183571000,55,false,Rx,0,8,10,27,00,00,00,00,00,00
183571000,56,false,Rx,0,8,10,27,00,00,00,00,00,00
183582000,57,false,Rx,0,8,00,00,FE,FF,FE,FF,00,00
183582000,60D,false,Rx,0,8,0D,10,DF,23,02,20,70,00
183615000,625,false,Rx,0,8,25,00,11,43,FD,BB,E4,01
183681000,60D,false,Rx,0,8,0D,10,DF,23,02,20,70,00
183715000,625,false,Rx,0,8,25,00,11,43,FD,BB,E4,01
183753000,2C4,false,Rx,0,8,05,00,00,00,D7,02,00,00
183754000,2C5,false,Rx,0,8,00,00,00,00,00,00,00,00
183754000,2C6,false,Rx,0,8,F4,01,84,03,00,00,00,00
183771000,54,false,Rx,0,8,01,01,FE,FF,FE,FF,00,00
183771000,55,false,Rx,0,8,10,27,00,00,00,00,00,00
183771000,56,false,Rx,0,8,10,27,00,00,00,00,00,00
183782000,57,false,Rx,0,8,00,00,FE,FF,FE,FF,00,00
183782000,60D,false,Rx,0,8,0D,10,DF,23,02,20,70,00
183815000,625,false,Rx,0,8,25,00,11,43,FD,BB,E4,01
183881000,60D,false,Rx,0,8,0D,10,DF,23,02,20,70,00
183915000,625,false,Rx,0,8,25,00,11,43,FD,BB,E4,01
183953000,2C4,false,Rx,0,8,05,00,00,00,D7,02,00,00
183954000,2C5,false,Rx,0,8,00,00,00,00,00,00,00,00
183954000,2C6,false,Rx,0,8,F4,01,84,03,00,00,00,00
183971000,54,false,Rx,0,8,01,01,FE,FF,FE,FF,00,00
183971000,55,false,Rx,0,8,10,27,00,00,00,00,00,00
183971000,56,false,Rx,0,8,10,27,00,00,00,00,00,00
183982000,57,false,Rx,0,8,00,00,FE,FF,FE,FF,00,00
183982000,60D,false,Rx,0,8,0D,10,DF,23,02,20,70,00
184015000,625,false,Rx,0,8,25,00,11,43,FD,BB,E4,01
184081000,60D,false,Rx,0,8,0D,10,DF,23,02,20,70,00
184115000,625,false,Rx,0,8,25,00,11,43,FD,BB,E4,01
184153000,2C4,false,Rx,0,8,05,00,00,00,D5,02,00,00
184154000,2C5,false,Rx,0,8,00,00,00,00,00,00,00,00
184154000,2C6,false,Rx,0,8,F4,01,84,03,00,00,00,00
184171000,54,false,Rx,0,8,01,01,FE,FF,FE,FF,00,00
184171000,55,false,Rx,0,8,10,27,00,00,00,00,00,00
184171000,56,false,Rx,0,8,10,27,00,00,00,00,00,00
184182000,57,false,Rx,0,8,00,00,FE,FF,FE,FF,00,00
184182000,60D,false,Rx,0,8,0D,10,DF,23,02,20,70,00
184215000,625,false,Rx,0,8,25,00,11,43,FD,BB,E4,01
184281000,60D,false,Rx,0,8,0D,10,DF,23,02,20,70,00
184315000,625,false,Rx,0,8,25,00,11,43,FD,BB,E4,01
184353000,2C4,false,Rx,0,8,05,00,00,00,D7,02,00,00
184354000,2C5,false,Rx,0,8,00,00,00,00,00,00,00,00
184354000,2C6,false,Rx,0,8,F4,01,84,03,00,00,00,00
184371000,54,false,Rx,0,8,01,01,FE,FF,FE,FF,00,00
184371000,55,false,Rx,0,8,10,27,00,00,00,00,00,00
184371000,56,false,Rx,0,8,10,27,00,00,00,00,00,00
184382000,57,false,Rx,0,8,00,00,FE,FF,FE,FF,00,00
184382000,60D,false,Rx,0,8,0D,10,DF,23,02,20,70,00
184415000,625,false,Rx,0,8,25,00,11,43,FD,BB,E4,01
184481000,60D,false,Rx,0,8,0D,10,DF,23,02,20,70,00
184515000,625,false,Rx,0,8,25,00,11,43,FD,BB,E4,01
184553000,2C4,false,Rx,0,8,05,00,00,00,D7,02,00,00
184554000,2C5,false,Rx,0,8,00,00,00,00,00,00,00,00
184554000,2C6,false,Rx,0,8,F4,01,84,03,00,00,00,00
184571000,54,false,Rx,0,8,01,01,FE,FF,FE,FF,00,00
184571000,55,false,Rx,0,8,10,27,00,00,00,00,00,00
184571000,56,false,Rx,0,8,10,27,00,00,00,00,00,00
184582000,57,false,Rx,0,8,00,00,FE,FF,FE,FF,00,00
184582000,60D,false,Rx,0,8,0D,10,DF,23,02,20,70,00
184615000,625,false,Rx,0,8,25,00,11,43,FD,BB,E4,01
184681000,60D,false,Rx,0,8,0D,10,DF,23,02,20,70,00
184715000,625,false,Rx,0,8,25,00,11,43,FD,BB,E4,01
184753000,2C4,false,Rx,0,8,05,00,00,00,D7,02,00,00
184754000,2C5,false,Rx,0,8,00,00,00,00,00,00,00,00
184754000,2C6,false,Rx,0,8,F4,01,84,03,00,00,00,00
184771000,54,false,Rx,0,8,01,01,FE,FF,FE,FF,00,00
184771000,55,false,Rx,0,8,10,27,00,00,00,00,00,00
184771000,56,false,Rx,0,8,10,27,00,00,00,00,00,00
184782000,57,false,Rx,0,8,00,00,FE,FF,FE,FF,00,00
184782000,60D,false,Rx,0,8,0D,10,DF,23,02,20,70,00
184815000,625,false,Rx,0,8,25,00,11,43,FD,BB,E4,01
184881000,60D,false,Rx,0,8,0D,10,DF,23,02,20,70,00
184915000,625,false,Rx,0,8,25,00,11,43,FD,BB,E4,01
184953000,2C4,false,Rx,0,8,05,00,00,00,D5,02,00,00
184954000,2C5,false,Rx,0,8,00,00,00,00,00,00,00,00
184954000,2C6,false,Rx,0,8,F4,01,84,03,00,00,00,00
184971000,54,false,Rx,0,8,01,01,FE,FF,FE,FF,00,00
184971000,55,false,Rx,0,8,10,27,00,00,00,00,00,00
184971000,56,false,Rx,0,8,10,27,00,00,00,00,00,00
184982000,57,false,Rx,0,8,00,00,FE,FF,FE,FF,00,00
184982000,60D,false,Rx,0,8,0D,10,DF,23,02,20,70,00
185015000,625,false,Rx,0,8,25,00,11,43,FD,BB,E4,01
185081000,60D,false,Rx,0,8,0D,10,DF,23,02,20,70,00
185115000,625,false,Rx,0,8,25,00,11,43,FD,BB,E4,01
185153000,2C4,false,Rx,0,8,05,00,00,00,D7,02,00,00
185154000,2C5,false,Rx,0,8,00,00,00,00,00,00,00,00
185154000,2C6,false,Rx,0,8,F4,01,84,03,00,00,00,00
185171000,54,false,Rx,0,8,01,01,FE,FF,FE,FF,00,00
185171000,55,false,Rx,0,8,10,27,00,00,00,00,00,00
185171000,56,false,Rx,0,8,10,27,00,00,00,00,00,00
185182000,57,false,Rx,0,8,00,00,FE,FF,FE,FF,00,00
185182000,60D,false,Rx,0,8,0D,10,DF,23,02,20,70,00
185215000,625,false,Rx,0,8,25,00,11,43,FD,BB,E4,01
185281000,60D,false,Rx,0,8,0D,10,DF,23,02,20,70,00
185315000,625,false,Rx,0,8,25,00,11,43,FD,BB,E4,01
185353000,2C4,false,Rx,0,8,05,00,00,00,D7,02,00,00
185354000,2C5,false,Rx,0,8,00,00,00,00,00,00,00,00
185354000,2C6,false,Rx,0,8,F4,01,84,03,00,00,00,00
185371000,54,false,Rx,0,8,01,01,FE,FF,FE,FF,00,00
185371000,55,false,Rx,0,8,10,27,00,00,00,00,00,00
185371000,56,false,Rx,0,8,10,27,00,00,00,00,00,00
185382000,57,false,Rx,0,8,00,00,FE,FF,FE,FF,00,00
185382000,60D,false,Rx,0,8,0D,10,DF,23,02,20,70,00
185415000,625,false,Rx,0,8,25,00,11,43,FD,BB,E4,01
185481000,60D,false,Rx,0,8,0D,10,DF,23,02,20,70,00
185515000,625,false,Rx,0,8,25,00,11,43,FD,BB,E4,01
185553000,2C4,false,Rx,0,8,05,00,00,00,D7,02,00,00
185553000,2C5,false,Rx,0,8,00,00,00,00,00,00,00,00
185554000,2C6,false,Rx,0,8,F4,01,84,03,00,00,00,00
185571000,54,false,Rx,0,8,01,01,FE,FF,FE,FF,00,00
185571000,55,false,Rx,0,8,10,27,00,00,00,00,00,00
185571000,56,false,Rx,0,8,10,27,00,00,00,00,00,00
185582000,57,false,Rx,0,8,00,00,FE,FF,FE,FF,00,00
185582000,60D,false,Rx,0,8,0D,10,DF,23,02,20,70,00
185615000,625,false,Rx,0,8,25,00,11,43,FD,BB,E4,01
185681000,60D,false,Rx,0,8,0D,10,DF,23,02,20,70,00
185715000,625,false,Rx,0,8,25,00,11,43,FD,BB,E4,01
185753000,2C4,false,Rx,0,8,05,00,00,00,D7,02,00,00
185753000,2C5,false,Rx,0,8,00,00,00,00,00,00,00,00
185754000,2C6,false,Rx,0,8,F4,01,84,03,00,00,00,00
185771000,54,false,Rx,0,8,01,01,FE,FF,FE,FF,00,00
185771000,55,false,Rx,0,8,10,27,00,00,00,00,00,00
185771000,56,false,Rx,0,8,10,27,00,00,00,00,00,00
185782000,57,false,Rx,0,8,00,00,FE,FF,FE,FF,00,00
185782000,60D,false,Rx,0,8,0D,10,DF,23,02,20,70,00
185815000,625,false,Rx,0,8,25,00,11,43,FD,BB,E4,01
185881000,60D,false,Rx,0,8,0D,10,DF,23,02,20,70,00
185915000,625,false,Rx,0,8,25,00,11,43,FD,BB,E4,01
185953000,2C4,false,Rx,0,8,05,00,00,00,D7,02,00,00
185953000,2C5,false,Rx,0,8,00,00,00,00,00,00,00,00
185954000,2C6,false,Rx,0,8,F4,01,84,03,00,00,00,00
185971000,54,false,Rx,0,8,01,01,FE,FF,FE,FF,00,00
185971000,55,false,Rx,0,8,10,27,00,00,00,00,00,00
185971000,56,false,Rx,0,8,10,27,00,00,00,00,00,00
185982000,57,false,Rx,0,8,00,00,FE,FF,FE,FF,00,00
185982000,60D,false,Rx,0,8,0D,10,DF,23,02,20,70,00
186015000,625,false,Rx,0,8,25,00,11,43,FD,BB,E4,01
186081000,60D,false,Rx,0,8,0D,10,DF,23,02,20,70,00
186115000,625,false,Rx,0,8,25,00,11,43,FD,BB,E4,01
186153000,2C4,false,Rx,0,8,05,00,00,00,D7,02,00,00
186153000,2C5,false,Rx,0,8,00,00,00,00,00,00,00,00
186154000,2C6,false,Rx,0,8,F4,01,84,03,00,00,00,00
186171000,54,false,Rx,0,8,01,01,FE,FF,FE,FF,00,00
186171000,55,false,Rx,0,8,10,27,00,00,00,00,00,00
186171000,56,false,Rx,0,8,10,27,00,00,00,00,00,00
186182000,57,false,Rx,0,8,00,00,FE,FF,FE,FF,00,00
186182000,60D,false,Rx,0,8,0D,10,DF,23,02,20,70,00
186215000,625,false,Rx,0,8,25,00,11,43,FD,BB,E4,01
186281000,60D,false,Rx,0,8,0D,10,DF,23,02,20,70,00
186315000,625,false,Rx,0,8,25,00,11,43,FD,BB,E4,01
186353000,2C4,false,Rx,0,8,05,00,00,00,D7,02,00,00
186353000,2C5,false,Rx,0,8,00,00,00,00,00,00,00,00
186354000,2C6,false,Rx,0,8,F4,01,84,03,00,00,00,00
186371000,54,false,Rx,0,8,01,01,FE,FF,FE,FF,00,00
186371000,55,false,Rx,0,8,10,27,00,00,00,00,00,00
186371000,56,false,Rx,0,8,10,27,00,00,00,00,00,00
186382000,57,false,Rx,0,8,00,00,FE,FF,FE,FF,00,00
186382000,60D,false,Rx,0,8,0D,10,DF,23,02,20,70,00
186415000,625,false,Rx,0,8,25,00,11,43,FD,BB,E4,01
186481000,60D,false,Rx,0,8,0D,10,DF,23,02,20,70,00
186515000,625,false,Rx,0,8,25,00,11,43,FD,BB,E4,01
186553000,2C4,false,Rx,0,8,05,00,00,00,D7,02,00,00
186553000,2C5,false,Rx,0,8,00,00,00,00,00,00,00,00
186554000,2C6,false,Rx,0,8,F4,01,84,03,00,00,00,00
186571000,54,false,Rx,0,8,01,01,FE,FF,FE,FF,00,00
186571000,55,false,Rx,0,8,10,27,00,00,00,00,00,00
186571000,56,false,Rx,0,8,10,27,00,00,00,00,00,00
186582000,57,false,Rx,0,8,00,00,FE,FF,FE,FF,00,00
186582000,60D,false,Rx,0,8,0D,10,DF,23,02,20,70,00
186615000,625,false,Rx,0,8,25,00,11,43,FD,BB,E4,01
186681000,60D,false,Rx,0,8,0D,10,DF,23,02,20,70,00
186715000,625,false,Rx,0,8,25,00,11,43,FD,BB,E4,01
186753000,2C4,false,Rx,0,8,05,00,00,00,D7,02,00,00
186753000,2C5,false,Rx,0,8,00,00,00,00,00,00,00,00
186754000,2C6,false,Rx,0,8,F4,01,84,03,00,00,00,00
186771000,54,false,Rx,0,8,01,01,FE,FF,FE,FF,00,00
186771000,55,false,Rx,0,8,10,27,00,00,00,00,00,00
186771000,56,false,Rx,0,8,10,27,00,00,00,00,00,00
186782000,57,false,Rx,0,8,00,00,FE,FF,FE,FF,00,00
186782000,60D,false,Rx,0,8,0D,10,DF,23,02,20,70,00
186815000,625,false,Rx,0,8,25,00,11,43,FD,BB,E4,01
186881000,60D,false,Rx,0,8,0D,10,DF,23,02,20,70,00
186915000,625,false,Rx,0,8,25,00,11,43,FD,BB,E4,01
186953000,2C4,false,Rx,0,8,05,00,00,00,D7,02,00,00
186953000,2C5,false,Rx,0,8,00,00,00,00,00,00,00,00
186954000,2C6,false,Rx,0,8,F4,01,84,03,00,00,00,00
186971000,54,false,Rx,0,8,01,01,FE,FF,FE,FF,00,00
186971000,55,false,Rx,0,8,10,27,00,00,00,00,00,00
186971000,56,false,Rx,0,8,10,27,00,00,00,00,00,00
186982000,57,false,Rx,0,8,00,00,FE,FF,FE,FF,00,00
186982000,60D,false,Rx,0,8,0D,10,DF,23,02,20,70,00
187015000,625,false,Rx,0,8,25,00,11,43,FD,BB,E4,01
187081000,60D,false,Rx,0,8,0D,10,DF,23,02,20,70,00
187115000,625,false,Rx,0,8,25,00,11,43,FD,BB,E4,01
187153000,2C4,false,Rx,0,8,05,00,00,00,D7,02,00,00
187153000,2C5,false,Rx,0,8,00,00,00,00,00,00,00,00
187154000,2C6,false,Rx,0,8,F4,01,84,03,00,00,00,00
187171000,54,false,Rx,0,8,01,01,FE,FF,FE,FF,00,00
187171000,55,false,Rx,0,8,10,27,00,00,00,00,00,00
187171000,56,false,Rx,0,8,10,27,00,00,00,00,00,00
187182000,57,false,Rx,0,8,00,00,FE,FF,FE,FF,00,00
187182000,60D,false,Rx,0,8,0D,10,DF,23,02,20,70,00
187215000,625,false,Rx,0,8,25,00,11,43,FD,BB,E4,01
187281000,60D,false,Rx,0,8,0D,10,DF,23,02,20,70,00
187315000,625,false,Rx,0,8,25,00,11,43,FD,BB,E4,01
187353000,2C4,false,Rx,0,8,05,00,00,00,D7,02,00,00
187353000,2C5,false,Rx,0,8,00,00,00,00,00,00,00,00
187354000,2C6,false,Rx,0,8,F4,01,84,03,00,00,00,00
187371000,54,false,Rx,0,8,01,01,FE,FF,FE,FF,00,00
187371000,55,false,Rx,0,8,10,27,00,00,00,00,00,00
187371000,56,false,Rx,0,8,10,27,00,00,00,00,00,00
187382000,57,false,Rx,0,8,00,00,FE,FF,FE,FF,00,00
187382000,60D,false,Rx,0,8,0D,10,DF,23,02,20,70,00
187415000,625,false,Rx,0,8,25,00,11,43,FD,BB,E4,01
187481000,60D,false,Rx,0,8,0D,10,DF,23,02,20,70,00
187515000,625,false,Rx,0,8,25,00,11,43,FD,BB,E4,01
187553000,2C4,false,Rx,0,8,05,00,00,00,D7,02,00,00
187553000,2C5,false,Rx,0,8,00,00,00,00,00,00,00,00
187554000,2C6,false,Rx,0,8,F4,01,84,03,00,00,00,00
187571000,54,false,Rx,0,8,01,01,FE,FF,FE,FF,00,00
187571000,55,false,Rx,0,8,10,27,00,00,00,00,00,00
187571000,56,false,Rx,0,8,10,27,00,00,00,00,00,00
187582000,57,false,Rx,0,8,00,00,FE,FF,FE,FF,00,00
187582000,60D,false,Rx,0,8,0D,10,DF,23,02,20,70,00
187615000,625,false,Rx,0,8,25,00,11,43,FD,BB,E4,01
187681000,60D,false,Rx,0,8,0D,10,DF,23,02,20,70,00
187715000,625,false,Rx,0,8,25,00,11,43,FD,BB,E4,01
187753000,2C4,false,Rx,0,8,05,00,00,00,D7,02,00,00
187753000,2C5,false,Rx,0,8,00,00,00,00,00,00,00,00
187754000,2C6,false,Rx,0,8,F4,01,84,03,00,00,00,00
187771000,54,false,Rx,0,8,01,01,FE,FF,FE,FF,00,00
187771000,55,false,Rx,0,8,10,27,00,00,00,00,00,00
187771000,56,false,Rx,0,8,10,27,00,00,00,00,00,00
187782000,57,false,Rx,0,8,00,00,FE,FF,FE,FF,00,00
187782000,60D,false,Rx,0,8,0D,10,DF,23,02,20,70,00
187815000,625,false,Rx,0,8,25,00,11,43,FD,BB,E4,01
187881000,60D,false,Rx,0,8,0D,10,DF,23,02,20,70,00
187915000,625,false,Rx,0,8,25,00,11,43,FD,BB,E4,01
187953000,2C4,false,Rx,0,8,05,00,00,00,D7,02,00,00
187953000,2C5,false,Rx,0,8,00,00,00,00,00,00,00,00
187954000,2C6,false,Rx,0,8,F4,01,84,03,00,00,00,00
187971000,54,false,Rx,0,8,01,01,FE,FF,FE,FF,00,00
187971000,55,false,Rx,0,8,10,27,00,00,00,00,00,00
187971000,56,false,Rx,0,8,10,27,00,00,00,00,00,00
187982000,57,false,Rx,0,8,00,00,FE,FF,FE,FF,00,00
187982000,60D,false,Rx,0,8,0D,10,DF,23,02,20,70,00
188015000,625,false,Rx,0,8,25,00,11,43,FD,BB,E4,01
188081000,60D,false,Rx,0,8,0D,10,DF,23,02,20,70,00
188115000,625,false,Rx,0,8,25,00,11,43,FD,BB,E4,01
188153000,2C4,false,Rx,0,8,05,00,00,00,D7,02,00,00
188153000,2C5,false,Rx,0,8,00,00,00,00,00,00,00,00
188154000,2C6,false,Rx,0,8,F4,01,84,03,00,00,00,00
188171000,54,false,Rx,0,8,01,01,FE,FF,FE,FF,00,00
188171000,55,false,Rx,0,8,10,27,00,00,00,00,00,00
188171000,56,false,Rx,0,8,10,27,00,00,00,00,00,00
188182000,57,false,Rx,0,8,00,00,FE,FF,FE,FF,00,00
188182000,60D,false,Rx,0,8,0D,10,DF,23,02,20,70,00
188215000,625,false,Rx,0,8,25,00,11,43,FD,BB,E4,01
188281000,60D,false,Rx,0,8,0D,10,DF,23,02,20,70,00
188315000,625,false,Rx,0,8,25,00,11,43,FD,BB,E4,01
188353000,2C4,false,Rx,0,8,05,00,00,00,D7,02,00,00
188353000,2C5,false,Rx,0,8,00,00,00,00,00,00,00,00
188354000,2C6,false,Rx,0,8,F4,01,84,03,00,00,00,00
188371000,54,false,Rx,0,8,01,01,FE,FF,FE,FF,00,00
188371000,55,false,Rx,0,8,10,27,00,00,00,00,00,00
188371000,56,false,Rx,0,8,10,27,00,00,00,00,00,00
188382000,57,false,Rx,0,8,00,00,FE,FF,FE,FF,00,00
188382000,60D,false,Rx,0,8,0D,10,DF,23,02,20,70,00
188415000,625,false,Rx,0,8,25,00,11,43,FD,BB,E4,01
188481000,60D,false,Rx,0,8,0D,10,DF,23,02,20,70,00
188515000,625,false,Rx,0,8,25,00,11,43,FD,BB,E4,01
188553000,2C4,false,Rx,0,8,05,00,00,00,D7,02,00,00
188553000,2C5,false,Rx,0,8,00,00,00,00,00,00,00,00
188554000,2C6,false,Rx,0,8,F4,01,84,03,00,00,00,00
188571000,54,false,Rx,0,8,01,01,FE,FF,FE,FF,00,00
188571000,55,false,Rx,0,8,10,27,00,00,00,00,00,00
188571000,56,false,Rx,0,8,10,27,00,00,00,00,00,00
188582000,57,false,Rx,0,8,00,00,FE,FF,FE,FF,00,00
188582000,60D,false,Rx,0,8,0D,10,DF,23,02,20,70,00
188615000,625,false,Rx,0,8,25,00,11,43,FD,BB,E4,01
188681000,60D,false,Rx,0,8,0D,10,DF,23,02,20,70,00
188715000,625,false,Rx,0,8,25,00,11,43,FD,BB,E4,01
188753000,2C4,false,Rx,0,8,05,00,00,00,D7,02,00,00
188753000,2C5,false,Rx,0,8,00,00,00,00,00,00,00,00
188754000,2C6,false,Rx,0,8,F4,01,84,03,00,00,00,00
188771000,54,false,Rx,0,8,01,01,FE,FF,FE,FF,00,00
188771000,55,false,Rx,0,8,10,27,00,00,00,00,00,00
188771000,56,false,Rx,0,8,10,27,00,00,00,00,00,00
188782000,57,false,Rx,0,8,00,00,FE,FF,FE,FF,00,00
188782000,60D,false,Rx,0,8,0D,10,DF,23,02,20,70,00
188815000,625,false,Rx,0,8,25,00,11,43,FD,BB,E4,01
188881000,60D,false,Rx,0,8,0D,10,DF,23,02,20,70,00
188915000,625,false,Rx,0,8,25,00,11,43,FD,BB,E4,01
188953000,2C4,false,Rx,0,8,05,00,00,00,DA,02,00,00
188953000,2C5,false,Rx,0,8,00,00,00,00,00,00,00,00
188954000,2C6,false,Rx,0,8,F4,01,84,03,00,00,00,00
188971000,54,false,Rx,0,8,01,01,FE,FF,FE,FF,00,00
188971000,55,false,Rx,0,8,10,27,00,00,00,00,00,00
188971000,56,false,Rx,0,8,10,27,00,00,00,00,00,00
188982000,57,false,Rx,0,8,00,00,FE,FF,FE,FF,00,00
188982000,60D,false,Rx,0,8,0D,10,DF,23,02,20,70,00
189015000,625,false,Rx,0,8,25,00,11,43,FD,BB,E4,01
189081000,60D,false,Rx,0,8,0D,10,DF,23,02,20,70,00
189115000,625,false,Rx,0,8,25,00,11,43,FD,BB,E4,01
189153000,2C4,false,Rx,0,8,05,00,00,00,D7,02,00,00
189153000,2C5,false,Rx,0,8,00,00,00,00,00,00,00,00
189154000,2C6,false,Rx,0,8,F4,01,84,03,00,00,00,00
189171000,54,false,Rx,0,8,01,01,FE,FF,FE,FF,00,00
189171000,55,false,Rx,0,8,10,27,00,00,00,00,00,00
189171000,56,false,Rx,0,8,10,27,00,00,00,00,00,00
189182000,57,false,Rx,0,8,00,00,FE,FF,FE,FF,00,00
189182000,60D,false,Rx,0,8,0D,10,DF,23,02,20,70,00
189215000,625,false,Rx,0,8,25,00,11,43,FD,BB,E4,01
189281000,60D,false,Rx,0,8,0D,10,DF,23,02,20,70,00
189315000,625,false,Rx,0,8,25,00,11,43,FD,BB,E4,01
189353000,2C4,false,Rx,0,8,05,00,00,00,D7,02,00,00
189353000,2C5,false,Rx,0,8,00,00,00,00,00,00,00,00
189354000,2C6,false,Rx,0,8,F4,01,84,03,00,00,00,00
189371000,54,false,Rx,0,8,01,01,FE,FF,FE,FF,00,00
189371000,55,false,Rx,0,8,10,27,00,00,00,00,00,00
189371000,56,false,Rx,0,8,10,27,00,00,00,00,00,00
189382000,57,false,Rx,0,8,00,00,FE,FF,FE,FF,00,00
189382000,60D,false,Rx,0,8,0D,10,DF,23,02,20,70,00
189415000,625,false,Rx,0,8,25,00,11,43,FD,BB,E4,01
189481000,60D,false,Rx,0,8,0D,10,DF,23,02,20,70,00
189515000,625,false,Rx,0,8,25,00,11,43,FD,BB,E4,01
189553000,2C4,false,Rx,0,8,05,00,00,00,D7,02,00,00
189553000,2C5,false,Rx,0,8,00,00,00,00,00,00,00,00
189554000,2C6,false,Rx,0,8,F4,01,84,03,00,00,00,00
189571000,54,false,Rx,0,8,01,01,FE,FF,FE,FF,00,00
189571000,55,false,Rx,0,8,10,27,00,00,00,00,00,00
189571000,56,false,Rx,0,8,10,27,00,00,00,00,00,00
189582000,57,false,Rx,0,8,00,00,FE,FF,FE,FF,00,00
189582000,60D,false,Rx,0,8,0D,10,DF,23,02,20,70,00
189615000,625,false,Rx,0,8,25,00,11,43,FD,BB,E4,01
189681000,60D,false,Rx,0,8,0D,10,DF,23,02,20,70,00
189715000,625,false,Rx,0,8,25,00,11,43,FD,BB,E4,01
189753000,2C4,false,Rx,0,8,05,00,00,00,DA,02,00,00
189753000,2C5,false,Rx,0,8,00,00,00,00,00,00,00,00
189753000,2C6,false,Rx,0,8,F4,01,84,03,00,00,00,00
189771000,54,false,Rx,0,8,01,01,FE,FF,FE,FF,00,00
189771000,55,false,Rx,0,8,10,27,00,00,00,00,00,00
189771000,56,false,Rx,0,8,10,27,00,00,00,00,00,00
189782000,57,false,Rx,0,8,00,00,FE,FF,FE,FF,00,00
189782000,60D,false,Rx,0,8,0D,10,DF,23,02,20,70,00
189815000,625,false,Rx,0,8,25,00,11,43,FD,BB,E4,01
189881000,60D,false,Rx,0,8,0D,10,DF,23,02,20,70,00
189915000,625,false,Rx,0,8,25,00,11,43,FD,BB,E4,01
189953000,2C4,false,Rx,0,8,05,00,00,00,D7,02,00,00
189953000,2C5,false,Rx,0,8,00,00,00,00,00,00,00,00
189953000,2C6,false,Rx,0,8,F4,01,84,03,00,00,00,00
189971000,54,false,Rx,0,8,01,01,FE,FF,FE,FF,00,00
189971000,55,false,Rx,0,8,10,27,00,00,00,00,00,00
189971000,56,false,Rx,0,8,10,27,00,00,00,00,00,00
189982000,57,false,Rx,0,8,00,00,FE,FF,FE,FF,00,00
189982000,60D,false,Rx,0,8,0D,10,DF,23,02,20,70,00
190015000,625,false,Rx,0,8,25,00,11,43,FD,BB,E4,01
190081000,60D,false,Rx,0,8,0D,10,DF,23,02,20,70,00
190115000,625,false,Rx,0,8,25,00,11,43,FD,BB,E4,01
190153000,2C4,false,Rx,0,8,05,00,00,00,D7,02,00,00
190153000,2C5,false,Rx,0,8,00,00,00,00,00,00,00,00
190153000,2C6,false,Rx,0,8,F4,01,84,03,00,00,00,00
190171000,54,false,Rx,0,8,01,01,FE,FF,FE,FF,00,00
190171000,55,false,Rx,0,8,10,27,00,00,00,00,00,00
190171000,56,false,Rx,0,8,10,27,00,00,00,00,00,00
190182000,57,false,Rx,0,8,00,00,FE,FF,FE,FF,00,00
190182000,60D,false,Rx,0,8,0D,10,DF,23,02,20,70,00
190215000,625,false,Rx,0,8,25,00,11,43,FD,BB,E4,01
190281000,60D,false,Rx,0,8,0D,10,DF,23,02,20,70,00
190315000,625,false,Rx,0,8,25,00,11,43,FD,BB,E4,01
190353000,2C4,false,Rx,0,8,05,00,00,00,D7,02,00,00
190353000,2C5,false,Rx,0,8,00,00,00,00,00,00,00,00
190353000,2C6,false,Rx,0,8,F4,01,84,03,00,00,00,00
190371000,54,false,Rx,0,8,01,01,FE,FF,FE,FF,00,00
190371000,55,false,Rx,0,8,10,27,00,00,00,00,00,00
190371000,56,false,Rx,0,8,10,27,00,00,00,00,00,00
190382000,57,false,Rx,0,8,00,00,FE,FF,FE,FF,00,00
190382000,60D,false,Rx,0,8,0D,10,DF,23,02,20,70,00
190415000,625,false,Rx,0,8,25,00,11,43,FD,BB,E4,01
190481000,60D,false,Rx,0,8,0D,10,DF,23,02,20,70,00
190515000,625,false,Rx,0,8,25,00,11,43,FD,BB,E4,01
190553000,2C4,false,Rx,0,8,05,00,00,00,DA,02,00,00
190553000,2C5,false,Rx,0,8,00,00,00,00,00,00,00,00
190553000,2C6,false,Rx,0,8,F4,01,84,03,00,00,00,00
190571000,54,false,Rx,0,8,01,01,FE,FF,FE,FF,00,00
190571000,55,false,Rx,0,8,10,27,00,00,00,00,00,00
190571000,56,false,Rx,0,8,10,27,00,00,00,00,00,00
190582000,57,false,Rx,0,8,00,00,FE,FF,FE,FF,00,00
190582000,60D,false,Rx,0,8,0D,10,DF,23,02,20,70,00
190615000,625,false,Rx,0,8,25,00,11,43,FD,BB,E4,01
190681000,60D,false,Rx,0,8,0D,10,DF,23,02,20,70,00
190715000,625,false,Rx,0,8,25,00,11,43,FD,BB,E4,01
190753000,2C4,false,Rx,0,8,05,00,00,00,D7,02,00,00
190753000,2C5,false,Rx,0,8,00,00,00,00,00,00,00,00
190753000,2C6,false,Rx,0,8,F4,01,84,03,00,00,00,00
190771000,54,false,Rx,0,8,01,01,FE,FF,FE,FF,00,00
190771000,55,false,Rx,0,8,10,27,00,00,00,00,00,00
190771000,56,false,Rx,0,8,10,27,00,00,00,00,00,00
190782000,57,false,Rx,0,8,00,00,FE,FF,FE,FF,00,00
190782000,60D,false,Rx,0,8,0D,10,DF,23,02,20,70,00
190815000,625,false,Rx,0,8,25,00,11,43,FD,BB,E4,01
190881000,60D,false,Rx,0,8,0D,10,DF,23,02,20,70,00
190915000,625,false,Rx,0,8,25,00,11,43,FD,BB,E4,01
190953000,2C4,false,Rx,0,8,05,00,00,00,D7,02,00,00
190953000,2C5,false,Rx,0,8,00,00,00,00,00,00,00,00
190953000,2C6,false,Rx,0,8,F4,01,84,03,00,00,00,00
190971000,54,false,Rx,0,8,01,01,FE,FF,FE,FF,00,00
190971000,55,false,Rx,0,8,10,27,00,00,00,00,00,00
190971000,56,false,Rx,0,8,10,27,00,00,00,00,00,00
190982000,57,false,Rx,0,8,00,00,FE,FF,FE,FF,00,00
190982000,60D,false,Rx,0,8,0D,10,DF,23,02,20,70,00
191015000,625,false,Rx,0,8,25,00,11,43,FD,BB,E4,01
191081000,60D,false,Rx,0,8,0D,10,DF,23,02,20,70,00
191115000,625,false,Rx,0,8,25,00,11,43,FD,BB,E4,01
191153000,2C4,false,Rx,0,8,05,00,00,00,D7,02,00,00
191153000,2C5,false,Rx,0,8,00,00,00,00,00,00,00,00
191153000,2C6,false,Rx,0,8,F4,01,84,03,00,00,00,00
191171000,54,false,Rx,0,8,01,01,FE,FF,FE,FF,00,00
191171000,55,false,Rx,0,8,10,27,00,00,00,00,00,00
191171000,56,false,Rx,0,8,10,27,00,00,00,00,00,00
191182000,57,false,Rx,0,8,00,00,FE,FF,FE,FF,00,00
191182000,60D,false,Rx,0,8,0D,10,DF,23,02,20,70,00
191215000,625,false,Rx,0,8,25,00,11,43,FD,BB,E4,01
191281000,60D,false,Rx,0,8,0D,10,DF,23,02,20,70,00
191315000,625,false,Rx,0,8,25,00,11,43,FD,BB,E4,01
191353000,2C4,false,Rx,0,8,05,00,00,00,DA,02,00,00
191353000,2C5,false,Rx,0,8,00,00,00,00,00,00,00,00
191353000,2C6,false,Rx,0,8,F4,01,84,03,00,00,00,00
191371000,54,false,Rx,0,8,01,01,FE,FF,FE,FF,00,00
191371000,55,false,Rx,0,8,10,27,00,00,00,00,00,00
191371000,56,false,Rx,0,8,10,27,00,00,00,00,00,00
191382000,57,false,Rx,0,8,00,00,FE,FF,FE,FF,00,00
191382000,60D,false,Rx,0,8,0D,10,DF,23,02,20,70,00
191415000,625,false,Rx,0,8,25,00,11,43,FD,BB,E4,01
191481000,60D,false,Rx,0,8,0D,10,DF,23,02,20,70,00
191515000,625,false,Rx,0,8,25,00,11,43,FD,BB,E4,01
191553000,2C4,false,Rx,0,8,05,00,00,00,DA,02,00,00
191553000,2C5,false,Rx,0,8,00,00,00,00,00,00,00,00
191553000,2C6,false,Rx,0,8,F4,01,84,03,00,00,00,00
191571000,54,false,Rx,0,8,01,01,FE,FF,FE,FF,00,00
191571000,55,false,Rx,0,8,10,27,00,00,00,00,00,00
191571000,56,false,Rx,0,8,10,27,00,00,00,00,00,00
191582000,57,false,Rx,0,8,00,00,FE,FF,FE,FF,00,00
191582000,60D,false,Rx,0,8,0D,10,DF,23,02,20,70,00
191615000,625,false,Rx,0,8,25,00,11,43,FD,BB,E4,01
191681000,60D,false,Rx,0,8,0D,10,DF,23,02,20,70,00
191715000,625,false,Rx,0,8,25,00,11,43,FD,BB,E4,01
191753000,2C4,false,Rx,0,8,05,00,00,00,D7,02,00,00
191753000,2C5,false,Rx,0,8,00,00,00,00,00,00,00,00
191753000,2C6,false,Rx,0,8,F4,01,84,03,00,00,00,00
191771000,54,false,Rx,0,8,01,01,FE,FF,FE,FF,00,00
191771000,55,false,Rx,0,8,10,27,00,00,00,00,00,00
191771000,56,false,Rx,0,8,10,27,00,00,00,00,00,00
191782000,57,false,Rx,0,8,00,00,FE,FF,FE,FF,00,00
191782000,60D,false,Rx,0,8,0D,10,DF,23,02,20,70,00
191815000,625,false,Rx,0,8,25,00,11,43,FD,BB,E4,01
191881000,60D,false,Rx,0,8,0D,10,DF,23,02,20,70,00
191915000,625,false,Rx,0,8,25,00,11,43,FD,BB,E4,01
191953000,2C4,false,Rx,0,8,05,00,00,00,D7,02,00,00
191953000,2C5,false,Rx,0,8,00,00,00,00,00,00,00,00
191953000,2C6,false,Rx,0,8,F4,01,84,03,00,00,00,00
191971000,54,false,Rx,0,8,01,01,FE,FF,FE,FF,00,00
191971000,55,false,Rx,0,8,10,27,00,00,00,00,00,00
191971000,56,false,Rx,0,8,10,27,00,00,00,00,00,00
191982000,57,false,Rx,0,8,00,00,FE,FF,FE,FF,00,00
191982000,60D,false,Rx,0,8,0D,10,DF,23,02,20,70,00
192015000,625,false,Rx,0,8,25,00,11,43,FD,BB,E4,01
192081000,60D,false,Rx,0,8,0D,10,DF,23,02,20,70,00
192115000,625,false,Rx,0,8,25,00,11,43,FD,BB,E4,01
192153000,2C4,false,Rx,0,8,05,00,00,00,DA,02,00,00
192153000,2C5,false,Rx,0,8,00,00,00,00,00,00,00,00
192153000,2C6,false,Rx,0,8,F4,01,84,03,00,00,00,00
192171000,54,false,Rx,0,8,01,01,FE,FF,FE,FF,00,00
192171000,55,false,Rx,0,8,10,27,00,00,00,00,00,00
192171000,56,false,Rx,0,8,10,27,00,00,00,00,00,00
192182000,57,false,Rx,0,8,00,00,FE,FF,FE,FF,00,00
192182000,60D,false,Rx,0,8,0D,10,DF,23,02,20,70,00
192215000,625,false,Rx,0,8,25,00,11,43,FD,BB,E4,01
192281000,60D,false,Rx,0,8,0D,10,DF,23,02,20,70,00
192315000,625,false,Rx,0,8,25,00,11,43,FD,BB,E4,01
192353000,2C4,false,Rx,0,8,05,00,00,00,DA,02,00,00
192353000,2C5,false,Rx,0,8,00,00,00,00,00,00,00,00
192353000,2C6,false,Rx,0,8,F4,01,84,03,00,00,00,00
192371000,54,false,Rx,0,8,01,01,FE,FF,FE,FF,00,00
192371000,55,false,Rx,0,8,10,27,00,00,00,00,00,00
192371000,56,false,Rx,0,8,10,27,00,00,00,00,00,00
192382000,57,false,Rx,0,8,00,00,FE,FF,FE,FF,00,00
192382000,60D,false,Rx,0,8,0D,10,DF,23,02,20,70,00
192415000,625,false,Rx,0,8,25,00,11,43,FD,BB,E4,01
192481000,60D,false,Rx,0,8,0D,10,DF,23,02,20,70,00
192515000,625,false,Rx,0,8,25,00,11,43,FD,BB,E4,01
192553000,2C4,false,Rx,0,8,05,00,00,00,D7,02,00,00
192553000,2C5,false,Rx,0,8,00,00,00,00,00,00,00,00
192553000,2C6,false,Rx,0,8,F4,01,84,03,00,00,00,00
192571000,54,false,Rx,0,8,01,01,FE,FF,FE,FF,00,00
192571000,55,false,Rx,0,8,10,27,00,00,00,00,00,00
192571000,56,false,Rx,0,8,10,27,00,00,00,00,00,00
192582000,57,false,Rx,0,8,00,00,FE,FF,FE,FF,00,00
192582000,60D,false,Rx,0,8,0D,10,DF,23,02,20,70,00
192615000,625,false,Rx,0,8,25,00,11,43,FD,BB,E4,01
192681000,60D,false,Rx,0,8,0D,10,DF,23,02,20,70,00
192715000,625,false,Rx,0,8,25,00,11,43,FD,BB,E4,01
192753000,2C4,false,Rx,0,8,05,00,00,00,D7,02,00,00
192753000,2C5,false,Rx,0,8,00,00,00,00,00,00,00,00
192753000,2C6,false,Rx,0,8,F4,01,84,03,00,00,00,00
192771000,54,false,Rx,0,8,01,01,FE,FF,FE,FF,00,00
192771000,55,false,Rx,0,8,10,27,00,00,00,00,00,00
192771000,56,false,Rx,0,8,10,27,00,00,00,00,00,00
192782000,57,false,Rx,0,8,00,00,FE,FF,FE,FF,00,00
192782000,60D,false,Rx,0,8,0D,10,DF,23,02,20,70,00
192815000,625,false,Rx,0,8,25,00,11,43,FD,BB,E4,01
192881000,60D,false,Rx,0,8,0D,10,DF,23,02,20,70,00
192915000,625,false,Rx,0,8,25,00,11,43,FD,BB,E4,01
192953000,2C4,false,Rx,0,8,05,00,00,00,D7,02,00,00
192953000,2C5,false,Rx,0,8,00,00,00,00,00,00,00,00
192953000,2C6,false,Rx,0,8,F4,01,84,03,00,00,00,00
192971000,54,false,Rx,0,8,01,01,FE,FF,FE,FF,00,00
192971000,55,false,Rx,0,8,10,27,00,00,00,00,00,00
192971000,56,false,Rx,0,8,10,27,00,00,00,00,00,00
192982000,57,false,Rx,0,8,00,00,FE,FF,FE,FF,00,00
192982000,60D,false,Rx,0,8,0D,10,DF,23,02,20,70,00
193015000,625,false,Rx,0,8,25,00,11,43,FD,BB,E4,01
193081000,60D,false,Rx,0,8,0D,10,DF,23,02,20,70,00
193115000,625,false,Rx,0,8,25,00,11,43,FD,BB,E4,01
193153000,2C4,false,Rx,0,8,05,00,00,00,DA,02,00,00
193153000,2C5,false,Rx,0,8,00,00,00,00,00,00,00,00
193153000,2C6,false,Rx,0,8,F4,01,84,03,00,00,00,00
193171000,54,false,Rx,0,8,01,01,FE,FF,FE,FF,00,00
193171000,55,false,Rx,0,8,10,27,00,00,00,00,00,00
193171000,56,false,Rx,0,8,10,27,00,00,00,00,00,00
193182000,57,false,Rx,0,8,00,00,FE,FF,FE,FF,00,00
193182000,60D,false,Rx,0,8,0D,10,DF,23,02,20,70,00
193215000,625,false,Rx,0,8,25,00,11,43,FD,BB,E4,01
193281000,60D,false,Rx,0,8,0D,10,DF,23,02,20,70,00
193315000,625,false,Rx,0,8,25,00,11,43,FD,BB,E4,01
193353000,2C4,false,Rx,0,8,05,00,00,00,D7,02,00,00
193353000,2C5,false,Rx,0,8,00,00,00,00,00,00,00,00
193353000,2C6,false,Rx,0,8,F4,01,84,03,00,00,00,00
193371000,54,false,Rx,0,8,01,01,FE,FF,FE,FF,00,00
193371000,55,false,Rx,0,8,10,27,00,00,00,00,00,00
193371000,56,false,Rx,0,8,10,27,00,00,00,00,00,00
193382000,57,false,Rx,0,8,00,00,FE,FF,FE,FF,00,00
193382000,60D,false,Rx,0,8,0D,10,DF,23,02,20,70,00
193415000,625,false,Rx,0,8,25,00,11,43,FD,BB,E4,01
193481000,60D,false,Rx,0,8,0D,10,DF,23,02,20,70,00
193515000,625,false,Rx,0,8,25,00,11,43,FD,BB,E4,01
193553000,2C4,false,Rx,0,8,05,00,00,00,D7,02,00,00
193553000,2C5,false,Rx,0,8,00,00,00,00,00,00,00,00
193553000,2C6,false,Rx,0,8,F4,01,84,03,00,00,00,00
193571000,54,false,Rx,0,8,01,01,FE,FF,FE,FF,00,00
193571000,55,false,Rx,0,8,10,27,00,00,00,00,00,00
193571000,56,false,Rx,0,8,10,27,00,00,00,00,00,00
193582000,57,false,Rx,0,8,00,00,FE,FF,FE,FF,00,00
193582000,60D,false,Rx,0,8,0D,10,DF,23,02,20,70,00
193615000,625,false,Rx,0,8,25,00,11,43,FD,BB,E4,01
193681000,60D,false,Rx,0,8,0D,10,DF,23,02,20,70,00
193715000,625,false,Rx,0,8,25,00,11,43,FD,BB,E4,01
193753000,2C4,false,Rx,0,8,05,00,00,00,D7,02,00,00
193753000,2C5,false,Rx,0,8,00,00,00,00,00,00,00,00
193753000,2C6,false,Rx,0,8,F4,01,84,03,00,00,00,00
193771000,54,false,Rx,0,8,01,01,FE,FF,FE,FF,00,00
193771000,55,false,Rx,0,8,10,27,00,00,00,00,00,00
193771000,56,false,Rx,0,8,10,27,00,00,00,00,00,00
193782000,57,false,Rx,0,8,00,00,FE,FF,FE,FF,00,00
193782000,60D,false,Rx,0,8,0D,10,DF,23,02,20,70,00
193815000,625,false,Rx,0,8,25,00,11,43,FD,BB,E4,01
193881000,60D,false,Rx,0,8,0D,10,DF,23,02,20,70,00
193915000,625,false,Rx,0,8,25,00,11,43,FD,BB,E4,01
193953000,2C4,false,Rx,0,8,05,00,00,00,DA,02,00,00
193953000,2C5,false,Rx,0,8,00,00,00,00,00,00,00,00
193953000,2C6,false,Rx,0,8,F4,01,84,03,00,00,00,00
193971000,54,false,Rx,0,8,01,01,FE,FF,FE,FF,00,00
193971000,55,false,Rx,0,8,10,27,00,00,00,00,00,00
193971000,56,false,Rx,0,8,10,27,00,00,00,00,00,00
193982000,57,false,Rx,0,8,00,00,FE,FF,FE,FF,00,00
193982000,60D,false,Rx,0,8,0D,10,DF,23,02,20,70,00
194015000,625,false,Rx,0,8,25,00,11,43,FD,BB,E4,01
194081000,60D,false,Rx,0,8,0D,10,DF,23,02,20,70,00
194115000,625,false,Rx,0,8,25,00,11,43,FD,BB,E4,01
194153000,2C4,false,Rx,0,8,05,00,00,00,DA,02,00,00
194153000,2C5,false,Rx,0,8,00,00,00,00,00,00,00,00
194153000,2C6,false,Rx,0,8,F4,01,84,03,00,00,00,00
194171000,54,false,Rx,0,8,01,01,FE,FF,FE,FF,00,00
194171000,55,false,Rx,0,8,10,27,00,00,00,00,00,00
194171000,56,false,Rx,0,8,10,27,00,00,00,00,00,00
194182000,57,false,Rx,0,8,00,00,FE,FF,FE,FF,00,00
194182000,60D,false,Rx,0,8,0D,10,DF,23,02,20,70,00
194215000,625,false,Rx,0,8,25,00,11,43,FD,BB,E4,01
194281000,60D,false,Rx,0,8,0D,10,DF,23,02,20,70,00
194315000,625,false,Rx,0,8,25,00,11,43,FD,BB,E4,01
194353000,2C4,false,Rx,0,8,05,00,00,00,D7,02,00,00
194353000,2C5,false,Rx,0,8,00,00,00,00,00,00,00,00
194353000,2C6,false,Rx,0,8,F4,01,84,03,00,00,00,00
194371000,54,false,Rx,0,8,01,01,FE,FF,FE,FF,00,00
194371000,55,false,Rx,0,8,10,27,00,00,00,00,00,00
194371000,56,false,Rx,0,8,10,27,00,00,00,00,00,00
194382000,57,false,Rx,0,8,00,00,FE,FF,FE,FF,00,00
194382000,60D,false,Rx,0,8,0D,10,DF,23,02,20,70,00
194415000,625,false,Rx,0,8,25,00,11,43,FD,BB,E4,01
194481000,60D,false,Rx,0,8,0D,10,DF,23,02,20,70,00
194515000,625,false,Rx,0,8,25,00,11,43,FD,BB,E4,01
194553000,2C4,false,Rx,0,8,05,00,00,00,D7,02,00,00
194553000,2C5,false,Rx,0,8,00,00,00,00,00,00,00,00
194553000,2C6,false,Rx,0,8,F4,01,84,03,00,00,00,00
194571000,54,false,Rx,0,8,01,01,FE,FF,FE,FF,00,00
194571000,55,false,Rx,0,8,10,27,00,00,00,00,00,00
194571000,56,false,Rx,0,8,10,27,00,00,00,00,00,00
194582000,57,false,Rx,0,8,00,00,FE,FF,FE,FF,00,00
194582000,60D,false,Rx,0,8,0D,10,DF,23,02,20,70,00
194615000,625,false,Rx,0,8,25,00,11,43,FD,BB,E4,01
194681000,60D,false,Rx,0,8,0D,10,DF,23,02,20,70,00
194715000,625,false,Rx,0,8,25,00,11,43,FD,BB,E4,01
194753000,2C4,false,Rx,0,8,05,00,00,00,DA,02,00,00
194753000,2C5,false,Rx,0,8,00,00,00,00,00,00,00,00
194753000,2C6,false,Rx,0,8,F4,01,84,03,00,00,00,00
194771000,54,false,Rx,0,8,01,01,FE,FF,FE,FF,00,00
194771000,55,false,Rx,0,8,10,27,00,00,00,00,00,00
194771000,56,false,Rx,0,8,10,27,00,00,00,00,00,00
194782000,57,false,Rx,0,8,00,00,FE,FF,FE,FF,00,00
194782000,60D,false,Rx,0,8,0D,10,DF,23,02,20,70,00
194815000,625,false,Rx,0,8,25,00,11,43,FD,BB,E4,01
194881000,60D,false,Rx,0,8,0D,10,DF,23,02,20,70,00
194915000,625,false,Rx,0,8,25,00,11,43,FD,BB,E4,01
194953000,2C4,false,Rx,0,8,05,00,00,00,DA,02,00,00
194953000,2C5,false,Rx,0,8,00,00,00,00,00,00,00,00
194953000,2C6,false,Rx,0,8,F4,01,84,03,00,00,00,00
194971000,54,false,Rx,0,8,01,01,FE,FF,FE,FF,00,00
194971000,55,false,Rx,0,8,10,27,00,00,00,00,00,00
194971000,56,false,Rx,0,8,10,27,00,00,00,00,00,00
194982000,57,false,Rx,0,8,00,00,FE,FF,FE,FF,00,00
194982000,60D,false,Rx,0,8,0D,10,DF,23,02,20,70,00
195015000,625,false,Rx,0,8,25,00,11,43,FD,BB,E4,01
195081000,60D,false,Rx,0,8,0D,10,DF,23,02,20,70,00
195115000,625,false,Rx,0,8,25,00,11,43,FD,BB,E4,01
195153000,2C4,false,Rx,0,8,05,00,00,00,D7,02,00,00
195153000,2C5,false,Rx,0,8,00,00,00,00,00,00,00,00
195153000,2C6,false,Rx,0,8,F4,01,84,03,00,00,00,00
195171000,54,false,Rx,0,8,01,01,FE,FF,FE,FF,00,00
195171000,55,false,Rx,0,8,10,27,00,00,00,00,00,00
195171000,56,false,Rx,0,8,10,27,00,00,00,00,00,00
195182000,57,false,Rx,0,8,00,00,FE,FF,FE,FF,00,00
195182000,60D,false,Rx,0,8,0D,10,DF,23,02,20,70,00
195215000,625,false,Rx,0,8,25,00,11,43,FD,BB,E4,01
195281000,60D,false,Rx,0,8,0D,10,DF,23,02,20,70,00
195315000,625,false,Rx,0,8,25,00,11,43,FD,BB,E4,01
195353000,2C4,false,Rx,0,8,05,00,00,00,DA,02,00,00
195353000,2C5,false,Rx,0,8,00,00,00,00,00,00,00,00
195353000,2C6,false,Rx,0,8,F4,01,84,03,00,00,00,00
195371000,54,false,Rx,0,8,01,01,FE,FF,FE,FF,00,00
195371000,55,false,Rx,0,8,10,27,00,00,00,00,00,00
195371000,56,false,Rx,0,8,10,27,00,00,00,00,00,00
195382000,57,false,Rx,0,8,00,00,FE,FF,FE,FF,00,00
195382000,60D,false,Rx,0,8,0D,10,DF,23,02,20,70,00
195415000,625,false,Rx,0,8,25,00,11,43,FD,BB,E4,01
195481000,60D,false,Rx,0,8,0D,10,DF,23,02,20,70,00
195515000,625,false,Rx,0,8,25,00,11,43,FD,BB,E4,01
195553000,2C4,false,Rx,0,8,05,00,00,00,DA,02,00,00
195553000,2C5,false,Rx,0,8,00,00,00,00,00,00,00,00
195553000,2C6,false,Rx,0,8,F4,01,84,03,00,00,00,00
195571000,54,false,Rx,0,8,01,01,FE,FF,FE,FF,00,00
195571000,55,false,Rx,0,8,10,27,00,00,00,00,00,00
195571000,56,false,Rx,0,8,10,27,00,00,00,00,00,00
195582000,57,false,Rx,0,8,00,00,FE,FF,FE,FF,00,00
195582000,60D,false,Rx,0,8,0D,10,DF,23,02,20,70,00
195615000,625,false,Rx,0,8,25,00,11,43,FD,BB,E4,01
195681000,60D,false,Rx,0,8,0D,10,DF,23,02,20,70,00
195715000,625,false,Rx,0,8,25,00,11,43,FD,BB,E4,01
195753000,2C4,false,Rx,0,8,05,00,00,00,DA,02,00,00
195753000,2C5,false,Rx,0,8,00,00,00,00,00,00,00,00
195753000,2C6,false,Rx,0,8,F4,01,84,03,00,00,00,00
195771000,54,false,Rx,0,8,01,01,FE,FF,FE,FF,00,00
195771000,55,false,Rx,0,8,10,27,00,00,00,00,00,00
195771000,56,false,Rx,0,8,10,27,00,00,00,00,00,00
195782000,57,false,Rx,0,8,00,00,FE,FF,FE,FF,00,00
195782000,60D,false,Rx,0,8,0D,10,DF,23,02,20,70,00
195815000,625,false,Rx,0,8,25,00,11,43,FD,BB,E4,01
195881000,60D,false,Rx,0,8,0D,10,DF,23,02,20,70,00
195915000,625,false,Rx,0,8,25,00,11,43,FD,BB,E4,01
195953000,2C4,false,Rx,0,8,05,00,00,00,D7,02,00,00
195953000,2C5,false,Rx,0,8,00,00,00,00,00,00,00,00
195953000,2C6,false,Rx,0,8,F4,01,84,03,00,00,00,00
195971000,54,false,Rx,0,8,01,01,FE,FF,FE,FF,00,00
195971000,55,false,Rx,0,8,10,27,00,00,00,00,00,00
195971000,56,false,Rx,0,8,10,27,00,00,00,00,00,00
195982000,57,false,Rx,0,8,00,00,FE,FF,FE,FF,00,00
195982000,60D,false,Rx,0,8,0D,10,DF,23,02,20,70,00
196015000,625,false,Rx,0,8,25,00,11,43,FD,BB,E4,01
196081000,60D,false,Rx,0,8,0D,10,DF,23,02,20,70,00
196115000,625,false,Rx,0,8,25,00,11,43,FD,BB,E4,01
196153000,2C4,false,Rx,0,8,05,00,00,00,D7,02,00,00
196153000,2C5,false,Rx,0,8,00,00,00,00,00,00,00,00
196153000,2C6,false,Rx,0,8,F4,01,84,03,00,00,00,00
196171000,54,false,Rx,0,8,01,01,FE,FF,FE,FF,00,00
196171000,55,false,Rx,0,8,10,27,00,00,00,00,00,00
196171000,56,false,Rx,0,8,10,27,00,00,00,00,00,00
196182000,57,false,Rx,0,8,00,00,FE,FF,FE,FF,00,00
196182000,60D,false,Rx,0,8,0D,10,DF,23,02,20,70,00
196215000,625,false,Rx,0,8,25,00,11,43,FD,BB,E4,01
196281000,60D,false,Rx,0,8,0D,10,DF,23,02,20,70,00
196315000,625,false,Rx,0,8,25,00,11,43,FD,BB,E4,01
196353000,2C4,false,Rx,0,8,05,00,00,00,DA,02,00,00
196353000,2C5,false,Rx,0,8,00,00,00,00,00,00,00,00
196353000,2C6,false,Rx,0,8,F4,01,84,03,00,00,00,00
196371000,54,false,Rx,0,8,01,01,FE,FF,FE,FF,00,00
196371000,55,false,Rx,0,8,10,27,00,00,00,00,00,00
196371000,56,false,Rx,0,8,10,27,00,00,00,00,00,00
196382000,57,false,Rx,0,8,00,00,FE,FF,FE,FF,00,00
196382000,60D,false,Rx,0,8,0D,10,DF,23,02,20,70,00
196415000,625,false,Rx,0,8,25,00,11,43,FD,BB,E4,01
196481000,60D,false,Rx,0,8,0D,10,DF,23,02,20,70,00
196515000,625,false,Rx,0,8,25,00,11,43,FD,BB,E4,01
196553000,2C4,false,Rx,0,8,05,00,00,00,DA,02,00,00
196553000,2C5,false,Rx,0,8,00,00,00,00,00,00,00,00
196553000,2C6,false,Rx,0,8,F4,01,84,03,00,00,00,00
196571000,54,false,Rx,0,8,01,01,FE,FF,FE,FF,00,00
196571000,55,false,Rx,0,8,10,27,00,00,00,00,00,00
196571000,56,false,Rx,0,8,10,27,00,00,00,00,00,00
196582000,57,false,Rx,0,8,00,00,FE,FF,FE,FF,00,00
196582000,60D,false,Rx,0,8,0D,10,DF,23,02,20,70,00
196615000,625,false,Rx,0,8,25,00,11,43,FD,BB,E4,01
196681000,60D,false,Rx,0,8,0D,10,DF,23,02,20,70,00
196715000,625,false,Rx,0,8,25,00,11,43,FD,BB,E4,01
196753000,2C4,false,Rx,0,8,05,00,00,00,D7,02,00,00
196753000,2C5,false,Rx,0,8,00,00,00,00,00,00,00,00
196753000,2C6,false,Rx,0,8,F4,01,84,03,00,00,00,00
196771000,54,false,Rx,0,8,01,01,FE,FF,FE,FF,00,00
196771000,55,false,Rx,0,8,10,27,00,00,00,00,00,00
196771000,56,false,Rx,0,8,10,27,00,00,00,00,00,00
196781000,57,false,Rx,0,8,00,00,FE,FF,FE,FF,00,00
196782000,60D,false,Rx,0,8,0D,10,DF,23,02,20,70,00
196815000,625,false,Rx,0,8,25,00,11,43,FD,BB,E4,01
196881000,60D,false,Rx,0,8,0D,10,DF,23,02,20,70,00
196914000,625,false,Rx,0,8,25,00,11,43,FD,BB,E4,01
196953000,2C4,false,Rx,0,8,05,00,00,00,D7,02,00,00
196953000,2C5,false,Rx,0,8,00,00,00,00,00,00,00,00
196953000,2C6,false,Rx,0,8,F4,01,84,03,00,00,00,00
196971000,54,false,Rx,0,8,01,01,FE,FF,FE,FF,00,00
196971000,55,false,Rx,0,8,10,27,00,00,00,00,00,00
196971000,56,false,Rx,0,8,10,27,00,00,00,00,00,00
196982000,57,false,Rx,0,8,00,00,FE,FF,FE,FF,00,00
196982000,60D,false,Rx,0,8,0D,10,DF,23,02,20,70,00
197015000,625,false,Rx,0,8,25,00,11,43,FD,BB,E4,01
197081000,60D,false,Rx,0,8,0D,10,DF,23,02,20,70,00
197114000,625,false,Rx,0,8,25,00,11,43,FD,BB,E4,01
197153000,2C4,false,Rx,0,8,05,00,00,00,DA,02,00,00
197153000,2C5,false,Rx,0,8,00,00,00,00,00,00,00,00
197153000,2C6,false,Rx,0,8,F4,01,84,03,00,00,00,00
197171000,54,false,Rx,0,8,01,01,FE,FF,FE,FF,00,00
197171000,55,false,Rx,0,8,10,27,00,00,00,00,00,00
197171000,56,false,Rx,0,8,10,27,00,00,00,00,00,00
197182000,57,false,Rx,0,8,00,00,FE,FF,FE,FF,00,00
197182000,60D,false,Rx,0,8,0D,10,DF,23,02,20,70,00
197214000,625,false,Rx,0,8,25,00,11,43,FD,BB,E4,01
197281000,60D,false,Rx,0,8,0D,10,DF,23,02,20,70,00
197314000,625,false,Rx,0,8,25,00,11,43,FD,BB,E4,01
197353000,2C4,false,Rx,0,8,05,00,00,00,DA,02,00,00
197353000,2C5,false,Rx,0,8,00,00,00,00,00,00,00,00
197353000,2C6,false,Rx,0,8,F4,01,84,03,00,00,00,00
197371000,54,false,Rx,0,8,01,01,FE,FF,FE,FF,00,00
197371000,55,false,Rx,0,8,10,27,00,00,00,00,00,00
197371000,56,false,Rx,0,8,10,27,00,00,00,00,00,00
197382000,57,false,Rx,0,8,00,00,FE,FF,FE,FF,00,00
197382000,60D,false,Rx,0,8,0D,10,DF,23,02,20,70,00
197414000,625,false,Rx,0,8,25,00,11,43,FD,BB,E4,01
197481000,60D,false,Rx,0,8,0D,10,DF,23,02,20,70,00
197514000,625,false,Rx,0,8,25,00,11,43,FD,BB,E4,01
197553000,2C4,false,Rx,0,8,05,00,00,00,DA,02,00,00
197553000,2C5,false,Rx,0,8,00,00,00,00,00,00,00,00
197553000,2C6,false,Rx,0,8,F4,01,84,03,00,00,00,00
197571000,54,false,Rx,0,8,01,01,FE,FF,FE,FF,00,00
197571000,55,false,Rx,0,8,10,27,00,00,00,00,00,00
197571000,56,false,Rx,0,8,10,27,00,00,00,00,00,00
197582000,57,false,Rx,0,8,00,00,FE,FF,FE,FF,00,00
197582000,60D,false,Rx,0,8,0D,10,DF,23,02,20,70,00
197614000,625,false,Rx,0,8,25,00,11,43,FD,BB,E4,01
197681000,60D,false,Rx,0,8,0D,10,DF,23,02,20,70,00
197714000,625,false,Rx,0,8,25,00,11,43,FD,BB,E4,01
197753000,2C4,false,Rx,0,8,05,00,00,00,D7,02,00,00
197753000,2C5,false,Rx,0,8,00,00,00,00,00,00,00,00
197753000,2C6,false,Rx,0,8,F4,01,84,03,00,00,00,00
197771000,54,false,Rx,0,8,01,01,FE,FF,FE,FF,00,00
197771000,55,false,Rx,0,8,10,27,00,00,00,00,00,00
197771000,56,false,Rx,0,8,10,27,00,00,00,00,00,00
197782000,57,false,Rx,0,8,00,00,FE,FF,FE,FF,00,00
197782000,60D,false,Rx,0,8,0D,10,DF,23,02,20,70,00
197814000,625,false,Rx,0,8,25,00,11,43,FD,BB,E4,01
197881000,60D,false,Rx,0,8,0D,10,DF,23,02,20,70,00
197914000,625,false,Rx,0,8,25,00,11,43,FD,BB,E4,01
197953000,2C4,false,Rx,0,8,05,00,00,00,D7,02,00,00
197953000,2C5,false,Rx,0,8,00,00,00,00,00,00,00,00
197953000,2C6,false,Rx,0,8,F4,01,84,03,00,00,00,00
197971000,54,false,Rx,0,8,01,01,FE,FF,FE,FF,00,00
197971000,55,false,Rx,0,8,10,27,00,00,00,00,00,00
197971000,56,false,Rx,0,8,10,27,00,00,00,00,00,00
197982000,57,false,Rx,0,8,00,00,FE,FF,FE,FF,00,00
197982000,60D,false,Rx,0,8,0D,10,DF,23,02,20,70,00
198014000,625,false,Rx,0,8,25,00,11,43,FD,BB,E4,01
198081000,60D,false,Rx,0,8,0D,10,DF,23,02,20,70,00
198114000,625,false,Rx,0,8,25,00,11,43,FD,BB,E4,01
198153000,2C4,false,Rx,0,8,05,00,00,00,DA,02,00,00
198153000,2C5,false,Rx,0,8,00,00,00,00,00,00,00,00
198153000,2C6,false,Rx,0,8,F4,01,84,03,00,00,00,00
198171000,54,false,Rx,0,8,01,01,FE,FF,FE,FF,00,00
198171000,55,false,Rx,0,8,10,27,00,00,00,00,00,00
198171000,56,false,Rx,0,8,10,27,00,00,00,00,00,00
198181000,57,false,Rx,0,8,00,00,FE,FF,FE,FF,00,00
198182000,60D,false,Rx,0,8,0D,10,DF,23,02,20,70,00
198214000,625,false,Rx,0,8,25,00,11,43,FD,BB,E4,01
198281000,60D,false,Rx,0,8,0D,10,DF,23,02,20,70,00
198314000,625,false,Rx,0,8,25,00,11,43,FD,BB,E4,01
198353000,2C4,false,Rx,0,8,05,00,00,00,DA,02,00,00
198353000,2C5,false,Rx,0,8,00,00,00,00,00,00,00,00
198353000,2C6,false,Rx,0,8,F4,01,84,03,00,00,00,00
198371000,54,false,Rx,0,8,01,01,FE,FF,FE,FF,00,00
198371000,55,false,Rx,0,8,10,27,00,00,00,00,00,00
198371000,56,false,Rx,0,8,10,27,00,00,00,00,00,00
198382000,57,false,Rx,0,8,00,00,FE,FF,FE,FF,00,00
198382000,60D,false,Rx,0,8,0D,10,DF,23,02,20,70,00
198414000,625,false,Rx,0,8,25,00,11,43,FD,BB,E4,01
198481000,60D,false,Rx,0,8,0D,10,DF,23,02,20,70,00
198514000,625,false,Rx,0,8,25,00,11,43,FD,BB,E4,01
198553000,2C4,false,Rx,0,8,05,00,00,00,D7,02,00,00
198553000,2C5,false,Rx,0,8,00,00,00,00,00,00,00,00
198553000,2C6,false,Rx,0,8,F4,01,84,03,00,00,00,00
198570000,54,false,Rx,0,8,01,01,FE,FF,FE,FF,00,00
198571000,55,false,Rx,0,8,10,27,00,00,00,00,00,00
198571000,56,false,Rx,0,8,10,27,00,00,00,00,00,00
198581000,57,false,Rx,0,8,00,00,FE,FF,FE,FF,00,00
198582000,60D,false,Rx,0,8,0D,10,DF,23,02,20,70,00
198614000,625,false,Rx,0,8,25,00,11,43,FD,BB,E4,01
198681000,60D,false,Rx,0,8,0D,10,DF,23,02,20,70,00
198714000,625,false,Rx,0,8,25,00,11,43,FD,BB,E4,01
198753000,2C4,false,Rx,0,8,05,00,00,00,D7,02,00,00
198753000,2C5,false,Rx,0,8,00,00,00,00,00,00,00,00
198753000,2C6,false,Rx,0,8,F4,01,84,03,00,00,00,00
198770000,54,false,Rx,0,8,01,01,FE,FF,FE,FF,00,00
198771000,55,false,Rx,0,8,10,27,00,00,00,00,00,00
198771000,56,false,Rx,0,8,10,27,00,00,00,00,00,00
198782000,57,false,Rx,0,8,00,00,FE,FF,FE,FF,00,00
198782000,60D,false,Rx,0,8,0D,10,DF,23,02,20,70,00
198814000,625,false,Rx,0,8,25,00,11,43,FD,BB,E4,01
198881000,60D,false,Rx,0,8,0D,10,DF,23,02,20,70,00
198914000,625,false,Rx,0,8,25,00,11,43,FD,BB,E4,01
198953000,2C4,false,Rx,0,8,05,00,00,00,DA,02,00,00
198953000,2C5,false,Rx,0,8,00,00,00,00,00,00,00,00
198953000,2C6,false,Rx,0,8,F4,01,84,03,00,00,00,00
198970000,54,false,Rx,0,8,01,01,FE,FF,FE,FF,00,00
198971000,55,false,Rx,0,8,10,27,00,00,00,00,00,00
198971000,56,false,Rx,0,8,10,27,00,00,00,00,00,00
198981000,57,false,Rx,0,8,00,00,FE,FF,FE,FF,00,00
198982000,60D,false,Rx,0,8,0D,10,DF,23,02,20,70,00
199014000,625,false,Rx,0,8,25,00,11,43,FD,BB,E4,01
199081000,60D,false,Rx,0,8,0D,10,DF,23,02,20,70,00
199114000,625,false,Rx,0,8,25,00,11,43,FD,BB,E4,01
199153000,2C4,false,Rx,0,8,05,00,00,00,DA,02,00,00
199153000,2C5,false,Rx,0,8,00,00,00,00,00,00,00,00
199153000,2C6,false,Rx,0,8,F4,01,84,03,00,00,00,00
199170000,54,false,Rx,0,8,01,01,FE,FF,FE,FF,00,00
199171000,55,false,Rx,0,8,10,27,00,00,00,00,00,00
199171000,56,false,Rx,0,8,10,27,00,00,00,00,00,00
199181000,57,false,Rx,0,8,00,00,FE,FF,FE,FF,00,00
199182000,60D,false,Rx,0,8,0D,10,DF,23,02,20,70,00
199214000,625,false,Rx,0,8,25,00,11,43,FD,BB,E4,01
199281000,60D,false,Rx,0,8,0D,10,DF,23,02,20,70,00
199314000,625,false,Rx,0,8,25,00,11,43,FD,BB,E4,01
199352000,2C4,false,Rx,0,8,05,00,00,00,D7,02,00,00
199353000,2C5,false,Rx,0,8,00,00,00,00,00,00,00,00
199353000,2C6,false,Rx,0,8,F4,01,84,03,00,00,00,00
199370000,54,false,Rx,0,8,01,01,FE,FF,FE,FF,00,00
199371000,55,false,Rx,0,8,10,27,00,00,00,00,00,00
199371000,56,false,Rx,0,8,10,27,00,00,00,00,00,00
199381000,57,false,Rx,0,8,00,00,FE,FF,FE,FF,00,00
199382000,60D,false,Rx,0,8,0D,10,DF,23,02,20,70,00
199414000,625,false,Rx,0,8,25,00,11,43,FD,BB,E4,01
199481000,60D,false,Rx,0,8,0D,10,DF,23,02,20,70,00
199514000,625,false,Rx,0,8,25,00,11,43,FD,BB,E4,01
199553000,2C4,false,Rx,0,8,05,00,00,00,DA,02,00,00
199553000,2C5,false,Rx,0,8,00,00,00,00,00,00,00,00
199553000,2C6,false,Rx,0,8,F4,01,84,03,00,00,00,00
199570000,54,false,Rx,0,8,01,01,FE,FF,FE,FF,00,00
199571000,55,false,Rx,0,8,10,27,00,00,00,00,00,00
199571000,56,false,Rx,0,8,10,27,00,00,00,00,00,00
199581000,57,false,Rx,0,8,00,00,FE,FF,FE,FF,00,00
199582000,60D,false,Rx,0,8,0D,10,DF,23,02,20,70,00
199614000,625,false,Rx,0,8,25,00,11,43,FD,BB,E4,01
199681000,60D,false,Rx,0,8,0D,10,DF,23,02,20,70,00
199714000,625,false,Rx,0,8,25,00,11,43,FD,BB,E4,01
199752000,2C4,false,Rx,0,8,05,00,00,00,DA,02,00,00
199753000,2C5,false,Rx,0,8,00,00,00,00,00,00,00,00
199753000,2C6,false,Rx,0,8,F4,01,84,03,00,00,00,00
199770000,54,false,Rx,0,8,01,01,FE,FF,FE,FF,00,00
199771000,55,false,Rx,0,8,10,27,00,00,00,00,00,00
199771000,56,false,Rx,0,8,10,27,00,00,00,00,00,00
199781000,57,false,Rx,0,8,00,00,FE,FF,FE,FF,00,00
199782000,60D,false,Rx,0,8,0D,10,DF,23,02,20,70,00
199814000,625,false,Rx,0,8,25,00,11,43,FD,BB,E4,01
199881000,60D,false,Rx,0,8,0D,10,DF,23,02,20,70,00
199914000,625,false,Rx,0,8,25,00,11,43,FD,BB,E4,01
199952000,2C4,false,Rx,0,8,05,00,00,00,DA,02,00,00
199953000,2C5,false,Rx,0,8,00,00,00,00,00,00,00,00
199953000,2C6,false,Rx,0,8,F4,01,84,03,00,00,00,00
199970000,54,false,Rx,0,8,01,01,FE,FF,FE,FF,00,00
199971000,55,false,Rx,0,8,10,27,00,00,00,00,00,00
199971000,56,false,Rx,0,8,10,27,00,00,00,00,00,00
199981000,57,false,Rx,0,8,00,00,FE,FF,FE,FF,00,00
199982000,60D,false,Rx,0,8,0D,10,DF,23,02,20,70,00
200014000,625,false,Rx,0,8,25,00,11,43,FD,BB,E4,01
200081000,60D,false,Rx,0,8,0D,10,DF,23,02,20,70,00
200114000,625,false,Rx,0,8,25,00,11,43,FD,BB,E4,01
200152000,2C4,false,Rx,0,8,05,00,00,00,DA,02,00,00
200153000,2C5,false,Rx,0,8,00,00,00,00,00,00,00,00
200153000,2C6,false,Rx,0,8,F4,01,84,03,00,00,00,00
200170000,54,false,Rx,0,8,01,01,FE,FF,FE,FF,00,00
200171000,55,false,Rx,0,8,10,27,00,00,00,00,00,00
200171000,56,false,Rx,0,8,10,27,00,00,00,00,00,00
200181000,57,false,Rx,0,8,00,00,FE,FF,FE,FF,00,00
200182000,60D,false,Rx,0,8,0D,10,DF,23,02,20,70,00
200214000,625,false,Rx,0,8,25,00,11,43,FD,BB,E4,01
200281000,60D,false,Rx,0,8,0D,10,DF,23,02,20,70,00
200314000,625,false,Rx,0,8,25,00,11,43,FD,BB,E4,01
200352000,2C4,false,Rx,0,8,05,00,00,00,D7,02,00,00
200353000,2C5,false,Rx,0,8,00,00,00,00,00,00,00,00
200353000,2C6,false,Rx,0,8,F4,01,84,03,00,00,00,00
200370000,54,false,Rx,0,8,01,01,FE,FF,FE,FF,00,00
200371000,55,false,Rx,0,8,10,27,00,00,00,00,00,00
200371000,56,false,Rx,0,8,10,27,00,00,00,00,00,00
200381000,57,false,Rx,0,8,00,00,FE,FF,FE,FF,00,00
200382000,60D,false,Rx,0,8,0D,10,DF,23,02,20,70,00
200414000,625,false,Rx,0,8,25,00,11,43,FD,BB,E4,01
200481000,60D,false,Rx,0,8,0D,10,DF,23,02,20,70,00
200514000,625,false,Rx,0,8,25,00,11,43,FD,BB,E4,01
200552000,2C4,false,Rx,0,8,05,00,00,00,DA,02,00,00
200553000,2C5,false,Rx,0,8,00,00,00,00,00,00,00,00
200553000,2C6,false,Rx,0,8,F4,01,84,03,00,00,00,00
200570000,54,false,Rx,0,8,01,01,FE,FF,FE,FF,00,00
200571000,55,false,Rx,0,8,10,27,00,00,00,00,00,00
200571000,56,false,Rx,0,8,10,27,00,00,00,00,00,00
200581000,57,false,Rx,0,8,00,00,FE,FF,FE,FF,00,00
200582000,60D,false,Rx,0,8,0D,10,DF,23,02,20,70,00
200614000,625,false,Rx,0,8,25,00,11,43,FD,BB,E4,01
200681000,60D,false,Rx,0,8,0D,10,DF,23,02,20,70,00
200714000,625,false,Rx,0,8,25,00,11,43,FD,BB,E4,01
200752000,2C4,false,Rx,0,8,05,00,00,00,D7,02,00,00
200753000,2C5,false,Rx,0,8,00,00,00,00,00,00,00,00
200753000,2C6,false,Rx,0,8,F4,01,84,03,00,00,00,00
200770000,54,false,Rx,0,8,01,01,FE,FF,FE,FF,00,00
200771000,55,false,Rx,0,8,10,27,00,00,00,00,00,00
200771000,56,false,Rx,0,8,10,27,00,00,00,00,00,00
200781000,57,false,Rx,0,8,00,00,FE,FF,FE,FF,00,00
200782000,60D,false,Rx,0,8,0D,10,DF,23,02,20,70,00
200814000,625,false,Rx,0,8,25,00,11,43,FD,BB,E4,01
200881000,60D,false,Rx,0,8,0D,10,DF,23,02,20,70,00
200914000,625,false,Rx,0,8,25,00,11,43,FD,BB,E4,01
200952000,2C4,false,Rx,0,8,05,00,00,00,D7,02,00,00
200953000,2C5,false,Rx,0,8,00,00,00,00,00,00,00,00
200953000,2C6,false,Rx,0,8,F4,01,84,03,00,00,00,00
200970000,54,false,Rx,0,8,01,01,FE,FF,FE,FF,00,00
200971000,55,false,Rx,0,8,10,27,00,00,00,00,00,00
200971000,56,false,Rx,0,8,10,27,00,00,00,00,00,00
200981000,57,false,Rx,0,8,00,00,FE,FF,FE,FF,00,00
200982000,60D,false,Rx,0,8,0D,10,DF,23,02,20,70,00
201014000,625,false,Rx,0,8,25,00,11,43,FD,BB,E4,01
201081000,60D,false,Rx,0,8,0D,10,DF,23,02,20,70,00
201114000,625,false,Rx,0,8,25,00,11,43,FD,BB,E4,01
201152000,2C4,false,Rx,0,8,05,00,00,00,D7,02,00,00
201153000,2C5,false,Rx,0,8,00,00,00,00,00,00,00,00
201153000,2C6,false,Rx,0,8,F4,01,84,03,00,00,00,00
201170000,54,false,Rx,0,8,01,01,FE,FF,FE,FF,00,00
201171000,55,false,Rx,0,8,10,27,00,00,00,00,00,00
201171000,56,false,Rx,0,8,10,27,00,00,00,00,00,00
201181000,57,false,Rx,0,8,00,00,FE,FF,FE,FF,00,00
201182000,60D,false,Rx,0,8,0D,10,DF,23,02,20,70,00
201214000,625,false,Rx,0,8,25,00,11,43,FD,BB,E4,01
201281000,60D,false,Rx,0,8,0D,10,DF,23,02,20,70,00
201314000,625,false,Rx,0,8,25,00,11,43,FD,BB,E4,01
201352000,2C4,false,Rx,0,8,05,00,00,00,D7,02,00,00
201353000,2C5,false,Rx,0,8,00,00,00,00,00,00,00,00
201353000,2C6,false,Rx,0,8,F4,01,84,03,00,00,00,00
201370000,54,false,Rx,0,8,01,01,FE,FF,FE,FF,00,00
201371000,55,false,Rx,0,8,10,27,00,00,00,00,00,00
201371000,56,false,Rx,0,8,10,27,00,00,00,00,00,00
201381000,57,false,Rx,0,8,00,00,FE,FF,FE,FF,00,00
201382000,60D,false,Rx,0,8,0D,10,DF,23,02,20,70,00
201414000,625,false,Rx,0,8,25,00,11,43,FD,BB,E4,01
201481000,60D,false,Rx,0,8,0D,10,DF,23,02,20,70,00
201514000,625,false,Rx,0,8,25,00,11,43,FD,BB,E4,01
201552000,2C4,false,Rx,0,8,05,00,00,00,D7,02,00,00
201553000,2C5,false,Rx,0,8,00,00,00,00,00,00,00,00
201553000,2C6,false,Rx,0,8,F4,01,84,03,00,00,00,00
201570000,54,false,Rx,0,8,01,01,FE,FF,FE,FF,00,00
201571000,55,false,Rx,0,8,10,27,00,00,00,00,00,00
201571000,56,false,Rx,0,8,10,27,00,00,00,00,00,00
201581000,57,false,Rx,0,8,00,00,FE,FF,FE,FF,00,00
201582000,60D,false,Rx,0,8,0D,10,DF,23,02,20,70,00
201614000,625,false,Rx,0,8,25,00,11,43,FD,BB,E4,01
201681000,60D,false,Rx,0,8,0D,10,DF,23,02,20,70,00
201714000,625,false,Rx,0,8,25,00,11,43,FD,BB,E4,01
201752000,2C4,false,Rx,0,8,05,00,00,00,DA,02,00,00
201753000,2C5,false,Rx,0,8,00,00,00,00,00,00,00,00
201753000,2C6,false,Rx,0,8,F4,01,84,03,00,00,00,00
201770000,54,false,Rx,0,8,01,01,FE,FF,FE,FF,00,00
201771000,55,false,Rx,0,8,10,27,00,00,00,00,00,00
201771000,56,false,Rx,0,8,10,27,00,00,00,00,00,00
201781000,57,false,Rx,0,8,00,00,FE,FF,FE,FF,00,00
201782000,60D,false,Rx,0,8,0D,10,DF,23,02,20,70,00
201814000,625,false,Rx,0,8,25,00,11,43,FD,BB,E4,01
201881000,60D,false,Rx,0,8,0D,10,DF,23,02,20,70,00
201914000,625,false,Rx,0,8,25,00,11,43,FD,BB,E4,01
201952000,2C4,false,Rx,0,8,05,00,00,00,D7,02,00,00
201953000,2C5,false,Rx,0,8,00,00,00,00,00,00,00,00
201953000,2C6,false,Rx,0,8,F4,01,84,03,00,00,00,00
201970000,54,false,Rx,0,8,01,01,FE,FF,FE,FF,00,00
201971000,55,false,Rx,0,8,10,27,00,00,00,00,00,00
201971000,56,false,Rx,0,8,10,27,00,00,00,00,00,00
201981000,57,false,Rx,0,8,00,00,FE,FF,FE,FF,00,00
201982000,60D,false,Rx,0,8,0D,10,DF,23,02,20,70,00
202014000,625,false,Rx,0,8,25,00,11,43,FD,BB,E4,01
202081000,60D,false,Rx,0,8,0D,10,DF,23,02,20,70,00
202114000,625,false,Rx,0,8,25,00,11,43,FD,BB,E4,01
202152000,2C4,false,Rx,0,8,05,00,00,00,D7,02,00,00
202153000,2C5,false,Rx,0,8,00,00,00,00,00,00,00,00
202153000,2C6,false,Rx,0,8,F4,01,84,03,00,00,00,00
202170000,54,false,Rx,0,8,01,01,FE,FF,FE,FF,00,00
202171000,55,false,Rx,0,8,10,27,00,00,00,00,00,00
202171000,56,false,Rx,0,8,10,27,00,00,00,00,00,00
202181000,57,false,Rx,0,8,00,00,FE,FF,FE,FF,00,00
202182000,60D,false,Rx,0,8,0D,10,DF,23,02,20,70,00
202214000,625,false,Rx,0,8,25,00,11,43,FD,BB,E4,01
202281000,60D,false,Rx,0,8,0D,10,DF,23,02,20,70,00
202314000,625,false,Rx,0,8,25,00,11,43,FD,BB,E4,01
202352000,2C4,false,Rx,0,8,05,00,00,00,DA,02,00,00
202353000,2C5,false,Rx,0,8,00,00,00,00,00,00,00,00
202353000,2C6,false,Rx,0,8,F4,01,84,03,00,00,00,00
202371000,54,false,Rx,0,8,01,01,FE,FF,FE,FF,00,00
202371000,55,false,Rx,0,8,10,27,00,00,00,00,00,00
202371000,56,false,Rx,0,8,10,27,00,00,00,00,00,00
202382000,57,false,Rx,0,8,00,00,FE,FF,FE,FF,00,00
202382000,60D,false,Rx,0,8,0D,10,DF,23,02,20,70,00
202414000,625,false,Rx,0,8,25,00,11,43,FD,BB,E4,01
202481000,60D,false,Rx,0,8,0D,10,DF,23,02,20,70,00
202514000,625,false,Rx,0,8,25,00,11,43,FD,BB,E4,01
202552000,2C4,false,Rx,0,8,05,00,00,00,D7,02,00,00
202553000,2C5,false,Rx,0,8,00,00,00,00,00,00,00,00
202553000,2C6,false,Rx,0,8,F4,01,84,03,00,00,00,00
202570000,54,false,Rx,0,8,01,01,FE,FF,FE,FF,00,00
202571000,55,false,Rx,0,8,10,27,00,00,00,00,00,00
202571000,56,false,Rx,0,8,10,27,00,00,00,00,00,00
202581000,57,false,Rx,0,8,00,00,FE,FF,FE,FF,00,00
202582000,60D,false,Rx,0,8,0D,10,DF,23,02,20,70,00
202614000,625,false,Rx,0,8,25,00,11,43,FD,BB,E4,01
202681000,60D,false,Rx,0,8,0D,10,DF,23,02,20,70,00
202714000,625,false,Rx,0,8,25,00,11,43,FD,BB,E4,01
202752000,2C4,false,Rx,0,8,05,00,00,00,D7,02,00,00
202753000,2C5,false,Rx,0,8,00,00,00,00,00,00,00,00
202753000,2C6,false,Rx,0,8,F4,01,84,03,00,00,00,00
202770000,54,false,Rx,0,8,01,01,FE,FF,FE,FF,00,00
202771000,55,false,Rx,0,8,10,27,00,00,00,00,00,00
202771000,56,false,Rx,0,8,10,27,00,00,00,00,00,00
202781000,57,false,Rx,0,8,00,00,FE,FF,FE,FF,00,00
202782000,60D,false,Rx,0,8,0D,10,DF,23,02,20,70,00
202814000,625,false,Rx,0,8,25,00,11,43,FD,BB,E4,01
202881000,60D,false,Rx,0,8,0D,10,DF,23,02,20,70,00
202914000,625,false,Rx,0,8,25,00,11,43,FD,BB,E4,01
202952000,2C4,false,Rx,0,8,05,00,00,00,DA,02,00,00
202953000,2C5,false,Rx,0,8,00,00,00,00,00,00,00,00
202953000,2C6,false,Rx,0,8,F4,01,84,03,00,00,00,00
202970000,54,false,Rx,0,8,01,01,FE,FF,FE,FF,00,00
202971000,55,false,Rx,0,8,10,27,00,00,00,00,00,00
202971000,56,false,Rx,0,8,10,27,00,00,00,00,00,00
202981000,57,false,Rx,0,8,00,00,FE,FF,FE,FF,00,00
202982000,60D,false,Rx,0,8,0D,10,DF,23,02,20,70,00
203014000,625,false,Rx,0,8,25,00,11,43,FD,BB,E4,01
203081000,60D,false,Rx,0,8,0D,10,DF,23,02,20,70,00
203114000,625,false,Rx,0,8,25,00,11,43,FD,BB,E4,01
203152000,2C4,false,Rx,0,8,05,00,00,00,D7,02,00,00
203153000,2C5,false,Rx,0,8,00,00,00,00,00,00,00,00
203153000,2C6,false,Rx,0,8,F4,01,84,03,00,00,00,00
203170000,54,false,Rx,0,8,01,01,FE,FF,FE,FF,00,00
203171000,55,false,Rx,0,8,10,27,00,00,00,00,00,00
203171000,56,false,Rx,0,8,10,27,00,00,00,00,00,00
203181000,57,false,Rx,0,8,00,00,FE,FF,FE,FF,00,00
203182000,60D,false,Rx,0,8,0D,10,DF,23,02,20,70,00
203214000,625,false,Rx,0,8,25,00,11,43,FD,BB,E4,01
203281000,60D,false,Rx,0,8,0D,10,DF,23,02,20,70,00
203314000,625,false,Rx,0,8,25,00,11,43,FD,BB,E4,01
203352000,2C4,false,Rx,0,8,05,00,00,00,D7,02,00,00
203353000,2C5,false,Rx,0,8,00,00,00,00,00,00,00,00
203353000,2C6,false,Rx,0,8,F4,01,84,03,00,00,00,00
203370000,54,false,Rx,0,8,01,01,FE,FF,FE,FF,00,00
203371000,55,false,Rx,0,8,10,27,00,00,00,00,00,00
203371000,56,false,Rx,0,8,10,27,00,00,00,00,00,00
203381000,57,false,Rx,0,8,00,00,FE,FF,FE,FF,00,00
203382000,60D,false,Rx,0,8,0D,10,DF,23,02,20,70,00
203414000,625,false,Rx,0,8,25,00,11,43,FD,BB,E4,01
203481000,60D,false,Rx,0,8,0D,10,DF,23,02,20,70,00
203514000,625,false,Rx,0,8,25,00,11,43,FD,BB,E4,01
203552000,2C4,false,Rx,0,8,05,00,00,00,DA,02,00,00
203553000,2C5,false,Rx,0,8,00,00,00,00,00,00,00,00
203553000,2C6,false,Rx,0,8,F4,01,84,03,00,00,00,00
203570000,54,false,Rx,0,8,01,01,FE,FF,FE,FF,00,00
203571000,55,false,Rx,0,8,10,27,00,00,00,00,00,00
203571000,56,false,Rx,0,8,10,27,00,00,00,00,00,00
203581000,57,false,Rx,0,8,00,00,FE,FF,FE,FF,00,00
203582000,60D,false,Rx,0,8,0D,10,DF,23,02,20,70,00
203614000,625,false,Rx,0,8,25,00,11,43,FD,BB,E4,01
203681000,60D,false,Rx,0,8,0D,10,DF,23,02,20,70,00
203714000,625,false,Rx,0,8,25,00,11,43,FD,BB,E4,01
203752000,2C4,false,Rx,0,8,05,00,00,00,D7,02,00,00
203753000,2C5,false,Rx,0,8,00,00,00,00,00,00,00,00
203753000,2C6,false,Rx,0,8,F4,01,84,03,00,00,00,00
203770000,54,false,Rx,0,8,01,01,FE,FF,FE,FF,00,00
203771000,55,false,Rx,0,8,10,27,00,00,00,00,00,00
203771000,56,false,Rx,0,8,10,27,00,00,00,00,00,00
203781000,57,false,Rx,0,8,00,00,FE,FF,FE,FF,00,00
203782000,60D,false,Rx,0,8,0D,10,DF,23,02,20,70,00
203814000,625,false,Rx,0,8,25,00,11,43,FD,BB,E4,01
203881000,60D,false,Rx,0,8,0D,10,DF,23,02,20,70,00
203914000,625,false,Rx,0,8,25,00,11,43,FD,BB,E4,01
203952000,2C4,false,Rx,0,8,05,00,00,00,DA,02,00,00
203952000,2C5,false,Rx,0,8,00,00,00,00,00,00,00,00
203953000,2C6,false,Rx,0,8,F4,01,84,03,00,00,00,00
203970000,54,false,Rx,0,8,01,01,FE,FF,FE,FF,00,00
203971000,55,false,Rx,0,8,10,27,00,00,00,00,00,00
203971000,56,false,Rx,0,8,10,27,00,00,00,00,00,00
203981000,57,false,Rx,0,8,00,00,FE,FF,FE,FF,00,00
203982000,60D,false,Rx,0,8,0D,10,DF,23,02,20,70,00
204014000,625,false,Rx,0,8,25,00,11,43,FD,BB,E4,01
204081000,60D,false,Rx,0,8,0D,10,DF,23,02,20,70,00
204114000,625,false,Rx,0,8,25,00,11,43,FD,BB,E4,01
204152000,2C4,false,Rx,0,8,05,00,00,00,DA,02,00,00
204152000,2C5,false,Rx,0,8,00,00,00,00,00,00,00,00
204153000,2C6,false,Rx,0,8,F4,01,84,03,00,00,00,00
204170000,54,false,Rx,0,8,01,01,FE,FF,FE,FF,00,00
204171000,55,false,Rx,0,8,10,27,00,00,00,00,00,00
204171000,56,false,Rx,0,8,10,27,00,00,00,00,00,00
204181000,57,false,Rx,0,8,00,00,FE,FF,FE,FF,00,00
204182000,60D,false,Rx,0,8,0D,10,DF,23,02,20,70,00
204214000,625,false,Rx,0,8,25,00,11,43,FD,BB,E4,01
204281000,60D,false,Rx,0,8,0D,10,DF,23,02,20,70,00
204314000,625,false,Rx,0,8,25,00,11,43,FD,BB,E4,01
204352000,2C4,false,Rx,0,8,05,00,00,00,D7,02,00,00
204352000,2C5,false,Rx,0,8,00,00,00,00,00,00,00,00
204353000,2C6,false,Rx,0,8,F4,01,84,03,00,00,00,00
204370000,54,false,Rx,0,8,01,01,FE,FF,FE,FF,00,00
204371000,55,false,Rx,0,8,10,27,00,00,00,00,00,00
204371000,56,false,Rx,0,8,10,27,00,00,00,00,00,00
204381000,57,false,Rx,0,8,00,00,FE,FF,FE,FF,00,00
204382000,60D,false,Rx,0,8,0D,10,DF,23,02,20,70,00
204414000,625,false,Rx,0,8,25,00,11,43,FD,BB,E4,01
204481000,60D,false,Rx,0,8,0D,10,DF,23,02,20,70,00
204514000,625,false,Rx,0,8,25,00,11,43,FD,BB,E4,01
204552000,2C4,false,Rx,0,8,05,00,00,00,DA,02,00,00
204552000,2C5,false,Rx,0,8,00,00,00,00,00,00,00,00
204553000,2C6,false,Rx,0,8,F4,01,84,03,00,00,00,00
204570000,54,false,Rx,0,8,01,01,FE,FF,FE,FF,00,00
204571000,55,false,Rx,0,8,10,27,00,00,00,00,00,00
204571000,56,false,Rx,0,8,10,27,00,00,00,00,00,00
204581000,57,false,Rx,0,8,00,00,FE,FF,FE,FF,00,00
204582000,60D,false,Rx,0,8,0D,10,DF,23,02,20,70,00
204614000,625,false,Rx,0,8,25,00,11,43,FD,BB,E4,01
204681000,60D,false,Rx,0,8,0D,10,DF,23,02,20,70,00
204714000,625,false,Rx,0,8,25,00,11,43,FD,BB,E4,01
204752000,2C4,false,Rx,0,8,05,00,00,00,DA,02,00,00
204752000,2C5,false,Rx,0,8,00,00,00,00,00,00,00,00
204753000,2C6,false,Rx,0,8,F4,01,84,03,00,00,00,00
204770000,54,false,Rx,0,8,01,01,FE,FF,FE,FF,00,00
204771000,55,false,Rx,0,8,10,27,00,00,00,00,00,00
204771000,56,false,Rx,0,8,10,27,00,00,00,00,00,00
204781000,57,false,Rx,0,8,00,00,FE,FF,FE,FF,00,00
204782000,60D,false,Rx,0,8,0D,10,DF,23,02,20,70,00
204814000,625,false,Rx,0,8,25,00,11,43,FD,BB,E4,01
204881000,60D,false,Rx,0,8,0D,10,DF,23,02,20,70,00
204914000,625,false,Rx,0,8,25,00,11,43,FD,BB,E4,01
204952000,2C4,false,Rx,0,8,05,00,00,00,DA,02,00,00
204952000,2C5,false,Rx,0,8,00,00,00,00,00,00,00,00
204953000,2C6,false,Rx,0,8,F4,01,84,03,00,00,00,00
204970000,54,false,Rx,0,8,01,01,FE,FF,FE,FF,00,00
204971000,55,false,Rx,0,8,10,27,00,00,00,00,00,00
204971000,56,false,Rx,0,8,10,27,00,00,00,00,00,00
204981000,57,false,Rx,0,8,00,00,FE,FF,FE,FF,00,00
204982000,60D,false,Rx,0,8,0D,10,DF,23,02,20,70,00
205014000,625,false,Rx,0,8,25,00,11,43,FD,BB,E4,01
205081000,60D,false,Rx,0,8,0D,10,DF,23,02,20,70,00
205114000,625,false,Rx,0,8,25,00,11,43,FD,BB,E4,01
205152000,2C4,false,Rx,0,8,05,00,00,00,DA,02,00,00
205152000,2C5,false,Rx,0,8,00,00,00,00,00,00,00,00
205153000,2C6,false,Rx,0,8,F4,01,84,03,00,00,00,00
205170000,54,false,Rx,0,8,01,01,FE,FF,FE,FF,00,00
205171000,55,false,Rx,0,8,10,27,00,00,00,00,00,00
205171000,56,false,Rx,0,8,10,27,00,00,00,00,00,00
205181000,57,false,Rx,0,8,00,00,FE,FF,FE,FF,00,00
205182000,60D,false,Rx,0,8,0D,10,DF,23,02,20,70,00
205214000,625,false,Rx,0,8,25,00,11,43,FD,BB,E4,01
205281000,60D,false,Rx,0,8,0D,10,DF,23,02,20,70,00
205314000,625,false,Rx,0,8,25,00,11,43,FD,BB,E4,01
205352000,2C4,false,Rx,0,8,05,00,00,00,DA,02,00,00
205352000,2C5,false,Rx,0,8,00,00,00,00,00,00,00,00
205353000,2C6,false,Rx,0,8,F4,01,84,03,00,00,00,00
205370000,54,false,Rx,0,8,01,01,FE,FF,FE,FF,00,00
205371000,55,false,Rx,0,8,10,27,00,00,00,00,00,00
205371000,56,false,Rx,0,8,10,27,00,00,00,00,00,00
205381000,57,false,Rx,0,8,00,00,FE,FF,FE,FF,00,00
205382000,60D,false,Rx,0,8,0D,10,DF,23,02,20,70,00
205414000,625,false,Rx,0,8,25,00,11,43,FD,BB,E4,01
205481000,60D,false,Rx,0,8,0D,10,DF,23,02,20,70,00
205514000,625,false,Rx,0,8,25,00,11,43,FD,BB,E4,01
205552000,2C4,false,Rx,0,8,05,00,00,00,D7,02,00,00
205552000,2C5,false,Rx,0,8,00,00,00,00,00,00,00,00
205553000,2C6,false,Rx,0,8,F4,01,84,03,00,00,00,00
205570000,54,false,Rx,0,8,01,01,FE,FF,FE,FF,00,00
205571000,55,false,Rx,0,8,10,27,00,00,00,00,00,00
205571000,56,false,Rx,0,8,10,27,00,00,00,00,00,00
205581000,57,false,Rx,0,8,00,00,FE,FF,FE,FF,00,00
205582000,60D,false,Rx,0,8,0D,10,DF,23,02,20,70,00
205614000,625,false,Rx,0,8,25,00,11,43,FD,BB,E4,01
205681000,60D,false,Rx,0,8,0D,10,DF,23,02,20,70,00
205714000,625,false,Rx,0,8,25,00,11,43,FD,BB,E4,01
205752000,2C4,false,Rx,0,8,05,00,00,00,DA,02,00,00
205752000,2C5,false,Rx,0,8,00,00,00,00,00,00,00,00
205753000,2C6,false,Rx,0,8,F4,01,84,03,00,00,00,00
205770000,54,false,Rx,0,8,01,01,FE,FF,FE,FF,00,00
205771000,55,false,Rx,0,8,10,27,00,00,00,00,00,00
205771000,56,false,Rx,0,8,10,27,00,00,00,00,00,00
205781000,57,false,Rx,0,8,00,00,FE,FF,FE,FF,00,00
205782000,60D,false,Rx,0,8,0D,10,DF,23,02,20,70,00
205814000,625,false,Rx,0,8,25,00,11,43,FD,BB,E4,01
205881000,60D,false,Rx,0,8,0D,10,DF,23,02,20,70,00
205914000,625,false,Rx,0,8,25,00,11,43,FD,BB,E4,01
205952000,2C4,false,Rx,0,8,05,00,00,00,D7,02,00,00
205952000,2C5,false,Rx,0,8,00,00,00,00,00,00,00,00
205953000,2C6,false,Rx,0,8,F4,01,84,03,00,00,00,00
205970000,54,false,Rx,0,8,01,01,FE,FF,FE,FF,00,00
205971000,55,false,Rx,0,8,10,27,00,00,00,00,00,00
205971000,56,false,Rx,0,8,10,27,00,00,00,00,00,00
205981000,57,false,Rx,0,8,00,00,FE,FF,FE,FF,00,00
205982000,60D,false,Rx,0,8,0D,10,DF,23,02,20,70,00
206014000,625,false,Rx,0,8,25,00,11,43,FD,BB,E4,01
206081000,60D,false,Rx,0,8,0D,10,DF,23,02,20,70,00
206114000,625,false,Rx,0,8,25,00,11,43,FD,BB,E4,01
206152000,2C4,false,Rx,0,8,05,00,00,00,D7,02,00,00
206152000,2C5,false,Rx,0,8,00,00,00,00,00,00,00,00
206153000,2C6,false,Rx,0,8,F4,01,84,03,00,00,00,00
206170000,54,false,Rx,0,8,01,01,FE,FF,FE,FF,00,00
206171000,55,false,Rx,0,8,10,27,00,00,00,00,00,00
206171000,56,false,Rx,0,8,10,27,00,00,00,00,00,00
206181000,57,false,Rx,0,8,00,00,FE,FF,FE,FF,00,00
206182000,60D,false,Rx,0,8,0D,10,DF,23,02,20,70,00
206214000,625,false,Rx,0,8,25,00,11,43,FD,BB,E4,01
206281000,60D,false,Rx,0,8,0D,10,DF,23,02,20,70,00
206314000,625,false,Rx,0,8,25,00,11,43,FD,BB,E4,01
206352000,2C4,false,Rx,0,8,05,00,00,00,D7,02,00,00
206352000,2C5,false,Rx,0,8,00,00,00,00,00,00,00,00
206353000,2C6,false,Rx,0,8,F4,01,84,03,00,00,00,00
206370000,54,false,Rx,0,8,01,01,FE,FF,FE,FF,00,00
206371000,55,false,Rx,0,8,10,27,00,00,00,00,00,00
206371000,56,false,Rx,0,8,10,27,00,00,00,00,00,00
206381000,57,false,Rx,0,8,00,00,FE,FF,FE,FF,00,00
206382000,60D,false,Rx,0,8,0D,10,DF,23,02,20,70,00
206414000,625,false,Rx,0,8,25,00,11,43,FD,BB,E4,01
206481000,60D,false,Rx,0,8,0D,10,DF,23,02,20,70,00
206514000,625,false,Rx,0,8,25,00,11,43,FD,BB,E4,01
206552000,2C4,false,Rx,0,8,05,00,00,00,D7,02,00,00
206552000,2C5,false,Rx,0,8,00,00,00,00,00,00,00,00
206553000,2C6,false,Rx,0,8,F4,01,84,03,00,00,00,00
206570000,54,false,Rx,0,8,01,01,FE,FF,FE,FF,00,00
206571000,55,false,Rx,0,8,10,27,00,00,00,00,00,00
206571000,56,false,Rx,0,8,10,27,00,00,00,00,00,00
206581000,57,false,Rx,0,8,00,00,FE,FF,FE,FF,00,00
206582000,60D,false,Rx,0,8,0D,10,DF,23,02,20,70,00
206614000,625,false,Rx,0,8,25,00,11,43,FD,BB,E4,01
206681000,60D,false,Rx,0,8,0D,10,DF,23,02,20,70,00
206714000,625,false,Rx,0,8,25,00,11,43,FD,BB,E4,01
206752000,2C4,false,Rx,0,8,05,00,00,00,D7,02,00,00
206752000,2C5,false,Rx,0,8,00,00,00,00,00,00,00,00
206753000,2C6,false,Rx,0,8,F4,01,84,03,00,00,00,00
206770000,54,false,Rx,0,8,01,01,FE,FF,FE,FF,00,00
206771000,55,false,Rx,0,8,10,27,00,00,00,00,00,00
206771000,56,false,Rx,0,8,10,27,00,00,00,00,00,00
206781000,57,false,Rx,0,8,00,00,FE,FF,FE,FF,00,00
206782000,60D,false,Rx,0,8,0D,10,DF,23,02,20,70,00
206814000,625,false,Rx,0,8,25,00,11,43,FD,BB,E4,01
206881000,60D,false,Rx,0,8,0D,10,DF,23,02,20,70,00
206914000,625,false,Rx,0,8,25,00,11,43,FD,BB,E4,01
206952000,2C4,false,Rx,0,8,05,00,00,00,DA,02,00,00
206952000,2C5,false,Rx,0,8,00,00,00,00,00,00,00,00
206953000,2C6,false,Rx,0,8,F4,01,84,03,00,00,00,00
206970000,54,false,Rx,0,8,01,01,FE,FF,FE,FF,00,00
206971000,55,false,Rx,0,8,10,27,00,00,00,00,00,00
206971000,56,false,Rx,0,8,10,27,00,00,00,00,00,00
206981000,57,false,Rx,0,8,00,00,FE,FF,FE,FF,00,00
206982000,60D,false,Rx,0,8,0D,10,DF,23,02,20,70,00
207014000,625,false,Rx,0,8,25,00,11,43,FD,BB,E4,01
207081000,60D,false,Rx,0,8,0D,10,DF,23,02,20,70,00
207114000,625,false,Rx,0,8,25,00,11,43,FD,BB,E4,01
207152000,2C4,false,Rx,0,8,05,00,00,00,D7,02,00,00
207152000,2C5,false,Rx,0,8,00,00,00,00,00,00,00,00
207153000,2C6,false,Rx,0,8,F4,01,84,03,00,00,00,00
207170000,54,false,Rx,0,8,01,01,FE,FF,FE,FF,00,00
207171000,55,false,Rx,0,8,10,27,00,00,00,00,00,00
207171000,56,false,Rx,0,8,10,27,00,00,00,00,00,00
207181000,57,false,Rx,0,8,00,00,FE,FF,FE,FF,00,00
207182000,60D,false,Rx,0,8,0D,10,DF,23,02,20,70,00
207214000,625,false,Rx,0,8,25,00,11,43,FD,BB,E4,01
207281000,60D,false,Rx,0,8,0D,10,DF,23,02,20,70,00
207314000,625,false,Rx,0,8,25,00,11,43,FD,BB,E4,01
207352000,2C4,false,Rx,0,8,05,00,00,00,D7,02,00,00
207352000,2C5,false,Rx,0,8,00,00,00,00,00,00,00,00
207353000,2C6,false,Rx,0,8,F4,01,84,03,00,00,00,00
207370000,54,false,Rx,0,8,01,01,FE,FF,FE,FF,00,00
207371000,55,false,Rx,0,8,10,27,00,00,00,00,00,00
207371000,56,false,Rx,0,8,10,27,00,00,00,00,00,00
207382000,57,false,Rx,0,8,00,00,FE,FF,FE,FF,00,00
207382000,60D,false,Rx,0,8,0D,10,DF,23,02,20,70,00
207414000,625,false,Rx,0,8,25,00,11,43,FD,BB,E4,01
207481000,60D,false,Rx,0,8,0D,10,DF,23,02,20,70,00
207514000,625,false,Rx,0,8,25,00,11,43,FD,BB,E4,01
207552000,2C4,false,Rx,0,8,05,00,00,00,DA,02,00,00
207552000,2C5,false,Rx,0,8,00,00,00,00,00,00,00,00
207553000,2C6,false,Rx,0,8,F4,01,84,03,00,00,00,00
207570000,54,false,Rx,0,8,01,01,FE,FF,FE,FF,00,00
207571000,55,false,Rx,0,8,10,27,00,00,00,00,00,00
207571000,56,false,Rx,0,8,10,27,00,00,00,00,00,00
207581000,57,false,Rx,0,8,00,00,FE,FF,FE,FF,00,00
207582000,60D,false,Rx,0,8,0D,10,DF,23,02,20,70,00
207614000,625,false,Rx,0,8,25,00,11,43,FD,BB,E4,01
207681000,60D,false,Rx,0,8,0D,10,DF,23,02,20,70,00
207714000,625,false,Rx,0,8,25,00,11,43,FD,BB,E4,01
207752000,2C4,false,Rx,0,8,05,00,00,00,D7,02,00,00
207752000,2C5,false,Rx,0,8,00,00,00,00,00,00,00,00
207753000,2C6,false,Rx,0,8,F4,01,84,03,00,00,00,00
207771000,54,false,Rx,0,8,01,01,FE,FF,FE,FF,00,00
207771000,55,false,Rx,0,8,10,27,00,00,00,00,00,00
207771000,56,false,Rx,0,8,10,27,00,00,00,00,00,00
207782000,57,false,Rx,0,8,00,00,FE,FF,FE,FF,00,00
207782000,60D,false,Rx,0,8,0D,10,DF,23,02,20,70,00
207814000,625,false,Rx,0,8,25,00,11,43,FD,BB,E4,01
207881000,60D,false,Rx,0,8,0D,10,DF,23,02,20,70,00
207914000,625,false,Rx,0,8,25,00,11,43,FD,BB,E4,01
207952000,2C4,false,Rx,0,8,05,00,00,00,DA,02,00,00
207952000,2C5,false,Rx,0,8,00,00,00,00,00,00,00,00
207953000,2C6,false,Rx,0,8,F4,01,84,03,00,00,00,00
207970000,54,false,Rx,0,8,01,01,FE,FF,FE,FF,00,00
207971000,55,false,Rx,0,8,10,27,00,00,00,00,00,00
207971000,56,false,Rx,0,8,10,27,00,00,00,00,00,00
207981000,57,false,Rx,0,8,00,00,FE,FF,FE,FF,00,00
207982000,60D,false,Rx,0,8,0D,10,DF,23,02,20,70,00
208014000,625,false,Rx,0,8,25,00,11,43,FD,BB,E4,01
208081000,60D,false,Rx,0,8,0D,10,DF,23,02,20,70,00
208114000,625,false,Rx,0,8,25,00,11,43,FD,BB,E4,01
208152000,2C4,false,Rx,0,8,05,00,00,00,D7,02,00,00
208152000,2C5,false,Rx,0,8,00,00,00,00,00,00,00,00
208153000,2C6,false,Rx,0,8,F4,01,84,03,00,00,00,00
208170000,54,false,Rx,0,8,01,01,FE,FF,FE,FF,00,00
208171000,55,false,Rx,0,8,10,27,00,00,00,00,00,00
208171000,56,false,Rx,0,8,10,27,00,00,00,00,00,00
208181000,57,false,Rx,0,8,00,00,FE,FF,FE,FF,00,00
208182000,60D,false,Rx,0,8,0D,10,DF,23,02,20,70,00
208214000,625,false,Rx,0,8,25,00,11,43,FD,BB,E4,01
208281000,60D,false,Rx,0,8,0D,10,DF,23,02,20,70,00
208314000,625,false,Rx,0,8,25,00,11,43,FD,BB,E4,01
208352000,2C4,false,Rx,0,8,05,00,00,00,D7,02,00,00
208352000,2C5,false,Rx,0,8,00,00,00,00,00,00,00,00
208353000,2C6,false,Rx,0,8,F4,01,84,03,00,00,00,00
208370000,54,false,Rx,0,8,01,01,FE,FF,FE,FF,00,00
208371000,55,false,Rx,0,8,10,27,00,00,00,00,00,00
208371000,56,false,Rx,0,8,10,27,00,00,00,00,00,00
208381000,57,false,Rx,0,8,00,00,FE,FF,FE,FF,00,00
208382000,60D,false,Rx,0,8,0D,10,DF,23,02,20,70,00
208414000,625,false,Rx,0,8,25,00,11,43,FD,BB,E4,01
208481000,60D,false,Rx,0,8,0D,10,DF,23,02,20,70,00
208514000,625,false,Rx,0,8,25,00,11,43,FD,BB,E4,01
208552000,2C4,false,Rx,0,8,05,00,00,00,DA,02,00,00
208552000,2C5,false,Rx,0,8,00,00,00,00,00,00,00,00
208553000,2C6,false,Rx,0,8,F4,01,84,03,00,00,00,00
208570000,54,false,Rx,0,8,01,01,FE,FF,FE,FF,00,00
208571000,55,false,Rx,0,8,10,27,00,00,00,00,00,00
208571000,56,false,Rx,0,8,10,27,00,00,00,00,00,00
208581000,57,false,Rx,0,8,00,00,FE,FF,FE,FF,00,00
208582000,60D,false,Rx,0,8,0D,10,DF,23,02,20,70,00
208614000,625,false,Rx,0,8,25,00,11,43,FD,BB,E4,01
208681000,60D,false,Rx,0,8,0D,10,DF,23,02,20,70,00
208714000,625,false,Rx,0,8,25,00,11,43,FD,BB,E4,01
208752000,2C4,false,Rx,0,8,05,00,00,00,D7,02,00,00
208752000,2C5,false,Rx,0,8,00,00,00,00,00,00,00,00
208752000,2C6,false,Rx,0,8,F4,01,84,03,00,00,00,00
208770000,54,false,Rx,0,8,01,01,FE,FF,FE,FF,00,00
208771000,55,false,Rx,0,8,10,27,00,00,00,00,00,00
208771000,56,false,Rx,0,8,10,27,00,00,00,00,00,00
208781000,57,false,Rx,0,8,00,00,FE,FF,FE,FF,00,00
208782000,60D,false,Rx,0,8,0D,10,DF,23,02,20,70,00
208814000,625,false,Rx,0,8,25,00,11,43,FD,BB,E4,01
208881000,60D,false,Rx,0,8,0D,10,DF,23,02,20,70,00
208914000,625,false,Rx,0,8,25,00,11,43,FD,BB,E4,01
208952000,2C4,false,Rx,0,8,05,00,00,00,DA,02,00,00
208952000,2C5,false,Rx,0,8,00,00,00,00,00,00,00,00
208952000,2C6,false,Rx,0,8,F4,01,84,03,00,00,00,00
208970000,54,false,Rx,0,8,01,01,FE,FF,FE,FF,00,00
208971000,55,false,Rx,0,8,10,27,00,00,00,00,00,00
208971000,56,false,Rx,0,8,10,27,00,00,00,00,00,00
208981000,57,false,Rx,0,8,00,00,FE,FF,FE,FF,00,00
208982000,60D,false,Rx,0,8,0D,10,DF,23,02,20,70,00
209014000,625,false,Rx,0,8,25,00,11,43,FD,BB,E4,01
209081000,60D,false,Rx,0,8,0D,10,DF,23,02,20,70,00
209114000,625,false,Rx,0,8,25,00,11,43,FD,BB,E4,01
209152000,2C4,false,Rx,0,8,05,00,00,00,DA,02,00,00
209152000,2C5,false,Rx,0,8,00,00,00,00,00,00,00,00
209152000,2C6,false,Rx,0,8,F4,01,84,03,00,00,00,00
209170000,54,false,Rx,0,8,01,01,FE,FF,FE,FF,00,00
209171000,55,false,Rx,0,8,10,27,00,00,00,00,00,00
209171000,56,false,Rx,0,8,10,27,00,00,00,00,00,00
209181000,57,false,Rx,0,8,00,00,FE,FF,FE,FF,00,00
209181000,60D,false,Rx,0,8,0D,10,DF,23,02,20,70,00
209214000,625,false,Rx,0,8,25,00,11,43,FD,BB,E4,01
209281000,60D,false,Rx,0,8,0D,10,DF,23,02,20,70,00
209314000,625,false,Rx,0,8,25,00,11,43,FD,BB,E4,01
209352000,2C4,false,Rx,0,8,05,00,00,00,D7,02,00,00
209352000,2C5,false,Rx,0,8,00,00,00,00,00,00,00,00
209352000,2C6,false,Rx,0,8,F4,01,84,03,00,00,00,00
209370000,54,false,Rx,0,8,01,01,FE,FF,FE,FF,00,00
209371000,55,false,Rx,0,8,10,27,00,00,00,00,00,00
209371000,56,false,Rx,0,8,10,27,00,00,00,00,00,00
209381000,57,false,Rx,0,8,00,00,FE,FF,FE,FF,00,00
209382000,60D,false,Rx,0,8,0D,10,DF,23,02,20,70,00
209414000,625,false,Rx,0,8,25,00,11,43,FD,BB,E4,01
209481000,60D,false,Rx,0,8,0D,10,DF,23,02,20,70,00
209514000,625,false,Rx,0,8,25,00,11,43,FD,BB,E4,01
209552000,2C4,false,Rx,0,8,05,00,00,00,DA,02,00,00
209552000,2C5,false,Rx,0,8,00,00,00,00,00,00,00,00
209552000,2C6,false,Rx,0,8,F4,01,84,03,00,00,00,00
209570000,54,false,Rx,0,8,01,01,FE,FF,FE,FF,00,00
209571000,55,false,Rx,0,8,10,27,00,00,00,00,00,00
209571000,56,false,Rx,0,8,10,27,00,00,00,00,00,00
209581000,57,false,Rx,0,8,00,00,FE,FF,FE,FF,00,00
209581000,60D,false,Rx,0,8,0D,10,DF,23,02,20,70,00
209614000,625,false,Rx,0,8,25,00,11,43,FD,BB,E4,01
209681000,60D,false,Rx,0,8,0D,10,DF,23,02,20,70,00
209714000,625,false,Rx,0,8,25,00,11,43,FD,BB,E4,01
209752000,2C4,false,Rx,0,8,05,00,00,00,D7,02,00,00
209752000,2C5,false,Rx,0,8,00,00,00,00,00,00,00,00
209752000,2C6,false,Rx,0,8,F4,01,84,03,00,00,00,00
209770000,54,false,Rx,0,8,01,01,FE,FF,FE,FF,00,00
209771000,55,false,Rx,0,8,10,27,00,00,00,00,00,00
209771000,56,false,Rx,0,8,10,27,00,00,00,00,00,00
209781000,57,false,Rx,0,8,00,00,FE,FF,FE,FF,00,00
209781000,60D,false,Rx,0,8,0D,10,DF,23,02,20,70,00
209814000,625,false,Rx,0,8,25,00,11,43,FD,BB,E4,01
209881000,60D,false,Rx,0,8,0D,10,DF,23,02,20,70,00
209914000,625,false,Rx,0,8,25,00,11,43,FD,BB,E4,01
209952000,2C4,false,Rx,0,8,05,00,00,00,D7,02,00,00
209952000,2C5,false,Rx,0,8,00,00,00,00,00,00,00,00
209952000,2C6,false,Rx,0,8,F4,01,84,03,00,00,00,00
209970000,54,false,Rx,0,8,01,01,FE,FF,FE,FF,00,00
209971000,55,false,Rx,0,8,10,27,00,00,00,00,00,00
209971000,56,false,Rx,0,8,10,27,00,00,00,00,00,00
209981000,57,false,Rx,0,8,00,00,FE,FF,FE,FF,00,00
209981000,60D,false,Rx,0,8,0D,10,DF,23,02,20,70,00
210014000,625,false,Rx,0,8,25,00,11,43,FD,BB,E4,01
210081000,60D,false,Rx,0,8,0D,10,DF,23,02,20,70,00
210114000,625,false,Rx,0,8,25,00,11,43,FD,BB,E4,01
210152000,2C4,false,Rx,0,8,05,00,00,00,D7,02,00,00
210152000,2C5,false,Rx,0,8,00,00,00,00,00,00,00,00
210152000,2C6,false,Rx,0,8,F4,01,84,03,00,00,00,00
210170000,54,false,Rx,0,8,01,01,FE,FF,FE,FF,00,00
210171000,55,false,Rx,0,8,10,27,00,00,00,00,00,00
210171000,56,false,Rx,0,8,10,27,00,00,00,00,00,00
210181000,57,false,Rx,0,8,00,00,FE,FF,FE,FF,00,00
210181000,60D,false,Rx,0,8,0D,10,DF,23,02,20,70,00
210214000,625,false,Rx,0,8,25,00,11,43,FD,BB,E4,01
210281000,60D,false,Rx,0,8,0D,10,DF,23,02,20,70,00
210314000,625,false,Rx,0,8,25,00,11,43,FD,BB,E4,01
210352000,2C4,false,Rx,0,8,05,00,00,00,D7,02,00,00
210352000,2C5,false,Rx,0,8,00,00,00,00,00,00,00,00
210352000,2C6,false,Rx,0,8,F4,01,84,03,00,00,00,00
210370000,54,false,Rx,0,8,01,01,FE,FF,FE,FF,00,00
210371000,55,false,Rx,0,8,10,27,00,00,00,00,00,00
210371000,56,false,Rx,0,8,10,27,00,00,00,00,00,00
210381000,57,false,Rx,0,8,00,00,FE,FF,FE,FF,00,00
210381000,60D,false,Rx,0,8,0D,10,DF,23,02,20,70,00
210414000,625,false,Rx,0,8,25,00,11,43,FD,BB,E4,01
210481000,60D,false,Rx,0,8,0D,10,DF,23,02,20,70,00
210514000,625,false,Rx,0,8,25,00,11,43,FD,BB,E4,01
210552000,2C4,false,Rx,0,8,05,00,00,00,DA,02,00,00
210552000,2C5,false,Rx,0,8,00,00,00,00,00,00,00,00
210552000,2C6,false,Rx,0,8,F4,01,84,03,00,00,00,00
210570000,54,false,Rx,0,8,01,01,FE,FF,FE,FF,00,00
210571000,55,false,Rx,0,8,10,27,00,00,00,00,00,00
210571000,56,false,Rx,0,8,10,27,00,00,00,00,00,00
210581000,57,false,Rx,0,8,00,00,FE,FF,FE,FF,00,00
210581000,60D,false,Rx,0,8,0D,10,DF,23,02,20,70,00
210614000,625,false,Rx,0,8,25,00,11,43,FD,BB,E4,01
210681000,60D,false,Rx,0,8,0D,10,DF,23,02,20,70,00
210714000,625,false,Rx,0,8,25,00,11,43,FD,BB,E4,01
210752000,2C4,false,Rx,0,8,05,00,00,00,D7,02,00,00
210752000,2C5,false,Rx,0,8,00,00,00,00,00,00,00,00
210752000,2C6,false,Rx,0,8,F4,01,84,03,00,00,00,00
210770000,54,false,Rx,0,8,01,01,FE,FF,FE,FF,00,00
210771000,55,false,Rx,0,8,10,27,00,00,00,00,00,00
210771000,56,false,Rx,0,8,10,27,00,00,00,00,00,00
210781000,57,false,Rx,0,8,00,00,FE,FF,FE,FF,00,00
210781000,60D,false,Rx,0,8,0D,10,DF,23,02,20,70,00
210814000,625,false,Rx,0,8,25,00,11,43,FD,BB,E4,01
210881000,60D,false,Rx,0,8,0D,10,DF,23,02,20,70,00
210914000,625,false,Rx,0,8,25,00,11,43,FD,BB,E4,01
210952000,2C4,false,Rx,0,8,05,00,00,00,DA,02,00,00
210952000,2C5,false,Rx,0,8,00,00,00,00,00,00,00,00
210952000,2C6,false,Rx,0,8,F4,01,84,03,00,00,00,00
210970000,54,false,Rx,0,8,01,01,FE,FF,FE,FF,00,00
210971000,55,false,Rx,0,8,10,27,00,00,00,00,00,00
210971000,56,false,Rx,0,8,10,27,00,00,00,00,00,00
210981000,57,false,Rx,0,8,00,00,FE,FF,FE,FF,00,00
210981000,60D,false,Rx,0,8,0D,10,DF,23,02,20,70,00
211014000,625,false,Rx,0,8,25,00,11,43,FD,BB,E4,01
211081000,60D,false,Rx,0,8,0D,10,DF,23,02,20,70,00
211114000,625,false,Rx,0,8,25,00,11,43,FD,BB,E4,01
211152000,2C4,false,Rx,0,8,05,00,00,00,DA,02,00,00
211152000,2C5,false,Rx,0,8,00,00,00,00,00,00,00,00
211152000,2C6,false,Rx,0,8,F4,01,84,03,00,00,00,00
211170000,54,false,Rx,0,8,01,01,FE,FF,FE,FF,00,00
211171000,55,false,Rx,0,8,10,27,00,00,00,00,00,00
211171000,56,false,Rx,0,8,10,27,00,00,00,00,00,00
211181000,57,false,Rx,0,8,00,00,FE,FF,FE,FF,00,00
211181000,60D,false,Rx,0,8,0D,10,DF,23,02,20,70,00
211214000,625,false,Rx,0,8,25,00,11,43,FD,BB,E4,01
211281000,60D,false,Rx,0,8,0D,10,DF,23,02,20,70,00
211314000,625,false,Rx,0,8,25,00,11,43,FD,BB,E4,01
211352000,2C4,false,Rx,0,8,05,00,00,00,D7,02,00,00
211352000,2C5,false,Rx,0,8,00,00,00,00,00,00,00,00
211352000,2C6,false,Rx,0,8,F4,01,84,03,00,00,00,00
211370000,54,false,Rx,0,8,01,01,FE,FF,FE,FF,00,00
211371000,55,false,Rx,0,8,10,27,00,00,00,00,00,00
211371000,56,false,Rx,0,8,10,27,00,00,00,00,00,00
211381000,57,false,Rx,0,8,00,00,FE,FF,FE,FF,00,00
211381000,60D,false,Rx,0,8,0D,10,DF,23,02,20,70,00
211414000,625,false,Rx,0,8,25,00,11,43,FD,BB,E4,01
211481000,60D,false,Rx,0,8,0D,10,DF,23,02,20,70,00
211514000,625,false,Rx,0,8,25,00,11,43,FD,BB,E4,01
211552000,2C4,false,Rx,0,8,05,00,00,00,DA,02,00,00
211552000,2C5,false,Rx,0,8,00,00,00,00,00,00,00,00
211552000,2C6,false,Rx,0,8,F4,01,84,03,00,00,00,00
211570000,54,false,Rx,0,8,01,01,FE,FF,FE,FF,00,00
211571000,55,false,Rx,0,8,10,27,00,00,00,00,00,00
211571000,56,false,Rx,0,8,10,27,00,00,00,00,00,00
211581000,57,false,Rx,0,8,00,00,FE,FF,FE,FF,00,00
211581000,60D,false,Rx,0,8,0D,10,DF,23,02,20,70,00
211614000,625,false,Rx,0,8,25,00,11,43,FD,BB,E4,01
211681000,60D,false,Rx,0,8,0D,10,DF,23,02,20,70,00
211714000,625,false,Rx,0,8,25,00,11,43,FD,BB,E4,01
211752000,2C4,false,Rx,0,8,05,00,00,00,D7,02,00,00
211752000,2C5,false,Rx,0,8,00,00,00,00,00,00,00,00
211752000,2C6,false,Rx,0,8,F4,01,84,03,00,00,00,00
211770000,54,false,Rx,0,8,01,01,FE,FF,FE,FF,00,00
211771000,55,false,Rx,0,8,10,27,00,00,00,00,00,00
211771000,56,false,Rx,0,8,10,27,00,00,00,00,00,00
211781000,57,false,Rx,0,8,00,00,FE,FF,FE,FF,00,00
211781000,60D,false,Rx,0,8,0D,10,DF,23,02,20,70,00
211814000,625,false,Rx,0,8,25,00,11,43,FD,BB,E4,01
211881000,60D,false,Rx,0,8,0D,10,DF,23,02,20,70,00
211914000,625,false,Rx,0,8,25,00,11,43,FD,BB,E4,01
211952000,2C4,false,Rx,0,8,05,00,00,00,DA,02,00,00
211952000,2C5,false,Rx,0,8,00,00,00,00,00,00,00,00
211952000,2C6,false,Rx,0,8,F4,01,84,03,00,00,00,00
211970000,54,false,Rx,0,8,01,01,FE,FF,FE,FF,00,00
211971000,55,false,Rx,0,8,10,27,00,00,00,00,00,00
211971000,56,false,Rx,0,8,10,27,00,00,00,00,00,00
211981000,57,false,Rx,0,8,00,00,FE,FF,FE,FF,00,00
211981000,60D,false,Rx,0,8,0D,10,DF,23,02,20,70,00
212014000,625,false,Rx,0,8,25,00,11,43,FD,BB,E4,01
212081000,60D,false,Rx,0,8,0D,10,DF,23,02,20,70,00
212114000,625,false,Rx,0,8,25,00,11,43,FD,BB,E4,01
212152000,2C4,false,Rx,0,8,05,00,00,00,DA,02,00,00
212152000,2C5,false,Rx,0,8,00,00,00,00,00,00,00,00
212152000,2C6,false,Rx,0,8,F4,01,84,03,00,00,00,00
212170000,54,false,Rx,0,8,01,01,FE,FF,FE,FF,00,00
212171000,55,false,Rx,0,8,10,27,00,00,00,00,00,00
212171000,56,false,Rx,0,8,10,27,00,00,00,00,00,00
212181000,57,false,Rx,0,8,00,00,FE,FF,FE,FF,00,00
212181000,60D,false,Rx,0,8,0D,10,DF,23,02,20,70,00
212214000,625,false,Rx,0,8,25,00,11,43,FD,BB,E4,01
212281000,60D,false,Rx,0,8,0D,10,DF,23,02,20,70,00
212314000,625,false,Rx,0,8,25,00,11,43,FD,BB,E4,01
212352000,2C4,false,Rx,0,8,05,00,00,00,D7,02,00,00
212352000,2C5,false,Rx,0,8,00,00,00,00,00,00,00,00
212352000,2C6,false,Rx,0,8,F4,01,84,03,00,00,00,00
212370000,54,false,Rx,0,8,01,01,FE,FF,FE,FF,00,00
212371000,55,false,Rx,0,8,10,27,00,00,00,00,00,00
212371000,56,false,Rx,0,8,10,27,00,00,00,00,00,00
212381000,57,false,Rx,0,8,00,00,FE,FF,FE,FF,00,00
212382000,60D,false,Rx,0,8,0D,10,DF,23,02,20,70,00
212414000,625,false,Rx,0,8,25,00,11,43,FD,BB,E4,01
212481000,60D,false,Rx,0,8,0D,10,DF,23,02,20,70,00
212514000,625,false,Rx,0,8,25,00,11,43,FD,BB,E4,01
212552000,2C4,false,Rx,0,8,05,00,00,00,D7,02,00,00
212552000,2C5,false,Rx,0,8,00,00,00,00,00,00,00,00
212552000,2C6,false,Rx,0,8,F4,01,84,03,00,00,00,00
212570000,54,false,Rx,0,8,01,01,FE,FF,FE,FF,00,00
212571000,55,false,Rx,0,8,10,27,00,00,00,00,00,00
212571000,56,false,Rx,0,8,10,27,00,00,00,00,00,00
212581000,57,false,Rx,0,8,00,00,FE,FF,FE,FF,00,00
212581000,60D,false,Rx,0,8,0D,10,DF,23,02,20,70,00
212614000,625,false,Rx,0,8,25,00,11,43,FD,BB,E4,01
212681000,60D,false,Rx,0,8,0D,10,DF,23,02,20,70,00
212714000,625,false,Rx,0,8,25,00,11,43,FD,BB,E4,01
212752000,2C4,false,Rx,0,8,05,00,00,00,D7,02,00,00
212752000,2C5,false,Rx,0,8,00,00,00,00,00,00,00,00
212752000,2C6,false,Rx,0,8,F4,01,84,03,00,00,00,00
212770000,54,false,Rx,0,8,01,01,FE,FF,FE,FF,00,00
212771000,55,false,Rx,0,8,10,27,00,00,00,00,00,00
212771000,56,false,Rx,0,8,10,27,00,00,00,00,00,00
212781000,57,false,Rx,0,8,00,00,FE,FF,FE,FF,00,00
212781000,60D,false,Rx,0,8,0D,10,DF,23,02,20,70,00
212814000,625,false,Rx,0,8,25,00,11,43,FD,BB,E4,01
212880000,60D,false,Rx,0,8,0D,10,DF,23,02,20,70,00
212914000,625,false,Rx,0,8,25,00,11,43,FD,BB,E4,01
212952000,2C4,false,Rx,0,8,05,00,00,00,DA,02,00,00
212952000,2C5,false,Rx,0,8,00,00,00,00,00,00,00,00
212952000,2C6,false,Rx,0,8,F4,01,84,03,00,00,00,00
212970000,54,false,Rx,0,8,01,01,FE,FF,FE,FF,00,00
212971000,55,false,Rx,0,8,10,27,00,00,00,00,00,00
212971000,56,false,Rx,0,8,10,27,00,00,00,00,00,00
212981000,57,false,Rx,0,8,00,00,FE,FF,FE,FF,00,00
212981000,60D,false,Rx,0,8,0D,10,DF,23,02,20,70,00
213014000,625,false,Rx,0,8,25,00,11,43,FD,BB,E4,01
213080000,60D,false,Rx,0,8,0D,10,DF,23,02,20,70,00
213114000,625,false,Rx,0,8,25,00,11,43,FD,BB,E4,01
213152000,2C4,false,Rx,0,8,05,00,00,00,D7,02,00,00
213152000,2C5,false,Rx,0,8,00,00,00,00,00,00,00,00
213152000,2C6,false,Rx,0,8,F4,01,84,03,00,00,00,00
213170000,54,false,Rx,0,8,01,01,FE,FF,FE,FF,00,00
213171000,55,false,Rx,0,8,10,27,00,00,00,00,00,00
213171000,56,false,Rx,0,8,10,27,00,00,00,00,00,00
213181000,57,false,Rx,0,8,00,00,FE,FF,FE,FF,00,00
213181000,60D,false,Rx,0,8,0D,10,DF,23,02,20,70,00
213214000,625,false,Rx,0,8,25,00,11,43,FD,BB,E4,01
213280000,60D,false,Rx,0,8,0D,10,DF,23,02,20,70,00
213314000,625,false,Rx,0,8,25,00,11,43,FD,BB,E4,01
213352000,2C4,false,Rx,0,8,05,00,00,00,D7,02,00,00
213352000,2C5,false,Rx,0,8,00,00,00,00,00,00,00,00
213352000,2C6,false,Rx,0,8,F4,01,84,03,00,00,00,00
213370000,54,false,Rx,0,8,01,01,FE,FF,FE,FF,00,00
213371000,55,false,Rx,0,8,10,27,00,00,00,00,00,00
213371000,56,false,Rx,0,8,10,27,00,00,00,00,00,00
213381000,57,false,Rx,0,8,00,00,FE,FF,FE,FF,00,00
213381000,60D,false,Rx,0,8,0D,10,DF,23,02,20,70,00
213414000,625,false,Rx,0,8,25,00,11,43,FD,BB,E4,01
213480000,60D,false,Rx,0,8,0D,10,DF,23,02,20,70,00
213514000,625,false,Rx,0,8,25,00,11,43,FD,BB,E4,01
213552000,2C4,false,Rx,0,8,05,00,00,00,D7,02,00,00
213552000,2C5,false,Rx,0,8,00,00,00,00,00,00,00,00
213552000,2C6,false,Rx,0,8,F4,01,84,03,00,00,00,00
213570000,54,false,Rx,0,8,01,01,FE,FF,FE,FF,00,00
213571000,55,false,Rx,0,8,10,27,00,00,00,00,00,00
213571000,56,false,Rx,0,8,10,27,00,00,00,00,00,00
213581000,57,false,Rx,0,8,00,00,FE,FF,FE,FF,00,00
213581000,60D,false,Rx,0,8,0D,10,DF,23,02,20,70,00
213614000,625,false,Rx,0,8,25,00,11,43,FD,BB,E4,01
213680000,60D,false,Rx,0,8,0D,10,DF,23,02,20,70,00
213714000,625,false,Rx,0,8,25,00,11,43,FD,BB,E4,01
213752000,2C4,false,Rx,0,8,05,00,00,00,D7,02,00,00
213752000,2C5,false,Rx,0,8,00,00,00,00,00,00,00,00
213752000,2C6,false,Rx,0,8,F4,01,84,03,00,00,00,00
213770000,54,false,Rx,0,8,01,01,FE,FF,FE,FF,00,00
213771000,55,false,Rx,0,8,10,27,00,00,00,00,00,00
213771000,56,false,Rx,0,8,10,27,00,00,00,00,00,00
213781000,57,false,Rx,0,8,00,00,FE,FF,FE,FF,00,00
213781000,60D,false,Rx,0,8,0D,10,DF,23,02,20,70,00
213814000,625,false,Rx,0,8,25,00,11,43,FD,BB,E4,01
213880000,60D,false,Rx,0,8,0D,10,DF,23,02,20,70,00
213914000,625,false,Rx,0,8,25,00,11,43,FD,BB,E4,01
213952000,2C4,false,Rx,0,8,05,00,00,00,DA,02,00,00
213952000,2C5,false,Rx,0,8,00,00,00,00,00,00,00,00
213952000,2C6,false,Rx,0,8,F4,01,84,03,00,00,00,00
213970000,54,false,Rx,0,8,01,01,FE,FF,FE,FF,00,00
213971000,55,false,Rx,0,8,10,27,00,00,00,00,00,00
213971000,56,false,Rx,0,8,10,27,00,00,00,00,00,00
213981000,57,false,Rx,0,8,00,00,FE,FF,FE,FF,00,00
213981000,60D,false,Rx,0,8,0D,10,DF,23,02,20,70,00
214014000,625,false,Rx,0,8,25,00,11,43,FD,BB,E4,01
214080000,60D,false,Rx,0,8,0D,10,DF,23,02,20,70,00
214114000,625,false,Rx,0,8,25,00,11,43,FD,BB,E4,01
214152000,2C4,false,Rx,0,8,05,00,00,00,D7,02,00,00
214152000,2C5,false,Rx,0,8,00,00,00,00,00,00,00,00
214152000,2C6,false,Rx,0,8,F4,01,84,03,00,00,00,00
214170000,54,false,Rx,0,8,01,01,FE,FF,FE,FF,00,00
214171000,55,false,Rx,0,8,10,27,00,00,00,00,00,00
214171000,56,false,Rx,0,8,10,27,00,00,00,00,00,00
214181000,57,false,Rx,0,8,00,00,FE,FF,FE,FF,00,00
214181000,60D,false,Rx,0,8,0D,10,DF,23,02,20,70,00
214214000,625,false,Rx,0,8,25,00,11,43,FD,BB,E4,01
214280000,60D,false,Rx,0,8,0D,10,DF,23,02,20,70,00
214314000,625,false,Rx,0,8,25,00,11,43,FD,BB,E4,01
214352000,2C4,false,Rx,0,8,05,00,00,00,DA,02,00,00
214352000,2C5,false,Rx,0,8,00,00,00,00,00,00,00,00
214352000,2C6,false,Rx,0,8,F4,01,84,03,00,00,00,00
214370000,54,false,Rx,0,8,01,01,FE,FF,FE,FF,00,00
214371000,55,false,Rx,0,8,10,27,00,00,00,00,00,00
214371000,56,false,Rx,0,8,10,27,00,00,00,00,00,00
214381000,57,false,Rx,0,8,00,00,FE,FF,FE,FF,00,00
214381000,60D,false,Rx,0,8,0D,10,DF,23,02,20,70,00
214414000,625,false,Rx,0,8,25,00,11,43,FD,BB,E4,01
214480000,60D,false,Rx,0,8,0D,10,DF,23,02,20,70,00
214514000,625,false,Rx,0,8,25,00,11,43,FD,BB,E4,01
214552000,2C4,false,Rx,0,8,05,00,00,00,D7,02,00,00
214552000,2C5,false,Rx,0,8,00,00,00,00,00,00,00,00
214552000,2C6,false,Rx,0,8,F4,01,84,03,00,00,00,00
214570000,54,false,Rx,0,8,01,01,FE,FF,FE,FF,00,00
214571000,55,false,Rx,0,8,10,27,00,00,00,00,00,00
214571000,56,false,Rx,0,8,10,27,00,00,00,00,00,00
214581000,57,false,Rx,0,8,00,00,FE,FF,FE,FF,00,00
214581000,60D,false,Rx,0,8,0D,10,DF,23,02,20,70,00
214614000,625,false,Rx,0,8,25,00,11,43,FD,BB,E4,01
214680000,60D,false,Rx,0,8,0D,10,DF,23,02,20,70,00
214714000,625,false,Rx,0,8,25,00,11,43,FD,BB,E4,01
214752000,2C4,false,Rx,0,8,05,00,00,00,D7,02,00,00
214752000,2C5,false,Rx,0,8,00,00,00,00,00,00,00,00
214752000,2C6,false,Rx,0,8,F4,01,84,03,00,00,00,00
214770000,54,false,Rx,0,8,01,01,FE,FF,FE,FF,00,00
214771000,55,false,Rx,0,8,10,27,00,00,00,00,00,00
214771000,56,false,Rx,0,8,10,27,00,00,00,00,00,00
214781000,57,false,Rx,0,8,00,00,FE,FF,FE,FF,00,00
214781000,60D,false,Rx,0,8,0D,10,DF,23,02,20,70,00
214814000,625,false,Rx,0,8,25,00,11,43,FD,BB,E4,01
214880000,60D,false,Rx,0,8,0D,10,DF,23,02,20,70,00
214914000,625,false,Rx,0,8,25,00,11,43,FD,BB,E4,01
214952000,2C4,false,Rx,0,8,05,00,00,00,D7,02,00,00
214952000,2C5,false,Rx,0,8,00,00,00,00,00,00,00,00
214952000,2C6,false,Rx,0,8,F4,01,84,03,00,00,00,00
214970000,54,false,Rx,0,8,01,01,FE,FF,FE,FF,00,00
214971000,55,false,Rx,0,8,10,27,00,00,00,00,00,00
214971000,56,false,Rx,0,8,10,27,00,00,00,00,00,00
214981000,57,false,Rx,0,8,00,00,FE,FF,FE,FF,00,00
214981000,60D,false,Rx,0,8,0D,10,DF,23,02,20,70,00
215014000,625,false,Rx,0,8,25,00,11,43,FD,BB,E4,01
215080000,60D,false,Rx,0,8,0D,10,DF,23,02,20,70,00
215114000,625,false,Rx,0,8,25,00,11,43,FD,BB,E4,01
215152000,2C4,false,Rx,0,8,05,00,00,00,D7,02,00,00
215152000,2C5,false,Rx,0,8,00,00,00,00,00,00,00,00
215152000,2C6,false,Rx,0,8,F4,01,84,03,00,00,00,00
215170000,54,false,Rx,0,8,01,01,FE,FF,FE,FF,00,00
215171000,55,false,Rx,0,8,10,27,00,00,00,00,00,00
215171000,56,false,Rx,0,8,10,27,00,00,00,00,00,00
215181000,57,false,Rx,0,8,00,00,FE,FF,FE,FF,00,00
215181000,60D,false,Rx,0,8,0D,10,DF,23,02,20,70,00
215214000,625,false,Rx,0,8,25,00,11,43,FD,BB,E4,01
215280000,60D,false,Rx,0,8,0D,10,DF,23,02,20,70,00
215314000,625,false,Rx,0,8,25,00,11,43,FD,BB,E4,01
215352000,2C4,false,Rx,0,8,05,00,00,00,DA,02,00,00
215352000,2C5,false,Rx,0,8,00,00,00,00,00,00,00,00
215352000,2C6,false,Rx,0,8,F4,01,84,03,00,00,00,00
215370000,54,false,Rx,0,8,01,01,FE,FF,FE,FF,00,00
215370000,55,false,Rx,0,8,10,27,00,00,00,00,00,00
215371000,56,false,Rx,0,8,10,27,00,00,00,00,00,00
215381000,57,false,Rx,0,8,00,00,FE,FF,FE,FF,00,00
215381000,60D,false,Rx,0,8,0D,10,DF,23,02,20,70,00
215414000,625,false,Rx,0,8,25,00,11,43,FD,BB,E4,01
215480000,60D,false,Rx,0,8,0D,10,DF,23,02,20,70,00
215514000,625,false,Rx,0,8,25,00,11,43,FD,BB,E4,01
215552000,2C4,false,Rx,0,8,05,00,00,00,D7,02,00,00
215552000,2C5,false,Rx,0,8,00,00,00,00,00,00,00,00
215552000,2C6,false,Rx,0,8,F4,01,84,03,00,00,00,00
215570000,54,false,Rx,0,8,01,01,FE,FF,FE,FF,00,00
215571000,55,false,Rx,0,8,10,27,00,00,00,00,00,00
215571000,56,false,Rx,0,8,10,27,00,00,00,00,00,00
215581000,57,false,Rx,0,8,00,00,FE,FF,FE,FF,00,00
215581000,60D,false,Rx,0,8,0D,10,DF,23,02,20,70,00
215614000,625,false,Rx,0,8,25,00,11,43,FD,BB,E4,01
215680000,60D,false,Rx,0,8,0D,10,DF,23,02,20,70,00
215714000,625,false,Rx,0,8,25,00,11,43,FD,BB,E4,01
215752000,2C4,false,Rx,0,8,05,00,00,00,DA,02,00,00
215752000,2C5,false,Rx,0,8,00,00,00,00,00,00,00,00
215752000,2C6,false,Rx,0,8,F4,01,84,03,00,00,00,00
215770000,54,false,Rx,0,8,01,01,FE,FF,FE,FF,00,00
215771000,55,false,Rx,0,8,10,27,00,00,00,00,00,00
215771000,56,false,Rx,0,8,10,27,00,00,00,00,00,00
215781000,57,false,Rx,0,8,00,00,FE,FF,FE,FF,00,00
215781000,60D,false,Rx,0,8,0D,10,DF,23,02,20,70,00
215813000,625,false,Rx,0,8,25,00,11,43,FD,BB,E4,01
215880000,60D,false,Rx,0,8,0D,10,DF,23,02,20,70,00
215913000,625,false,Rx,0,8,25,00,11,43,FD,BB,E4,01
215952000,2C4,false,Rx,0,8,05,00,00,00,D7,02,00,00
215952000,2C5,false,Rx,0,8,00,00,00,00,00,00,00,00
215952000,2C6,false,Rx,0,8,F4,01,84,03,00,00,00,00
215970000,54,false,Rx,0,8,01,01,FE,FF,FE,FF,00,00
215970000,55,false,Rx,0,8,10,27,00,00,00,00,00,00
215971000,56,false,Rx,0,8,10,27,00,00,00,00,00,00
215981000,57,false,Rx,0,8,00,00,FE,FF,FE,FF,00,00
215981000,60D,false,Rx,0,8,0D,10,DF,23,02,20,70,00
216013000,625,false,Rx,0,8,25,00,11,43,FD,BB,E4,01
216080000,60D,false,Rx,0,8,0D,10,DF,23,02,20,70,00
216113000,625,false,Rx,0,8,25,00,11,43,FD,BB,E4,01
216152000,2C4,false,Rx,0,8,05,00,00,00,DA,02,00,00
216152000,2C5,false,Rx,0,8,00,00,00,00,00,00,00,00
216152000,2C6,false,Rx,0,8,F4,01,84,03,00,00,00,00
216170000,54,false,Rx,0,8,01,01,FE,FF,FE,FF,00,00
216171000,55,false,Rx,0,8,10,27,00,00,00,00,00,00
216171000,56,false,Rx,0,8,10,27,00,00,00,00,00,00
216181000,57,false,Rx,0,8,00,00,FE,FF,FE,FF,00,00
216181000,60D,false,Rx,0,8,0D,10,DF,23,02,20,70,00
216213000,625,false,Rx,0,8,25,00,11,43,FD,BB,E4,01
216280000,60D,false,Rx,0,8,0D,10,DF,23,02,20,70,00
216313000,625,false,Rx,0,8,25,00,11,43,FD,BB,E4,01
216352000,2C4,false,Rx,0,8,05,00,00,00,D7,02,00,00
216352000,2C5,false,Rx,0,8,00,00,00,00,00,00,00,00
216352000,2C6,false,Rx,0,8,F4,01,84,03,00,00,00,00
216370000,54,false,Rx,0,8,01,01,FE,FF,FE,FF,00,00
216370000,55,false,Rx,0,8,10,27,00,00,00,00,00,00
216371000,56,false,Rx,0,8,10,27,00,00,00,00,00,00
216381000,57,false,Rx,0,8,00,00,FE,FF,FE,FF,00,00
216381000,60D,false,Rx,0,8,0D,10,DF,23,02,20,70,00
216413000,625,false,Rx,0,8,25,00,11,43,FD,BB,E4,01
216480000,60D,false,Rx,0,8,0D,10,DF,23,02,20,70,00
216513000,625,false,Rx,0,8,25,00,11,43,FD,BB,E4,01
216552000,2C4,false,Rx,0,8,05,00,00,00,D7,02,00,00
216552000,2C5,false,Rx,0,8,00,00,00,00,00,00,00,00
216552000,2C6,false,Rx,0,8,F4,01,84,03,00,00,00,00
216570000,54,false,Rx,0,8,01,01,FE,FF,FE,FF,00,00
216570000,55,false,Rx,0,8,10,27,00,00,00,00,00,00
216571000,56,false,Rx,0,8,10,27,00,00,00,00,00,00
216581000,57,false,Rx,0,8,00,00,FE,FF,FE,FF,00,00
216581000,60D,false,Rx,0,8,0D,10,DF,23,02,20,70,00
216614000,625,false,Rx,0,8,25,00,11,43,FD,BB,E4,01
216680000,60D,false,Rx,0,8,0D,10,DF,23,02,20,70,00
216713000,625,false,Rx,0,8,25,00,11,43,FD,BB,E4,01
216752000,2C4,false,Rx,0,8,05,00,00,00,DA,02,00,00
216752000,2C5,false,Rx,0,8,00,00,00,00,00,00,00,00
216752000,2C6,false,Rx,0,8,F4,01,84,03,00,00,00,00
216770000,54,false,Rx,0,8,01,01,FE,FF,FE,FF,00,00
216771000,55,false,Rx,0,8,10,27,00,00,00,00,00,00
216771000,56,false,Rx,0,8,10,27,00,00,00,00,00,00
216781000,57,false,Rx,0,8,00,00,FE,FF,FE,FF,00,00
216781000,60D,false,Rx,0,8,0D,10,DF,23,02,20,70,00
216813000,625,false,Rx,0,8,25,00,11,43,FD,BB,E4,01
216880000,60D,false,Rx,0,8,0D,10,DF,23,02,20,70,00
216913000,625,false,Rx,0,8,25,00,11,43,FD,BB,E4,01
216952000,2C4,false,Rx,0,8,05,00,00,00,DA,02,00,00
216952000,2C5,false,Rx,0,8,00,00,00,00,00,00,00,00
216952000,2C6,false,Rx,0,8,F4,01,84,03,00,00,00,00
216970000,54,false,Rx,0,8,01,01,FE,FF,FE,FF,00,00
216970000,55,false,Rx,0,8,10,27,00,00,00,00,00,00
216971000,56,false,Rx,0,8,10,27,00,00,00,00,00,00
216981000,57,false,Rx,0,8,00,00,FE,FF,FE,FF,00,00
216981000,60D,false,Rx,0,8,0D,10,DF,23,02,20,70,00
217013000,625,false,Rx,0,8,25,00,11,43,FD,BB,E4,01
217080000,60D,false,Rx,0,8,0D,10,DF,23,02,20,70,00
217113000,625,false,Rx,0,8,25,00,11,43,FD,BB,E4,01
217152000,2C4,false,Rx,0,8,05,00,00,00,DA,02,00,00
217152000,2C5,false,Rx,0,8,00,00,00,00,00,00,00,00
217152000,2C6,false,Rx,0,8,F4,01,84,03,00,00,00,00
217170000,54,false,Rx,0,8,01,01,FE,FF,FE,FF,00,00
217170000,55,false,Rx,0,8,10,27,00,00,00,00,00,00
217171000,56,false,Rx,0,8,10,27,00,00,00,00,00,00
217181000,57,false,Rx,0,8,00,00,FE,FF,FE,FF,00,00
217181000,60D,false,Rx,0,8,0D,10,DF,23,02,20,70,00
217213000,625,false,Rx,0,8,25,00,11,43,FD,BB,E4,01
217280000,60D,false,Rx,0,8,0D,10,DF,23,02,20,70,00
217313000,625,false,Rx,0,8,25,00,11,43,FD,BB,E4,01
217352000,2C4,false,Rx,0,8,05,00,00,00,D7,02,00,00
217352000,2C5,false,Rx,0,8,00,00,00,00,00,00,00,00
217352000,2C6,false,Rx,0,8,F4,01,84,03,00,00,00,00
217370000,54,false,Rx,0,8,01,01,FE,FF,FE,FF,00,00
217371000,55,false,Rx,0,8,10,27,00,00,00,00,00,00
217371000,56,false,Rx,0,8,10,27,00,00,00,00,00,00
217381000,57,false,Rx,0,8,00,00,FE,FF,FE,FF,00,00
217382000,60D,false,Rx,0,8,0D,10,DF,23,02,20,70,00
217413000,625,false,Rx,0,8,25,00,11,43,FD,BB,E4,01
217481000,60D,false,Rx,0,8,0D,10,DF,23,02,20,70,00
217513000,625,false,Rx,0,8,25,00,11,43,FD,BB,E4,01
217552000,2C4,false,Rx,0,8,05,00,00,00,DA,02,00,00
217552000,2C5,false,Rx,0,8,00,00,00,00,00,00,00,00
217552000,2C6,false,Rx,0,8,F4,01,84,03,00,00,00,00
217570000,54,false,Rx,0,8,01,01,FE,FF,FE,FF,00,00
217570000,55,false,Rx,0,8,10,27,00,00,00,00,00,00
217571000,56,false,Rx,0,8,10,27,00,00,00,00,00,00
217581000,57,false,Rx,0,8,00,00,FE,FF,FE,FF,00,00
217581000,60D,false,Rx,0,8,0D,10,DF,23,02,20,70,00
217613000,625,false,Rx,0,8,25,00,11,43,FD,BB,E4,01
217680000,60D,false,Rx,0,8,0D,10,DF,23,02,20,70,00
217713000,625,false,Rx,0,8,25,00,11,43,FD,BB,E4,01
217752000,2C4,false,Rx,0,8,05,00,00,00,D7,02,00,00
217752000,2C5,false,Rx,0,8,00,00,00,00,00,00,00,00
217752000,2C6,false,Rx,0,8,F4,01,84,03,00,00,00,00
217770000,54,false,Rx,0,8,01,01,FE,FF,FE,FF,00,00
217770000,55,false,Rx,0,8,10,27,00,00,00,00,00,00
217771000,56,false,Rx,0,8,10,27,00,00,00,00,00,00
217781000,57,false,Rx,0,8,00,00,FE,FF,FE,FF,00,00
217781000,60D,false,Rx,0,8,0D,10,DF,23,02,20,70,00
217813000,625,false,Rx,0,8,25,00,11,43,FD,BB,E4,01
217880000,60D,false,Rx,0,8,0D,10,DF,23,02,20,70,00
217913000,625,false,Rx,0,8,25,00,11,43,FD,BB,E4,01
217952000,2C4,false,Rx,0,8,05,00,00,00,D7,02,00,00
217952000,2C5,false,Rx,0,8,00,00,00,00,00,00,00,00
217952000,2C6,false,Rx,0,8,F4,01,84,03,00,00,00,00
217970000,54,false,Rx,0,8,01,01,FE,FF,FE,FF,00,00
217970000,55,false,Rx,0,8,10,27,00,00,00,00,00,00
217971000,56,false,Rx,0,8,10,27,00,00,00,00,00,00
217981000,57,false,Rx,0,8,00,00,FE,FF,FE,FF,00,00
217981000,60D,false,Rx,0,8,0D,10,DF,23,02,20,70,00
218013000,625,false,Rx,0,8,25,00,11,43,FD,BB,E4,01
218080000,60D,false,Rx,0,8,0D,10,DF,23,02,20,70,00
218113000,625,false,Rx,0,8,25,00,11,43,FD,BB,E4,01
218152000,2C4,false,Rx,0,8,05,00,00,00,DA,02,00,00
218152000,2C5,false,Rx,0,8,00,00,00,00,00,00,00,00
218152000,2C6,false,Rx,0,8,F4,01,84,03,00,00,00,00
218170000,54,false,Rx,0,8,01,01,FE,FF,FE,FF,00,00
218170000,55,false,Rx,0,8,10,27,00,00,00,00,00,00
218171000,56,false,Rx,0,8,10,27,00,00,00,00,00,00
218181000,57,false,Rx,0,8,00,00,FE,FF,FE,FF,00,00
218181000,60D,false,Rx,0,8,0D,10,DF,23,02,20,70,00
218213000,625,false,Rx,0,8,25,00,11,43,FD,BB,E4,01
218280000,60D,false,Rx,0,8,0D,10,DF,23,02,20,70,00
218313000,625,false,Rx,0,8,25,00,11,43,FD,BB,E4,01
218351000,2C4,false,Rx,0,8,05,00,00,00,D7,02,00,00
218352000,2C5,false,Rx,0,8,00,00,00,00,00,00,00,00
218352000,2C6,false,Rx,0,8,F4,01,84,03,00,00,00,00
218370000,54,false,Rx,0,8,01,01,FE,FF,FE,FF,00,00
218370000,55,false,Rx,0,8,10,27,00,00,00,00,00,00
218371000,56,false,Rx,0,8,10,27,00,00,00,00,00,00
218381000,57,false,Rx,0,8,00,00,FE,FF,FE,FF,00,00
218381000,60D,false,Rx,0,8,0D,10,DF,23,02,20,70,00
218413000,625,false,Rx,0,8,25,00,11,43,FD,BB,E4,01
218480000,60D,false,Rx,0,8,0D,10,DF,23,02,20,70,00
218513000,625,false,Rx,0,8,25,00,11,43,FD,BB,E4,01
218551000,2C4,false,Rx,0,8,05,00,00,00,D7,02,00,00
218552000,2C5,false,Rx,0,8,00,00,00,00,00,00,00,00
218552000,2C6,false,Rx,0,8,F4,01,84,03,00,00,00,00
218570000,54,false,Rx,0,8,01,01,FE,FF,FE,FF,00,00
218570000,55,false,Rx,0,8,10,27,00,00,00,00,00,00
218571000,56,false,Rx,0,8,10,27,00,00,00,00,00,00
218581000,57,false,Rx,0,8,00,00,FE,FF,FE,FF,00,00
218581000,60D,false,Rx,0,8,0D,10,DF,23,02,20,70,00
218613000,625,false,Rx,0,8,25,00,11,43,FD,BB,E4,01
218680000,60D,false,Rx,0,8,0D,10,DF,23,02,20,70,00
218713000,625,false,Rx,0,8,25,00,11,43,FD,BB,E4,01
218751000,2C4,false,Rx,0,8,05,00,00,00,D7,02,00,00
218752000,2C5,false,Rx,0,8,00,00,00,00,00,00,00,00
218752000,2C6,false,Rx,0,8,F4,01,84,03,00,00,00,00
218770000,54,false,Rx,0,8,01,01,FE,FF,FE,FF,00,00
218770000,55,false,Rx,0,8,10,27,00,00,00,00,00,00
218771000,56,false,Rx,0,8,10,27,00,00,00,00,00,00
218781000,57,false,Rx,0,8,00,00,FE,FF,FE,FF,00,00
218781000,60D,false,Rx,0,8,0D,10,DF,23,02,20,70,00
218813000,625,false,Rx,0,8,25,00,11,43,FD,BB,E4,01
218880000,60D,false,Rx,0,8,0D,10,DF,23,02,20,70,00
218913000,625,false,Rx,0,8,25,00,11,43,FD,BB,E4,01
218951000,2C4,false,Rx,0,8,05,00,00,00,DA,02,00,00
218952000,2C5,false,Rx,0,8,00,00,00,00,00,00,00,00
218952000,2C6,false,Rx,0,8,F4,01,84,03,00,00,00,00
218970000,54,false,Rx,0,8,01,01,FE,FF,FE,FF,00,00
218970000,55,false,Rx,0,8,10,27,00,00,00,00,00,00
218971000,56,false,Rx,0,8,10,27,00,00,00,00,00,00
218981000,57,false,Rx,0,8,00,00,FE,FF,FE,FF,00,00
218981000,60D,false,Rx,0,8,0D,10,DF,23,02,20,70,00
219013000,625,false,Rx,0,8,25,00,11,43,FD,BB,E4,01
219080000,60D,false,Rx,0,8,0D,10,DF,23,02,20,70,00
219113000,625,false,Rx,0,8,25,00,11,43,FD,BB,E4,01
219151000,2C4,false,Rx,0,8,05,00,00,00,DA,02,00,00
219152000,2C5,false,Rx,0,8,00,00,00,00,00,00,00,00
219152000,2C6,false,Rx,0,8,F4,01,84,03,00,00,00,00
219170000,54,false,Rx,0,8,01,01,FE,FF,FE,FF,00,00
219170000,55,false,Rx,0,8,10,27,00,00,00,00,00,00
219171000,56,false,Rx,0,8,10,27,00,00,00,00,00,00
219181000,57,false,Rx,0,8,00,00,FE,FF,FE,FF,00,00
219181000,60D,false,Rx,0,8,0D,10,DF,23,02,20,70,00
219213000,625,false,Rx,0,8,25,00,11,43,FD,BB,E4,01
219280000,60D,false,Rx,0,8,0D,10,DF,23,02,20,70,00
219313000,625,false,Rx,0,8,25,00,11,43,FD,BB,E4,01
219351000,2C4,false,Rx,0,8,05,00,00,00,DA,02,00,00
219352000,2C5,false,Rx,0,8,00,00,00,00,00,00,00,00
219352000,2C6,false,Rx,0,8,F4,01,84,03,00,00,00,00
219370000,54,false,Rx,0,8,01,01,FE,FF,FE,FF,00,00
219370000,55,false,Rx,0,8,10,27,00,00,00,00,00,00
219371000,56,false,Rx,0,8,10,27,00,00,00,00,00,00
219381000,57,false,Rx,0,8,00,00,FE,FF,FE,FF,00,00
219381000,60D,false,Rx,0,8,0D,10,DF,23,02,20,70,00
219413000,625,false,Rx,0,8,25,00,11,43,FD,BB,E4,01
219480000,60D,false,Rx,0,8,0D,10,DF,23,02,20,70,00
219513000,625,false,Rx,0,8,25,00,11,43,FD,BB,E4,01
219551000,2C4,false,Rx,0,8,05,00,00,00,D7,02,00,00
219552000,2C5,false,Rx,0,8,00,00,00,00,00,00,00,00
219552000,2C6,false,Rx,0,8,F4,01,84,03,00,00,00,00
219570000,54,false,Rx,0,8,01,01,FE,FF,FE,FF,00,00
219570000,55,false,Rx,0,8,10,27,00,00,00,00,00,00
219571000,56,false,Rx,0,8,10,27,00,00,00,00,00,00
219581000,57,false,Rx,0,8,00,00,FE,FF,FE,FF,00,00
219581000,60D,false,Rx,0,8,0D,10,DF,23,02,20,70,00
219613000,625,false,Rx,0,8,25,00,11,43,FD,BB,E4,01
219680000,60D,false,Rx,0,8,0D,10,DF,23,02,20,70,00
219713000,625,false,Rx,0,8,25,00,11,43,FD,BB,E4,01
219751000,2C4,false,Rx,0,8,05,00,00,00,DA,02,00,00
219752000,2C5,false,Rx,0,8,00,00,00,00,00,00,00,00
219752000,2C6,false,Rx,0,8,F4,01,84,03,00,00,00,00
219770000,54,false,Rx,0,8,01,01,FE,FF,FE,FF,00,00
219770000,55,false,Rx,0,8,10,27,00,00,00,00,00,00
219771000,56,false,Rx,0,8,10,27,00,00,00,00,00,00
219781000,57,false,Rx,0,8,00,00,FE,FF,FE,FF,00,00
219781000,60D,false,Rx,0,8,0D,10,DF,23,02,20,70,00
219813000,625,false,Rx,0,8,25,00,11,43,FD,BB,E4,01
219880000,60D,false,Rx,0,8,0D,10,DF,23,02,20,70,00
219913000,625,false,Rx,0,8,25,00,11,43,FD,BB,E4,01
219951000,2C4,false,Rx,0,8,05,00,00,00,D7,02,00,00
219952000,2C5,false,Rx,0,8,00,00,00,00,00,00,00,00
219952000,2C6,false,Rx,0,8,F4,01,84,03,00,00,00,00
219970000,54,false,Rx,0,8,01,01,FE,FF,FE,FF,00,00
219970000,55,false,Rx,0,8,10,27,00,00,00,00,00,00
219971000,56,false,Rx,0,8,10,27,00,00,00,00,00,00
219981000,57,false,Rx,0,8,00,00,FE,FF,FE,FF,00,00
219981000,60D,false,Rx,0,8,0D,10,DF,23,02,20,70,00
220013000,625,false,Rx,0,8,25,00,11,43,FD,BB,E4,01
220080000,60D,false,Rx,0,8,0D,10,DF,23,02,20,70,00
220113000,625,false,Rx,0,8,25,00,11,43,FD,BB,E4,01
220151000,2C4,false,Rx,0,8,05,00,00,00,DA,02,00,00
220152000,2C5,false,Rx,0,8,00,00,00,00,00,00,00,00
220152000,2C6,false,Rx,0,8,F4,01,84,03,00,00,00,00
220170000,54,false,Rx,0,8,01,01,FE,FF,FE,FF,00,00
220170000,55,false,Rx,0,8,10,27,00,00,00,00,00,00
220171000,56,false,Rx,0,8,10,27,00,00,00,00,00,00
220181000,57,false,Rx,0,8,00,00,FE,FF,FE,FF,00,00
220181000,60D,false,Rx,0,8,0D,10,DF,23,02,20,70,00
220213000,625,false,Rx,0,8,25,00,11,43,FD,BB,E4,01
220280000,60D,false,Rx,0,8,0D,10,DF,23,02,20,70,00
220313000,625,false,Rx,0,8,25,00,11,43,FD,BB,E4,01
220351000,2C4,false,Rx,0,8,05,00,00,00,DA,02,00,00
220352000,2C5,false,Rx,0,8,00,00,00,00,00,00,00,00
220352000,2C6,false,Rx,0,8,F4,01,84,03,00,00,00,00
220370000,54,false,Rx,0,8,01,01,FE,FF,FE,FF,00,00
220370000,55,false,Rx,0,8,10,27,00,00,00,00,00,00
220371000,56,false,Rx,0,8,10,27,00,00,00,00,00,00
220381000,57,false,Rx,0,8,00,00,FE,FF,FE,FF,00,00
220381000,60D,false,Rx,0,8,0D,10,DF,23,02,20,70,00
220413000,625,false,Rx,0,8,25,00,11,43,FD,BB,E4,01
220480000,60D,false,Rx,0,8,0D,10,DF,23,02,20,70,00
220513000,625,false,Rx,0,8,25,00,11,43,FD,BB,E4,01
220551000,2C4,false,Rx,0,8,05,00,00,00,DA,02,00,00
220552000,2C5,false,Rx,0,8,00,00,00,00,00,00,00,00
220552000,2C6,false,Rx,0,8,F4,01,84,03,00,00,00,00
220570000,54,false,Rx,0,8,01,01,FE,FF,FE,FF,00,00
220570000,55,false,Rx,0,8,10,27,00,00,00,00,00,00
220571000,56,false,Rx,0,8,10,27,00,00,00,00,00,00
220581000,57,false,Rx,0,8,00,00,FE,FF,FE,FF,00,00
220581000,60D,false,Rx,0,8,0D,10,DF,23,02,20,70,00
220613000,625,false,Rx,0,8,25,00,11,43,FD,BB,E4,01
220680000,60D,false,Rx,0,8,0D,10,DF,23,02,20,70,00
220713000,625,false,Rx,0,8,25,00,11,43,FD,BB,E4,01
220751000,2C4,false,Rx,0,8,05,00,00,00,D7,02,00,00
220752000,2C5,false,Rx,0,8,00,00,00,00,00,00,00,00
220752000,2C6,false,Rx,0,8,F4,01,84,03,00,00,00,00
220770000,54,false,Rx,0,8,01,01,FE,FF,FE,FF,00,00
220770000,55,false,Rx,0,8,10,27,00,00,00,00,00,00
220771000,56,false,Rx,0,8,10,27,00,00,00,00,00,00
220781000,57,false,Rx,0,8,00,00,FE,FF,FE,FF,00,00
220781000,60D,false,Rx,0,8,0D,10,DF,23,02,20,70,00
220813000,625,false,Rx,0,8,25,00,11,43,FD,BB,E4,01
220880000,60D,false,Rx,0,8,0D,10,DF,23,02,20,70,00
220913000,625,false,Rx,0,8,25,00,11,43,FD,BB,E4,01
220951000,2C4,false,Rx,0,8,05,00,00,00,DA,02,00,00
220952000,2C5,false,Rx,0,8,00,00,00,00,00,00,00,00
220952000,2C6,false,Rx,0,8,F4,01,84,03,00,00,00,00
220970000,54,false,Rx,0,8,01,01,FE,FF,FE,FF,00,00
220970000,55,false,Rx,0,8,10,27,00,00,00,00,00,00
220971000,56,false,Rx,0,8,10,27,00,00,00,00,00,00
220981000,57,false,Rx,0,8,00,00,FE,FF,FE,FF,00,00
220981000,60D,false,Rx,0,8,0D,10,DF,23,02,20,70,00
221013000,625,false,Rx,0,8,25,00,11,43,FD,BB,E4,01
221080000,60D,false,Rx,0,8,0D,10,DF,23,02,20,70,00
221113000,625,false,Rx,0,8,25,00,11,43,FD,BB,E4,01
221151000,2C4,false,Rx,0,8,05,00,00,00,DA,02,00,00
221152000,2C5,false,Rx,0,8,00,00,00,00,00,00,00,00
221152000,2C6,false,Rx,0,8,F4,01,84,03,00,00,00,00
221170000,54,false,Rx,0,8,01,01,FE,FF,FE,FF,00,00
221170000,55,false,Rx,0,8,10,27,00,00,00,00,00,00
221171000,56,false,Rx,0,8,10,27,00,00,00,00,00,00
221181000,57,false,Rx,0,8,00,00,FE,FF,FE,FF,00,00
221181000,60D,false,Rx,0,8,0D,10,DF,23,02,20,70,00
221213000,625,false,Rx,0,8,25,00,11,43,FD,BB,E4,01
221280000,60D,false,Rx,0,8,0D,10,DF,23,02,20,70,00
221313000,625,false,Rx,0,8,25,00,11,43,FD,BB,E4,01
221351000,2C4,false,Rx,0,8,05,00,00,00,DA,02,00,00
221352000,2C5,false,Rx,0,8,00,00,00,00,00,00,00,00
221352000,2C6,false,Rx,0,8,F4,01,84,03,00,00,00,00
221370000,54,false,Rx,0,8,01,01,FE,FF,FE,FF,00,00
221370000,55,false,Rx,0,8,10,27,00,00,00,00,00,00
221371000,56,false,Rx,0,8,10,27,00,00,00,00,00,00
221381000,57,false,Rx,0,8,00,00,FE,FF,FE,FF,00,00
221381000,60D,false,Rx,0,8,0D,10,DF,23,02,20,70,00
221413000,625,false,Rx,0,8,25,00,11,43,FD,BB,E4,01
221480000,60D,false,Rx,0,8,0D,10,DF,23,02,20,70,00
221513000,625,false,Rx,0,8,25,00,11,43,FD,BB,E4,01
221551000,2C4,false,Rx,0,8,05,00,00,00,DA,02,00,00
221552000,2C5,false,Rx,0,8,00,00,00,00,00,00,00,00
221552000,2C6,false,Rx,0,8,F4,01,84,03,00,00,00,00
221570000,54,false,Rx,0,8,01,01,FE,FF,FE,FF,00,00
221570000,55,false,Rx,0,8,10,27,00,00,00,00,00,00
221571000,56,false,Rx,0,8,10,27,00,00,00,00,00,00
221581000,57,false,Rx,0,8,00,00,FE,FF,FE,FF,00,00
221581000,60D,false,Rx,0,8,0D,10,DF,23,02,20,70,00
221613000,625,false,Rx,0,8,25,00,11,43,FD,BB,E4,01
221680000,60D,false,Rx,0,8,0D,10,DF,23,02,20,70,00
221713000,625,false,Rx,0,8,25,00,11,43,FD,BB,E4,01
221751000,2C4,false,Rx,0,8,05,00,00,00,DA,02,00,00
221752000,2C5,false,Rx,0,8,00,00,00,00,00,00,00,00
221752000,2C6,false,Rx,0,8,F4,01,84,03,00,00,00,00
221770000,54,false,Rx,0,8,01,01,FE,FF,FE,FF,00,00
221770000,55,false,Rx,0,8,10,27,00,00,00,00,00,00
221771000,56,false,Rx,0,8,10,27,00,00,00,00,00,00
221781000,57,false,Rx,0,8,00,00,FE,FF,FE,FF,00,00
221781000,60D,false,Rx,0,8,0D,10,DF,23,02,20,70,00
221813000,625,false,Rx,0,8,25,00,11,43,FD,BB,E4,01
221880000,60D,false,Rx,0,8,0D,10,DF,23,02,20,70,00
221913000,625,false,Rx,0,8,25,00,11,43,FD,BB,E4,01
221951000,2C4,false,Rx,0,8,05,00,00,00,DA,02,00,00
221952000,2C5,false,Rx,0,8,00,00,00,00,00,00,00,00
221952000,2C6,false,Rx,0,8,F4,01,84,03,00,00,00,00
221970000,54,false,Rx,0,8,01,01,FE,FF,FE,FF,00,00
221970000,55,false,Rx,0,8,10,27,00,00,00,00,00,00
221971000,56,false,Rx,0,8,10,27,00,00,00,00,00,00
221981000,57,false,Rx,0,8,00,00,FE,FF,FE,FF,00,00
221981000,60D,false,Rx,0,8,0D,10,DF,23,02,20,70,00
222013000,625,false,Rx,0,8,25,00,11,43,FD,BB,E4,01
222080000,60D,false,Rx,0,8,0D,10,DF,23,02,20,70,00
222113000,625,false,Rx,0,8,25,00,11,43,FD,BB,E4,01
222151000,2C4,false,Rx,0,8,05,00,00,00,DA,02,00,00
222152000,2C5,false,Rx,0,8,00,00,00,00,00,00,00,00
222152000,2C6,false,Rx,0,8,F4,01,84,03,00,00,00,00
222170000,54,false,Rx,0,8,01,01,FE,FF,FE,FF,00,00
222170000,55,false,Rx,0,8,10,27,00,00,00,00,00,00
222171000,56,false,Rx,0,8,10,27,00,00,00,00,00,00
222181000,57,false,Rx,0,8,00,00,FE,FF,FE,FF,00,00
222181000,60D,false,Rx,0,8,0D,10,DF,23,02,20,70,00
222213000,625,false,Rx,0,8,25,00,11,43,FD,BB,E4,01
222280000,60D,false,Rx,0,8,0D,10,DF,23,02,20,70,00
222313000,625,false,Rx,0,8,25,00,11,43,FD,BB,E4,01
222351000,2C4,false,Rx,0,8,05,00,00,00,DA,02,00,00
222352000,2C5,false,Rx,0,8,00,00,00,00,00,00,00,00
222352000,2C6,false,Rx,0,8,F4,01,84,03,00,00,00,00
222370000,54,false,Rx,0,8,01,01,FE,FF,FE,FF,00,00
222371000,55,false,Rx,0,8,10,27,00,00,00,00,00,00
222371000,56,false,Rx,0,8,10,27,00,00,00,00,00,00
222381000,57,false,Rx,0,8,00,00,FE,FF,FE,FF,00,00
222381000,60D,false,Rx,0,8,0D,10,DF,23,02,20,70,00
222413000,625,false,Rx,0,8,25,00,11,43,FD,BB,E4,01
222481000,60D,false,Rx,0,8,0D,10,DF,23,02,20,70,00
222513000,625,false,Rx,0,8,25,00,11,43,FD,BB,E4,01
222551000,2C4,false,Rx,0,8,05,00,00,00,DA,02,00,00
222552000,2C5,false,Rx,0,8,00,00,00,00,00,00,00,00
222552000,2C6,false,Rx,0,8,F4,01,84,03,00,00,00,00
222570000,54,false,Rx,0,8,01,01,FE,FF,FE,FF,00,00
222570000,55,false,Rx,0,8,10,27,00,00,00,00,00,00
222571000,56,false,Rx,0,8,10,27,00,00,00,00,00,00
222581000,57,false,Rx,0,8,00,00,FE,FF,FE,FF,00,00
222581000,60D,false,Rx,0,8,0D,10,DF,23,02,20,70,00
222613000,625,false,Rx,0,8,25,00,11,43,FD,BB,E4,01
222680000,60D,false,Rx,0,8,0D,10,DF,23,02,20,70,00
222713000,625,false,Rx,0,8,25,00,11,43,FD,BB,E4,01
222751000,2C4,false,Rx,0,8,05,00,00,00,DA,02,00,00
222752000,2C5,false,Rx,0,8,00,00,00,00,00,00,00,00
222752000,2C6,false,Rx,0,8,F4,01,84,03,00,00,00,00
222770000,54,false,Rx,0,8,01,01,FE,FF,FE,FF,00,00
222771000,55,false,Rx,0,8,10,27,00,00,00,00,00,00
222771000,56,false,Rx,0,8,10,27,00,00,00,00,00,00
222781000,57,false,Rx,0,8,00,00,FE,FF,FE,FF,00,00
222781000,60D,false,Rx,0,8,0D,10,DF,23,02,20,70,00
222813000,625,false,Rx,0,8,25,00,11,43,FD,BB,E4,01
222880000,60D,false,Rx,0,8,0D,10,DF,23,02,20,70,00
222913000,625,false,Rx,0,8,25,00,11,43,FD,BB,E4,01
222951000,2C4,false,Rx,0,8,05,00,00,00,DA,02,00,00
222951000,2C5,false,Rx,0,8,00,00,00,00,00,00,00,00
222952000,2C6,false,Rx,0,8,F4,01,84,03,00,00,00,00
222970000,54,false,Rx,0,8,01,01,FE,FF,FE,FF,00,00
222970000,55,false,Rx,0,8,10,27,00,00,00,00,00,00
222971000,56,false,Rx,0,8,10,27,00,00,00,00,00,00
222981000,57,false,Rx,0,8,00,00,FE,FF,FE,FF,00,00
222981000,60D,false,Rx,0,8,0D,10,DF,23,02,20,70,00
223013000,625,false,Rx,0,8,25,00,11,43,FD,BB,E4,01
223080000,60D,false,Rx,0,8,0D,10,DF,23,02,20,70,00
223113000,625,false,Rx,0,8,25,00,11,43,FD,BB,E4,01
223151000,2C4,false,Rx,0,8,05,00,00,00,DA,02,00,00
223151000,2C5,false,Rx,0,8,00,00,00,00,00,00,00,00
223152000,2C6,false,Rx,0,8,F4,01,84,03,00,00,00,00
223170000,54,false,Rx,0,8,01,01,FE,FF,FE,FF,00,00
223170000,55,false,Rx,0,8,10,27,00,00,00,00,00,00
223171000,56,false,Rx,0,8,10,27,00,00,00,00,00,00
223181000,57,false,Rx,0,8,00,00,FE,FF,FE,FF,00,00
223181000,60D,false,Rx,0,8,0D,10,DF,23,02,20,70,00
223213000,625,false,Rx,0,8,25,00,11,43,FD,BB,E4,01
223280000,60D,false,Rx,0,8,0D,10,DF,23,02,20,70,00
223313000,625,false,Rx,0,8,25,00,11,43,FD,BB,E4,01
223351000,2C4,false,Rx,0,8,05,00,00,00,DA,02,00,00
223351000,2C5,false,Rx,0,8,00,00,00,00,00,00,00,00
223352000,2C6,false,Rx,0,8,F4,01,84,03,00,00,00,00
223370000,54,false,Rx,0,8,01,01,FE,FF,FE,FF,00,00
223370000,55,false,Rx,0,8,10,27,00,00,00,00,00,00
223371000,56,false,Rx,0,8,10,27,00,00,00,00,00,00
223381000,57,false,Rx,0,8,00,00,FE,FF,FE,FF,00,00
223381000,60D,false,Rx,0,8,0D,10,DF,23,02,20,70,00
223413000,625,false,Rx,0,8,25,00,11,43,FD,BB,E4,01
223480000,60D,false,Rx,0,8,0D,10,DF,23,02,20,70,00
223513000,625,false,Rx,0,8,25,00,11,43,FD,BB,E4,01
223551000,2C4,false,Rx,0,8,05,00,00,00,DA,02,00,00
223551000,2C5,false,Rx,0,8,00,00,00,00,00,00,00,00
223552000,2C6,false,Rx,0,8,F4,01,84,03,00,00,00,00
223570000,54,false,Rx,0,8,01,01,FE,FF,FE,FF,00,00
223570000,55,false,Rx,0,8,10,27,00,00,00,00,00,00
223571000,56,false,Rx,0,8,10,27,00,00,00,00,00,00
223581000,57,false,Rx,0,8,00,00,FE,FF,FE,FF,00,00
223581000,60D,false,Rx,0,8,0D,10,DF,23,02,20,70,00
223613000,625,false,Rx,0,8,25,00,11,43,FD,BB,E4,01
223680000,60D,false,Rx,0,8,0D,10,DF,23,02,20,70,00
223713000,625,false,Rx,0,8,25,00,11,43,FD,BB,E4,01
223751000,2C4,false,Rx,0,8,05,00,00,00,DA,02,00,00
223751000,2C5,false,Rx,0,8,00,00,00,00,00,00,00,00
223752000,2C6,false,Rx,0,8,F4,01,84,03,00,00,00,00
223770000,54,false,Rx,0,8,01,01,FE,FF,FE,FF,00,00
223770000,55,false,Rx,0,8,10,27,00,00,00,00,00,00
223771000,56,false,Rx,0,8,10,27,00,00,00,00,00,00
223781000,57,false,Rx,0,8,00,00,FE,FF,FE,FF,00,00
223781000,60D,false,Rx,0,8,0D,10,DF,23,02,20,70,00
223813000,625,false,Rx,0,8,25,00,11,43,FD,BB,E4,01
223880000,60D,false,Rx,0,8,0D,10,DF,23,02,20,70,00
223913000,625,false,Rx,0,8,25,00,11,43,FD,BB,E4,01
223951000,2C4,false,Rx,0,8,05,00,00,00,DA,02,00,00
223951000,2C5,false,Rx,0,8,00,00,00,00,00,00,00,00
223952000,2C6,false,Rx,0,8,F4,01,84,03,00,00,00,00
223970000,54,false,Rx,0,8,01,01,FE,FF,FE,FF,00,00
223970000,55,false,Rx,0,8,10,27,00,00,00,00,00,00
223971000,56,false,Rx,0,8,10,27,00,00,00,00,00,00
223981000,57,false,Rx,0,8,00,00,FE,FF,FE,FF,00,00
223981000,60D,false,Rx,0,8,0D,10,DF,23,02,20,70,00
224013000,625,false,Rx,0,8,25,00,11,43,FD,BB,E4,01
224080000,60D,false,Rx,0,8,0D,10,DF,23,02,20,70,00
224113000,625,false,Rx,0,8,25,00,11,43,FD,BB,E4,01
224151000,2C4,false,Rx,0,8,05,00,00,00,DA,02,00,00
224151000,2C5,false,Rx,0,8,00,00,00,00,00,00,00,00
224152000,2C6,false,Rx,0,8,F4,01,84,03,00,00,00,00
224170000,54,false,Rx,0,8,01,01,FE,FF,FE,FF,00,00
224170000,55,false,Rx,0,8,10,27,00,00,00,00,00,00
224171000,56,false,Rx,0,8,10,27,00,00,00,00,00,00
224181000,57,false,Rx,0,8,00,00,FE,FF,FE,FF,00,00
224181000,60D,false,Rx,0,8,0D,10,DF,23,02,20,70,00
224213000,625,false,Rx,0,8,25,00,11,43,FD,BB,E4,01
224280000,60D,false,Rx,0,8,0D,10,DF,23,02,20,70,00
224313000,625,false,Rx,0,8,25,00,11,43,FD,BB,E4,01
224351000,2C4,false,Rx,0,8,05,00,00,00,DA,02,00,00
224351000,2C5,false,Rx,0,8,00,00,00,00,00,00,00,00
224352000,2C6,false,Rx,0,8,F4,01,84,03,00,00,00,00
224370000,54,false,Rx,0,8,01,01,FE,FF,FE,FF,00,00
224370000,55,false,Rx,0,8,10,27,00,00,00,00,00,00
224371000,56,false,Rx,0,8,10,27,00,00,00,00,00,00
224381000,57,false,Rx,0,8,00,00,FE,FF,FE,FF,00,00
224381000,60D,false,Rx,0,8,0D,10,DF,23,02,20,70,00
224413000,625,false,Rx,0,8,25,00,11,43,FD,BB,E4,01
224480000,60D,false,Rx,0,8,0D,10,DF,23,02,20,70,00
224513000,625,false,Rx,0,8,25,00,11,43,FD,BB,E4,01
224551000,2C4,false,Rx,0,8,05,00,00,00,DA,02,00,00
224551000,2C5,false,Rx,0,8,00,00,00,00,00,00,00,00
224552000,2C6,false,Rx,0,8,F4,01,84,03,00,00,00,00
224570000,54,false,Rx,0,8,01,01,FE,FF,FE,FF,00,00
224570000,55,false,Rx,0,8,10,27,00,00,00,00,00,00
224571000,56,false,Rx,0,8,10,27,00,00,00,00,00,00
224581000,57,false,Rx,0,8,00,00,FE,FF,FE,FF,00,00
224581000,60D,false,Rx,0,8,0D,10,DF,23,02,20,70,00
224613000,625,false,Rx,0,8,25,00,11,43,FD,BB,E4,01
224680000,60D,false,Rx,0,8,0D,10,DF,23,02,20,70,00
224713000,625,false,Rx,0,8,25,00,11,43,FD,BB,E4,01
224751000,2C4,false,Rx,0,8,05,00,00,00,DA,02,00,00
224751000,2C5,false,Rx,0,8,00,00,00,00,00,00,00,00
224752000,2C6,false,Rx,0,8,F4,01,84,03,00,00,00,00
224770000,54,false,Rx,0,8,01,01,FE,FF,FE,FF,00,00
224770000,55,false,Rx,0,8,10,27,00,00,00,00,00,00
224771000,56,false,Rx,0,8,10,27,00,00,00,00,00,00
224781000,57,false,Rx,0,8,00,00,FE,FF,FE,FF,00,00
224781000,60D,false,Rx,0,8,0D,10,DF,23,02,20,70,00
224813000,625,false,Rx,0,8,25,00,11,43,FD,BB,E4,01
224880000,60D,false,Rx,0,8,0D,10,DF,23,02,20,70,00
224913000,625,false,Rx,0,8,25,00,11,43,FD,BB,E4,01
224951000,2C4,false,Rx,0,8,05,00,00,00,DA,02,00,00
224951000,2C5,false,Rx,0,8,00,00,00,00,00,00,00,00
224952000,2C6,false,Rx,0,8,F4,01,84,03,00,00,00,00
224970000,54,false,Rx,0,8,01,01,FE,FF,FE,FF,00,00
224970000,55,false,Rx,0,8,10,27,00,00,00,00,00,00
224971000,56,false,Rx,0,8,10,27,00,00,00,00,00,00
224981000,57,false,Rx,0,8,00,00,FE,FF,FE,FF,00,00
224981000,60D,false,Rx,0,8,0D,10,DF,23,02,20,70,00
225013000,625,false,Rx,0,8,25,00,11,43,FD,BB,E4,01
225080000,60D,false,Rx,0,8,0D,10,DF,23,02,20,70,00
225113000,625,false,Rx,0,8,25,00,11,43,FD,BB,E4,01
225151000,2C4,false,Rx,0,8,05,00,00,00,DA,02,00,00
225151000,2C5,false,Rx,0,8,00,00,00,00,00,00,00,00
225152000,2C6,false,Rx,0,8,F4,01,84,03,00,00,00,00
225170000,54,false,Rx,0,8,01,01,FE,FF,FE,FF,00,00
225170000,55,false,Rx,0,8,10,27,00,00,00,00,00,00
225171000,56,false,Rx,0,8,10,27,00,00,00,00,00,00
225181000,57,false,Rx,0,8,00,00,FE,FF,FE,FF,00,00
225181000,60D,false,Rx,0,8,0D,10,DF,23,02,20,70,00
225213000,625,false,Rx,0,8,25,00,11,43,FD,BB,E4,01
225280000,60D,false,Rx,0,8,0D,10,DF,23,02,20,70,00
225313000,625,false,Rx,0,8,25,00,11,43,FD,BB,E4,01
225351000,2C4,false,Rx,0,8,05,00,00,00,DA,02,00,00
225351000,2C5,false,Rx,0,8,00,00,00,00,00,00,00,00
225352000,2C6,false,Rx,0,8,F4,01,84,03,00,00,00,00
225370000,54,false,Rx,0,8,01,01,FE,FF,FE,FF,00,00
225370000,55,false,Rx,0,8,10,27,00,00,00,00,00,00
225371000,56,false,Rx,0,8,10,27,00,00,00,00,00,00
225381000,57,false,Rx,0,8,00,00,FE,FF,FE,FF,00,00
225381000,60D,false,Rx,0,8,0D,10,DF,23,02,20,70,00
225413000,625,false,Rx,0,8,25,00,11,43,FD,BB,E4,01
225480000,60D,false,Rx,0,8,0D,10,DF,23,02,20,70,00
225513000,625,false,Rx,0,8,25,00,11,43,FD,BB,E4,01
225551000,2C4,false,Rx,0,8,05,00,00,00,DA,02,00,00
225551000,2C5,false,Rx,0,8,00,00,00,00,00,00,00,00
225552000,2C6,false,Rx,0,8,F4,01,84,03,00,00,00,00
225570000,54,false,Rx,0,8,01,01,FE,FF,FE,FF,00,00
225570000,55,false,Rx,0,8,10,27,00,00,00,00,00,00
225571000,56,false,Rx,0,8,10,27,00,00,00,00,00,00
225581000,57,false,Rx,0,8,00,00,FE,FF,FE,FF,00,00
225581000,60D,false,Rx,0,8,0D,10,DF,23,02,20,70,00
225613000,625,false,Rx,0,8,25,00,11,43,FD,BB,E4,01
225680000,60D,false,Rx,0,8,0D,10,DF,23,02,20,70,00
225713000,625,false,Rx,0,8,25,00,11,43,FD,BB,E4,01
225751000,2C4,false,Rx,0,8,05,00,00,00,DA,02,00,00
225751000,2C5,false,Rx,0,8,00,00,00,00,00,00,00,00
225752000,2C6,false,Rx,0,8,F4,01,84,03,00,00,00,00
225770000,54,false,Rx,0,8,01,01,FE,FF,FE,FF,00,00
225770000,55,false,Rx,0,8,10,27,00,00,00,00,00,00
225771000,56,false,Rx,0,8,10,27,00,00,00,00,00,00
225781000,57,false,Rx,0,8,00,00,FE,FF,FE,FF,00,00
225781000,60D,false,Rx,0,8,0D,10,DF,23,02,20,70,00
225813000,625,false,Rx,0,8,25,00,11,43,FD,BB,E4,01
225880000,60D,false,Rx,0,8,0D,10,DF,23,02,20,70,00
225913000,625,false,Rx,0,8,25,00,11,43,FD,BB,E4,01
225951000,2C4,false,Rx,0,8,05,00,00,00,DA,02,00,00
225951000,2C5,false,Rx,0,8,00,00,00,00,00,00,00,00
225952000,2C6,false,Rx,0,8,F4,01,84,03,00,00,00,00
225970000,54,false,Rx,0,8,01,01,FE,FF,FE,FF,00,00
225970000,55,false,Rx,0,8,10,27,00,00,00,00,00,00
225971000,56,false,Rx,0,8,10,27,00,00,00,00,00,00
225981000,57,false,Rx,0,8,00,00,FE,FF,FE,FF,00,00
225981000,60D,false,Rx,0,8,0D,10,DF,23,02,20,70,00
226013000,625,false,Rx,0,8,25,00,11,43,FD,BB,E4,01
226080000,60D,false,Rx,0,8,0D,10,DF,23,02,20,70,00
226113000,625,false,Rx,0,8,25,00,11,43,FD,BB,E4,01
226151000,2C4,false,Rx,0,8,05,00,00,00,DA,02,00,00
226151000,2C5,false,Rx,0,8,00,00,00,00,00,00,00,00
226152000,2C6,false,Rx,0,8,F4,01,84,03,00,00,00,00
226170000,54,false,Rx,0,8,01,01,FE,FF,FE,FF,00,00
226170000,55,false,Rx,0,8,10,27,00,00,00,00,00,00
226171000,56,false,Rx,0,8,10,27,00,00,00,00,00,00
226181000,57,false,Rx,0,8,00,00,FE,FF,FE,FF,00,00
226181000,60D,false,Rx,0,8,0D,10,DF,23,02,20,70,00
226213000,625,false,Rx,0,8,25,00,11,43,FD,BB,E4,01
226280000,60D,false,Rx,0,8,0D,10,DF,23,02,20,70,00
226313000,625,false,Rx,0,8,25,00,11,43,FD,BB,E4,01
226351000,2C4,false,Rx,0,8,05,00,00,00,DA,02,00,00
226351000,2C5,false,Rx,0,8,00,00,00,00,00,00,00,00
226352000,2C6,false,Rx,0,8,F4,01,84,03,00,00,00,00
226370000,54,false,Rx,0,8,01,01,FE,FF,FE,FF,00,00
226370000,55,false,Rx,0,8,10,27,00,00,00,00,00,00
226371000,56,false,Rx,0,8,10,27,00,00,00,00,00,00
226381000,57,false,Rx,0,8,00,00,FE,FF,FE,FF,00,00
226381000,60D,false,Rx,0,8,0D,10,DF,23,02,20,70,00
226413000,625,false,Rx,0,8,25,00,11,43,FD,BB,E4,01
226480000,60D,false,Rx,0,8,0D,10,DF,23,02,20,70,00
226513000,625,false,Rx,0,8,25,00,11,43,FD,BB,E4,01
226551000,2C4,false,Rx,0,8,05,00,00,00,DA,02,00,00
226551000,2C5,false,Rx,0,8,00,00,00,00,00,00,00,00
226552000,2C6,false,Rx,0,8,F4,01,84,03,00,00,00,00
226570000,54,false,Rx,0,8,01,01,FE,FF,FE,FF,00,00
226570000,55,false,Rx,0,8,10,27,00,00,00,00,00,00
226571000,56,false,Rx,0,8,10,27,00,00,00,00,00,00
226581000,57,false,Rx,0,8,00,00,FE,FF,FE,FF,00,00
226581000,60D,false,Rx,0,8,0D,10,DF,23,02,20,70,00
226613000,625,false,Rx,0,8,25,00,11,43,FD,BB,E4,01
226680000,60D,false,Rx,0,8,0D,10,DF,23,02,20,70,00
226713000,625,false,Rx,0,8,25,00,11,43,FD,BB,E4,01
226751000,2C4,false,Rx,0,8,05,00,00,00,DA,02,00,00
226751000,2C5,false,Rx,0,8,00,00,00,00,00,00,00,00
226752000,2C6,false,Rx,0,8,F4,01,84,03,00,00,00,00
226770000,54,false,Rx,0,8,01,01,FE,FF,FE,FF,00,00
226770000,55,false,Rx,0,8,10,27,00,00,00,00,00,00
226771000,56,false,Rx,0,8,10,27,00,00,00,00,00,00
226781000,57,false,Rx,0,8,00,00,FE,FF,FE,FF,00,00
226781000,60D,false,Rx,0,8,0D,10,DF,23,02,20,70,00
226813000,625,false,Rx,0,8,25,00,11,43,FD,BB,E4,01
226880000,60D,false,Rx,0,8,0D,10,DF,23,02,20,70,00
226913000,625,false,Rx,0,8,25,00,11,43,FD,BB,E4,01
226951000,2C4,false,Rx,0,8,05,00,00,00,DA,02,00,00
226951000,2C5,false,Rx,0,8,00,00,00,00,00,00,00,00
226952000,2C6,false,Rx,0,8,F4,01,84,03,00,00,00,00
226970000,54,false,Rx,0,8,01,01,FE,FF,FE,FF,00,00
226970000,55,false,Rx,0,8,10,27,00,00,00,00,00,00
226971000,56,false,Rx,0,8,10,27,00,00,00,00,00,00
226981000,57,false,Rx,0,8,00,00,FE,FF,FE,FF,00,00
226981000,60D,false,Rx,0,8,0D,10,DF,23,02,20,70,00
227013000,625,false,Rx,0,8,25,00,11,43,FD,BB,E4,01
227080000,60D,false,Rx,0,8,0D,10,DF,23,02,20,70,00
227113000,625,false,Rx,0,8,25,00,11,43,FD,BB,E4,01
227151000,2C4,false,Rx,0,8,05,00,00,00,DA,02,00,00
227151000,2C5,false,Rx,0,8,00,00,00,00,00,00,00,00
227152000,2C6,false,Rx,0,8,F4,01,84,03,00,00,00,00
227170000,54,false,Rx,0,8,01,01,FE,FF,FE,FF,00,00
227170000,55,false,Rx,0,8,10,27,00,00,00,00,00,00
227171000,56,false,Rx,0,8,10,27,00,00,00,00,00,00
227181000,57,false,Rx,0,8,00,00,FE,FF,FE,FF,00,00
227181000,60D,false,Rx,0,8,0D,10,DF,23,02,20,70,00
227213000,625,false,Rx,0,8,25,00,11,43,FD,BB,E4,01
227280000,60D,false,Rx,0,8,0D,10,DF,23,02,20,70,00
227313000,625,false,Rx,0,8,25,00,11,43,FD,BB,E4,01
227351000,2C4,false,Rx,0,8,05,00,00,00,DA,02,00,00
227351000,2C5,false,Rx,0,8,00,00,00,00,00,00,00,00
227352000,2C6,false,Rx,0,8,F4,01,84,03,00,00,00,00
227370000,54,false,Rx,0,8,01,01,FE,FF,FE,FF,00,00
227370000,55,false,Rx,0,8,10,27,00,00,00,00,00,00
227371000,56,false,Rx,0,8,10,27,00,00,00,00,00,00
227381000,57,false,Rx,0,8,00,00,FE,FF,FE,FF,00,00
227381000,60D,false,Rx,0,8,0D,10,DF,23,02,20,70,00
227413000,625,false,Rx,0,8,25,00,11,43,FD,BB,E4,01
227480000,60D,false,Rx,0,8,0D,10,DF,23,02,20,70,00
227513000,625,false,Rx,0,8,25,00,11,43,FD,BB,E4,01
227551000,2C4,false,Rx,0,8,05,00,00,00,DA,02,00,00
227551000,2C5,false,Rx,0,8,00,00,00,00,00,00,00,00
227551000,2C6,false,Rx,0,8,F4,01,84,03,00,00,00,00
227570000,54,false,Rx,0,8,01,01,FE,FF,FE,FF,00,00
227570000,55,false,Rx,0,8,10,27,00,00,00,00,00,00
227571000,56,false,Rx,0,8,10,27,00,00,00,00,00,00
227581000,57,false,Rx,0,8,00,00,FE,FF,FE,FF,00,00
227581000,60D,false,Rx,0,8,0D,10,DF,23,02,20,70,00
227613000,625,false,Rx,0,8,25,00,11,43,FD,BB,E4,01
227680000,60D,false,Rx,0,8,0D,10,DF,23,02,20,70,00
227713000,625,false,Rx,0,8,25,00,11,43,FD,BB,E4,01
227751000,2C4,false,Rx,0,8,05,00,00,00,DA,02,00,00
227751000,2C5,false,Rx,0,8,00,00,00,00,00,00,00,00
227751000,2C6,false,Rx,0,8,F4,01,84,03,00,00,00,00
227770000,54,false,Rx,0,8,01,01,FE,FF,FE,FF,00,00
227770000,55,false,Rx,0,8,10,27,00,00,00,00,00,00
227771000,56,false,Rx,0,8,10,27,00,00,00,00,00,00
227781000,57,false,Rx,0,8,00,00,FE,FF,FE,FF,00,00
227781000,60D,false,Rx,0,8,0D,10,DF,23,02,20,70,00
227813000,625,false,Rx,0,8,25,00,11,43,FD,BB,E4,01
227880000,60D,false,Rx,0,8,0D,10,DF,23,02,20,70,00
227913000,625,false,Rx,0,8,25,00,11,43,FD,BB,E4,01
227951000,2C4,false,Rx,0,8,05,00,00,00,DA,02,00,00
227951000,2C5,false,Rx,0,8,00,00,00,00,00,00,00,00
227951000,2C6,false,Rx,0,8,F4,01,84,03,00,00,00,00
227970000,54,false,Rx,0,8,01,01,FE,FF,FE,FF,00,00
227970000,55,false,Rx,0,8,10,27,00,00,00,00,00,00
227971000,56,false,Rx,0,8,10,27,00,00,00,00,00,00
227981000,57,false,Rx,0,8,00,00,FE,FF,FE,FF,00,00
227981000,60D,false,Rx,0,8,0D,10,DF,23,02,20,70,00
228013000,625,false,Rx,0,8,25,00,11,43,FD,BB,E4,01
228080000,60D,false,Rx,0,8,0D,10,DF,23,02,20,70,00
228113000,625,false,Rx,0,8,25,00,11,43,FD,BB,E4,01
228151000,2C4,false,Rx,0,8,05,00,00,00,DA,02,00,00
228151000,2C5,false,Rx,0,8,00,00,00,00,00,00,00,00
228151000,2C6,false,Rx,0,8,F4,01,84,03,00,00,00,00
228170000,54,false,Rx,0,8,01,01,FE,FF,FE,FF,00,00
228170000,55,false,Rx,0,8,10,27,00,00,00,00,00,00
228171000,56,false,Rx,0,8,10,27,00,00,00,00,00,00
228181000,57,false,Rx,0,8,00,00,FE,FF,FE,FF,00,00
228181000,60D,false,Rx,0,8,0D,10,DF,23,02,20,70,00
228213000,625,false,Rx,0,8,25,00,11,43,FD,BB,E4,01
228280000,60D,false,Rx,0,8,0D,10,DF,23,02,20,70,00
228313000,625,false,Rx,0,8,25,00,11,43,FD,BB,E4,01
228351000,2C4,false,Rx,0,8,05,00,00,00,DA,02,00,00
228351000,2C5,false,Rx,0,8,00,00,00,00,00,00,00,00
228351000,2C6,false,Rx,0,8,F4,01,84,03,00,00,00,00
228370000,54,false,Rx,0,8,01,01,FE,FF,FE,FF,00,00
228370000,55,false,Rx,0,8,10,27,00,00,00,00,00,00
228371000,56,false,Rx,0,8,10,27,00,00,00,00,00,00
228381000,57,false,Rx,0,8,00,00,FE,FF,FE,FF,00,00
228381000,60D,false,Rx,0,8,0D,10,DF,23,02,20,70,00
228413000,625,false,Rx,0,8,25,00,11,43,FD,BB,E4,01
228480000,60D,false,Rx,0,8,0D,10,DF,23,02,20,70,00
228513000,625,false,Rx,0,8,25,00,11,43,FD,BB,E4,01
228551000,2C4,false,Rx,0,8,05,00,00,00,DA,02,00,00
228551000,2C5,false,Rx,0,8,00,00,00,00,00,00,00,00
228551000,2C6,false,Rx,0,8,F4,01,84,03,00,00,00,00
228570000,54,false,Rx,0,8,01,01,FE,FF,FE,FF,00,00
228570000,55,false,Rx,0,8,10,27,00,00,00,00,00,00
228571000,56,false,Rx,0,8,10,27,00,00,00,00,00,00
228581000,57,false,Rx,0,8,00,00,FE,FF,FE,FF,00,00
228581000,60D,false,Rx,0,8,0D,10,DF,23,02,20,70,00
228613000,625,false,Rx,0,8,25,00,11,43,FD,BB,E4,01
228680000,60D,false,Rx,0,8,0D,10,DF,23,02,20,70,00
228713000,625,false,Rx,0,8,25,00,11,43,FD,BB,E4,01
228751000,2C4,false,Rx,0,8,05,00,00,00,DA,02,00,00
228751000,2C5,false,Rx,0,8,00,00,00,00,00,00,00,00
228751000,2C6,false,Rx,0,8,F4,01,84,03,00,00,00,00
228770000,54,false,Rx,0,8,01,01,FE,FF,FE,FF,00,00
228770000,55,false,Rx,0,8,10,27,00,00,00,00,00,00
228771000,56,false,Rx,0,8,10,27,00,00,00,00,00,00
228781000,57,false,Rx,0,8,00,00,FE,FF,FE,FF,00,00
228781000,60D,false,Rx,0,8,0D,10,DF,23,02,20,70,00
228813000,625,false,Rx,0,8,25,00,11,43,FD,BB,E4,01
228880000,60D,false,Rx,0,8,0D,10,DF,23,02,20,70,00
228913000,625,false,Rx,0,8,25,00,11,43,FD,BB,E4,01
228951000,2C4,false,Rx,0,8,05,00,00,00,DA,02,00,00
228951000,2C5,false,Rx,0,8,00,00,00,00,00,00,00,00
228951000,2C6,false,Rx,0,8,F4,01,84,03,00,00,00,00
228970000,54,false,Rx,0,8,01,01,FE,FF,FE,FF,00,00
228970000,55,false,Rx,0,8,10,27,00,00,00,00,00,00
228971000,56,false,Rx,0,8,10,27,00,00,00,00,00,00
228981000,57,false,Rx,0,8,00,00,FE,FF,FE,FF,00,00
228981000,60D,false,Rx,0,8,0D,10,DF,23,02,20,70,00
229013000,625,false,Rx,0,8,25,00,11,43,FD,BB,E4,01
229080000,60D,false,Rx,0,8,0D,10,DF,23,02,20,70,00
229113000,625,false,Rx,0,8,25,00,11,43,FD,BB,E4,01
229151000,2C4,false,Rx,0,8,05,00,00,00,DA,02,00,00
229151000,2C5,false,Rx,0,8,00,00,00,00,00,00,00,00
229151000,2C6,false,Rx,0,8,F4,01,84,03,00,00,00,00
229170000,54,false,Rx,0,8,01,01,FE,FF,FE,FF,00,00
229170000,55,false,Rx,0,8,10,27,00,00,00,00,00,00
229171000,56,false,Rx,0,8,10,27,00,00,00,00,00,00
229181000,57,false,Rx,0,8,00,00,FE,FF,FE,FF,00,00
229181000,60D,false,Rx,0,8,0D,10,DF,23,02,20,70,00
229213000,625,false,Rx,0,8,25,00,11,43,FD,BB,E4,01
229280000,60D,false,Rx,0,8,0D,10,DF,23,02,20,70,00
229313000,625,false,Rx,0,8,25,00,11,43,FD,BB,E4,01
229351000,2C4,false,Rx,0,8,05,00,00,00,DA,02,00,00
229351000,2C5,false,Rx,0,8,00,00,00,00,00,00,00,00
229351000,2C6,false,Rx,0,8,F4,01,84,03,00,00,00,00
229370000,54,false,Rx,0,8,01,01,FE,FF,FE,FF,00,00
229370000,55,false,Rx,0,8,10,27,00,00,00,00,00,00
229371000,56,false,Rx,0,8,10,27,00,00,00,00,00,00
229381000,57,false,Rx,0,8,00,00,FE,FF,FE,FF,00,00
229381000,60D,false,Rx,0,8,0D,10,DF,23,02,20,70,00
229413000,625,false,Rx,0,8,25,00,11,43,FD,BB,E4,01
229480000,60D,false,Rx,0,8,0D,10,DF,23,02,20,70,00
229513000,625,false,Rx,0,8,25,00,11,43,FD,BB,E4,01
229551000,2C4,false,Rx,0,8,05,00,00,00,DA,02,00,00
229551000,2C5,false,Rx,0,8,00,00,00,00,00,00,00,00
229551000,2C6,false,Rx,0,8,F4,01,84,03,00,00,00,00
229570000,54,false,Rx,0,8,01,01,FE,FF,FE,FF,00,00
229570000,55,false,Rx,0,8,10,27,00,00,00,00,00,00
229571000,56,false,Rx,0,8,10,27,00,00,00,00,00,00
229581000,57,false,Rx,0,8,00,00,FE,FF,FE,FF,00,00
229581000,60D,false,Rx,0,8,0D,10,DF,23,02,20,70,00
229613000,625,false,Rx,0,8,25,00,11,43,FD,BB,E4,01
229680000,60D,false,Rx,0,8,0D,10,DF,23,02,20,70,00
229713000,625,false,Rx,0,8,25,00,11,43,FD,BB,E4,01
229751000,2C4,false,Rx,0,8,05,00,00,00,DA,02,00,00
229751000,2C5,false,Rx,0,8,00,00,00,00,00,00,00,00
229751000,2C6,false,Rx,0,8,F4,01,84,03,00,00,00,00
229770000,54,false,Rx,0,8,01,01,FE,FF,FE,FF,00,00
229770000,55,false,Rx,0,8,10,27,00,00,00,00,00,00
229771000,56,false,Rx,0,8,10,27,00,00,00,00,00,00
229781000,57,false,Rx,0,8,00,00,FE,FF,FE,FF,00,00
229781000,60D,false,Rx,0,8,0D,10,DF,23,02,20,70,00
229813000,625,false,Rx,0,8,25,00,11,43,FD,BB,E4,01
229880000,60D,false,Rx,0,8,0D,10,DF,23,02,20,70,00
229913000,625,false,Rx,0,8,25,00,11,43,FD,BB,E4,01
229951000,2C4,false,Rx,0,8,05,00,00,00,DA,02,00,00
229951000,2C5,false,Rx,0,8,00,00,00,00,00,00,00,00
229951000,2C6,false,Rx,0,8,F4,01,84,03,00,00,00,00
229970000,54,false,Rx,0,8,01,01,FE,FF,FE,FF,00,00
229970000,55,false,Rx,0,8,10,27,00,00,00,00,00,00
229971000,56,false,Rx,0,8,10,27,00,00,00,00,00,00
229981000,57,false,Rx,0,8,00,00,FE,FF,FE,FF,00,00
229981000,60D,false,Rx,0,8,0D,10,DF,23,02,20,70,00
230013000,625,false,Rx,0,8,25,00,11,43,FD,BB,E4,01
230080000,60D,false,Rx,0,8,0D,10,DF,23,02,20,70,00
230113000,625,false,Rx,0,8,25,00,11,43,FD,BB,E4,01
230151000,2C4,false,Rx,0,8,05,00,00,00,DA,02,00,00
230151000,2C5,false,Rx,0,8,00,00,00,00,00,00,00,00
230151000,2C6,false,Rx,0,8,F4,01,84,03,00,00,00,00
230170000,54,false,Rx,0,8,01,01,FE,FF,FE,FF,00,00
230170000,55,false,Rx,0,8,10,27,00,00,00,00,00,00
230171000,56,false,Rx,0,8,10,27,00,00,00,00,00,00
230181000,57,false,Rx,0,8,00,00,FE,FF,FE,FF,00,00
230181000,60D,false,Rx,0,8,0D,10,DF,23,02,20,70,00
230213000,625,false,Rx,0,8,25,00,11,43,FD,BB,E4,01
230280000,60D,false,Rx,0,8,0D,10,DF,23,02,20,70,00
230313000,625,false,Rx,0,8,25,00,11,43,FD,BB,E4,01
230351000,2C4,false,Rx,0,8,05,00,00,00,DA,02,00,00
230351000,2C5,false,Rx,0,8,00,00,00,00,00,00,00,00
230351000,2C6,false,Rx,0,8,F4,01,84,03,00,00,00,00
230370000,54,false,Rx,0,8,01,01,FE,FF,FE,FF,00,00
230370000,55,false,Rx,0,8,10,27,00,00,00,00,00,00
230371000,56,false,Rx,0,8,10,27,00,00,00,00,00,00
230381000,57,false,Rx,0,8,00,00,FE,FF,FE,FF,00,00
230381000,60D,false,Rx,0,8,0D,10,DF,23,02,20,70,00
230413000,625,false,Rx,0,8,25,00,11,43,FD,BB,E4,01
230480000,60D,false,Rx,0,8,0D,10,DF,23,02,20,70,00
230513000,625,false,Rx,0,8,25,00,11,43,FD,BB,E4,01
230551000,2C4,false,Rx,0,8,05,00,00,00,DA,02,00,00
230551000,2C5,false,Rx,0,8,00,00,00,00,00,00,00,00
230551000,2C6,false,Rx,0,8,F4,01,84,03,00,00,00,00
230570000,54,false,Rx,0,8,01,01,FE,FF,FE,FF,00,00
230570000,55,false,Rx,0,8,10,27,00,00,00,00,00,00
230571000,56,false,Rx,0,8,10,27,00,00,00,00,00,00
230581000,57,false,Rx,0,8,00,00,FE,FF,FE,FF,00,00
230581000,60D,false,Rx,0,8,0D,10,DF,23,02,20,70,00
230613000,625,false,Rx,0,8,25,00,11,43,FD,BB,E4,01
230680000,60D,false,Rx,0,8,0D,10,DF,23,02,20,70,00
230713000,625,false,Rx,0,8,25,00,11,43,FD,BB,E4,01
230751000,2C4,false,Rx,0,8,05,00,00,00,DA,02,00,00
230751000,2C5,false,Rx,0,8,00,00,00,00,00,00,00,00
230751000,2C6,false,Rx,0,8,F4,01,84,03,00,00,00,00
230770000,54,false,Rx,0,8,01,01,FE,FF,FE,FF,00,00
230770000,55,false,Rx,0,8,10,27,00,00,00,00,00,00
230771000,56,false,Rx,0,8,10,27,00,00,00,00,00,00
230781000,57,false,Rx,0,8,00,00,FE,FF,FE,FF,00,00
230781000,60D,false,Rx,0,8,0D,10,DF,23,02,20,70,00
230813000,625,false,Rx,0,8,25,00,11,43,FD,BB,E4,01
230880000,60D,false,Rx,0,8,0D,10,DF,23,02,20,70,00
230913000,625,false,Rx,0,8,25,00,11,43,FD,BB,E4,01
230951000,2C4,false,Rx,0,8,05,00,00,00,DA,02,00,00
230951000,2C5,false,Rx,0,8,00,00,00,00,00,00,00,00
230951000,2C6,false,Rx,0,8,F4,01,84,03,00,00,00,00
230970000,54,false,Rx,0,8,01,01,FE,FF,FE,FF,00,00
230970000,55,false,Rx,0,8,10,27,00,00,00,00,00,00
230971000,56,false,Rx,0,8,10,27,00,00,00,00,00,00
230981000,57,false,Rx,0,8,00,00,FE,FF,FE,FF,00,00
230981000,60D,false,Rx,0,8,0D,10,DF,23,02,20,70,00
231013000,625,false,Rx,0,8,25,00,11,43,FD,BB,E4,01
231080000,60D,false,Rx,0,8,0D,10,DF,23,02,20,70,00
231113000,625,false,Rx,0,8,25,00,11,43,FD,BB,E4,01
231151000,2C4,false,Rx,0,8,05,00,00,00,DA,02,00,00
231151000,2C5,false,Rx,0,8,00,00,00,00,00,00,00,00
231151000,2C6,false,Rx,0,8,F4,01,84,03,00,00,00,00
231170000,54,false,Rx,0,8,01,01,FE,FF,FE,FF,00,00
231170000,55,false,Rx,0,8,10,27,00,00,00,00,00,00
231171000,56,false,Rx,0,8,10,27,00,00,00,00,00,00
231181000,57,false,Rx,0,8,00,00,FE,FF,FE,FF,00,00
231181000,60D,false,Rx,0,8,0D,10,DF,23,02,20,70,00
231213000,625,false,Rx,0,8,25,00,11,43,FD,BB,E4,01
231280000,60D,false,Rx,0,8,0D,10,DF,23,02,20,70,00
231313000,625,false,Rx,0,8,25,00,11,43,FD,BB,E4,01
231351000,2C4,false,Rx,0,8,05,00,00,00,DA,02,00,00
231351000,2C5,false,Rx,0,8,00,00,00,00,00,00,00,00
231351000,2C6,false,Rx,0,8,F4,01,84,03,00,00,00,00
231370000,54,false,Rx,0,8,01,01,FE,FF,FE,FF,00,00
231370000,55,false,Rx,0,8,10,27,00,00,00,00,00,00
231371000,56,false,Rx,0,8,10,27,00,00,00,00,00,00
231381000,57,false,Rx,0,8,00,00,FE,FF,FE,FF,00,00
231381000,60D,false,Rx,0,8,0D,10,DF,23,02,20,70,00
231413000,625,false,Rx,0,8,25,00,11,43,FD,BB,E4,01
231480000,60D,false,Rx,0,8,0D,10,DF,23,02,20,70,00
231513000,625,false,Rx,0,8,25,00,11,43,FD,BB,E4,01
231551000,2C4,false,Rx,0,8,05,00,00,00,DA,02,00,00
231551000,2C5,false,Rx,0,8,00,00,00,00,00,00,00,00
231551000,2C6,false,Rx,0,8,F4,01,84,03,00,00,00,00
231570000,54,false,Rx,0,8,01,01,FE,FF,FE,FF,00,00
231570000,55,false,Rx,0,8,10,27,00,00,00,00,00,00
231571000,56,false,Rx,0,8,10,27,00,00,00,00,00,00
231581000,57,false,Rx,0,8,00,00,FE,FF,FE,FF,00,00
231581000,60D,false,Rx,0,8,0D,10,DF,23,02,20,70,00
231613000,625,false,Rx,0,8,25,00,11,43,FD,BB,E4,01
231680000,60D,false,Rx,0,8,0D,10,DF,23,02,20,70,00
231713000,625,false,Rx,0,8,25,00,11,43,FD,BB,E4,01
231751000,2C4,false,Rx,0,8,05,00,00,00,DA,02,00,00
231751000,2C5,false,Rx,0,8,00,00,00,00,00,00,00,00
231751000,2C6,false,Rx,0,8,F4,01,84,03,00,00,00,00
231770000,54,false,Rx,0,8,01,01,FE,FF,FE,FF,00,00
231770000,55,false,Rx,0,8,10,27,00,00,00,00,00,00
231771000,56,false,Rx,0,8,10,27,00,00,00,00,00,00
231781000,57,false,Rx,0,8,00,00,FE,FF,FE,FF,00,00
231781000,60D,false,Rx,0,8,0D,10,DF,23,02,20,70,00
231813000,625,false,Rx,0,8,25,00,11,43,FD,BB,E4,01
231880000,60D,false,Rx,0,8,0D,10,DF,23,02,20,70,00
231913000,625,false,Rx,0,8,25,00,11,43,FD,BB,E4,01
231951000,2C4,false,Rx,0,8,05,00,00,00,DA,02,00,00
231951000,2C5,false,Rx,0,8,00,00,00,00,00,00,00,00
231951000,2C6,false,Rx,0,8,F4,01,84,03,00,00,00,00
231970000,54,false,Rx,0,8,01,01,FE,FF,FE,FF,00,00
231970000,55,false,Rx,0,8,10,27,00,00,00,00,00,00
231971000,56,false,Rx,0,8,10,27,00,00,00,00,00,00
231981000,57,false,Rx,0,8,00,00,FE,FF,FE,FF,00,00
231981000,60D,false,Rx,0,8,0D,10,DF,23,02,20,70,00
232013000,625,false,Rx,0,8,25,00,11,43,FD,BB,E4,01
232080000,60D,false,Rx,0,8,0D,10,DF,23,02,20,70,00
232113000,625,false,Rx,0,8,25,00,11,43,FD,BB,E4,01
232151000,2C4,false,Rx,0,8,05,00,00,00,DA,02,00,00
232151000,2C5,false,Rx,0,8,00,00,00,00,00,00,00,00
232151000,2C6,false,Rx,0,8,F4,01,84,03,00,00,00,00
232170000,54,false,Rx,0,8,01,01,FE,FF,FE,FF,00,00
232170000,55,false,Rx,0,8,10,27,00,00,00,00,00,00
232171000,56,false,Rx,0,8,10,27,00,00,00,00,00,00
232181000,57,false,Rx,0,8,00,00,FE,FF,FE,FF,00,00
232181000,60D,false,Rx,0,8,0D,10,DF,23,02,20,70,00
232213000,625,false,Rx,0,8,25,00,11,43,FD,BB,E4,01
232280000,60D,false,Rx,0,8,0D,10,DF,23,02,20,70,00
232313000,625,false,Rx,0,8,25,00,11,43,FD,BB,E4,01
232351000,2C4,false,Rx,0,8,05,00,00,00,DA,02,00,00
232351000,2C5,false,Rx,0,8,00,00,00,00,00,00,00,00
232351000,2C6,false,Rx,0,8,F4,01,84,03,00,00,00,00
232370000,54,false,Rx,0,8,01,01,FE,FF,FE,FF,00,00
232370000,55,false,Rx,0,8,10,27,00,00,00,00,00,00
232371000,56,false,Rx,0,8,10,27,00,00,00,00,00,00
232381000,57,false,Rx,0,8,00,00,FE,FF,FE,FF,00,00
232381000,60D,false,Rx,0,8,0D,10,DF,23,02,20,70,00
232413000,625,false,Rx,0,8,25,00,11,43,FD,BB,E4,01
232480000,60D,false,Rx,0,8,0D,10,DF,23,02,20,70,00
232513000,625,false,Rx,0,8,25,00,11,43,FD,BB,E4,01
232551000,2C4,false,Rx,0,8,05,00,00,00,DA,02,00,00
232551000,2C5,false,Rx,0,8,00,00,00,00,00,00,00,00
232551000,2C6,false,Rx,0,8,F4,01,84,03,00,00,00,00
232570000,54,false,Rx,0,8,01,01,FE,FF,FE,FF,00,00
232570000,55,false,Rx,0,8,10,27,00,00,00,00,00,00
232571000,56,false,Rx,0,8,10,27,00,00,00,00,00,00
232581000,57,false,Rx,0,8,00,00,FE,FF,FE,FF,00,00
232581000,60D,false,Rx,0,8,0D,10,DF,23,02,20,70,00
232613000,625,false,Rx,0,8,25,00,11,43,FD,BB,E4,01
232680000,60D,false,Rx,0,8,0D,10,DF,23,02,20,70,00
232713000,625,false,Rx,0,8,25,00,11,43,FD,BB,E4,01
232751000,2C4,false,Rx,0,8,05,00,00,00,DA,02,00,00
232751000,2C5,false,Rx,0,8,00,00,00,00,00,00,00,00
232751000,2C6,false,Rx,0,8,F4,01,84,03,00,00,00,00
232770000,54,false,Rx,0,8,01,01,FE,FF,FE,FF,00,00
232770000,55,false,Rx,0,8,10,27,00,00,00,00,00,00
232771000,56,false,Rx,0,8,10,27,00,00,00,00,00,00
232781000,57,false,Rx,0,8,00,00,FE,FF,FE,FF,00,00
232781000,60D,false,Rx,0,8,0D,10,DF,23,02,20,70,00
232813000,625,false,Rx,0,8,25,00,11,43,FD,BB,E4,01
232880000,60D,false,Rx,0,8,0D,10,DF,23,02,20,70,00
232913000,625,false,Rx,0,8,25,00,11,43,FD,BB,E4,01
232951000,2C4,false,Rx,0,8,05,00,00,00,DA,02,00,00
232951000,2C5,false,Rx,0,8,00,00,00,00,00,00,00,00
232951000,2C6,false,Rx,0,8,F4,01,84,03,00,00,00,00
232970000,54,false,Rx,0,8,01,01,FE,FF,FE,FF,00,00
232970000,55,false,Rx,0,8,10,27,00,00,00,00,00,00
232971000,56,false,Rx,0,8,10,27,00,00,00,00,00,00
232981000,57,false,Rx,0,8,00,00,FE,FF,FE,FF,00,00
232981000,60D,false,Rx,0,8,0D,10,DF,23,02,20,70,00
233013000,625,false,Rx,0,8,25,00,11,43,FD,BB,E4,01
233080000,60D,false,Rx,0,8,0D,10,DF,23,02,20,70,00
233113000,625,false,Rx,0,8,25,00,11,43,FD,BB,E4,01
233151000,2C4,false,Rx,0,8,05,00,00,00,DA,02,00,00
233151000,2C5,false,Rx,0,8,00,00,00,00,00,00,00,00
233151000,2C6,false,Rx,0,8,F4,01,84,03,00,00,00,00
233170000,54,false,Rx,0,8,01,01,FE,FF,FE,FF,00,00
233170000,55,false,Rx,0,8,10,27,00,00,00,00,00,00
233171000,56,false,Rx,0,8,10,27,00,00,00,00,00,00
233181000,57,false,Rx,0,8,00,00,FE,FF,FE,FF,00,00
233181000,60D,false,Rx,0,8,0D,10,DF,23,02,20,70,00
233213000,625,false,Rx,0,8,25,00,11,43,FD,BB,E4,01
233280000,60D,false,Rx,0,8,0D,10,DF,23,02,20,70,00
233313000,625,false,Rx,0,8,25,00,11,43,FD,BB,E4,01
233351000,2C4,false,Rx,0,8,05,00,00,00,DA,02,00,00
233351000,2C5,false,Rx,0,8,00,00,00,00,00,00,00,00
233351000,2C6,false,Rx,0,8,F4,01,84,03,00,00,00,00
233370000,54,false,Rx,0,8,01,01,FE,FF,FE,FF,00,00
233370000,55,false,Rx,0,8,10,27,00,00,00,00,00,00
233371000,56,false,Rx,0,8,10,27,00,00,00,00,00,00
233381000,57,false,Rx,0,8,00,00,FE,FF,FE,FF,00,00
233381000,60D,false,Rx,0,8,0D,10,DF,23,02,20,70,00
233413000,625,false,Rx,0,8,25,00,11,43,FD,BB,E4,01
233480000,60D,false,Rx,0,8,0D,10,DF,23,02,20,70,00
233513000,625,false,Rx,0,8,25,00,11,43,FD,BB,E4,01
233551000,2C4,false,Rx,0,8,05,00,00,00,DA,02,00,00
233551000,2C5,false,Rx,0,8,00,00,00,00,00,00,00,00
233551000,2C6,false,Rx,0,8,F4,01,84,03,00,00,00,00
233570000,54,false,Rx,0,8,01,01,FE,FF,FE,FF,00,00
233570000,55,false,Rx,0,8,10,27,00,00,00,00,00,00
233570000,56,false,Rx,0,8,10,27,00,00,00,00,00,00
233581000,57,false,Rx,0,8,00,00,FE,FF,FE,FF,00,00
233581000,60D,false,Rx,0,8,0D,10,DF,23,02,20,70,00
233613000,625,false,Rx,0,8,25,00,11,43,FD,BB,E4,01
233680000,60D,false,Rx,0,8,0D,10,DF,23,02,20,70,00
233713000,625,false,Rx,0,8,25,00,11,43,FD,BB,E4,01
233751000,2C4,false,Rx,0,8,05,00,00,00,DA,02,00,00
233751000,2C5,false,Rx,0,8,00,00,00,00,00,00,00,00
233751000,2C6,false,Rx,0,8,F4,01,84,03,00,00,00,00
233770000,54,false,Rx,0,8,01,01,FE,FF,FE,FF,00,00
233770000,55,false,Rx,0,8,10,27,00,00,00,00,00,00
233771000,56,false,Rx,0,8,10,27,00,00,00,00,00,00
233781000,57,false,Rx,0,8,00,00,FE,FF,FE,FF,00,00
233781000,60D,false,Rx,0,8,0D,10,DF,23,02,20,70,00
233813000,625,false,Rx,0,8,25,00,11,43,FD,BB,E4,01
233880000,60D,false,Rx,0,8,0D,10,DF,23,02,20,70,00
233913000,625,false,Rx,0,8,25,00,11,43,FD,BB,E4,01
233951000,2C4,false,Rx,0,8,05,00,00,00,DA,02,00,00
233951000,2C5,false,Rx,0,8,00,00,00,00,00,00,00,00
233951000,2C6,false,Rx,0,8,F4,01,84,03,00,00,00,00
233970000,54,false,Rx,0,8,01,01,FE,FF,FE,FF,00,00
233970000,55,false,Rx,0,8,10,27,00,00,00,00,00,00
233971000,56,false,Rx,0,8,10,27,00,00,00,00,00,00
233981000,57,false,Rx,0,8,00,00,FE,FF,FE,FF,00,00
233981000,60D,false,Rx,0,8,0D,10,DF,23,02,20,70,00
234013000,625,false,Rx,0,8,25,00,11,43,FD,BB,E4,01
234080000,60D,false,Rx,0,8,0D,10,DF,23,02,20,70,00
234113000,625,false,Rx,0,8,25,00,11,43,FD,BB,E4,01
234151000,2C4,false,Rx,0,8,05,00,00,00,DA,02,00,00
234151000,2C5,false,Rx,0,8,00,00,00,00,00,00,00,00
234151000,2C6,false,Rx,0,8,F4,01,84,03,00,00,00,00
234170000,54,false,Rx,0,8,01,01,FE,FF,FE,FF,00,00
234170000,55,false,Rx,0,8,10,27,00,00,00,00,00,00
234170000,56,false,Rx,0,8,10,27,00,00,00,00,00,00
234181000,57,false,Rx,0,8,00,00,FE,FF,FE,FF,00,00
234181000,60D,false,Rx,0,8,0D,10,DF,23,02,20,70,00
234213000,625,false,Rx,0,8,25,00,11,43,FD,BB,E4,01
234280000,60D,false,Rx,0,8,0D,10,DF,23,02,20,70,00
234313000,625,false,Rx,0,8,25,00,11,43,FD,BB,E4,01
234351000,2C4,false,Rx,0,8,05,00,00,00,DA,02,00,00
234351000,2C5,false,Rx,0,8,00,00,00,00,00,00,00,00
234351000,2C6,false,Rx,0,8,F4,01,84,03,00,00,00,00
234370000,54,false,Rx,0,8,01,01,FE,FF,FE,FF,00,00
234370000,55,false,Rx,0,8,10,27,00,00,00,00,00,00
234371000,56,false,Rx,0,8,10,27,00,00,00,00,00,00
234381000,57,false,Rx,0,8,00,00,FE,FF,FE,FF,00,00
234381000,60D,false,Rx,0,8,0D,10,DF,23,02,20,70,00
234413000,625,false,Rx,0,8,25,00,11,43,FD,BB,E4,01
234480000,60D,false,Rx,0,8,0D,10,DF,23,02,20,70,00
234513000,625,false,Rx,0,8,25,00,11,43,FD,BB,E4,01
234551000,2C4,false,Rx,0,8,05,00,00,00,DA,02,00,00
234551000,2C5,false,Rx,0,8,00,00,00,00,00,00,00,00
234551000,2C6,false,Rx,0,8,F4,01,84,03,00,00,00,00
234570000,54,false,Rx,0,8,01,01,FE,FF,FE,FF,00,00
234570000,55,false,Rx,0,8,10,27,00,00,00,00,00,00
234571000,56,false,Rx,0,8,10,27,00,00,00,00,00,00
234581000,57,false,Rx,0,8,00,00,FE,FF,FE,FF,00,00
234581000,60D,false,Rx,0,8,0D,10,DF,23,02,20,70,00
234612000,625,false,Rx,0,8,25,00,11,43,FD,BB,E4,01
234680000,60D,false,Rx,0,8,0D,10,DF,23,02,20,70,00
234712000,625,false,Rx,0,8,25,00,11,43,FD,BB,E4,01
234751000,2C4,false,Rx,0,8,05,00,00,00,DA,02,00,00
234751000,2C5,false,Rx,0,8,00,00,00,00,00,00,00,00
234751000,2C6,false,Rx,0,8,F4,01,84,03,00,00,00,00
234770000,54,false,Rx,0,8,01,01,FE,FF,FE,FF,00,00
234770000,55,false,Rx,0,8,10,27,00,00,00,00,00,00
234770000,56,false,Rx,0,8,10,27,00,00,00,00,00,00
234781000,57,false,Rx,0,8,00,00,FE,FF,FE,FF,00,00
234781000,60D,false,Rx,0,8,0D,10,DF,23,02,20,70,00
234812000,625,false,Rx,0,8,25,00,11,43,FD,BB,E4,01
234880000,60D,false,Rx,0,8,0D,10,DF,23,02,20,70,00
234912000,625,false,Rx,0,8,25,00,11,43,FD,BB,E4,01
234951000,2C4,false,Rx,0,8,05,00,00,00,DA,02,00,00
234951000,2C5,false,Rx,0,8,00,00,00,00,00,00,00,00
234951000,2C6,false,Rx,0,8,F4,01,84,03,00,00,00,00
234970000,54,false,Rx,0,8,01,01,FE,FF,FE,FF,00,00
234970000,55,false,Rx,0,8,10,27,00,00,00,00,00,00
234971000,56,false,Rx,0,8,10,27,00,00,00,00,00,00
234981000,57,false,Rx,0,8,00,00,FE,FF,FE,FF,00,00
234981000,60D,false,Rx,0,8,0D,10,DF,23,02,20,70,00
235012000,625,false,Rx,0,8,25,00,11,43,FD,BB,E4,01
235080000,60D,false,Rx,0,8,0D,10,DF,23,02,20,70,00
235112000,625,false,Rx,0,8,25,00,11,43,FD,BB,E4,01
235151000,2C4,false,Rx,0,8,05,00,00,00,DA,02,00,00
235151000,2C5,false,Rx,0,8,00,00,00,00,00,00,00,00
235151000,2C6,false,Rx,0,8,F4,01,84,03,00,00,00,00
235170000,54,false,Rx,0,8,01,01,FE,FF,FE,FF,00,00
235170000,55,false,Rx,0,8,10,27,00,00,00,00,00,00
235170000,56,false,Rx,0,8,10,27,00,00,00,00,00,00
235181000,57,false,Rx,0,8,00,00,FE,FF,FE,FF,00,00
235181000,60D,false,Rx,0,8,0D,10,DF,23,02,20,70,00
235212000,625,false,Rx,0,8,25,00,11,43,FD,BB,E4,01
235280000,60D,false,Rx,0,8,0D,10,DF,23,02,20,70,00
235312000,625,false,Rx,0,8,25,00,11,43,FD,BB,E4,01
235351000,2C4,false,Rx,0,8,05,00,00,00,DA,02,00,00
235351000,2C5,false,Rx,0,8,00,00,00,00,00,00,00,00
235351000,2C6,false,Rx,0,8,F4,01,84,03,00,00,00,00
235370000,54,false,Rx,0,8,01,01,FE,FF,FE,FF,00,00
235370000,55,false,Rx,0,8,10,27,00,00,00,00,00,00
235370000,56,false,Rx,0,8,10,27,00,00,00,00,00,00
235381000,57,false,Rx,0,8,00,00,FE,FF,FE,FF,00,00
235381000,60D,false,Rx,0,8,0D,10,DF,23,02,20,70,00
235412000,625,false,Rx,0,8,25,00,11,43,FD,BB,E4,01
235480000,60D,false,Rx,0,8,0D,10,DF,23,02,20,70,00
235512000,625,false,Rx,0,8,25,00,11,43,FD,BB,E4,01
235551000,2C4,false,Rx,0,8,05,00,00,00,DA,02,00,00
235551000,2C5,false,Rx,0,8,00,00,00,00,00,00,00,00
235551000,2C6,false,Rx,0,8,F4,01,84,03,00,00,00,00
235570000,54,false,Rx,0,8,01,01,FE,FF,FE,FF,00,00
235570000,55,false,Rx,0,8,10,27,00,00,00,00,00,00
235571000,56,false,Rx,0,8,10,27,00,00,00,00,00,00
235581000,57,false,Rx,0,8,00,00,FE,FF,FE,FF,00,00
235581000,60D,false,Rx,0,8,0D,10,DF,23,02,20,70,00
235612000,625,false,Rx,0,8,25,00,11,43,FD,BB,E4,01
235680000,60D,false,Rx,0,8,0D,10,DF,23,02,20,70,00
235712000,625,false,Rx,0,8,25,00,11,43,FD,BB,E4,01
235751000,2C4,false,Rx,0,8,05,00,00,00,DA,02,00,00
235751000,2C5,false,Rx,0,8,00,00,00,00,00,00,00,00
235751000,2C6,false,Rx,0,8,F4,01,84,03,00,00,00,00
235770000,54,false,Rx,0,8,01,01,FE,FF,FE,FF,00,00
235770000,55,false,Rx,0,8,10,27,00,00,00,00,00,00
235770000,56,false,Rx,0,8,10,27,00,00,00,00,00,00
235781000,57,false,Rx,0,8,00,00,FE,FF,FE,FF,00,00
235781000,60D,false,Rx,0,8,0D,10,DF,23,02,20,70,00
235812000,625,false,Rx,0,8,25,00,11,43,FD,BB,E4,01
235880000,60D,false,Rx,0,8,0D,10,DF,23,02,20,70,00
235912000,625,false,Rx,0,8,25,00,11,43,FD,BB,E4,01
235951000,2C4,false,Rx,0,8,05,00,00,00,DA,02,00,00
235951000,2C5,false,Rx,0,8,00,00,00,00,00,00,00,00
235951000,2C6,false,Rx,0,8,F4,01,84,03,00,00,00,00
235970000,54,false,Rx,0,8,01,01,FE,FF,FE,FF,00,00
235970000,55,false,Rx,0,8,10,27,00,00,00,00,00,00
235970000,56,false,Rx,0,8,10,27,00,00,00,00,00,00
235981000,57,false,Rx,0,8,00,00,FE,FF,FE,FF,00,00
235981000,60D,false,Rx,0,8,0D,10,DF,23,02,20,70,00
236012000,625,false,Rx,0,8,25,00,11,43,FD,BB,E4,01
236080000,60D,false,Rx,0,8,0D,10,DF,23,02,20,70,00
236112000,625,false,Rx,0,8,25,00,11,43,FD,BB,E4,01
236151000,2C4,false,Rx,0,8,05,00,00,00,DA,02,00,00
236151000,2C5,false,Rx,0,8,00,00,00,00,00,00,00,00
236151000,2C6,false,Rx,0,8,F4,01,84,03,00,00,00,00
236170000,54,false,Rx,0,8,01,01,FE,FF,FE,FF,00,00
236170000,55,false,Rx,0,8,10,27,00,00,00,00,00,00
236170000,56,false,Rx,0,8,10,27,00,00,00,00,00,00
236181000,57,false,Rx,0,8,00,00,FE,FF,FE,FF,00,00
236181000,60D,false,Rx,0,8,0D,10,DF,23,02,20,70,00
236212000,625,false,Rx,0,8,25,00,11,43,FD,BB,E4,01
236280000,60D,false,Rx,0,8,0D,10,DF,23,02,20,70,00
236312000,625,false,Rx,0,8,25,00,11,43,FD,BB,E4,01
236351000,2C4,false,Rx,0,8,05,00,00,00,DA,02,00,00
236351000,2C5,false,Rx,0,8,00,00,00,00,00,00,00,00
236351000,2C6,false,Rx,0,8,F4,01,84,03,00,00,00,00
236370000,54,false,Rx,0,8,01,01,FE,FF,FE,FF,00,00
236370000,55,false,Rx,0,8,10,27,00,00,00,00,00,00
236370000,56,false,Rx,0,8,10,27,00,00,00,00,00,00
236381000,57,false,Rx,0,8,00,00,FE,FF,FE,FF,00,00
236381000,60D,false,Rx,0,8,0D,10,DF,23,02,20,70,00
236412000,625,false,Rx,0,8,25,00,11,43,FD,BB,E4,01
236480000,60D,false,Rx,0,8,0D,10,DF,23,02,20,70,00
236512000,625,false,Rx,0,8,25,00,11,43,FD,BB,E4,01
236551000,2C4,false,Rx,0,8,05,00,00,00,DA,02,00,00
236551000,2C5,false,Rx,0,8,00,00,00,00,00,00,00,00
236551000,2C6,false,Rx,0,8,F4,01,84,03,00,00,00,00
236570000,54,false,Rx,0,8,01,01,FE,FF,FE,FF,00,00
236570000,55,false,Rx,0,8,10,27,00,00,00,00,00,00
236570000,56,false,Rx,0,8,10,27,00,00,00,00,00,00
236581000,57,false,Rx,0,8,00,00,FE,FF,FE,FF,00,00
236581000,60D,false,Rx,0,8,0D,10,DF,23,02,20,70,00
236612000,625,false,Rx,0,8,25,00,11,43,FD,BB,E4,01
236680000,60D,false,Rx,0,8,0D,10,DF,23,02,20,70,00
236712000,625,false,Rx,0,8,25,00,11,43,FD,BB,E4,01
236751000,2C4,false,Rx,0,8,05,00,00,00,DA,02,00,00
236751000,2C5,false,Rx,0,8,00,00,00,00,00,00,00,00
236751000,2C6,false,Rx,0,8,F4,01,84,03,00,00,00,00
236770000,54,false,Rx,0,8,01,01,FE,FF,FE,FF,00,00
236770000,55,false,Rx,0,8,10,27,00,00,00,00,00,00
236770000,56,false,Rx,0,8,10,27,00,00,00,00,00,00
236781000,57,false,Rx,0,8,00,00,FE,FF,FE,FF,00,00
236781000,60D,false,Rx,0,8,0D,10,DF,23,02,20,70,00
236812000,625,false,Rx,0,8,25,00,11,43,FD,BB,E4,01
236880000,60D,false,Rx,0,8,0D,10,DF,23,02,20,70,00
236912000,625,false,Rx,0,8,25,00,11,43,FD,BB,E4,01
236951000,2C4,false,Rx,0,8,05,00,00,00,DA,02,00,00
236951000,2C5,false,Rx,0,8,00,00,00,00,00,00,00,00
236951000,2C6,false,Rx,0,8,F4,01,84,03,00,00,00,00
236970000,54,false,Rx,0,8,01,01,FE,FF,FE,FF,00,00
236970000,55,false,Rx,0,8,10,27,00,00,00,00,00,00
236970000,56,false,Rx,0,8,10,27,00,00,00,00,00,00
236981000,57,false,Rx,0,8,00,00,FE,FF,FE,FF,00,00
236981000,60D,false,Rx,0,8,0D,10,DF,23,02,20,70,00
237012000,625,false,Rx,0,8,25,00,11,43,FD,BB,E4,01
237080000,60D,false,Rx,0,8,0D,10,DF,23,02,20,70,00
237112000,625,false,Rx,0,8,25,00,11,43,FD,BB,E4,01
237150000,2C4,false,Rx,0,8,05,00,00,00,DA,02,00,00
237151000,2C5,false,Rx,0,8,00,00,00,00,00,00,00,00
237151000,2C6,false,Rx,0,8,F4,01,84,03,00,00,00,00
237170000,54,false,Rx,0,8,01,01,FE,FF,FE,FF,00,00
237170000,55,false,Rx,0,8,10,27,00,00,00,00,00,00
237170000,56,false,Rx,0,8,10,27,00,00,00,00,00,00
237181000,57,false,Rx,0,8,00,00,FE,FF,FE,FF,00,00
237181000,60D,false,Rx,0,8,0D,10,DF,23,02,20,70,00
237212000,625,false,Rx,0,8,25,00,11,43,FD,BB,E4,01
237280000,60D,false,Rx,0,8,0D,10,DF,23,02,20,70,00
237312000,625,false,Rx,0,8,25,00,11,43,FD,BB,E4,01
237350000,2C4,false,Rx,0,8,05,00,00,00,DA,02,00,00
237351000,2C5,false,Rx,0,8,00,00,00,00,00,00,00,00
237351000,2C6,false,Rx,0,8,F4,01,84,03,00,00,00,00
237370000,54,false,Rx,0,8,01,01,FE,FF,FE,FF,00,00
237370000,55,false,Rx,0,8,10,27,00,00,00,00,00,00
237371000,56,false,Rx,0,8,10,27,00,00,00,00,00,00
237381000,57,false,Rx,0,8,00,00,FE,FF,FE,FF,00,00
237381000,60D,false,Rx,0,8,0D,10,DF,23,02,20,70,00
237412000,625,false,Rx,0,8,25,00,11,43,FD,BB,E4,01
237480000,60D,false,Rx,0,8,0D,10,DF,23,02,20,70,00
237512000,625,false,Rx,0,8,25,00,11,43,FD,BB,E4,01
237550000,2C4,false,Rx,0,8,05,00,00,00,DA,02,00,00
237551000,2C5,false,Rx,0,8,00,00,00,00,00,00,00,00
237551000,2C6,false,Rx,0,8,F4,01,84,03,00,00,00,00
237570000,54,false,Rx,0,8,01,01,FE,FF,FE,FF,00,00
237570000,55,false,Rx,0,8,10,27,00,00,00,00,00,00
237570000,56,false,Rx,0,8,10,27,00,00,00,00,00,00
237581000,57,false,Rx,0,8,00,00,FE,FF,FE,FF,00,00
237581000,60D,false,Rx,0,8,0D,10,DF,23,02,20,70,00
237612000,625,false,Rx,0,8,25,00,11,43,FD,BB,E4,01
237680000,60D,false,Rx,0,8,0D,10,DF,23,02,20,70,00
237712000,625,false,Rx,0,8,25,00,11,43,FD,BB,E4,01
237750000,2C4,false,Rx,0,8,05,00,00,00,DA,02,00,00
237751000,2C5,false,Rx,0,8,00,00,00,00,00,00,00,00
237751000,2C6,false,Rx,0,8,F4,01,84,03,00,00,00,00
237770000,54,false,Rx,0,8,01,01,FE,FF,FE,FF,00,00
237770000,55,false,Rx,0,8,10,27,00,00,00,00,00,00
237771000,56,false,Rx,0,8,10,27,00,00,00,00,00,00
237781000,57,false,Rx,0,8,00,00,FE,FF,FE,FF,00,00
237781000,60D,false,Rx,0,8,0D,10,DF,23,02,20,70,00
237812000,625,false,Rx,0,8,25,00,11,43,FD,BB,E4,01
237880000,60D,false,Rx,0,8,0D,10,DF,23,02,20,70,00
237912000,625,false,Rx,0,8,25,00,11,43,FD,BB,E4,01
237950000,2C4,false,Rx,0,8,05,00,00,00,DA,02,00,00
237951000,2C5,false,Rx,0,8,00,00,00,00,00,00,00,00
237951000,2C6,false,Rx,0,8,F4,01,84,03,00,00,00,00
237970000,54,false,Rx,0,8,01,01,FE,FF,FE,FF,00,00
237970000,55,false,Rx,0,8,10,27,00,00,00,00,00,00
237970000,56,false,Rx,0,8,10,27,00,00,00,00,00,00
237981000,57,false,Rx,0,8,00,00,FE,FF,FE,FF,00,00
237981000,60D,false,Rx,0,8,0D,10,DF,23,02,20,70,00
238012000,625,false,Rx,0,8,25,00,11,43,FD,BB,E4,01
238080000,60D,false,Rx,0,8,0D,10,DF,23,02,20,70,00
238112000,625,false,Rx,0,8,25,00,11,43,FD,BB,E4,01
238150000,2C4,false,Rx,0,8,05,00,00,00,DA,02,00,00
238151000,2C5,false,Rx,0,8,00,00,00,00,00,00,00,00
238151000,2C6,false,Rx,0,8,F4,01,84,03,00,00,00,00
238170000,54,false,Rx,0,8,01,01,FE,FF,FE,FF,00,00
238170000,55,false,Rx,0,8,10,27,00,00,00,00,00,00
238170000,56,false,Rx,0,8,10,27,00,00,00,00,00,00
238181000,57,false,Rx,0,8,00,00,FE,FF,FE,FF,00,00
238181000,60D,false,Rx,0,8,0D,10,DF,23,02,20,70,00
238212000,625,false,Rx,0,8,25,00,11,43,FD,BB,E4,01
238280000,60D,false,Rx,0,8,0D,10,DF,23,02,20,70,00
238312000,625,false,Rx,0,8,25,00,11,43,FD,BB,E4,01
238350000,2C4,false,Rx,0,8,05,00,00,00,DA,02,00,00
238351000,2C5,false,Rx,0,8,00,00,00,00,00,00,00,00
238351000,2C6,false,Rx,0,8,F4,01,84,03,00,00,00,00
238370000,54,false,Rx,0,8,01,01,FE,FF,FE,FF,00,00
238370000,55,false,Rx,0,8,10,27,00,00,00,00,00,00
238370000,56,false,Rx,0,8,10,27,00,00,00,00,00,00
238381000,57,false,Rx,0,8,00,00,FE,FF,FE,FF,00,00
238381000,60D,false,Rx,0,8,0D,10,DF,23,02,20,70,00
238412000,625,false,Rx,0,8,25,00,11,43,FD,BB,E4,01
238480000,60D,false,Rx,0,8,0D,10,DF,23,02,20,70,00
238512000,625,false,Rx,0,8,25,00,11,43,FD,BB,E4,01
238550000,2C4,false,Rx,0,8,05,00,00,00,DA,02,00,00
238551000,2C5,false,Rx,0,8,00,00,00,00,00,00,00,00
238551000,2C6,false,Rx,0,8,F4,01,84,03,00,00,00,00
238570000,54,false,Rx,0,8,01,01,FE,FF,FE,FF,00,00
238570000,55,false,Rx,0,8,10,27,00,00,00,00,00,00
238570000,56,false,Rx,0,8,10,27,00,00,00,00,00,00
238581000,57,false,Rx,0,8,00,00,FE,FF,FE,FF,00,00
238581000,60D,false,Rx,0,8,0D,10,DF,23,02,20,70,00
238612000,625,false,Rx,0,8,25,00,11,43,FD,BB,E4,01
238680000,60D,false,Rx,0,8,0D,10,DF,23,02,20,70,00
238712000,625,false,Rx,0,8,25,00,11,43,FD,BB,E4,01
238750000,2C4,false,Rx,0,8,05,00,00,00,DA,02,00,00
238751000,2C5,false,Rx,0,8,00,00,00,00,00,00,00,00
238751000,2C6,false,Rx,0,8,F4,01,84,03,00,00,00,00
238770000,54,false,Rx,0,8,01,01,FE,FF,FE,FF,00,00
238770000,55,false,Rx,0,8,10,27,00,00,00,00,00,00
238770000,56,false,Rx,0,8,10,27,00,00,00,00,00,00
238781000,57,false,Rx,0,8,00,00,FE,FF,FE,FF,00,00
238781000,60D,false,Rx,0,8,0D,10,DF,23,02,20,70,00
238812000,625,false,Rx,0,8,25,00,11,43,FD,BB,E4,01
238880000,60D,false,Rx,0,8,0D,10,DF,23,02,20,70,00
238912000,625,false,Rx,0,8,25,00,11,43,FD,BB,E4,01
238950000,2C4,false,Rx,0,8,05,00,00,00,DA,02,00,00
238951000,2C5,false,Rx,0,8,00,00,00,00,00,00,00,00
238951000,2C6,false,Rx,0,8,F4,01,84,03,00,00,00,00
238970000,54,false,Rx,0,8,01,01,FE,FF,FE,FF,00,00
238970000,55,false,Rx,0,8,10,27,00,00,00,00,00,00
238970000,56,false,Rx,0,8,10,27,00,00,00,00,00,00
238981000,57,false,Rx,0,8,00,00,FE,FF,FE,FF,00,00
238981000,60D,false,Rx,0,8,0D,10,DF,23,02,20,70,00
239012000,625,false,Rx,0,8,25,00,11,43,FD,BB,E4,01
239080000,60D,false,Rx,0,8,0D,10,DF,23,02,20,70,00
239112000,625,false,Rx,0,8,25,00,11,43,FD,BB,E4,01
239150000,2C4,false,Rx,0,8,05,00,00,00,DA,02,00,00
239151000,2C5,false,Rx,0,8,00,00,00,00,00,00,00,00
239151000,2C6,false,Rx,0,8,F4,01,84,03,00,00,00,00
239170000,54,false,Rx,0,8,01,01,FE,FF,FE,FF,00,00
239170000,55,false,Rx,0,8,10,27,00,00,00,00,00,00
239170000,56,false,Rx,0,8,10,27,00,00,00,00,00,00
239181000,57,false,Rx,0,8,00,00,FE,FF,FE,FF,00,00
239181000,60D,false,Rx,0,8,0D,10,DF,23,02,20,70,00
239212000,625,false,Rx,0,8,25,00,11,43,FD,BB,E4,01
239280000,60D,false,Rx,0,8,0D,10,DF,23,02,20,70,00
239312000,625,false,Rx,0,8,25,00,11,43,FD,BB,E4,01
239350000,2C4,false,Rx,0,8,05,00,00,00,DA,02,00,00
239351000,2C5,false,Rx,0,8,00,00,00,00,00,00,00,00
239351000,2C6,false,Rx,0,8,F4,01,84,03,00,00,00,00
239370000,54,false,Rx,0,8,01,01,FE,FF,FE,FF,00,00
239370000,55,false,Rx,0,8,10,27,00,00,00,00,00,00
239370000,56,false,Rx,0,8,10,27,00,00,00,00,00,00
239381000,57,false,Rx,0,8,00,00,FE,FF,FE,FF,00,00
239381000,60D,false,Rx,0,8,0D,10,DF,23,02,20,70,00
239412000,625,false,Rx,0,8,25,00,11,43,FD,BB,E4,01
239480000,60D,false,Rx,0,8,0D,10,DF,23,02,20,70,00
239512000,625,false,Rx,0,8,25,00,11,43,FD,BB,E4,01
239550000,2C4,false,Rx,0,8,05,00,00,00,DA,02,00,00
239551000,2C5,false,Rx,0,8,00,00,00,00,00,00,00,00
239551000,2C6,false,Rx,0,8,F4,01,84,03,00,00,00,00
239570000,54,false,Rx,0,8,01,01,FE,FF,FE,FF,00,00
239570000,55,false,Rx,0,8,10,27,00,00,00,00,00,00
239570000,56,false,Rx,0,8,10,27,00,00,00,00,00,00
239581000,57,false,Rx,0,8,00,00,FE,FF,FE,FF,00,00
239581000,60D,false,Rx,0,8,0D,10,DF,23,02,20,70,00
239612000,625,false,Rx,0,8,25,00,11,43,FD,BB,E4,01
239680000,60D,false,Rx,0,8,0D,10,DF,23,02,20,70,00
239712000,625,false,Rx,0,8,25,00,11,43,FD,BB,E4,01
239750000,2C4,false,Rx,0,8,05,00,00,00,DA,02,00,00
239751000,2C5,false,Rx,0,8,00,00,00,00,00,00,00,00
239751000,2C6,false,Rx,0,8,F4,01,84,03,00,00,00,00
239770000,54,false,Rx,0,8,01,01,FE,FF,FE,FF,00,00
239770000,55,false,Rx,0,8,10,27,00,00,00,00,00,00
239770000,56,false,Rx,0,8,10,27,00,00,00,00,00,00
239781000,57,false,Rx,0,8,00,00,FE,FF,FE,FF,00,00
239781000,60D,false,Rx,0,8,0D,10,DF,23,02,20,70,00
239812000,625,false,Rx,0,8,25,00,11,43,FD,BB,E4,01
239880000,60D,false,Rx,0,8,0D,10,DF,23,02,20,70,00
239912000,625,false,Rx,0,8,25,00,11,43,FD,BB,E4,01
239950000,2C4,false,Rx,0,8,05,00,00,00,DA,02,00,00
239951000,2C5,false,Rx,0,8,00,00,00,00,00,00,00,00
239951000,2C6,false,Rx,0,8,F4,01,84,03,00,00,00,00
239970000,54,false,Rx,0,8,01,01,FE,FF,FE,FF,00,00
239970000,55,false,Rx,0,8,10,27,00,00,00,00,00,00
239970000,56,false,Rx,0,8,10,27,00,00,00,00,00,00
239981000,57,false,Rx,0,8,00,00,FE,FF,FE,FF,00,00
239981000,60D,false,Rx,0,8,0D,10,DF,23,02,20,70,00
240012000,625,false,Rx,0,8,25,00,11,43,FD,BB,E4,01
240080000,60D,false,Rx,0,8,0D,10,DF,23,02,20,70,00
240112000,625,false,Rx,0,8,25,00,11,43,FD,BB,E4,01
240150000,2C4,false,Rx,0,8,05,00,00,00,DA,02,00,00
240151000,2C5,false,Rx,0,8,00,00,00,00,00,00,00,00
240151000,2C6,false,Rx,0,8,F4,01,84,03,00,00,00,00
240170000,54,false,Rx,0,8,01,01,FE,FF,FE,FF,00,00
240170000,55,false,Rx,0,8,10,27,00,00,00,00,00,00
240170000,56,false,Rx,0,8,10,27,00,00,00,00,00,00
240181000,57,false,Rx,0,8,00,00,FE,FF,FE,FF,00,00
240181000,60D,false,Rx,0,8,0D,10,DF,23,02,20,70,00
240212000,625,false,Rx,0,8,25,00,11,43,FD,BB,E4,01
240280000,60D,false,Rx,0,8,0D,10,DF,23,02,20,70,00
240312000,625,false,Rx,0,8,25,00,11,43,FD,BB,E4,01
240350000,2C4,false,Rx,0,8,05,00,00,00,DA,02,00,00
240351000,2C5,false,Rx,0,8,00,00,00,00,00,00,00,00
240351000,2C6,false,Rx,0,8,F4,01,84,03,00,00,00,00
240370000,54,false,Rx,0,8,01,01,FE,FF,FE,FF,00,00
240370000,55,false,Rx,0,8,10,27,00,00,00,00,00,00
240370000,56,false,Rx,0,8,10,27,00,00,00,00,00,00
240381000,57,false,Rx,0,8,00,00,FE,FF,FE,FF,00,00
240381000,60D,false,Rx,0,8,0D,10,DF,23,02,20,70,00
240412000,625,false,Rx,0,8,25,00,11,43,FD,BB,E4,01
240480000,60D,false,Rx,0,8,0D,10,DF,23,02,20,70,00
240512000,625,false,Rx,0,8,25,00,11,43,FD,BB,E4,01
240550000,2C4,false,Rx,0,8,05,00,00,00,DA,02,00,00
240551000,2C5,false,Rx,0,8,00,00,00,00,00,00,00,00
240551000,2C6,false,Rx,0,8,F4,01,84,03,00,00,00,00
240570000,54,false,Rx,0,8,01,01,FE,FF,FE,FF,00,00
240570000,55,false,Rx,0,8,10,27,00,00,00,00,00,00
240570000,56,false,Rx,0,8,10,27,00,00,00,00,00,00
240581000,57,false,Rx,0,8,00,00,FE,FF,FE,FF,00,00
240581000,60D,false,Rx,0,8,0D,10,DF,23,02,20,70,00
240612000,625,false,Rx,0,8,25,00,11,43,FD,BB,E4,01
240680000,60D,false,Rx,0,8,0D,10,DF,23,02,20,70,00
240712000,625,false,Rx,0,8,25,00,11,43,FD,BB,E4,01
240750000,2C4,false,Rx,0,8,05,00,00,00,DA,02,00,00
240751000,2C5,false,Rx,0,8,00,00,00,00,00,00,00,00
240751000,2C6,false,Rx,0,8,F4,01,84,03,00,00,00,00
240770000,54,false,Rx,0,8,01,01,FE,FF,FE,FF,00,00
240770000,55,false,Rx,0,8,10,27,00,00,00,00,00,00
240770000,56,false,Rx,0,8,10,27,00,00,00,00,00,00
240781000,57,false,Rx,0,8,00,00,FE,FF,FE,FF,00,00
240781000,60D,false,Rx,0,8,0D,10,DF,23,02,20,70,00
240812000,625,false,Rx,0,8,25,00,11,43,FD,BB,E4,01
240880000,60D,false,Rx,0,8,0D,10,DF,23,02,20,70,00
240912000,625,false,Rx,0,8,25,00,11,43,FD,BB,E4,01
240950000,2C4,false,Rx,0,8,05,00,00,00,DA,02,00,00
240951000,2C5,false,Rx,0,8,00,00,00,00,00,00,00,00
240951000,2C6,false,Rx,0,8,F4,01,84,03,00,00,00,00
240970000,54,false,Rx,0,8,01,01,FE,FF,FE,FF,00,00
240970000,55,false,Rx,0,8,10,27,00,00,00,00,00,00
240970000,56,false,Rx,0,8,10,27,00,00,00,00,00,00
240981000,57,false,Rx,0,8,00,00,FE,FF,FE,FF,00,00
240981000,60D,false,Rx,0,8,0D,10,DF,23,02,20,70,00
241012000,625,false,Rx,0,8,25,00,11,43,FD,BB,E4,01
241080000,60D,false,Rx,0,8,0D,10,DF,23,02,20,70,00
241112000,625,false,Rx,0,8,25,00,11,43,FD,BB,E4,01
241150000,2C4,false,Rx,0,8,05,00,00,00,DA,02,00,00
241151000,2C5,false,Rx,0,8,00,00,00,00,00,00,00,00
241151000,2C6,false,Rx,0,8,F4,01,84,03,00,00,00,00
241170000,54,false,Rx,0,8,01,01,FE,FF,FE,FF,00,00
241170000,55,false,Rx,0,8,10,27,00,00,00,00,00,00
241170000,56,false,Rx,0,8,10,27,00,00,00,00,00,00
241181000,57,false,Rx,0,8,00,00,FE,FF,FE,FF,00,00
241181000,60D,false,Rx,0,8,0D,10,DF,23,02,20,70,00
241212000,625,false,Rx,0,8,25,00,11,43,FD,BB,E4,01
241280000,60D,false,Rx,0,8,0D,10,DF,23,02,20,70,00
241312000,625,false,Rx,0,8,25,00,11,43,FD,BB,E4,01
241350000,2C4,false,Rx,0,8,05,00,00,00,DA,02,00,00
241351000,2C5,false,Rx,0,8,00,00,00,00,00,00,00,00
241351000,2C6,false,Rx,0,8,F4,01,84,03,00,00,00,00
241370000,54,false,Rx,0,8,01,01,FE,FF,FE,FF,00,00
241370000,55,false,Rx,0,8,10,27,00,00,00,00,00,00
241370000,56,false,Rx,0,8,10,27,00,00,00,00,00,00
241381000,57,false,Rx,0,8,00,00,FE,FF,FE,FF,00,00
241381000,60D,false,Rx,0,8,0D,10,DF,23,02,20,70,00
241412000,625,false,Rx,0,8,25,00,11,43,FD,BB,E4,01
241480000,60D,false,Rx,0,8,0D,10,DF,23,02,20,70,00
241512000,625,false,Rx,0,8,25,00,11,43,FD,BB,E4,01
241550000,2C4,false,Rx,0,8,05,00,00,00,DA,02,00,00
241551000,2C5,false,Rx,0,8,00,00,00,00,00,00,00,00
241551000,2C6,false,Rx,0,8,F4,01,84,03,00,00,00,00
241570000,54,false,Rx,0,8,01,01,FE,FF,FE,FF,00,00
241570000,55,false,Rx,0,8,10,27,00,00,00,00,00,00
241570000,56,false,Rx,0,8,10,27,00,00,00,00,00,00
241581000,57,false,Rx,0,8,00,00,FE,FF,FE,FF,00,00
241581000,60D,false,Rx,0,8,0D,10,DF,23,02,20,70,00
241612000,625,false,Rx,0,8,25,00,11,43,FD,BB,E4,01
241680000,60D,false,Rx,0,8,0D,10,DF,23,02,20,70,00
241712000,625,false,Rx,0,8,25,00,11,43,FD,BB,E4,01
241750000,2C4,false,Rx,0,8,05,00,00,00,DA,02,00,00
241750000,2C5,false,Rx,0,8,00,00,00,00,00,00,00,00
241751000,2C6,false,Rx,0,8,F4,01,84,03,00,00,00,00
241770000,54,false,Rx,0,8,01,01,FE,FF,FE,FF,00,00
241770000,55,false,Rx,0,8,10,27,00,00,00,00,00,00
241770000,56,false,Rx,0,8,10,27,00,00,00,00,00,00
241781000,57,false,Rx,0,8,00,00,FE,FF,FE,FF,00,00
241781000,60D,false,Rx,0,8,0D,10,DF,23,02,20,70,00
241812000,625,false,Rx,0,8,25,00,11,43,FD,BB,E4,01
241880000,60D,false,Rx,0,8,0D,10,DF,23,02,20,70,00
241912000,625,false,Rx,0,8,25,00,11,43,FD,BB,E4,01
241950000,2C4,false,Rx,0,8,05,00,00,00,DA,02,00,00
241951000,2C5,false,Rx,0,8,00,00,00,00,00,00,00,00
241951000,2C6,false,Rx,0,8,F4,01,84,03,00,00,00,00
241970000,54,false,Rx,0,8,01,01,FE,FF,FE,FF,00,00
241970000,55,false,Rx,0,8,10,27,00,00,00,00,00,00
241970000,56,false,Rx,0,8,10,27,00,00,00,00,00,00
241981000,57,false,Rx,0,8,00,00,FE,FF,FE,FF,00,00
241981000,60D,false,Rx,0,8,0D,10,DF,23,02,20,70,00
242012000,625,false,Rx,0,8,25,00,11,43,FD,BB,E4,01
242080000,60D,false,Rx,0,8,0D,10,DF,23,02,20,70,00
242112000,625,false,Rx,0,8,25,00,11,43,FD,BB,E4,01
242150000,2C4,false,Rx,0,8,05,00,00,00,DA,02,00,00
242150000,2C5,false,Rx,0,8,00,00,00,00,00,00,00,00
242151000,2C6,false,Rx,0,8,F4,01,84,03,00,00,00,00
242170000,54,false,Rx,0,8,01,01,FE,FF,FE,FF,00,00
242170000,55,false,Rx,0,8,10,27,00,00,00,00,00,00
242170000,56,false,Rx,0,8,10,27,00,00,00,00,00,00
242181000,57,false,Rx,0,8,00,00,FE,FF,FE,FF,00,00
242181000,60D,false,Rx,0,8,0D,10,DF,23,02,20,70,00
242212000,625,false,Rx,0,8,25,00,11,43,FD,BB,E4,01
242280000,60D,false,Rx,0,8,0D,10,DF,23,02,20,70,00
242312000,625,false,Rx,0,8,25,00,11,43,FD,BB,E4,01
242350000,2C4,false,Rx,0,8,05,00,00,00,DA,02,00,00
242350000,2C5,false,Rx,0,8,00,00,00,00,00,00,00,00
242351000,2C6,false,Rx,0,8,F4,01,84,03,00,00,00,00
242370000,54,false,Rx,0,8,01,01,FE,FF,FE,FF,00,00
242370000,55,false,Rx,0,8,10,27,00,00,00,00,00,00
242371000,56,false,Rx,0,8,10,27,00,00,00,00,00,00
242381000,57,false,Rx,0,8,00,00,FE,FF,FE,FF,00,00
242381000,60D,false,Rx,0,8,0D,10,DF,23,02,20,70,00
242412000,625,false,Rx,0,8,25,00,11,43,FD,BB,E4,01
242480000,60D,false,Rx,0,8,0D,10,DF,23,02,20,70,00
242512000,625,false,Rx,0,8,25,00,11,43,FD,BB,E4,01
242550000,2C4,false,Rx,0,8,05,00,00,00,DA,02,00,00
242550000,2C5,false,Rx,0,8,00,00,00,00,00,00,00,00
242551000,2C6,false,Rx,0,8,F4,01,84,03,00,00,00,00
242570000,54,false,Rx,0,8,01,01,FE,FF,FE,FF,00,00
242570000,55,false,Rx,0,8,10,27,00,00,00,00,00,00
242570000,56,false,Rx,0,8,10,27,00,00,00,00,00,00
242581000,57,false,Rx,0,8,00,00,FE,FF,FE,FF,00,00
242581000,60D,false,Rx,0,8,0D,10,DF,23,02,20,70,00
242612000,625,false,Rx,0,8,25,00,11,43,FD,BB,E4,01
242680000,60D,false,Rx,0,8,0D,10,DF,23,02,20,70,00
242712000,625,false,Rx,0,8,25,00,11,43,FD,BB,E4,01
242750000,2C4,false,Rx,0,8,05,00,00,00,DA,02,00,00
242750000,2C5,false,Rx,0,8,00,00,00,00,00,00,00,00
242751000,2C6,false,Rx,0,8,F4,01,84,03,00,00,00,00
242770000,54,false,Rx,0,8,01,01,FE,FF,FE,FF,00,00
242770000,55,false,Rx,0,8,10,27,00,00,00,00,00,00
242770000,56,false,Rx,0,8,10,27,00,00,00,00,00,00
242781000,57,false,Rx,0,8,00,00,FE,FF,FE,FF,00,00
242781000,60D,false,Rx,0,8,0D,10,DF,23,02,20,70,00
242812000,625,false,Rx,0,8,25,00,11,43,FD,BB,E4,01
242880000,60D,false,Rx,0,8,0D,10,DF,23,02,20,70,00
242912000,625,false,Rx,0,8,25,00,11,43,FD,BB,E4,01
242950000,2C4,false,Rx,0,8,05,00,00,00,DA,02,00,00
242950000,2C5,false,Rx,0,8,00,00,00,00,00,00,00,00
242951000,2C6,false,Rx,0,8,F4,01,84,03,00,00,00,00
242970000,54,false,Rx,0,8,01,01,FE,FF,FE,FF,00,00
242970000,55,false,Rx,0,8,10,27,00,00,00,00,00,00
242970000,56,false,Rx,0,8,10,27,00,00,00,00,00,00
242981000,57,false,Rx,0,8,00,00,FE,FF,FE,FF,00,00
242981000,60D,false,Rx,0,8,0D,10,DF,23,02,20,70,00
243012000,625,false,Rx,0,8,25,00,11,43,FD,BB,E4,01
243080000,60D,false,Rx,0,8,0D,10,DF,23,02,20,70,00
243112000,625,false,Rx,0,8,25,00,11,43,FD,BB,E4,01
243150000,2C4,false,Rx,0,8,05,00,00,00,DA,02,00,00
243150000,2C5,false,Rx,0,8,00,00,00,00,00,00,00,00
243151000,2C6,false,Rx,0,8,F4,01,84,03,00,00,00,00
243170000,54,false,Rx,0,8,01,01,FE,FF,FE,FF,00,00
243170000,55,false,Rx,0,8,10,27,00,00,00,00,00,00
243170000,56,false,Rx,0,8,10,27,00,00,00,00,00,00
243181000,57,false,Rx,0,8,00,00,FE,FF,FE,FF,00,00
243181000,60D,false,Rx,0,8,0D,10,DF,23,02,20,70,00
243212000,625,false,Rx,0,8,25,00,11,43,FD,BB,E4,01
243280000,60D,false,Rx,0,8,0D,10,DF,23,02,20,70,00
243312000,625,false,Rx,0,8,25,00,11,43,FD,BB,E4,01
243350000,2C4,false,Rx,0,8,05,00,00,00,DA,02,00,00
243350000,2C5,false,Rx,0,8,00,00,00,00,00,00,00,00
243351000,2C6,false,Rx,0,8,F4,01,84,03,00,00,00,00
243370000,54,false,Rx,0,8,01,01,FE,FF,FE,FF,00,00
243370000,55,false,Rx,0,8,10,27,00,00,00,00,00,00
243370000,56,false,Rx,0,8,10,27,00,00,00,00,00,00
243381000,57,false,Rx,0,8,00,00,FE,FF,FE,FF,00,00
243381000,60D,false,Rx,0,8,0D,10,DF,23,02,20,70,00
243412000,625,false,Rx,0,8,25,00,11,43,FD,BB,E4,01
243480000,60D,false,Rx,0,8,0D,10,DF,23,02,20,70,00
243512000,625,false,Rx,0,8,25,00,11,43,FD,BB,E4,01
243550000,2C4,false,Rx,0,8,05,00,00,00,DA,02,00,00
243550000,2C5,false,Rx,0,8,00,00,00,00,00,00,00,00
243551000,2C6,false,Rx,0,8,F4,01,84,03,00,00,00,00
243570000,54,false,Rx,0,8,01,01,FE,FF,FE,FF,00,00
243570000,55,false,Rx,0,8,10,27,00,00,00,00,00,00
243570000,56,false,Rx,0,8,10,27,00,00,00,00,00,00
243581000,57,false,Rx,0,8,00,00,FE,FF,FE,FF,00,00
243581000,60D,false,Rx,0,8,0D,10,DF,23,02,20,70,00
243612000,625,false,Rx,0,8,25,00,11,43,FD,BB,E4,01
243680000,60D,false,Rx,0,8,0D,10,DF,23,02,20,70,00
243712000,625,false,Rx,0,8,25,00,11,43,FD,BB,E4,01
243750000,2C4,false,Rx,0,8,05,00,00,00,DA,02,00,00
243750000,2C5,false,Rx,0,8,00,00,00,00,00,00,00,00
243751000,2C6,false,Rx,0,8,F4,01,84,03,00,00,00,00
243770000,54,false,Rx,0,8,01,01,FE,FF,FE,FF,00,00
243770000,55,false,Rx,0,8,10,27,00,00,00,00,00,00
243770000,56,false,Rx,0,8,10,27,00,00,00,00,00,00
243781000,57,false,Rx,0,8,00,00,FE,FF,FE,FF,00,00
243781000,60D,false,Rx,0,8,0D,10,DF,23,02,20,70,00
243812000,625,false,Rx,0,8,25,00,11,43,FD,BB,E4,01
243880000,60D,false,Rx,0,8,0D,10,DF,23,02,20,70,00
243912000,625,false,Rx,0,8,25,00,11,43,FD,BB,E4,01
243950000,2C4,false,Rx,0,8,05,00,00,00,DA,02,00,00
243950000,2C5,false,Rx,0,8,00,00,00,00,00,00,00,00
243951000,2C6,false,Rx,0,8,F4,01,84,03,00,00,00,00
243970000,54,false,Rx,0,8,01,01,FE,FF,FE,FF,00,00
243970000,55,false,Rx,0,8,10,27,00,00,00,00,00,00
243970000,56,false,Rx,0,8,10,27,00,00,00,00,00,00
243981000,57,false,Rx,0,8,00,00,FE,FF,FE,FF,00,00
243981000,60D,false,Rx,0,8,0D,10,DF,23,02,20,70,00
244012000,625,false,Rx,0,8,25,00,11,43,FD,BB,E4,01
244080000,60D,false,Rx,0,8,0D,10,DF,23,02,20,70,00
244112000,625,false,Rx,0,8,25,00,11,43,FD,BB,E4,01
244150000,2C4,false,Rx,0,8,05,00,00,00,DA,02,00,00
244150000,2C5,false,Rx,0,8,00,00,00,00,00,00,00,00
244151000,2C6,false,Rx,0,8,F4,01,84,03,00,00,00,00
244170000,54,false,Rx,0,8,01,01,FE,FF,FE,FF,00,00
244170000,55,false,Rx,0,8,10,27,00,00,00,00,00,00
244170000,56,false,Rx,0,8,10,27,00,00,00,00,00,00
244181000,57,false,Rx,0,8,00,00,FE,FF,FE,FF,00,00
244181000,60D,false,Rx,0,8,0D,10,DF,23,02,20,70,00
244212000,625,false,Rx,0,8,25,00,11,43,FD,BB,E4,01
244280000,60D,false,Rx,0,8,0D,10,DF,23,02,20,70,00
244312000,625,false,Rx,0,8,25,00,11,43,FD,BB,E4,01
244350000,2C4,false,Rx,0,8,05,00,00,00,DA,02,00,00
244350000,2C5,false,Rx,0,8,00,00,00,00,00,00,00,00
244351000,2C6,false,Rx,0,8,F4,01,84,03,00,00,00,00
244370000,54,false,Rx,0,8,01,01,FE,FF,FE,FF,00,00
244370000,55,false,Rx,0,8,10,27,00,00,00,00,00,00
244370000,56,false,Rx,0,8,10,27,00,00,00,00,00,00
244381000,57,false,Rx,0,8,00,00,FE,FF,FE,FF,00,00
244381000,60D,false,Rx,0,8,0D,10,DF,23,02,20,70,00
244412000,625,false,Rx,0,8,25,00,11,43,FD,BB,E4,01
244480000,60D,false,Rx,0,8,0D,10,DF,23,02,20,70,00
244512000,625,false,Rx,0,8,25,00,11,43,FD,BB,E4,01
244550000,2C4,false,Rx,0,8,05,00,00,00,DA,02,00,00
244550000,2C5,false,Rx,0,8,00,00,00,00,00,00,00,00
244551000,2C6,false,Rx,0,8,F4,01,84,03,00,00,00,00
244570000,54,false,Rx,0,8,01,01,FE,FF,FE,FF,00,00
244570000,55,false,Rx,0,8,10,27,00,00,00,00,00,00
244570000,56,false,Rx,0,8,10,27,00,00,00,00,00,00
244581000,57,false,Rx,0,8,00,00,FE,FF,FE,FF,00,00
244581000,60D,false,Rx,0,8,0D,10,DF,23,02,20,70,00
244612000,625,false,Rx,0,8,25,00,11,43,FD,BB,E4,01
244680000,60D,false,Rx,0,8,0D,10,DF,23,02,20,70,00
244712000,625,false,Rx,0,8,25,00,11,43,FD,BB,E4,01
244750000,2C4,false,Rx,0,8,05,00,00,00,DA,02,00,00
244750000,2C5,false,Rx,0,8,00,00,00,00,00,00,00,00
244751000,2C6,false,Rx,0,8,F4,01,84,03,00,00,00,00
244770000,54,false,Rx,0,8,01,01,FE,FF,FE,FF,00,00
244770000,55,false,Rx,0,8,10,27,00,00,00,00,00,00
244770000,56,false,Rx,0,8,10,27,00,00,00,00,00,00
244781000,57,false,Rx,0,8,00,00,FE,FF,FE,FF,00,00
244781000,60D,false,Rx,0,8,0D,10,DF,23,02,20,70,00
244812000,625,false,Rx,0,8,25,00,11,43,FD,BB,E4,01
244880000,60D,false,Rx,0,8,0D,10,DF,23,02,20,70,00
244912000,625,false,Rx,0,8,25,00,11,43,FD,BB,E4,01
244950000,2C4,false,Rx,0,8,05,00,00,00,DA,02,00,00
244950000,2C5,false,Rx,0,8,00,00,00,00,00,00,00,00
244951000,2C6,false,Rx,0,8,F4,01,84,03,00,00,00,00
244970000,54,false,Rx,0,8,01,01,FE,FF,FE,FF,00,00
244970000,55,false,Rx,0,8,10,27,00,00,00,00,00,00
244970000,56,false,Rx,0,8,10,27,00,00,00,00,00,00
244981000,57,false,Rx,0,8,00,00,FE,FF,FE,FF,00,00
244981000,60D,false,Rx,0,8,0D,10,DF,23,02,20,70,00
245012000,625,false,Rx,0,8,25,00,11,43,FD,BB,E4,01
245080000,60D,false,Rx,0,8,0D,10,DF,23,02,20,70,00
245112000,625,false,Rx,0,8,25,00,11,43,FD,BB,E4,01
245150000,2C4,false,Rx,0,8,05,00,00,00,DA,02,00,00
245150000,2C5,false,Rx,0,8,00,00,00,00,00,00,00,00
245151000,2C6,false,Rx,0,8,F4,01,84,03,00,00,00,00
245170000,54,false,Rx,0,8,01,01,FE,FF,FE,FF,00,00
245170000,55,false,Rx,0,8,10,27,00,00,00,00,00,00
245170000,56,false,Rx,0,8,10,27,00,00,00,00,00,00
245181000,57,false,Rx,0,8,00,00,FE,FF,FE,FF,00,00
245181000,60D,false,Rx,0,8,0D,10,DF,23,02,20,70,00
245212000,625,false,Rx,0,8,25,00,11,43,FD,BB,E4,01
245280000,60D,false,Rx,0,8,0D,10,DF,23,02,20,70,00
245312000,625,false,Rx,0,8,25,00,11,43,FD,BB,E4,01
245350000,2C4,false,Rx,0,8,05,00,00,00,DA,02,00,00
245350000,2C5,false,Rx,0,8,00,00,00,00,00,00,00,00
245351000,2C6,false,Rx,0,8,F4,01,84,03,00,00,00,00
245370000,54,false,Rx,0,8,01,01,FE,FF,FE,FF,00,00
245370000,55,false,Rx,0,8,10,27,00,00,00,00,00,00
245370000,56,false,Rx,0,8,10,27,00,00,00,00,00,00
245381000,57,false,Rx,0,8,00,00,FE,FF,FE,FF,00,00
245381000,60D,false,Rx,0,8,0D,10,DF,23,02,20,70,00
245412000,625,false,Rx,0,8,25,00,11,43,FD,BB,E4,01
245480000,60D,false,Rx,0,8,0D,10,DF,23,02,20,70,00
245512000,625,false,Rx,0,8,25,00,11,43,FD,BB,E4,01
245550000,2C4,false,Rx,0,8,05,00,00,00,DA,02,00,00
245550000,2C5,false,Rx,0,8,00,00,00,00,00,00,00,00
245551000,2C6,false,Rx,0,8,F4,01,84,03,00,00,00,00
245570000,54,false,Rx,0,8,01,01,FE,FF,FE,FF,00,00
245570000,55,false,Rx,0,8,10,27,00,00,00,00,00,00
245570000,56,false,Rx,0,8,10,27,00,00,00,00,00,00
245581000,57,false,Rx,0,8,00,00,FE,FF,FE,FF,00,00
245581000,60D,false,Rx,0,8,0D,10,DF,23,02,20,70,00
245612000,625,false,Rx,0,8,25,00,11,43,FD,BB,E4,01
245680000,60D,false,Rx,0,8,0D,10,DF,23,02,20,70,00
245712000,625,false,Rx,0,8,25,00,11,43,FD,BB,E4,01
245750000,2C4,false,Rx,0,8,05,00,00,00,DA,02,00,00
245750000,2C5,false,Rx,0,8,00,00,00,00,00,00,00,00
245751000,2C6,false,Rx,0,8,F4,01,84,03,00,00,00,00
245770000,54,false,Rx,0,8,01,01,FE,FF,FE,FF,00,00
245770000,55,false,Rx,0,8,10,27,00,00,00,00,00,00
245770000,56,false,Rx,0,8,10,27,00,00,00,00,00,00
245781000,57,false,Rx,0,8,00,00,FE,FF,FE,FF,00,00
245781000,60D,false,Rx,0,8,0D,10,DF,23,02,20,70,00
245812000,625,false,Rx,0,8,25,00,11,43,FD,BB,E4,01
245880000,60D,false,Rx,0,8,0D,10,DF,23,02,20,70,00
245912000,625,false,Rx,0,8,25,00,11,43,FD,BB,E4,01
245950000,2C4,false,Rx,0,8,05,00,00,00,DA,02,00,00
245950000,2C5,false,Rx,0,8,00,00,00,00,00,00,00,00
245951000,2C6,false,Rx,0,8,F4,01,84,03,00,00,00,00
245970000,54,false,Rx,0,8,01,01,FE,FF,FE,FF,00,00
245970000,55,false,Rx,0,8,10,27,00,00,00,00,00,00
245970000,56,false,Rx,0,8,10,27,00,00,00,00,00,00
245981000,57,false,Rx,0,8,00,00,FE,FF,FE,FF,00,00
245981000,60D,false,Rx,0,8,0D,10,DF,23,02,20,70,00
246012000,625,false,Rx,0,8,25,00,11,43,FD,BB,E4,01
246080000,60D,false,Rx,0,8,0D,10,DF,23,02,20,70,00
246112000,625,false,Rx,0,8,25,00,11,43,FD,BB,E4,01
246150000,2C4,false,Rx,0,8,05,00,00,00,DA,02,00,00
246150000,2C5,false,Rx,0,8,00,00,00,00,00,00,00,00
246151000,2C6,false,Rx,0,8,F4,01,84,03,00,00,00,00
246170000,54,false,Rx,0,8,01,01,FE,FF,FE,FF,00,00
246170000,55,false,Rx,0,8,10,27,00,00,00,00,00,00
246170000,56,false,Rx,0,8,10,27,00,00,00,00,00,00
246181000,57,false,Rx,0,8,00,00,FE,FF,FE,FF,00,00
246181000,60D,false,Rx,0,8,0D,10,DF,23,02,20,70,00
246212000,625,false,Rx,0,8,25,00,11,43,FD,BB,E4,01
246280000,60D,false,Rx,0,8,0D,10,DF,23,02,20,70,00
246312000,625,false,Rx,0,8,25,00,11,43,FD,BB,E4,01
246350000,2C4,false,Rx,0,8,05,00,00,00,DA,02,00,00
246350000,2C5,false,Rx,0,8,00,00,00,00,00,00,00,00
246351000,2C6,false,Rx,0,8,F4,01,84,03,00,00,00,00
246370000,54,false,Rx,0,8,01,01,FE,FF,FE,FF,00,00
246370000,55,false,Rx,0,8,10,27,00,00,00,00,00,00
246370000,56,false,Rx,0,8,10,27,00,00,00,00,00,00
246381000,57,false,Rx,0,8,00,00,FE,FF,FE,FF,00,00
246381000,60D,false,Rx,0,8,0D,10,DF,23,02,20,70,00
246412000,625,false,Rx,0,8,25,00,11,43,FD,BB,E4,01
246480000,60D,false,Rx,0,8,0D,10,DF,23,02,20,70,00
246512000,625,false,Rx,0,8,25,00,11,43,FD,BB,E4,01
246550000,2C4,false,Rx,0,8,05,00,00,00,DA,02,00,00
246550000,2C5,false,Rx,0,8,00,00,00,00,00,00,00,00
246550000,2C6,false,Rx,0,8,F4,01,84,03,00,00,00,00
246570000,54,false,Rx,0,8,01,01,FE,FF,FE,FF,00,00
246570000,55,false,Rx,0,8,10,27,00,00,00,00,00,00
246570000,56,false,Rx,0,8,10,27,00,00,00,00,00,00
246581000,57,false,Rx,0,8,00,00,FE,FF,FE,FF,00,00
246581000,60D,false,Rx,0,8,0D,10,DF,23,02,20,70,00
246612000,625,false,Rx,0,8,25,00,11,43,FD,BB,E4,01
246680000,60D,false,Rx,0,8,0D,10,DF,23,02,20,70,00
246712000,625,false,Rx,0,8,25,00,11,43,FD,BB,E4,01
246750000,2C4,false,Rx,0,8,05,00,00,00,DA,02,00,00
246750000,2C5,false,Rx,0,8,00,00,00,00,00,00,00,00
246750000,2C6,false,Rx,0,8,F4,01,84,03,00,00,00,00
246770000,54,false,Rx,0,8,01,01,FE,FF,FE,FF,00,00
246770000,55,false,Rx,0,8,10,27,00,00,00,00,00,00
246770000,56,false,Rx,0,8,10,27,00,00,00,00,00,00
246781000,57,false,Rx,0,8,00,00,FE,FF,FE,FF,00,00
246781000,60D,false,Rx,0,8,0D,10,DF,23,02,20,70,00
246812000,625,false,Rx,0,8,25,00,11,43,FD,BB,E4,01
246880000,60D,false,Rx,0,8,0D,10,DF,23,02,20,70,00
246912000,625,false,Rx,0,8,25,00,11,43,FD,BB,E4,01
246950000,2C4,false,Rx,0,8,05,00,00,00,DA,02,00,00
246950000,2C5,false,Rx,0,8,00,00,00,00,00,00,00,00
246950000,2C6,false,Rx,0,8,F4,01,84,03,00,00,00,00
246970000,54,false,Rx,0,8,01,01,FE,FF,FE,FF,00,00
246970000,55,false,Rx,0,8,10,27,00,00,00,00,00,00
246970000,56,false,Rx,0,8,10,27,00,00,00,00,00,00
246981000,57,false,Rx,0,8,00,00,FE,FF,FE,FF,00,00
246981000,60D,false,Rx,0,8,0D,10,DF,23,02,20,70,00
247012000,625,false,Rx,0,8,25,00,11,43,FD,BB,E4,01
247080000,60D,false,Rx,0,8,0D,10,DF,23,02,20,70,00
247112000,625,false,Rx,0,8,25,00,11,43,FD,BB,E4,01
247150000,2C4,false,Rx,0,8,05,00,00,00,DA,02,00,00
247150000,2C5,false,Rx,0,8,00,00,00,00,00,00,00,00
247150000,2C6,false,Rx,0,8,F4,01,84,03,00,00,00,00
247170000,54,false,Rx,0,8,01,01,FE,FF,FE,FF,00,00
247170000,55,false,Rx,0,8,10,27,00,00,00,00,00,00
247170000,56,false,Rx,0,8,10,27,00,00,00,00,00,00
247181000,57,false,Rx,0,8,00,00,FE,FF,FE,FF,00,00
247181000,60D,false,Rx,0,8,0D,10,DF,23,02,20,70,00
247212000,625,false,Rx,0,8,25,00,11,43,FD,BB,E4,01
247280000,60D,false,Rx,0,8,0D,10,DF,23,02,20,70,00
247312000,625,false,Rx,0,8,25,00,11,43,FD,BB,E4,01
247350000,2C4,false,Rx,0,8,05,00,00,00,DA,02,00,00
247350000,2C5,false,Rx,0,8,00,00,00,00,00,00,00,00
247350000,2C6,false,Rx,0,8,F4,01,84,03,00,00,00,00
247370000,54,false,Rx,0,8,01,01,FE,FF,FE,FF,00,00
247370000,55,false,Rx,0,8,10,27,00,00,00,00,00,00
247370000,56,false,Rx,0,8,10,27,00,00,00,00,00,00
247381000,57,false,Rx,0,8,00,00,FE,FF,FE,FF,00,00
247381000,60D,false,Rx,0,8,0D,10,DF,23,02,20,70,00
247412000,625,false,Rx,0,8,25,00,11,43,FD,BB,E4,01
247480000,60D,false,Rx,0,8,0D,10,DF,23,02,20,70,00
247512000,625,false,Rx,0,8,25,00,11,43,FD,BB,E4,01
247550000,2C4,false,Rx,0,8,05,00,00,00,DA,02,00,00
247550000,2C5,false,Rx,0,8,00,00,00,00,00,00,00,00
247550000,2C6,false,Rx,0,8,F4,01,84,03,00,00,00,00
247570000,54,false,Rx,0,8,01,01,FE,FF,FE,FF,00,00
247570000,55,false,Rx,0,8,10,27,00,00,00,00,00,00
247570000,56,false,Rx,0,8,10,27,00,00,00,00,00,00
247581000,57,false,Rx,0,8,00,00,FE,FF,FE,FF,00,00
247581000,60D,false,Rx,0,8,0D,10,DF,23,02,20,70,00
247612000,625,false,Rx,0,8,25,00,11,43,FD,BB,E4,01
247680000,60D,false,Rx,0,8,0D,10,DF,23,02,20,70,00
247712000,625,false,Rx,0,8,25,00,11,43,FD,BB,E4,01
247750000,2C4,false,Rx,0,8,05,00,00,00,DA,02,00,00
247750000,2C5,false,Rx,0,8,00,00,00,00,00,00,00,00
247750000,2C6,false,Rx,0,8,F4,01,84,03,00,00,00,00
247770000,54,false,Rx,0,8,01,01,FE,FF,FE,FF,00,00
247770000,55,false,Rx,0,8,10,27,00,00,00,00,00,00
247770000,56,false,Rx,0,8,10,27,00,00,00,00,00,00
247781000,57,false,Rx,0,8,00,00,FE,FF,FE,FF,00,00
247781000,60D,false,Rx,0,8,0D,10,DF,23,02,20,70,00
247812000,625,false,Rx,0,8,25,00,11,43,FD,BB,E4,01
247880000,60D,false,Rx,0,8,0D,10,DF,23,02,20,70,00
247912000,625,false,Rx,0,8,25,00,11,43,FD,BB,E4,01
247950000,2C4,false,Rx,0,8,05,00,00,00,DA,02,00,00
247950000,2C5,false,Rx,0,8,00,00,00,00,00,00,00,00
247950000,2C6,false,Rx,0,8,F4,01,84,03,00,00,00,00
247970000,54,false,Rx,0,8,01,01,FE,FF,FE,FF,00,00
247970000,55,false,Rx,0,8,10,27,00,00,00,00,00,00
247970000,56,false,Rx,0,8,10,27,00,00,00,00,00,00
247981000,57,false,Rx,0,8,00,00,FE,FF,FE,FF,00,00
247981000,60D,false,Rx,0,8,0D,10,DF,23,02,20,70,00
248012000,625,false,Rx,0,8,25,00,11,43,FD,BB,E4,01
248080000,60D,false,Rx,0,8,0D,10,DF,23,02,20,70,00
248112000,625,false,Rx,0,8,25,00,11,43,FD,BB,E4,01
248150000,2C4,false,Rx,0,8,05,00,00,00,DA,02,00,00
248150000,2C5,false,Rx,0,8,00,00,00,00,00,00,00,00
248150000,2C6,false,Rx,0,8,F4,01,84,03,00,00,00,00
248170000,54,false,Rx,0,8,01,01,FE,FF,FE,FF,00,00
248170000,55,false,Rx,0,8,10,27,00,00,00,00,00,00
248170000,56,false,Rx,0,8,10,27,00,00,00,00,00,00
248181000,57,false,Rx,0,8,00,00,FE,FF,FE,FF,00,00
248181000,60D,false,Rx,0,8,0D,10,DF,23,02,20,70,00
248212000,625,false,Rx,0,8,25,00,11,43,FD,BB,E4,01
248280000,60D,false,Rx,0,8,0D,10,DF,23,02,20,70,00
248312000,625,false,Rx,0,8,25,00,11,43,FD,BB,E4,01
248350000,2C4,false,Rx,0,8,05,00,00,00,DA,02,00,00
248350000,2C5,false,Rx,0,8,00,00,00,00,00,00,00,00
248350000,2C6,false,Rx,0,8,F4,01,84,03,00,00,00,00
248370000,54,false,Rx,0,8,01,01,FE,FF,FE,FF,00,00
248370000,55,false,Rx,0,8,10,27,00,00,00,00,00,00
248370000,56,false,Rx,0,8,10,27,00,00,00,00,00,00
248381000,57,false,Rx,0,8,00,00,FE,FF,FE,FF,00,00
248381000,60D,false,Rx,0,8,0D,10,DF,23,02,20,70,00
248412000,625,false,Rx,0,8,25,00,11,43,FD,BB,E4,01
248480000,60D,false,Rx,0,8,0D,10,DF,23,02,20,70,00
248512000,625,false,Rx,0,8,25,00,11,43,FD,BB,E4,01
248550000,2C4,false,Rx,0,8,03,08,20,00,DA,02,00,00
248550000,2C5,false,Rx,0,8,00,00,00,00,00,00,00,00
248550000,2C6,false,Rx,0,8,F4,01,84,03,00,00,00,00
248570000,54,false,Rx,0,8,01,01,FE,FF,FE,FF,00,00
248570000,55,false,Rx,0,8,10,27,00,00,00,00,00,00
248570000,56,false,Rx,0,8,10,27,00,00,00,00,00,00
248581000,57,false,Rx,0,8,00,00,FE,FF,FE,FF,00,00
248581000,60D,false,Rx,0,8,0D,10,DF,23,02,20,70,00
248612000,625,false,Rx,0,8,25,00,11,43,FD,BB,E4,01
248680000,60D,false,Rx,0,8,0D,10,DF,23,02,20,70,00
248712000,625,false,Rx,0,8,25,00,11,43,FD,BB,E4,01
248750000,2C4,false,Rx,0,8,03,08,20,00,DA,02,00,00
248750000,2C5,false,Rx,0,8,00,00,00,00,00,00,00,00
248750000,2C6,false,Rx,0,8,F4,01,84,03,00,00,00,00
248770000,54,false,Rx,0,8,00,00,FE,FF,FE,FF,00,00
248770000,55,false,Rx,0,8,10,27,00,00,00,00,00,00
248770000,56,false,Rx,0,8,10,27,00,00,00,00,00,00
248781000,57,false,Rx,0,8,00,00,FE,FF,FE,FF,00,00
248781000,60D,false,Rx,0,8,0D,10,DF,23,02,20,70,00
248812000,625,false,Rx,0,8,25,00,11,43,FD,BB,E4,01
248880000,60D,false,Rx,0,8,0D,10,DF,23,02,20,70,00
248912000,625,false,Rx,0,8,25,00,11,43,FD,BB,E4,01
248950000,2C4,false,Rx,0,8,03,08,00,00,DA,02,00,00
248950000,2C5,false,Rx,0,8,00,00,00,00,00,00,00,00
248950000,2C6,false,Rx,0,8,F4,01,84,03,00,00,00,00
248970000,54,false,Rx,0,8,00,00,FE,FF,FE,FF,00,00
248970000,55,false,Rx,0,8,10,27,00,00,00,00,00,00
248970000,56,false,Rx,0,8,10,27,00,00,00,00,00,00
248981000,57,false,Rx,0,8,00,00,FE,FF,FE,FF,00,00
248981000,60D,false,Rx,0,8,0D,10,DF,23,02,20,70,00
249012000,625,false,Rx,0,8,25,00,11,43,FD,BB,E4,01
249080000,60D,false,Rx,0,8,0D,10,DF,23,02,20,70,00
249112000,625,false,Rx,0,8,25,00,11,43,FD,BB,E4,01
249150000,2C4,false,Rx,0,8,03,08,00,00,DA,02,00,00
249150000,2C5,false,Rx,0,8,00,00,00,00,00,00,00,00
249150000,2C6,false,Rx,0,8,F4,01,84,03,00,00,00,00
249170000,54,false,Rx,0,8,00,00,FE,FF,FE,FF,00,00
249170000,55,false,Rx,0,8,10,27,00,00,00,00,00,00
249170000,56,false,Rx,0,8,10,27,00,00,00,00,00,00
249181000,57,false,Rx,0,8,00,00,FE,FF,FE,FF,00,00
249181000,60D,false,Rx,0,8,0D,10,DF,23,02,20,70,00
249212000,625,false,Rx,0,8,25,00,11,43,FD,BB,E4,01
249280000,60D,false,Rx,0,8,0D,10,DF,23,02,20,70,00
249312000,625,false,Rx,0,8,25,00,11,43,FD,BB,E4,01
249350000,2C4,false,Rx,0,8,03,08,00,00,DA,02,00,00
249350000,2C5,false,Rx,0,8,00,00,00,00,00,00,00,00
249350000,2C6,false,Rx,0,8,F4,01,84,03,00,00,00,00
249370000,54,false,Rx,0,8,00,00,FE,FF,FE,FF,00,00
249370000,55,false,Rx,0,8,10,27,00,00,00,00,00,00
249370000,56,false,Rx,0,8,10,27,00,00,00,00,00,00
249381000,57,false,Rx,0,8,00,00,FE,FF,FE,FF,00,00
249381000,60D,false,Rx,0,8,0D,10,DF,23,02,20,70,00
249412000,625,false,Rx,0,8,25,00,11,43,FD,BB,E4,01
249480000,60D,false,Rx,0,8,0D,10,DF,23,02,20,70,00
249512000,625,false,Rx,0,8,25,00,11,43,FD,BB,E4,01
249550000,2C4,false,Rx,0,8,03,08,00,00,DA,02,00,00
249550000,2C5,false,Rx,0,8,00,00,00,00,00,00,00,00
249550000,2C6,false,Rx,0,8,F4,01,84,03,00,00,00,00
249570000,54,false,Rx,0,8,00,00,FE,FF,FE,FF,00,00
249570000,55,false,Rx,0,8,10,27,00,00,00,00,00,00
249570000,56,false,Rx,0,8,10,27,00,00,00,00,00,00
249581000,57,false,Rx,0,8,00,00,FE,FF,FE,FF,00,00
249581000,60D,false,Rx,0,8,0D,10,DF,23,02,20,70,00
249612000,625,false,Rx,0,8,25,00,11,43,FD,BB,E4,01
249680000,60D,false,Rx,0,8,0D,10,DF,23,02,20,70,00
249712000,625,false,Rx,0,8,25,00,11,43,FD,BB,E4,01
249750000,2C4,false,Rx,0,8,03,08,00,00,DA,02,00,00
249750000,2C5,false,Rx,0,8,00,00,00,00,00,00,00,00
249750000,2C6,false,Rx,0,8,F4,01,84,03,00,00,00,00
249770000,54,false,Rx,0,8,00,00,FE,FF,FE,FF,00,00
249770000,55,false,Rx,0,8,10,27,00,00,00,00,00,00
249770000,56,false,Rx,0,8,10,27,00,00,00,00,00,00
249781000,57,false,Rx,0,8,00,00,FE,FF,FE,FF,00,00
249781000,60D,false,Rx,0,8,0D,10,DF,23,02,20,70,00
249812000,625,false,Rx,0,8,25,00,11,43,FD,BB,E4,01
249880000,60D,false,Rx,0,8,0D,10,DF,23,02,20,70,00
249912000,625,false,Rx,0,8,25,00,11,43,FD,BB,E4,01
249950000,2C4,false,Rx,0,8,03,08,00,00,DA,02,00,00
249950000,2C5,false,Rx,0,8,00,00,00,00,00,00,00,00
249950000,2C6,false,Rx,0,8,F4,01,84,03,00,00,00,00
249970000,54,false,Rx,0,8,00,00,FE,FF,FE,FF,00,00
249970000,55,false,Rx,0,8,10,27,00,00,00,00,00,00
249970000,56,false,Rx,0,8,10,27,00,00,00,00,00,00
249981000,57,false,Rx,0,8,00,00,FE,FF,FE,FF,00,00
249981000,60D,false,Rx,0,8,0D,10,DF,23,02,20,70,00
250012000,625,false,Rx,0,8,25,00,11,43,FD,BB,E4,01
250080000,60D,false,Rx,0,8,0D,10,DF,23,02,20,70,00
250112000,625,false,Rx,0,8,25,00,11,43,FD,BB,E4,01
250150000,2C4,false,Rx,0,8,03,08,00,00,DA,02,00,00
250150000,2C5,false,Rx,0,8,00,00,00,00,00,00,00,00
250150000,2C6,false,Rx,0,8,F4,01,84,03,00,00,00,00
250170000,54,false,Rx,0,8,00,00,FE,FF,FE,FF,00,00
250170000,55,false,Rx,0,8,10,27,00,00,00,00,00,00
250170000,56,false,Rx,0,8,10,27,00,00,00,00,00,00
250181000,57,false,Rx,0,8,00,00,FE,FF,FE,FF,00,00
250181000,60D,false,Rx,0,8,0D,10,DF,23,02,20,70,00
250212000,625,false,Rx,0,8,25,00,11,43,FD,BB,E4,01
250280000,60D,false,Rx,0,8,0D,10,DF,23,02,20,70,00
250312000,625,false,Rx,0,8,25,00,11,43,FD,BB,E4,01
250350000,2C4,false,Rx,0,8,03,08,00,00,DA,02,00,00
250350000,2C5,false,Rx,0,8,00,00,00,00,00,00,00,00
250350000,2C6,false,Rx,0,8,F4,01,84,03,00,00,00,00
250370000,54,false,Rx,0,8,00,00,FE,FF,FE,FF,00,00
250370000,55,false,Rx,0,8,10,27,00,00,00,00,00,00
250370000,56,false,Rx,0,8,10,27,00,00,00,00,00,00
250381000,57,false,Rx,0,8,00,00,FE,FF,FE,FF,00,00
250381000,60D,false,Rx,0,8,0D,10,DF,23,02,20,70,00
250412000,625,false,Rx,0,8,25,00,11,43,FD,BB,E4,01
250480000,60D,false,Rx,0,8,0D,10,DF,23,02,20,70,00
250512000,625,false,Rx,0,8,25,00,11,43,FD,BB,E4,01
250550000,2C4,false,Rx,0,8,03,08,00,00,DA,02,00,00
250550000,2C5,false,Rx,0,8,00,00,00,00,00,00,00,00
250550000,2C6,false,Rx,0,8,F4,01,84,03,00,00,00,00
250570000,54,false,Rx,0,8,00,00,FE,FF,FE,FF,00,00
250570000,55,false,Rx,0,8,10,27,00,00,00,00,00,00
250570000,56,false,Rx,0,8,10,27,00,00,00,00,00,00
250581000,57,false,Rx,0,8,00,00,FE,FF,FE,FF,00,00
250581000,60D,false,Rx,0,8,0D,10,DF,23,02,20,70,00
250612000,625,false,Rx,0,8,25,00,11,43,FD,BB,E4,01
250680000,60D,false,Rx,0,8,0D,10,DF,23,02,20,70,00
250712000,625,false,Rx,0,8,25,00,11,43,FD,BB,E4,01
250750000,2C4,false,Rx,0,8,03,08,00,00,DA,02,00,00
250750000,2C5,false,Rx,0,8,00,00,00,00,00,00,00,00
250750000,2C6,false,Rx,0,8,F4,01,84,03,00,00,00,00
250770000,54,false,Rx,0,8,00,00,FE,FF,FE,FF,00,00
250770000,55,false,Rx,0,8,10,27,00,00,00,00,00,00
250770000,56,false,Rx,0,8,10,27,00,00,00,00,00,00
250781000,57,false,Rx,0,8,00,00,FE,FF,FE,FF,00,00
250781000,60D,false,Rx,0,8,0D,10,DF,23,02,20,70,00
250812000,625,false,Rx,0,8,25,00,11,43,FD,BB,E4,01
250880000,60D,false,Rx,0,8,0D,10,DF,23,02,20,70,00
250912000,625,false,Rx,0,8,25,00,11,43,FD,BB,E4,01
250950000,2C4,false,Rx,0,8,03,08,00,00,DC,02,00,00
250950000,2C5,false,Rx,0,8,00,00,00,00,00,00,00,00
250950000,2C6,false,Rx,0,8,F4,01,84,03,00,00,00,00
250970000,54,false,Rx,0,8,00,00,FE,FF,FE,FF,00,00
250970000,55,false,Rx,0,8,10,27,00,00,00,00,00,00
250970000,56,false,Rx,0,8,10,27,00,00,00,00,00,00
250981000,57,false,Rx,0,8,00,00,FE,FF,FE,FF,00,00
250981000,60D,false,Rx,0,8,0D,10,DF,23,02,20,70,00
251012000,625,false,Rx,0,8,25,00,11,43,FD,BB,E4,01
251080000,60D,false,Rx,0,8,0D,10,DF,23,02,20,70,00
251112000,625,false,Rx,0,8,25,00,11,43,FD,BB,E4,01
251150000,2C4,false,Rx,0,8,03,08,00,00,DA,02,00,00
251150000,2C5,false,Rx,0,8,00,00,00,00,00,00,00,00
251150000,2C6,false,Rx,0,8,F4,01,84,03,00,00,00,00
251170000,54,false,Rx,0,8,00,00,FE,FF,FE,FF,00,00
251170000,55,false,Rx,0,8,10,27,00,00,00,00,00,00
251170000,56,false,Rx,0,8,10,27,00,00,00,00,00,00
251181000,57,false,Rx,0,8,00,00,FE,FF,FE,FF,00,00
251181000,60D,false,Rx,0,8,0D,10,DF,23,02,20,70,00
251212000,625,false,Rx,0,8,25,00,11,43,FD,BB,E4,01
251280000,60D,false,Rx,0,8,0D,10,DF,23,02,20,70,00
251312000,625,false,Rx,0,8,25,00,11,43,FD,BB,E4,01
251350000,2C4,false,Rx,0,8,03,08,00,00,DA,02,00,00
251350000,2C5,false,Rx,0,8,00,00,00,00,00,00,00,00
251350000,2C6,false,Rx,0,8,F4,01,84,03,00,00,00,00
251370000,54,false,Rx,0,8,00,00,FE,FF,FE,FF,00,00
251370000,55,false,Rx,0,8,10,27,00,00,00,00,00,00
251370000,56,false,Rx,0,8,10,27,00,00,00,00,00,00
251381000,57,false,Rx,0,8,00,00,FE,FF,FE,FF,00,00
251381000,60D,false,Rx,0,8,0D,10,DF,23,02,20,70,00
251412000,625,false,Rx,0,8,25,00,11,43,FD,BB,E4,01
251480000,60D,false,Rx,0,8,0D,10,DF,23,02,20,70,00
251512000,625,false,Rx,0,8,25,00,11,43,FD,BB,E4,01
251550000,2C4,false,Rx,0,8,03,08,00,00,DA,02,00,00
251550000,2C5,false,Rx,0,8,00,00,00,00,00,00,00,00
251550000,2C6,false,Rx,0,8,F4,01,84,03,00,00,00,00
251570000,54,false,Rx,0,8,00,00,FE,FF,FE,FF,00,00
251570000,55,false,Rx,0,8,10,27,00,00,00,00,00,00
251570000,56,false,Rx,0,8,10,27,00,00,00,00,00,00
251581000,57,false,Rx,0,8,00,00,FE,FF,FE,FF,00,00
251581000,60D,false,Rx,0,8,0D,10,DF,23,02,20,70,00
251612000,625,false,Rx,0,8,25,00,11,43,FD,BB,E4,01
251680000,60D,false,Rx,0,8,0D,10,DF,23,02,20,70,00
251712000,625,false,Rx,0,8,25,00,11,43,FD,BB,E4,01
251750000,2C4,false,Rx,0,8,03,08,00,00,DC,02,00,00
251750000,2C5,false,Rx,0,8,00,00,00,00,00,00,00,00
251750000,2C6,false,Rx,0,8,F4,01,84,03,00,00,00,00
251770000,54,false,Rx,0,8,00,00,FE,FF,FE,FF,00,00
251770000,55,false,Rx,0,8,10,27,00,00,00,00,00,00
251770000,56,false,Rx,0,8,10,27,00,00,00,00,00,00
251781000,57,false,Rx,0,8,00,00,FE,FF,FE,FF,00,00
251781000,60D,false,Rx,0,8,0D,10,DF,23,02,20,70,00
251812000,625,false,Rx,0,8,25,00,11,43,FD,BB,E4,01
251880000,60D,false,Rx,0,8,0D,10,DF,23,02,20,70,00
251912000,625,false,Rx,0,8,25,00,11,43,FD,BB,E4,01
251950000,2C4,false,Rx,0,8,03,08,00,00,DC,02,00,00
251950000,2C5,false,Rx,0,8,00,00,00,00,00,00,00,00
251950000,2C6,false,Rx,0,8,F4,01,84,03,00,00,00,00
251970000,54,false,Rx,0,8,00,00,FE,FF,FE,FF,00,00
251970000,55,false,Rx,0,8,10,27,00,00,00,00,00,00
251970000,56,false,Rx,0,8,10,27,00,00,00,00,00,00
251981000,57,false,Rx,0,8,00,00,FE,FF,FE,FF,00,00
251981000,60D,false,Rx,0,8,0D,10,DF,23,02,20,70,00
252012000,625,false,Rx,0,8,25,00,11,43,FD,BB,E4,01
252080000,60D,false,Rx,0,8,0D,10,DF,23,02,20,70,00
252112000,625,false,Rx,0,8,25,00,11,43,FD,BB,E4,01
252150000,2C4,false,Rx,0,8,03,08,00,00,DA,02,00,00
252150000,2C5,false,Rx,0,8,00,00,00,00,00,00,00,00
252150000,2C6,false,Rx,0,8,F4,01,84,03,00,00,00,00
252170000,54,false,Rx,0,8,00,00,FE,FF,FE,FF,00,00
252170000,55,false,Rx,0,8,10,27,00,00,00,00,00,00
252170000,56,false,Rx,0,8,10,27,00,00,00,00,00,00
252181000,57,false,Rx,0,8,00,00,FE,FF,FE,FF,00,00
252181000,60D,false,Rx,0,8,0D,10,DF,23,02,20,70,00
252212000,625,false,Rx,0,8,25,00,11,43,FD,BB,E4,01
252280000,60D,false,Rx,0,8,0D,10,DF,23,02,20,70,00
252312000,625,false,Rx,0,8,25,00,11,43,FD,BB,E4,01
252350000,2C4,false,Rx,0,8,03,08,00,00,DA,02,00,00
252350000,2C5,false,Rx,0,8,00,00,00,00,00,00,00,00
252350000,2C6,false,Rx,0,8,F4,01,84,03,00,00,00,00
252370000,54,false,Rx,0,8,00,00,FE,FF,FE,FF,00,00
252370000,55,false,Rx,0,8,10,27,00,00,00,00,00,00
252370000,56,false,Rx,0,8,10,27,00,00,00,00,00,00
252381000,57,false,Rx,0,8,00,00,FE,FF,FE,FF,00,00
252381000,60D,false,Rx,0,8,0D,10,DF,23,02,20,70,00
252412000,625,false,Rx,0,8,25,00,11,43,FD,BB,E4,01
252480000,60D,false,Rx,0,8,0D,10,DF,23,02,20,70,00
252512000,625,false,Rx,0,8,25,00,11,43,FD,BB,E4,01
252550000,2C4,false,Rx,0,8,03,08,00,00,DC,02,00,00
252550000,2C5,false,Rx,0,8,00,00,00,00,00,00,00,00
252550000,2C6,false,Rx,0,8,F4,01,84,03,00,00,00,00
252570000,54,false,Rx,0,8,00,00,FE,FF,FE,FF,00,00
252570000,55,false,Rx,0,8,10,27,00,00,00,00,00,00
252570000,56,false,Rx,0,8,10,27,00,00,00,00,00,00
252581000,57,false,Rx,0,8,00,00,FE,FF,FE,FF,00,00
252581000,60D,false,Rx,0,8,0D,10,DF,23,02,20,70,00
252612000,625,false,Rx,0,8,25,00,11,43,FD,BB,E4,01
252680000,60D,false,Rx,0,8,0D,10,DF,23,02,20,70,00
252712000,625,false,Rx,0,8,25,00,11,43,FD,BB,E4,01
252750000,2C4,false,Rx,0,8,03,08,00,00,DC,02,00,00
252750000,2C5,false,Rx,0,8,00,00,00,00,00,00,00,00
252750000,2C6,false,Rx,0,8,F4,01,84,03,00,00,00,00
252770000,54,false,Rx,0,8,00,00,FE,FF,FE,FF,00,00
252770000,55,false,Rx,0,8,10,27,00,00,00,00,00,00
252770000,56,false,Rx,0,8,10,27,00,00,00,00,00,00
252781000,57,false,Rx,0,8,00,00,FE,FF,FE,FF,00,00
252781000,60D,false,Rx,0,8,0D,10,DF,23,02,20,70,00
252812000,625,false,Rx,0,8,25,00,11,43,FD,BB,E4,01
252880000,60D,false,Rx,0,8,0D,10,DF,23,02,20,70,00
252912000,625,false,Rx,0,8,25,00,11,43,FD,BB,E4,01
252950000,2C4,false,Rx,0,8,03,08,00,00,DA,02,00,00
252950000,2C5,false,Rx,0,8,00,00,00,00,00,00,00,00
252950000,2C6,false,Rx,0,8,F4,01,84,03,00,00,00,00
252970000,54,false,Rx,0,8,00,00,FE,FF,FE,FF,00,00
252970000,55,false,Rx,0,8,10,27,00,00,00,00,00,00
252970000,56,false,Rx,0,8,10,27,00,00,00,00,00,00
252981000,57,false,Rx,0,8,00,00,FE,FF,FE,FF,00,00
252981000,60D,false,Rx,0,8,0D,10,DF,23,02,20,70,00
253012000,625,false,Rx,0,8,25,00,11,43,FD,BB,E4,01
253080000,60D,false,Rx,0,8,0D,10,DF,23,02,20,70,00
253112000,625,false,Rx,0,8,25,00,11,43,FD,BB,E4,01
253150000,2C4,false,Rx,0,8,03,08,00,00,DA,02,00,00
253150000,2C5,false,Rx,0,8,00,00,00,00,00,00,00,00
253150000,2C6,false,Rx,0,8,F4,01,84,03,00,00,00,00
253170000,54,false,Rx,0,8,00,00,FE,FF,FE,FF,00,00
253170000,55,false,Rx,0,8,10,27,00,00,00,00,00,00
253170000,56,false,Rx,0,8,10,27,00,00,00,00,00,00
253181000,57,false,Rx,0,8,00,00,FE,FF,FE,FF,00,00
253181000,60D,false,Rx,0,8,0D,10,DF,23,02,20,70,00
253212000,625,false,Rx,0,8,25,00,11,43,FD,BB,E4,01
253280000,60D,false,Rx,0,8,0D,10,DF,23,02,20,70,00
253312000,625,false,Rx,0,8,25,00,11,43,FD,BB,E4,01
253350000,2C4,false,Rx,0,8,03,08,00,00,DA,02,00,00
253350000,2C5,false,Rx,0,8,00,00,00,00,00,00,00,00
253350000,2C6,false,Rx,0,8,F4,01,84,03,00,00,00,00
253370000,54,false,Rx,0,8,00,00,FE,FF,FE,FF,00,00
253370000,55,false,Rx,0,8,10,27,00,00,00,00,00,00
253370000,56,false,Rx,0,8,10,27,00,00,00,00,00,00
253381000,57,false,Rx,0,8,00,00,FE,FF,FE,FF,00,00
253381000,60D,false,Rx,0,8,0D,10,DF,23,02,20,70,00
253412000,625,false,Rx,0,8,25,00,11,43,FD,BB,E4,01
253480000,60D,false,Rx,0,8,0D,10,DF,23,02,20,70,00
253511000,625,false,Rx,0,8,25,00,11,43,FD,BB,E4,01
253550000,2C4,false,Rx,0,8,03,08,00,00,DC,02,00,00
253550000,2C5,false,Rx,0,8,00,00,00,00,00,00,00,00
253550000,2C6,false,Rx,0,8,F4,01,84,03,00,00,00,00
253570000,54,false,Rx,0,8,00,00,FE,FF,FE,FF,00,00
253570000,55,false,Rx,0,8,10,27,00,00,00,00,00,00
253570000,56,false,Rx,0,8,10,27,00,00,00,00,00,00
253581000,57,false,Rx,0,8,00,00,FE,FF,FE,FF,00,00
253581000,60D,false,Rx,0,8,0D,10,DF,23,02,20,70,00
253611000,625,false,Rx,0,8,25,00,11,43,FD,BB,E4,01
253680000,60D,false,Rx,0,8,0D,10,DF,23,02,20,70,00
253711000,625,false,Rx,0,8,25,00,11,43,FD,BB,E4,01
253750000,2C4,false,Rx,0,8,03,08,00,00,DA,02,00,00
253750000,2C5,false,Rx,0,8,00,00,00,00,00,00,00,00
253750000,2C6,false,Rx,0,8,F4,01,84,03,00,00,00,00
253770000,54,false,Rx,0,8,00,00,FE,FF,FE,FF,00,00
253770000,55,false,Rx,0,8,10,27,00,00,00,00,00,00
253770000,56,false,Rx,0,8,10,27,00,00,00,00,00,00
253781000,57,false,Rx,0,8,00,00,FE,FF,FE,FF,00,00
253781000,60D,false,Rx,0,8,0D,10,DF,23,02,20,70,00
253811000,625,false,Rx,0,8,25,00,11,43,FD,BB,E4,01
253880000,60D,false,Rx,0,8,0D,10,DF,23,02,20,70,00
253911000,625,false,Rx,0,8,25,00,11,43,FD,BB,E4,01
253950000,2C4,false,Rx,0,8,03,08,00,00,DA,02,00,00
253950000,2C5,false,Rx,0,8,00,00,00,00,00,00,00,00
253950000,2C6,false,Rx,0,8,F4,01,84,03,00,00,00,00
253970000,54,false,Rx,0,8,00,00,FE,FF,FE,FF,00,00
253970000,55,false,Rx,0,8,10,27,00,00,00,00,00,00
253970000,56,false,Rx,0,8,10,27,00,00,00,00,00,00
253981000,57,false,Rx,0,8,00,00,FE,FF,FE,FF,00,00
253981000,60D,false,Rx,0,8,0D,10,DF,23,02,20,70,00
254011000,625,false,Rx,0,8,25,00,11,43,FD,BB,E4,01
254080000,60D,false,Rx,0,8,0D,10,DF,23,02,20,70,00
254111000,625,false,Rx,0,8,25,00,11,43,FD,BB,E4,01
254150000,2C4,false,Rx,0,8,03,08,00,00,DA,02,00,00
254150000,2C5,false,Rx,0,8,00,00,00,00,00,00,00,00
254150000,2C6,false,Rx,0,8,F4,01,84,03,00,00,00,00
254170000,54,false,Rx,0,8,00,00,FE,FF,FE,FF,00,00
254170000,55,false,Rx,0,8,10,27,00,00,00,00,00,00
254170000,56,false,Rx,0,8,10,27,00,00,00,00,00,00
254181000,57,false,Rx,0,8,00,00,FE,FF,FE,FF,00,00
254181000,60D,false,Rx,0,8,0D,10,DF,23,02,20,70,00
254211000,625,false,Rx,0,8,25,00,11,43,FD,BB,E4,01
254280000,60D,false,Rx,0,8,0D,10,DF,23,02,20,70,00
254311000,625,false,Rx,0,8,25,00,11,43,FD,BB,E4,01
254350000,2C4,false,Rx,0,8,03,08,00,00,DC,02,00,00
254350000,2C5,false,Rx,0,8,00,00,00,00,00,00,00,00
254350000,2C6,false,Rx,0,8,F4,01,84,03,00,00,00,00
254370000,54,false,Rx,0,8,00,00,FE,FF,FE,FF,00,00
254370000,55,false,Rx,0,8,10,27,00,00,00,00,00,00
254370000,56,false,Rx,0,8,10,27,00,00,00,00,00,00
254381000,57,false,Rx,0,8,00,00,FE,FF,FE,FF,00,00
254381000,60D,false,Rx,0,8,0D,10,DF,23,02,20,70,00
254411000,625,false,Rx,0,8,25,00,11,43,FD,BB,E4,01
254480000,60D,false,Rx,0,8,0D,10,DF,23,02,20,70,00
254511000,625,false,Rx,0,8,25,00,11,43,FD,BB,E4,01
254550000,2C4,false,Rx,0,8,03,08,00,00,DC,02,00,00
254550000,2C5,false,Rx,0,8,00,00,00,00,00,00,00,00
254550000,2C6,false,Rx,0,8,F4,01,84,03,00,00,00,00
254570000,54,false,Rx,0,8,00,00,FE,FF,FE,FF,00,00
254570000,55,false,Rx,0,8,10,27,00,00,00,00,00,00
254570000,56,false,Rx,0,8,10,27,00,00,00,00,00,00
254581000,57,false,Rx,0,8,00,00,FE,FF,FE,FF,00,00
254581000,60D,false,Rx,0,8,0D,10,DF,23,02,20,70,00
254611000,625,false,Rx,0,8,25,00,11,43,FD,BB,E4,01
254680000,60D,false,Rx,0,8,0D,10,DF,23,02,20,70,00
254711000,625,false,Rx,0,8,25,00,11,43,FD,BB,E4,01
254750000,2C4,false,Rx,0,8,03,08,00,00,DA,02,00,00
254750000,2C5,false,Rx,0,8,00,00,00,00,00,00,00,00
254750000,2C6,false,Rx,0,8,F4,01,84,03,00,00,00,00
254770000,54,false,Rx,0,8,00,00,FE,FF,FE,FF,00,00
254770000,55,false,Rx,0,8,10,27,00,00,00,00,00,00
254770000,56,false,Rx,0,8,10,27,00,00,00,00,00,00
254781000,57,false,Rx,0,8,00,00,FE,FF,FE,FF,00,00
254781000,60D,false,Rx,0,8,0D,10,DF,23,02,20,70,00
254811000,625,false,Rx,0,8,25,00,11,43,FD,BB,E4,01
254880000,60D,false,Rx,0,8,0D,10,DF,23,02,20,70,00
254911000,625,false,Rx,0,8,25,00,11,43,FD,BB,E4,01
254950000,2C4,false,Rx,0,8,03,08,00,00,DA,02,00,00
254950000,2C5,false,Rx,0,8,00,00,00,00,00,00,00,00
254950000,2C6,false,Rx,0,8,F4,01,84,03,00,00,00,00
254970000,54,false,Rx,0,8,00,00,FE,FF,FE,FF,00,00
254970000,55,false,Rx,0,8,10,27,00,00,00,00,00,00
254970000,56,false,Rx,0,8,10,27,00,00,00,00,00,00
254981000,57,false,Rx,0,8,00,00,FE,FF,FE,FF,00,00
254981000,60D,false,Rx,0,8,0D,10,DF,23,02,20,70,00
255011000,625,false,Rx,0,8,25,00,11,43,FD,BB,E4,01
255080000,60D,false,Rx,0,8,0D,10,DF,23,02,20,70,00
255111000,625,false,Rx,0,8,25,00,11,43,FD,BB,E4,01
255150000,2C4,false,Rx,0,8,03,08,00,00,DC,02,00,00
255150000,2C5,false,Rx,0,8,00,00,00,00,00,00,00,00
255150000,2C6,false,Rx,0,8,F4,01,84,03,00,00,00,00
255170000,54,false,Rx,0,8,00,00,FE,FF,FE,FF,00,00
255170000,55,false,Rx,0,8,10,27,00,00,00,00,00,00
255170000,56,false,Rx,0,8,10,27,00,00,00,00,00,00
255181000,57,false,Rx,0,8,00,00,FE,FF,FE,FF,00,00
255181000,60D,false,Rx,0,8,0D,10,DF,23,02,20,70,00
255211000,625,false,Rx,0,8,25,00,11,43,FD,BB,E4,01
255280000,60D,false,Rx,0,8,0D,10,DF,23,02,20,70,00
255311000,625,false,Rx,0,8,25,00,11,43,FD,BB,E4,01
255350000,2C4,false,Rx,0,8,03,08,00,00,DC,02,00,00
255350000,2C5,false,Rx,0,8,00,00,00,00,00,00,00,00
255350000,2C6,false,Rx,0,8,F4,01,84,03,00,00,00,00
255370000,54,false,Rx,0,8,00,00,FE,FF,FE,FF,00,00
255370000,55,false,Rx,0,8,10,27,00,00,00,00,00,00
255370000,56,false,Rx,0,8,10,27,00,00,00,00,00,00
255381000,57,false,Rx,0,8,00,00,FE,FF,FE,FF,00,00
255381000,60D,false,Rx,0,8,0D,10,DF,23,02,20,70,00
255411000,625,false,Rx,0,8,25,00,11,43,FD,BB,E4,01
255480000,60D,false,Rx,0,8,0D,10,DF,23,02,20,70,00
255511000,625,false,Rx,0,8,25,00,11,43,FD,BB,E4,01
255550000,2C4,false,Rx,0,8,03,08,00,00,DA,02,00,00
255550000,2C5,false,Rx,0,8,00,00,00,00,00,00,00,00
255550000,2C6,false,Rx,0,8,F4,01,84,03,00,00,00,00
255570000,54,false,Rx,0,8,00,00,FE,FF,FE,FF,00,00
255570000,55,false,Rx,0,8,10,27,00,00,00,00,00,00
255570000,56,false,Rx,0,8,10,27,00,00,00,00,00,00
255581000,57,false,Rx,0,8,00,00,FE,FF,FE,FF,00,00
255581000,60D,false,Rx,0,8,0D,10,DF,23,02,20,70,00
255611000,625,false,Rx,0,8,25,00,11,43,FD,BB,E4,01
255680000,60D,false,Rx,0,8,0D,10,DF,23,02,20,70,00
255711000,625,false,Rx,0,8,25,00,11,43,FD,BB,E4,01
255750000,2C4,false,Rx,0,8,03,08,00,00,DA,02,00,00
255750000,2C5,false,Rx,0,8,00,00,00,00,00,00,00,00
255750000,2C6,false,Rx,0,8,F4,01,84,03,00,00,00,00
255770000,54,false,Rx,0,8,00,00,FE,FF,FE,FF,00,00
255770000,55,false,Rx,0,8,10,27,00,00,00,00,00,00
255770000,56,false,Rx,0,8,10,27,00,00,00,00,00,00
255781000,57,false,Rx,0,8,00,00,FE,FF,FE,FF,00,00
255781000,60D,false,Rx,0,8,0D,10,DF,23,02,20,70,00
255811000,625,false,Rx,0,8,25,00,11,43,FD,BB,E4,01
255880000,60D,false,Rx,0,8,0D,10,DF,23,02,20,70,00
255911000,625,false,Rx,0,8,25,00,11,43,FD,BB,E4,01
255950000,2C4,false,Rx,0,8,03,08,00,00,DC,02,00,00
255950000,2C5,false,Rx,0,8,00,00,00,00,00,00,00,00
255950000,2C6,false,Rx,0,8,F4,01,84,03,00,00,00,00
255970000,54,false,Rx,0,8,00,00,FE,FF,FE,FF,00,00
255970000,55,false,Rx,0,8,10,27,00,00,00,00,00,00
255970000,56,false,Rx,0,8,10,27,00,00,00,00,00,00
255981000,57,false,Rx,0,8,00,00,FE,FF,FE,FF,00,00
255981000,60D,false,Rx,0,8,0D,10,DF,23,02,20,70,00
256011000,625,false,Rx,0,8,25,00,11,43,FD,BB,E4,01
256080000,60D,false,Rx,0,8,0D,10,DF,23,02,20,70,00
256111000,625,false,Rx,0,8,25,00,11,43,FD,BB,E4,01
256150000,2C4,false,Rx,0,8,03,08,00,00,DC,02,00,00
256150000,2C5,false,Rx,0,8,00,00,00,00,00,00,00,00
256150000,2C6,false,Rx,0,8,F4,01,84,03,00,00,00,00
256170000,54,false,Rx,0,8,00,00,FE,FF,FE,FF,00,00
256170000,55,false,Rx,0,8,10,27,00,00,00,00,00,00
256170000,56,false,Rx,0,8,10,27,00,00,00,00,00,00
256181000,57,false,Rx,0,8,00,00,FE,FF,FE,FF,00,00
256181000,60D,false,Rx,0,8,0D,10,DF,23,02,20,70,00
256211000,625,false,Rx,0,8,25,00,11,43,FD,BB,E4,01
256280000,60D,false,Rx,0,8,0D,10,DF,23,02,20,70,00
256311000,625,false,Rx,0,8,25,00,11,43,FD,BB,E4,01
256349000,2C4,false,Rx,0,8,03,08,00,00,DA,02,00,00
256350000,2C5,false,Rx,0,8,00,00,00,00,00,00,00,00
256350000,2C6,false,Rx,0,8,F4,01,84,03,00,00,00,00
256370000,54,false,Rx,0,8,00,00,FE,FF,FE,FF,00,00
256370000,55,false,Rx,0,8,10,27,00,00,00,00,00,00
256370000,56,false,Rx,0,8,10,27,00,00,00,00,00,00
256381000,57,false,Rx,0,8,00,00,FE,FF,FE,FF,00,00
256381000,60D,false,Rx,0,8,0D,10,DF,23,02,20,70,00
256411000,625,false,Rx,0,8,25,00,11,43,FD,BB,E4,01
256480000,60D,false,Rx,0,8,0D,10,DF,23,02,20,70,00
256511000,625,false,Rx,0,8,25,00,11,43,FD,BB,E4,01
256549000,2C4,false,Rx,0,8,03,08,00,00,DA,02,00,00
256550000,2C5,false,Rx,0,8,00,00,00,00,00,00,00,00
256550000,2C6,false,Rx,0,8,F4,01,84,03,00,00,00,00
256570000,54,false,Rx,0,8,00,00,FE,FF,FE,FF,00,00
256570000,55,false,Rx,0,8,10,27,00,00,00,00,00,00
256570000,56,false,Rx,0,8,10,27,00,00,00,00,00,00
256581000,57,false,Rx,0,8,00,00,FE,FF,FE,FF,00,00
256581000,60D,false,Rx,0,8,0D,10,DF,23,02,20,70,00
256611000,625,false,Rx,0,8,25,00,11,43,FD,BB,E4,01
256680000,60D,false,Rx,0,8,0D,10,DF,23,02,20,70,00
256711000,625,false,Rx,0,8,25,00,11,43,FD,BB,E4,01
256749000,2C4,false,Rx,0,8,03,08,00,00,DC,02,00,00
256750000,2C5,false,Rx,0,8,00,00,00,00,00,00,00,00
256750000,2C6,false,Rx,0,8,F4,01,84,03,00,00,00,00
256770000,54,false,Rx,0,8,00,00,FE,FF,FE,FF,00,00
256770000,55,false,Rx,0,8,10,27,00,00,00,00,00,00
256770000,56,false,Rx,0,8,10,27,00,00,00,00,00,00
256781000,57,false,Rx,0,8,00,00,FE,FF,FE,FF,00,00
256781000,60D,false,Rx,0,8,0D,10,DF,23,02,20,70,00
256811000,625,false,Rx,0,8,25,00,11,43,FD,BB,E4,01
256880000,60D,false,Rx,0,8,0D,10,DF,23,02,20,70,00
256911000,625,false,Rx,0,8,25,00,11,43,FD,BB,E4,01
256949000,2C4,false,Rx,0,8,03,08,00,00,DC,02,00,00
256950000,2C5,false,Rx,0,8,00,00,00,00,00,00,00,00
256950000,2C6,false,Rx,0,8,F4,01,84,03,00,00,00,00
256970000,54,false,Rx,0,8,00,00,FE,FF,FE,FF,00,00
256970000,55,false,Rx,0,8,10,27,00,00,00,00,00,00
256970000,56,false,Rx,0,8,10,27,00,00,00,00,00,00
256981000,57,false,Rx,0,8,00,00,FE,FF,FE,FF,00,00
256981000,60D,false,Rx,0,8,0D,10,DF,23,02,20,70,00
257011000,625,false,Rx,0,8,25,00,11,43,FD,BB,E4,01
257080000,60D,false,Rx,0,8,0D,10,DF,23,02,20,70,00
257111000,625,false,Rx,0,8,25,00,11,43,FD,BB,E4,01
257149000,2C4,false,Rx,0,8,03,08,00,00,DC,02,00,00
257150000,2C5,false,Rx,0,8,00,00,00,00,00,00,00,00
257150000,2C6,false,Rx,0,8,F4,01,84,03,00,00,00,00
257170000,54,false,Rx,0,8,00,00,FE,FF,FE,FF,00,00
257170000,55,false,Rx,0,8,10,27,00,00,00,00,00,00
257170000,56,false,Rx,0,8,10,27,00,00,00,00,00,00
257181000,57,false,Rx,0,8,00,00,FE,FF,FE,FF,00,00
257181000,60D,false,Rx,0,8,0D,10,DF,23,02,20,70,00
257211000,625,false,Rx,0,8,25,00,11,43,FD,BB,E4,01
257280000,60D,false,Rx,0,8,0D,10,DF,23,02,20,70,00
257311000,625,false,Rx,0,8,25,00,11,43,FD,BB,E4,01
257349000,2C4,false,Rx,0,8,03,08,00,00,DA,02,00,00
257350000,2C5,false,Rx,0,8,00,00,00,00,00,00,00,00
257350000,2C6,false,Rx,0,8,F4,01,84,03,00,00,00,00
257370000,54,false,Rx,0,8,00,00,FE,FF,FE,FF,00,00
257370000,55,false,Rx,0,8,10,27,00,00,00,00,00,00
257370000,56,false,Rx,0,8,10,27,00,00,00,00,00,00
257381000,57,false,Rx,0,8,00,00,FE,FF,FE,FF,00,00
257381000,60D,false,Rx,0,8,0D,10,DF,23,02,20,70,00
257411000,625,false,Rx,0,8,25,00,11,43,FD,BB,E4,01
257480000,60D,false,Rx,0,8,0D,10,DF,23,02,20,70,00
257511000,625,false,Rx,0,8,25,00,11,43,FD,BB,E4,01
257549000,2C4,false,Rx,0,8,03,08,00,00,DC,02,00,00
257550000,2C5,false,Rx,0,8,00,00,00,00,00,00,00,00
257550000,2C6,false,Rx,0,8,F4,01,84,03,00,00,00,00
257570000,54,false,Rx,0,8,00,00,FE,FF,FE,FF,00,00
257570000,55,false,Rx,0,8,10,27,00,00,00,00,00,00
257570000,56,false,Rx,0,8,10,27,00,00,00,00,00,00
257581000,57,false,Rx,0,8,00,00,FE,FF,FE,FF,00,00
257581000,60D,false,Rx,0,8,0D,10,DF,23,02,20,70,00
257611000,625,false,Rx,0,8,25,00,11,43,FD,BB,E4,01
257680000,60D,false,Rx,0,8,0D,10,DF,23,02,20,70,00
257711000,625,false,Rx,0,8,25,00,11,43,FD,BB,E4,01
257749000,2C4,false,Rx,0,8,03,08,00,00,DC,02,00,00
257750000,2C5,false,Rx,0,8,00,00,00,00,00,00,00,00
257750000,2C6,false,Rx,0,8,F4,01,84,03,00,00,00,00
257770000,54,false,Rx,0,8,00,00,FE,FF,FE,FF,00,00
257770000,55,false,Rx,0,8,10,27,00,00,00,00,00,00
257770000,56,false,Rx,0,8,10,27,00,00,00,00,00,00
257781000,57,false,Rx,0,8,00,00,FE,FF,FE,FF,00,00
257781000,60D,false,Rx,0,8,0D,10,DF,23,02,20,70,00
257811000,625,false,Rx,0,8,25,00,11,43,FD,BB,E4,01
257880000,60D,false,Rx,0,8,0D,10,DF,23,02,20,70,00
257911000,625,false,Rx,0,8,25,00,11,43,FD,BB,E4,01
257949000,2C4,false,Rx,0,8,03,08,00,00,DC,02,00,00
257950000,2C5,false,Rx,0,8,00,00,00,00,00,00,00,00
257950000,2C6,false,Rx,0,8,F4,01,84,03,00,00,00,00
257970000,54,false,Rx,0,8,00,00,FE,FF,FE,FF,00,00
257970000,55,false,Rx,0,8,10,27,00,00,00,00,00,00
257970000,56,false,Rx,0,8,10,27,00,00,00,00,00,00
257981000,57,false,Rx,0,8,00,00,FE,FF,FE,FF,00,00
257981000,60D,false,Rx,0,8,0D,10,DF,23,02,20,70,00
258011000,625,false,Rx,0,8,25,00,11,43,FD,BB,E4,01
258080000,60D,false,Rx,0,8,0D,10,DF,23,02,20,70,00
258111000,625,false,Rx,0,8,25,00,11,43,FD,BB,E4,01
258149000,2C4,false,Rx,0,8,03,08,00,00,DA,02,00,00
258150000,2C5,false,Rx,0,8,00,00,00,00,00,00,00,00
258150000,2C6,false,Rx,0,8,F4,01,84,03,00,00,00,00
258170000,54,false,Rx,0,8,00,00,FE,FF,FE,FF,00,00
258170000,55,false,Rx,0,8,10,27,00,00,00,00,00,00
258170000,56,false,Rx,0,8,10,27,00,00,00,00,00,00
258181000,57,false,Rx,0,8,00,00,FE,FF,FE,FF,00,00
258181000,60D,false,Rx,0,8,0D,10,DF,23,02,20,70,00
258211000,625,false,Rx,0,8,25,00,11,43,FD,BB,E4,01
258280000,60D,false,Rx,0,8,0D,10,DF,23,02,20,70,00
258311000,625,false,Rx,0,8,25,00,11,43,FD,BB,E4,01
258349000,2C4,false,Rx,0,8,03,08,00,00,DC,02,00,00
258350000,2C5,false,Rx,0,8,00,00,00,00,00,00,00,00
258350000,2C6,false,Rx,0,8,F4,01,84,03,00,00,00,00
258370000,54,false,Rx,0,8,00,00,FE,FF,FE,FF,00,00
258370000,55,false,Rx,0,8,10,27,00,00,00,00,00,00
258370000,56,false,Rx,0,8,10,27,00,00,00,00,00,00
258381000,57,false,Rx,0,8,00,00,FE,FF,FE,FF,00,00
258381000,60D,false,Rx,0,8,0D,10,DF,23,02,20,70,00
258411000,625,false,Rx,0,8,25,00,11,43,FD,BB,E4,01
258480000,60D,false,Rx,0,8,0D,10,DF,23,02,20,70,00
258511000,625,false,Rx,0,8,25,00,11,43,FD,BB,E4,01
258549000,2C4,false,Rx,0,8,03,08,00,00,DC,02,00,00
258550000,2C5,false,Rx,0,8,00,00,00,00,00,00,00,00
258550000,2C6,false,Rx,0,8,F4,01,84,03,00,00,00,00
258570000,54,false,Rx,0,8,00,00,FE,FF,FE,FF,00,00
258570000,55,false,Rx,0,8,10,27,00,00,00,00,00,00
258570000,56,false,Rx,0,8,10,27,00,00,00,00,00,00
258581000,57,false,Rx,0,8,00,00,FE,FF,FE,FF,00,00
258581000,60D,false,Rx,0,8,0D,10,DF,23,02,20,70,00
258611000,625,false,Rx,0,8,25,00,11,43,FD,BB,E4,01
258680000,60D,false,Rx,0,8,0D,10,DF,23,02,20,70,00
258711000,625,false,Rx,0,8,25,00,11,43,FD,BB,E4,01
258749000,2C4,false,Rx,0,8,03,08,00,00,DC,02,00,00
258750000,2C5,false,Rx,0,8,00,00,00,00,00,00,00,00
258750000,2C6,false,Rx,0,8,F4,01,84,03,00,00,00,00
258770000,54,false,Rx,0,8,00,00,FE,FF,FE,FF,00,00
258770000,55,false,Rx,0,8,10,27,00,00,00,00,00,00
258770000,56,false,Rx,0,8,10,27,00,00,00,00,00,00
258781000,57,false,Rx,0,8,00,00,FE,FF,FE,FF,00,00
258781000,60D,false,Rx,0,8,0D,10,DF,23,02,20,70,00
258811000,625,false,Rx,0,8,25,00,11,43,FD,BB,E4,01
258880000,60D,false,Rx,0,8,0D,10,DF,23,02,20,70,00
258911000,625,false,Rx,0,8,25,00,11,43,FD,BB,E4,01
258949000,2C4,false,Rx,0,8,03,08,00,00,DA,02,00,00
258950000,2C5,false,Rx,0,8,00,00,00,00,00,00,00,00
258950000,2C6,false,Rx,0,8,F4,01,84,03,00,00,00,00
258970000,54,false,Rx,0,8,00,00,FE,FF,FE,FF,00,00
258970000,55,false,Rx,0,8,10,27,00,00,00,00,00,00
258970000,56,false,Rx,0,8,10,27,00,00,00,00,00,00
258981000,57,false,Rx,0,8,00,00,FE,FF,FE,FF,00,00
258981000,60D,false,Rx,0,8,0D,10,DF,23,02,20,70,00
259011000,625,false,Rx,0,8,25,00,11,43,FD,BB,E4,01
259080000,60D,false,Rx,0,8,0D,10,DF,23,02,20,70,00
259111000,625,false,Rx,0,8,25,00,11,43,FD,BB,E4,01
259149000,2C4,false,Rx,0,8,03,08,00,00,DA,02,00,00
259150000,2C5,false,Rx,0,8,00,00,00,00,00,00,00,00
259150000,2C6,false,Rx,0,8,F4,01,84,03,00,00,00,00
259170000,54,false,Rx,0,8,00,00,FE,FF,FE,FF,00,00
259170000,55,false,Rx,0,8,10,27,00,00,00,00,00,00
259170000,56,false,Rx,0,8,10,27,00,00,00,00,00,00
259181000,57,false,Rx,0,8,00,00,FE,FF,FE,FF,00,00
259181000,60D,false,Rx,0,8,0D,10,DF,23,02,20,70,00
259211000,625,false,Rx,0,8,25,00,11,43,FD,BB,E4,01
259280000,60D,false,Rx,0,8,0D,10,DF,23,02,20,70,00
259311000,625,false,Rx,0,8,25,00,11,43,FD,BB,E4,01
259349000,2C4,false,Rx,0,8,03,08,00,00,DC,02,00,00
259350000,2C5,false,Rx,0,8,00,00,00,00,00,00,00,00
259350000,2C6,false,Rx,0,8,F4,01,84,03,00,00,00,00
259370000,54,false,Rx,0,8,00,00,FE,FF,FE,FF,00,00
259370000,55,false,Rx,0,8,10,27,00,00,00,00,00,00
259370000,56,false,Rx,0,8,10,27,00,00,00,00,00,00
259381000,57,false,Rx,0,8,00,00,FE,FF,FE,FF,00,00
259381000,60D,false,Rx,0,8,0D,10,DF,23,02,20,70,00
259411000,625,false,Rx,0,8,25,00,11,43,FD,BB,E4,01
259480000,60D,false,Rx,0,8,0D,10,DF,23,02,20,70,00
259511000,625,false,Rx,0,8,25,00,11,43,FD,BB,E4,01
259549000,2C4,false,Rx,0,8,03,08,00,00,DC,02,00,00
259550000,2C5,false,Rx,0,8,00,00,00,00,00,00,00,00
259550000,2C6,false,Rx,0,8,F4,01,84,03,00,00,00,00
259570000,54,false,Rx,0,8,00,00,FE,FF,FE,FF,00,00
259570000,55,false,Rx,0,8,10,27,00,00,00,00,00,00
259570000,56,false,Rx,0,8,10,27,00,00,00,00,00,00
259581000,57,false,Rx,0,8,00,00,FE,FF,FE,FF,00,00
259581000,60D,false,Rx,0,8,0D,10,DF,23,02,20,70,00
259611000,625,false,Rx,0,8,25,00,11,43,FD,BB,E4,01
259680000,60D,false,Rx,0,8,0D,10,DF,23,02,20,70,00
259711000,625,false,Rx,0,8,25,00,11,43,FD,BB,E4,01
259749000,2C4,false,Rx,0,8,03,08,00,00,DA,02,00,00
259750000,2C5,false,Rx,0,8,00,00,00,00,00,00,00,00
259750000,2C6,false,Rx,0,8,F4,01,84,03,00,00,00,00
259770000,54,false,Rx,0,8,00,00,FE,FF,FE,FF,00,00
259770000,55,false,Rx,0,8,10,27,00,00,00,00,00,00
259770000,56,false,Rx,0,8,10,27,00,00,00,00,00,00
259781000,57,false,Rx,0,8,00,00,FE,FF,FE,FF,00,00
259781000,60D,false,Rx,0,8,0D,10,DF,23,02,20,70,00
259811000,625,false,Rx,0,8,25,00,11,43,FD,BB,E4,01
259880000,60D,false,Rx,0,8,0D,10,DF,23,02,20,70,00
259911000,625,false,Rx,0,8,25,00,11,43,FD,BB,E4,01
259949000,2C4,false,Rx,0,8,03,08,00,00,DC,02,00,00
259950000,2C5,false,Rx,0,8,00,00,00,00,00,00,00,00
259950000,2C6,false,Rx,0,8,F4,01,84,03,00,00,00,00
259970000,54,false,Rx,0,8,00,00,FE,FF,FE,FF,00,00
259970000,55,false,Rx,0,8,10,27,00,00,00,00,00,00
259970000,56,false,Rx,0,8,10,27,00,00,00,00,00,00
259981000,57,false,Rx,0,8,00,00,FE,FF,FE,FF,00,00
259981000,60D,false,Rx,0,8,0D,10,DF,23,02,20,70,00
260011000,625,false,Rx,0,8,25,00,11,43,FD,BB,E4,01
260080000,60D,false,Rx,0,8,0D,10,DF,23,02,20,70,00
260111000,625,false,Rx,0,8,25,00,11,43,FD,BB,E4,01
260149000,2C4,false,Rx,0,8,03,08,00,00,DC,02,00,00
260150000,2C5,false,Rx,0,8,00,00,00,00,00,00,00,00
260150000,2C6,false,Rx,0,8,F4,01,84,03,00,00,00,00
260170000,54,false,Rx,0,8,00,00,FE,FF,FE,FF,00,00
260170000,55,false,Rx,0,8,10,27,00,00,00,00,00,00
260170000,56,false,Rx,0,8,10,27,00,00,00,00,00,00
260181000,57,false,Rx,0,8,00,00,FE,FF,FE,FF,00,00
260181000,60D,false,Rx,0,8,0D,10,DF,23,02,20,70,00
260211000,625,false,Rx,0,8,25,00,11,43,FD,BB,E4,01
260280000,60D,false,Rx,0,8,0D,10,DF,23,02,20,70,00
260311000,625,false,Rx,0,8,25,00,11,43,FD,BB,E4,01
260349000,2C4,false,Rx,0,8,03,08,00,00,DC,02,00,00
260350000,2C5,false,Rx,0,8,00,00,00,00,00,00,00,00
260350000,2C6,false,Rx,0,8,F4,01,84,03,00,00,00,00
260370000,54,false,Rx,0,8,00,00,FE,FF,FE,FF,00,00
260370000,55,false,Rx,0,8,10,27,00,00,00,00,00,00
260370000,56,false,Rx,0,8,10,27,00,00,00,00,00,00
260381000,57,false,Rx,0,8,00,00,FE,FF,FE,FF,00,00
260381000,60D,false,Rx,0,8,0D,10,DF,23,02,20,70,00
260411000,625,false,Rx,0,8,25,00,11,43,FD,BB,E4,01
260480000,60D,false,Rx,0,8,0D,10,DF,23,02,20,70,00
260511000,625,false,Rx,0,8,25,00,11,43,FD,BB,E4,01
260549000,2C4,false,Rx,0,8,03,08,00,00,DC,02,00,00
260550000,2C5,false,Rx,0,8,00,00,00,00,00,00,00,00
260550000,2C6,false,Rx,0,8,F4,01,84,03,00,00,00,00
260570000,54,false,Rx,0,8,00,00,FE,FF,FE,FF,00,00
260570000,55,false,Rx,0,8,10,27,00,00,00,00,00,00
260570000,56,false,Rx,0,8,10,27,00,00,00,00,00,00
260581000,57,false,Rx,0,8,00,00,FE,FF,FE,FF,00,00
260581000,60D,false,Rx,0,8,0D,10,DF,23,02,20,70,00
260611000,625,false,Rx,0,8,25,00,11,43,FD,BB,E4,01
260680000,60D,false,Rx,0,8,0D,10,DF,23,02,20,70,00
260711000,625,false,Rx,0,8,25,00,11,43,FD,BB,E4,01
260749000,2C4,false,Rx,0,8,03,08,00,00,DA,02,00,00
260750000,2C5,false,Rx,0,8,00,00,00,00,00,00,00,00
260750000,2C6,false,Rx,0,8,F4,01,84,03,00,00,00,00
260770000,54,false,Rx,0,8,00,00,FE,FF,FE,FF,00,00
260770000,55,false,Rx,0,8,10,27,00,00,00,00,00,00
260770000,56,false,Rx,0,8,10,27,00,00,00,00,00,00
260781000,57,false,Rx,0,8,00,00,FE,FF,FE,FF,00,00
260781000,60D,false,Rx,0,8,0D,10,DF,23,02,20,70,00
260811000,625,false,Rx,0,8,25,00,11,43,FD,BB,E4,01
260880000,60D,false,Rx,0,8,0D,10,DF,23,02,20,70,00
260911000,625,false,Rx,0,8,25,00,11,43,FD,BB,E4,01
260949000,2C4,false,Rx,0,8,03,08,00,00,DC,02,00,00
260949000,2C5,false,Rx,0,8,00,00,00,00,00,00,00,00
260950000,2C6,false,Rx,0,8,F4,01,84,03,00,00,00,00
260969000,54,false,Rx,0,8,00,00,FE,FF,FE,FF,00,00
260970000,55,false,Rx,0,8,10,27,00,00,00,00,00,00
260970000,56,false,Rx,0,8,10,27,00,00,00,00,00,00
260980000,57,false,Rx,0,8,00,00,FE,FF,FE,FF,00,00
260981000,60D,false,Rx,0,8,0D,10,DF,23,02,20,70,00
261011000,625,false,Rx,0,8,25,00,11,43,FD,BB,E4,01
261080000,60D,false,Rx,0,8,0D,10,DF,23,02,20,70,00
261111000,625,false,Rx,0,8,25,00,11,43,FD,BB,E4,01
261149000,2C4,false,Rx,0,8,03,08,00,00,DC,02,00,00
261149000,2C5,false,Rx,0,8,00,00,00,00,00,00,00,00
261150000,2C6,false,Rx,0,8,F4,01,84,03,00,00,00,00
261170000,54,false,Rx,0,8,00,00,FE,FF,FE,FF,00,00
261170000,55,false,Rx,0,8,10,27,00,00,00,00,00,00
261170000,56,false,Rx,0,8,10,27,00,00,00,00,00,00
261181000,57,false,Rx,0,8,00,00,FE,FF,FE,FF,00,00
261181000,60D,false,Rx,0,8,0D,10,DF,23,02,20,70,00
261211000,625,false,Rx,0,8,25,00,11,43,FD,BB,E4,01
261280000,60D,false,Rx,0,8,0D,10,DF,23,02,20,70,00
261311000,625,false,Rx,0,8,25,00,11,43,FD,BB,E4,01
261349000,2C4,false,Rx,0,8,03,08,00,00,DC,02,00,00
261349000,2C5,false,Rx,0,8,00,00,00,00,00,00,00,00
261350000,2C6,false,Rx,0,8,F4,01,84,03,00,00,00,00
261370000,54,false,Rx,0,8,00,00,FE,FF,FE,FF,00,00
261370000,55,false,Rx,0,8,10,27,00,00,00,00,00,00
261370000,56,false,Rx,0,8,10,27,00,00,00,00,00,00
261381000,57,false,Rx,0,8,00,00,FE,FF,FE,FF,00,00
261381000,60D,false,Rx,0,8,0D,10,DF,23,02,20,70,00
261411000,625,false,Rx,0,8,25,00,11,43,FD,BB,E4,01
261480000,60D,false,Rx,0,8,0D,10,DF,23,02,20,70,00
261511000,625,false,Rx,0,8,25,00,11,43,FD,BB,E4,01
261549000,2C4,false,Rx,0,8,03,08,00,00,DC,02,00,00
261549000,2C5,false,Rx,0,8,00,00,00,00,00,00,00,00
261550000,2C6,false,Rx,0,8,F4,01,84,03,00,00,00,00
261569000,54,false,Rx,0,8,00,00,FE,FF,FE,FF,00,00
261570000,55,false,Rx,0,8,10,27,00,00,00,00,00,00
261570000,56,false,Rx,0,8,10,27,00,00,00,00,00,00
261580000,57,false,Rx,0,8,00,00,FE,FF,FE,FF,00,00
261581000,60D,false,Rx,0,8,0D,10,DF,23,02,20,70,00
261611000,625,false,Rx,0,8,25,00,11,43,FD,BB,E4,01
261680000,60D,false,Rx,0,8,0D,10,DF,23,02,20,70,00
261711000,625,false,Rx,0,8,25,00,11,43,FD,BB,E4,01
261749000,2C4,false,Rx,0,8,03,08,00,00,DC,02,00,00
261749000,2C5,false,Rx,0,8,00,00,00,00,00,00,00,00
261750000,2C6,false,Rx,0,8,F4,01,84,03,00,00,00,00
261770000,54,false,Rx,0,8,00,00,FE,FF,FE,FF,00,00
261770000,55,false,Rx,0,8,10,27,00,00,00,00,00,00
261770000,56,false,Rx,0,8,10,27,00,00,00,00,00,00
261781000,57,false,Rx,0,8,00,00,FE,FF,FE,FF,00,00
261781000,60D,false,Rx,0,8,0D,10,DF,23,02,20,70,00
261811000,625,false,Rx,0,8,25,00,11,43,FD,BB,E4,01
261880000,60D,false,Rx,0,8,0D,10,DF,23,02,20,70,00
261911000,625,false,Rx,0,8,25,00,11,43,FD,BB,E4,01
261949000,2C4,false,Rx,0,8,03,08,00,00,DC,02,00,00
261949000,2C5,false,Rx,0,8,00,00,00,00,00,00,00,00
261950000,2C6,false,Rx,0,8,F4,01,84,03,00,00,00,00
261969000,54,false,Rx,0,8,00,00,FE,FF,FE,FF,00,00
261970000,55,false,Rx,0,8,10,27,00,00,00,00,00,00
261970000,56,false,Rx,0,8,10,27,00,00,00,00,00,00
261980000,57,false,Rx,0,8,00,00,FE,FF,FE,FF,00,00
261981000,60D,false,Rx,0,8,0D,10,DF,23,02,20,70,00
262011000,625,false,Rx,0,8,25,00,11,43,FD,BB,E4,01
262080000,60D,false,Rx,0,8,0D,10,DF,23,02,20,70,00
262111000,625,false,Rx,0,8,25,00,11,43,FD,BB,E4,01
262149000,2C4,false,Rx,0,8,03,08,00,00,DC,02,00,00
262149000,2C5,false,Rx,0,8,00,00,00,00,00,00,00,00
262150000,2C6,false,Rx,0,8,F4,01,84,03,00,00,00,00
262169000,54,false,Rx,0,8,00,00,FE,FF,FE,FF,00,00
262170000,55,false,Rx,0,8,10,27,00,00,00,00,00,00
262170000,56,false,Rx,0,8,10,27,00,00,00,00,00,00
262180000,57,false,Rx,0,8,00,00,FE,FF,FE,FF,00,00
262181000,60D,false,Rx,0,8,0D,10,DF,23,02,20,70,00
262211000,625,false,Rx,0,8,25,00,11,43,FD,BB,E4,01
262280000,60D,false,Rx,0,8,0D,10,DF,23,02,20,70,00
262311000,625,false,Rx,0,8,25,00,11,43,FD,BB,E4,01
262349000,2C4,false,Rx,0,8,03,08,00,00,DA,02,00,00
262349000,2C5,false,Rx,0,8,00,00,00,00,00,00,00,00
262350000,2C6,false,Rx,0,8,F4,01,84,03,00,00,00,00
262370000,54,false,Rx,0,8,00,00,FE,FF,FE,FF,00,00
262370000,55,false,Rx,0,8,10,27,00,00,00,00,00,00
262370000,56,false,Rx,0,8,10,27,00,00,00,00,00,00
262381000,57,false,Rx,0,8,00,00,FE,FF,FE,FF,00,00
262381000,60D,false,Rx,0,8,0D,10,DF,23,02,20,70,00
262411000,625,false,Rx,0,8,25,00,11,43,FD,BB,E4,01
262480000,60D,false,Rx,0,8,0D,10,DF,23,02,20,70,00
262511000,625,false,Rx,0,8,25,00,11,43,FD,BB,E4,01
262549000,2C4,false,Rx,0,8,03,08,00,00,DC,02,00,00
262549000,2C5,false,Rx,0,8,00,00,00,00,00,00,00,00
262550000,2C6,false,Rx,0,8,F4,01,84,03,00,00,00,00
262569000,54,false,Rx,0,8,00,00,FE,FF,FE,FF,00,00
262570000,55,false,Rx,0,8,10,27,00,00,00,00,00,00
262570000,56,false,Rx,0,8,10,27,00,00,00,00,00,00
262580000,57,false,Rx,0,8,00,00,FE,FF,FE,FF,00,00
262581000,60D,false,Rx,0,8,0D,10,DF,23,02,20,70,00
262611000,625,false,Rx,0,8,25,00,11,43,FD,BB,E4,01
262680000,60D,false,Rx,0,8,0D,10,DF,23,02,20,70,00
262711000,625,false,Rx,0,8,25,00,11,43,FD,BB,E4,01
262749000,2C4,false,Rx,0,8,03,08,00,00,DC,02,00,00
262749000,2C5,false,Rx,0,8,00,00,00,00,00,00,00,00
262750000,2C6,false,Rx,0,8,F4,01,84,03,00,00,00,00
262769000,54,false,Rx,0,8,00,00,FE,FF,FE,FF,00,00
262770000,55,false,Rx,0,8,10,27,00,00,00,00,00,00
262770000,56,false,Rx,0,8,10,27,00,00,00,00,00,00
262780000,57,false,Rx,0,8,00,00,FE,FF,FE,FF,00,00
262781000,60D,false,Rx,0,8,0D,10,DF,23,02,20,70,00
262811000,625,false,Rx,0,8,25,00,11,43,FD,BB,E4,01
262880000,60D,false,Rx,0,8,0D,10,DF,23,02,20,70,00
262911000,625,false,Rx,0,8,25,00,11,43,FD,BB,E4,01
262949000,2C4,false,Rx,0,8,03,08,00,00,DC,02,00,00
262949000,2C5,false,Rx,0,8,00,00,00,00,00,00,00,00
262950000,2C6,false,Rx,0,8,F4,01,84,03,00,00,00,00
262969000,54,false,Rx,0,8,00,00,FE,FF,FE,FF,00,00
262970000,55,false,Rx,0,8,10,27,00,00,00,00,00,00
262970000,56,false,Rx,0,8,10,27,00,00,00,00,00,00
262980000,57,false,Rx,0,8,00,00,FE,FF,FE,FF,00,00
262981000,60D,false,Rx,0,8,0D,10,DF,23,02,20,70,00
263011000,625,false,Rx,0,8,25,00,11,43,FD,BB,E4,01
263080000,60D,false,Rx,0,8,0D,10,DF,23,02,20,70,00
263111000,625,false,Rx,0,8,25,00,11,43,FD,BB,E4,01
263149000,2C4,false,Rx,0,8,03,08,00,00,DA,02,00,00
263149000,2C5,false,Rx,0,8,00,00,00,00,00,00,00,00
263150000,2C6,false,Rx,0,8,F4,01,84,03,00,00,00,00
263169000,54,false,Rx,0,8,00,00,FE,FF,FE,FF,00,00
263170000,55,false,Rx,0,8,10,27,00,00,00,00,00,00
263170000,56,false,Rx,0,8,10,27,00,00,00,00,00,00
263180000,57,false,Rx,0,8,00,00,FE,FF,FE,FF,00,00
263181000,60D,false,Rx,0,8,0D,10,DF,23,02,20,70,00
263211000,625,false,Rx,0,8,25,00,11,43,FD,BB,E4,01
263280000,60D,false,Rx,0,8,0D,10,DF,23,02,20,70,00
263311000,625,false,Rx,0,8,25,00,11,43,FD,BB,E4,01
263349000,2C4,false,Rx,0,8,03,08,00,00,DC,02,00,00
263349000,2C5,false,Rx,0,8,00,00,00,00,00,00,00,00
263350000,2C6,false,Rx,0,8,F4,01,84,03,00,00,00,00
263369000,54,false,Rx,0,8,00,00,FE,FF,FE,FF,00,00
263370000,55,false,Rx,0,8,10,27,00,00,00,00,00,00
263370000,56,false,Rx,0,8,10,27,00,00,00,00,00,00
263380000,57,false,Rx,0,8,00,00,FE,FF,FE,FF,00,00
263381000,60D,false,Rx,0,8,0D,10,DF,23,02,20,70,00
263411000,625,false,Rx,0,8,25,00,11,43,FD,BB,E4,01
263480000,60D,false,Rx,0,8,0D,10,DF,23,02,20,70,00
263511000,625,false,Rx,0,8,25,00,11,43,FD,BB,E4,01
263549000,2C4,false,Rx,0,8,03,08,00,00,DC,02,00,00
263549000,2C5,false,Rx,0,8,00,00,00,00,00,00,00,00
263550000,2C6,false,Rx,0,8,F4,01,84,03,00,00,00,00
263569000,54,false,Rx,0,8,00,00,FE,FF,FE,FF,00,00
263570000,55,false,Rx,0,8,10,27,00,00,00,00,00,00
263570000,56,false,Rx,0,8,10,27,00,00,00,00,00,00
263580000,57,false,Rx,0,8,00,00,FE,FF,FE,FF,00,00
263581000,60D,false,Rx,0,8,0D,10,DF,23,02,20,70,00
263611000,625,false,Rx,0,8,25,00,11,43,FD,BB,E4,01
263711000,625,false,Rx,0,8,25,00,11,43,FD,BB,E4,01
263749000,2C4,false,Rx,0,8,03,08,00,00,DC,02,00,00
263749000,2C5,false,Rx,0,8,00,00,00,00,00,00,00,00
263750000,2C6,false,Rx,0,8,F4,01,84,03,00,00,00,00
263769000,54,false,Rx,0,8,00,00,FE,FF,FE,FF,00,00
263770000,55,false,Rx,0,8,10,27,00,00,00,00,00,00
263770000,56,false,Rx,0,8,10,27,00,00,00,00,00,00
263780000,57,false,Rx,0,8,00,00,FE,FF,FE,FF,00,00
263811000,625,false,Rx,0,8,25,00,11,43,FD,BB,E4,01
263911000,625,false,Rx,0,8,25,00,11,43,FD,BB,E4,01
263949000,2C4,false,Rx,0,8,03,08,00,00,DC,02,00,00
263949000,2C5,false,Rx,0,8,00,00,00,00,00,00,00,00
263950000,2C6,false,Rx,0,8,F4,01,84,03,00,00,00,00
263969000,54,false,Rx,0,8,00,00,FE,FF,FE,FF,00,00
263970000,55,false,Rx,0,8,10,27,00,00,00,00,00,00
263970000,56,false,Rx,0,8,10,27,00,00,00,00,00,00
263980000,57,false,Rx,0,8,00,00,FE,FF,FE,FF,00,00
264011000,625,false,Rx,0,8,25,00,11,43,FD,BB,E4,01
264111000,625,false,Rx,0,8,25,00,11,43,FD,BB,E4,01
264149000,2C4,false,Rx,0,8,03,08,00,00,DC,02,00,00
264149000,2C5,false,Rx,0,8,00,00,00,00,00,00,00,00
264150000,2C6,false,Rx,0,8,F4,01,84,03,00,00,00,00
264169000,54,false,Rx,0,8,00,00,FE,FF,FE,FF,00,00
264170000,55,false,Rx,0,8,10,27,00,00,00,00,00,00
264170000,56,false,Rx,0,8,10,27,00,00,00,00,00,00
264180000,57,false,Rx,0,8,00,00,FE,FF,FE,FF,00,00
264211000,625,false,Rx,0,8,25,00,11,43,FD,BB,E4,01
264311000,625,false,Rx,0,8,25,00,11,43,FD,BB,E4,01
264349000,2C4,false,Rx,0,8,03,08,00,00,DC,02,00,00
264349000,2C5,false,Rx,0,8,00,00,00,00,00,00,00,00
264350000,2C6,false,Rx,0,8,F4,01,84,03,00,00,00,00
264369000,54,false,Rx,0,8,00,00,FE,FF,FE,FF,00,00
264370000,55,false,Rx,0,8,10,27,00,00,00,00,00,00
264370000,56,false,Rx,0,8,10,27,00,00,00,00,00,00
264380000,57,false,Rx,0,8,00,00,FE,FF,FE,FF,00,00
264411000,625,false,Rx,0,8,25,00,11,43,FD,BB,E4,01
264511000,625,false,Rx,0,8,25,00,11,43,FD,BB,E4,01
264549000,2C4,false,Rx,0,8,03,08,00,00,DC,02,00,00
264549000,2C5,false,Rx,0,8,00,00,00,00,00,00,00,00
264550000,2C6,false,Rx,0,8,F4,01,84,03,00,00,00,00
264569000,54,false,Rx,0,8,00,00,FE,FF,FE,FF,00,00
264570000,55,false,Rx,0,8,10,27,00,00,00,00,00,00
264570000,56,false,Rx,0,8,10,27,00,00,00,00,00,00
264580000,57,false,Rx,0,8,00,00,FE,FF,FE,FF,00,00
264611000,625,false,Rx,0,8,25,00,11,43,FD,BB,E4,01
264711000,625,false,Rx,0,8,25,00,11,43,FD,BB,E4,01
264749000,2C4,false,Rx,0,8,03,08,00,00,DC,02,00,00
264749000,2C5,false,Rx,0,8,00,00,00,00,00,00,00,00
264750000,2C6,false,Rx,0,8,F4,01,84,03,00,00,00,00
264769000,54,false,Rx,0,8,00,00,FE,FF,FE,FF,00,00
264770000,55,false,Rx,0,8,10,27,00,00,00,00,00,00
264770000,56,false,Rx,0,8,10,27,00,00,00,00,00,00
264780000,57,false,Rx,0,8,00,00,FE,FF,FE,FF,00,00
264811000,625,false,Rx,0,8,25,00,11,43,FD,BB,E4,01
264911000,625,false,Rx,0,8,25,00,11,43,FD,BB,E4,01
264949000,2C4,false,Rx,0,8,03,08,00,00,DC,02,00,00
264949000,2C5,false,Rx,0,8,00,00,00,00,00,00,00,00
264950000,2C6,false,Rx,0,8,F4,01,84,03,00,00,00,00
264969000,54,false,Rx,0,8,00,00,FE,FF,FE,FF,00,00
264970000,55,false,Rx,0,8,10,27,00,00,00,00,00,00
264970000,56,false,Rx,0,8,10,27,00,00,00,00,00,00
264980000,57,false,Rx,0,8,00,00,FE,FF,FE,FF,00,00
265011000,625,false,Rx,0,8,25,00,11,43,FD,BB,E4,01
265111000,625,false,Rx,0,8,25,00,11,43,FD,BB,E4,01
265149000,2C4,false,Rx,0,8,03,08,00,00,DC,02,00,00
265149000,2C5,false,Rx,0,8,00,00,00,00,00,00,00,00
265149000,2C6,false,Rx,0,8,F4,01,84,03,00,00,00,00
265169000,54,false,Rx,0,8,00,00,FE,FF,FE,FF,00,00
265170000,55,false,Rx,0,8,10,27,00,00,00,00,00,00
265170000,56,false,Rx,0,8,10,27,00,00,00,00,00,00
265180000,57,false,Rx,0,8,00,00,FE,FF,FE,FF,00,00
265211000,625,false,Rx,0,8,25,00,11,43,FD,BB,E4,01
265311000,625,false,Rx,0,8,25,00,11,43,FD,BB,E4,01
265349000,2C4,false,Rx,0,8,03,08,00,00,DC,02,00,00
265349000,2C5,false,Rx,0,8,00,00,00,00,00,00,00,00
265349000,2C6,false,Rx,0,8,F4,01,84,03,00,00,00,00
265369000,54,false,Rx,0,8,00,00,FE,FF,FE,FF,00,00
265370000,55,false,Rx,0,8,10,27,00,00,00,00,00,00
265370000,56,false,Rx,0,8,10,27,00,00,00,00,00,00
265380000,57,false,Rx,0,8,00,00,FE,FF,FE,FF,00,00
265411000,625,false,Rx,0,8,25,00,11,43,FD,BB,E4,01
265511000,625,false,Rx,0,8,25,00,11,43,FD,BB,E4,01
265549000,2C4,false,Rx,0,8,03,08,00,00,DC,02,00,00
265549000,2C5,false,Rx,0,8,00,00,00,00,00,00,00,00
265549000,2C6,false,Rx,0,8,F4,01,84,03,00,00,00,00
265569000,54,false,Rx,0,8,00,00,FE,FF,FE,FF,00,00
265570000,55,false,Rx,0,8,10,27,00,00,00,00,00,00
265570000,56,false,Rx,0,8,10,27,00,00,00,00,00,00
265580000,57,false,Rx,0,8,00,00,FE,FF,FE,FF,00,00
265611000,625,false,Rx,0,8,25,00,11,43,FD,BB,E4,01
265711000,625,false,Rx,0,8,25,00,11,43,FD,BB,E4,01
265749000,2C4,false,Rx,0,8,03,08,00,00,DC,02,00,00
265749000,2C5,false,Rx,0,8,00,00,00,00,00,00,00,00
265749000,2C6,false,Rx,0,8,F4,01,84,03,00,00,00,00
265769000,54,false,Rx,0,8,00,00,FE,FF,FE,FF,00,00
265770000,55,false,Rx,0,8,10,27,00,00,00,00,00,00
265770000,56,false,Rx,0,8,10,27,00,00,00,00,00,00
265780000,57,false,Rx,0,8,00,00,FE,FF,FE,FF,00,00
265811000,625,false,Rx,0,8,25,00,11,43,FD,BB,E4,01
265911000,625,false,Rx,0,8,25,00,11,43,FD,BB,E4,01
265949000,2C4,false,Rx,0,8,03,08,00,00,DC,02,00,00
265949000,2C5,false,Rx,0,8,00,00,00,00,00,00,00,00
265949000,2C6,false,Rx,0,8,F4,01,84,03,00,00,00,00
265969000,54,false,Rx,0,8,00,00,FE,FF,FE,FF,00,00
265970000,55,false,Rx,0,8,10,27,00,00,00,00,00,00
265970000,56,false,Rx,0,8,10,27,00,00,00,00,00,00
265980000,57,false,Rx,0,8,00,00,FE,FF,FE,FF,00,00
266011000,625,false,Rx,0,8,25,00,11,43,FD,BB,E4,01
266111000,625,false,Rx,0,8,25,00,11,43,FD,BB,E4,01
266149000,2C4,false,Rx,0,8,03,08,00,00,DC,02,00,00
266149000,2C5,false,Rx,0,8,00,00,00,00,00,00,00,00
266149000,2C6,false,Rx,0,8,F4,01,84,03,00,00,00,00
266169000,54,false,Rx,0,8,00,00,FE,FF,FE,FF,00,00
266170000,55,false,Rx,0,8,10,27,00,00,00,00,00,00
266170000,56,false,Rx,0,8,10,27,00,00,00,00,00,00
266180000,57,false,Rx,0,8,00,00,FE,FF,FE,FF,00,00
266211000,625,false,Rx,0,8,25,00,11,43,FD,BB,E4,01
266311000,625,false,Rx,0,8,25,00,11,43,FD,BB,E4,01
266349000,2C4,false,Rx,0,8,03,08,00,00,DC,02,00,00
266349000,2C5,false,Rx,0,8,00,00,00,00,00,00,00,00
266349000,2C6,false,Rx,0,8,F4,01,84,03,00,00,00,00
266369000,54,false,Rx,0,8,00,00,FE,FF,FE,FF,00,00
266370000,55,false,Rx,0,8,10,27,00,00,00,00,00,00
266370000,56,false,Rx,0,8,10,27,00,00,00,00,00,00
266380000,57,false,Rx,0,8,00,00,FE,FF,FE,FF,00,00
266411000,625,false,Rx,0,8,25,00,11,43,FD,BB,E4,01
266511000,625,false,Rx,0,8,25,00,11,43,FD,BB,E4,01
266549000,2C4,false,Rx,0,8,03,08,00,00,DA,02,00,00
266549000,2C5,false,Rx,0,8,00,00,00,00,00,00,00,00
266549000,2C6,false,Rx,0,8,F4,01,84,03,00,00,00,00
266569000,54,false,Rx,0,8,00,00,FE,FF,FE,FF,00,00
266570000,55,false,Rx,0,8,10,27,00,00,00,00,00,00
266570000,56,false,Rx,0,8,10,27,00,00,00,00,00,00
266580000,57,false,Rx,0,8,00,00,FE,FF,FE,FF,00,00
266611000,625,false,Rx,0,8,25,00,11,43,FD,BB,E4,01
266711000,625,false,Rx,0,8,25,00,11,43,FD,BB,E4,01
266749000,2C4,false,Rx,0,8,03,08,00,00,DC,02,00,00
266749000,2C5,false,Rx,0,8,00,00,00,00,00,00,00,00
266749000,2C6,false,Rx,0,8,F4,01,84,03,00,00,00,00
266769000,54,false,Rx,0,8,00,00,FE,FF,FE,FF,00,00
266770000,55,false,Rx,0,8,10,27,00,00,00,00,00,00
266770000,56,false,Rx,0,8,10,27,00,00,00,00,00,00
266780000,57,false,Rx,0,8,00,00,FE,FF,FE,FF,00,00
266811000,625,false,Rx,0,8,25,00,11,43,FD,BB,E4,01
266911000,625,false,Rx,0,8,25,00,11,43,FD,BB,E4,01
266949000,2C4,false,Rx,0,8,03,08,00,00,DC,02,00,00
266949000,2C5,false,Rx,0,8,00,00,00,00,00,00,00,00
266949000,2C6,false,Rx,0,8,F4,01,84,03,00,00,00,00
266969000,54,false,Rx,0,8,00,00,FE,FF,FE,FF,00,00
266970000,55,false,Rx,0,8,10,27,00,00,00,00,00,00
266970000,56,false,Rx,0,8,10,27,00,00,00,00,00,00
266980000,57,false,Rx,0,8,00,00,FE,FF,FE,FF,00,00
267011000,625,false,Rx,0,8,25,00,11,43,FD,BB,E4,01
267111000,625,false,Rx,0,8,25,00,11,43,FD,BB,E4,01
267149000,2C4,false,Rx,0,8,03,08,00,00,DC,02,00,00
267149000,2C5,false,Rx,0,8,00,00,00,00,00,00,00,00
267149000,2C6,false,Rx,0,8,F4,01,84,03,00,00,00,00
267169000,54,false,Rx,0,8,00,00,FE,FF,FE,FF,00,00
267170000,55,false,Rx,0,8,10,27,00,00,00,00,00,00
267170000,56,false,Rx,0,8,10,27,00,00,00,00,00,00
267180000,57,false,Rx,0,8,00,00,FE,FF,FE,FF,00,00
267211000,625,false,Rx,0,8,25,00,11,43,FD,BB,E4,01
267311000,625,false,Rx,0,8,25,00,11,43,FD,BB,E4,01
267349000,2C4,false,Rx,0,8,03,08,00,00,DC,02,00,00
267349000,2C5,false,Rx,0,8,00,00,00,00,00,00,00,00
267349000,2C6,false,Rx,0,8,F4,01,84,03,00,00,00,00
267370000,54,false,Rx,0,8,00,00,FE,FF,FE,FF,00,00
267370000,55,false,Rx,0,8,10,27,00,00,00,00,00,00
267370000,56,false,Rx,0,8,10,27,00,00,00,00,00,00
267381000,57,false,Rx,0,8,00,00,FE,FF,FE,FF,00,00
267411000,625,false,Rx,0,8,25,00,11,43,FD,BB,E4,01
267511000,625,false,Rx,0,8,25,00,11,43,FD,BB,E4,01
267549000,2C4,false,Rx,0,8,03,08,00,00,DC,02,00,00
267549000,2C5,false,Rx,0,8,00,00,00,00,00,00,00,00
267549000,2C6,false,Rx,0,8,F4,01,84,03,00,00,00,00
267569000,54,false,Rx,0,8,00,00,FE,FF,FE,FF,00,00
267570000,55,false,Rx,0,8,10,27,00,00,00,00,00,00
267570000,56,false,Rx,0,8,10,27,00,00,00,00,00,00
267580000,57,false,Rx,0,8,00,00,FE,FF,FE,FF,00,00
267611000,625,false,Rx,0,8,25,00,11,43,FD,BB,E4,01
267711000,625,false,Rx,0,8,25,00,11,43,FD,BB,E4,01
267749000,2C4,false,Rx,0,8,03,08,00,00,DC,02,00,00
267749000,2C5,false,Rx,0,8,00,00,00,00,00,00,00,00
267749000,2C6,false,Rx,0,8,F4,01,84,03,00,00,00,00
267769000,54,false,Rx,0,8,00,00,FE,FF,FE,FF,00,00
267770000,55,false,Rx,0,8,10,27,00,00,00,00,00,00
267770000,56,false,Rx,0,8,10,27,00,00,00,00,00,00
267780000,57,false,Rx,0,8,00,00,FE,FF,FE,FF,00,00
267811000,625,false,Rx,0,8,25,00,11,43,FD,BB,E4,01
267911000,625,false,Rx,0,8,25,00,11,43,FD,BB,E4,01
267949000,2C4,false,Rx,0,8,03,08,00,00,DC,02,00,00
267949000,2C5,false,Rx,0,8,00,00,00,00,00,00,00,00
267949000,2C6,false,Rx,0,8,F4,01,84,03,00,00,00,00
267969000,54,false,Rx,0,8,00,00,FE,FF,FE,FF,00,00
267970000,55,false,Rx,0,8,10,27,00,00,00,00,00,00
267970000,56,false,Rx,0,8,10,27,00,00,00,00,00,00
267980000,57,false,Rx,0,8,00,00,FE,FF,FE,FF,00,00
268011000,625,false,Rx,0,8,25,00,11,43,FD,BB,E4,01
268111000,625,false,Rx,0,8,25,00,11,43,FD,BB,E4,01
268149000,2C4,false,Rx,0,8,03,08,00,00,DC,02,00,00
268149000,2C5,false,Rx,0,8,00,00,00,00,00,00,00,00
268149000,2C6,false,Rx,0,8,F4,01,84,03,00,00,00,00
268169000,54,false,Rx,0,8,00,00,FE,FF,FE,FF,00,00
268170000,55,false,Rx,0,8,10,27,00,00,00,00,00,00
268170000,56,false,Rx,0,8,10,27,00,00,00,00,00,00
268180000,57,false,Rx,0,8,00,00,FE,FF,FE,FF,00,00
268211000,625,false,Rx,0,8,25,00,11,43,FD,BB,E4,01
268311000,625,false,Rx,0,8,25,00,11,43,FD,BB,E4,01
268349000,2C4,false,Rx,0,8,03,08,00,00,DC,02,00,00
268349000,2C5,false,Rx,0,8,00,00,00,00,00,00,00,00
268349000,2C6,false,Rx,0,8,F4,01,84,03,00,00,00,00
268369000,54,false,Rx,0,8,00,00,FE,FF,FE,FF,00,00
268370000,55,false,Rx,0,8,10,27,00,00,00,00,00,00
268370000,56,false,Rx,0,8,10,27,00,00,00,00,00,00
268380000,57,false,Rx,0,8,00,00,FE,FF,FE,FF,00,00
268411000,625,false,Rx,0,8,25,00,11,43,FD,BB,E4,01
268511000,625,false,Rx,0,8,25,00,11,43,FD,BB,E4,01
268549000,2C4,false,Rx,0,8,03,08,00,00,DC,02,00,00
268549000,2C5,false,Rx,0,8,00,00,00,00,00,00,00,00
268549000,2C6,false,Rx,0,8,F4,01,84,03,00,00,00,00
268569000,54,false,Rx,0,8,00,00,FE,FF,FE,FF,00,00
268570000,55,false,Rx,0,8,10,27,00,00,00,00,00,00
268570000,56,false,Rx,0,8,10,27,00,00,00,00,00,00
268580000,57,false,Rx,0,8,00,00,FE,FF,FE,FF,00,00
268611000,625,false,Rx,0,8,25,00,11,43,FD,BB,E4,01
268711000,625,false,Rx,0,8,25,00,11,43,FD,BB,E4,01
268749000,2C4,false,Rx,0,8,03,08,00,00,DC,02,00,00
268749000,2C5,false,Rx,0,8,00,00,00,00,00,00,00,00
268749000,2C6,false,Rx,0,8,F4,01,84,03,00,00,00,00
268769000,54,false,Rx,0,8,00,00,FE,FF,FE,FF,00,00
268770000,55,false,Rx,0,8,10,27,00,00,00,00,00,00
268770000,56,false,Rx,0,8,10,27,00,00,00,00,00,00
268780000,57,false,Rx,0,8,00,00,FE,FF,FE,FF,00,00
268811000,625,false,Rx,0,8,25,00,11,43,FD,BB,E4,01
268911000,625,false,Rx,0,8,25,00,11,43,FD,BB,E4,01
268949000,2C4,false,Rx,0,8,03,08,00,00,DC,02,00,00
268949000,2C5,false,Rx,0,8,00,00,00,00,00,00,00,00
268949000,2C6,false,Rx,0,8,F4,01,84,03,00,00,00,00
268969000,54,false,Rx,0,8,00,00,FE,FF,FE,FF,00,00
268970000,55,false,Rx,0,8,10,27,00,00,00,00,00,00
268970000,56,false,Rx,0,8,10,27,00,00,00,00,00,00
268980000,57,false,Rx,0,8,00,00,FE,FF,FE,FF,00,00
269011000,625,false,Rx,0,8,25,00,11,43,FD,BB,E4,01
269111000,625,false,Rx,0,8,25,00,11,43,FD,BB,E4,01
269149000,2C4,false,Rx,0,8,03,08,00,00,DC,02,00,00
269149000,2C5,false,Rx,0,8,00,00,00,00,00,00,00,00
269149000,2C6,false,Rx,0,8,F4,01,84,03,00,00,00,00
269169000,54,false,Rx,0,8,00,00,FE,FF,FE,FF,00,00
269170000,55,false,Rx,0,8,10,27,00,00,00,00,00,00
269170000,56,false,Rx,0,8,10,27,00,00,00,00,00,00
269180000,57,false,Rx,0,8,00,00,FE,FF,FE,FF,00,00
269211000,625,false,Rx,0,8,25,00,11,43,FD,BB,E4,01
269311000,625,false,Rx,0,8,25,00,11,43,FD,BB,E4,01
269349000,2C4,false,Rx,0,8,03,08,00,00,DC,02,00,00
269349000,2C5,false,Rx,0,8,00,00,00,00,00,00,00,00
269349000,2C6,false,Rx,0,8,F4,01,84,03,00,00,00,00
269369000,54,false,Rx,0,8,00,00,FE,FF,FE,FF,00,00
269370000,55,false,Rx,0,8,10,27,00,00,00,00,00,00
269370000,56,false,Rx,0,8,10,27,00,00,00,00,00,00
269380000,57,false,Rx,0,8,00,00,FE,FF,FE,FF,00,00
269411000,625,false,Rx,0,8,25,00,11,43,FD,BB,E4,01
269511000,625,false,Rx,0,8,25,00,11,43,FD,BB,E4,01
269549000,2C4,false,Rx,0,8,03,08,00,00,DC,02,00,00
269549000,2C5,false,Rx,0,8,00,00,00,00,00,00,00,00
269549000,2C6,false,Rx,0,8,F4,01,84,03,00,00,00,00
269569000,54,false,Rx,0,8,00,00,FE,FF,FE,FF,00,00
269570000,55,false,Rx,0,8,10,27,00,00,00,00,00,00
269570000,56,false,Rx,0,8,10,27,00,00,00,00,00,00
269580000,57,false,Rx,0,8,00,00,FE,FF,FE,FF,00,00
269611000,625,false,Rx,0,8,25,00,11,43,FD,BB,E4,01
269711000,625,false,Rx,0,8,25,00,11,43,FD,BB,E4,01
269749000,2C4,false,Rx,0,8,03,08,00,00,DC,02,00,00
269749000,2C5,false,Rx,0,8,00,00,00,00,00,00,00,00
269749000,2C6,false,Rx,0,8,F4,01,84,03,00,00,00,00
269769000,54,false,Rx,0,8,00,00,FE,FF,FE,FF,00,00
269770000,55,false,Rx,0,8,10,27,00,00,00,00,00,00
269770000,56,false,Rx,0,8,10,27,00,00,00,00,00,00
269780000,57,false,Rx,0,8,00,00,FE,FF,FE,FF,00,00
269811000,625,false,Rx,0,8,25,00,11,43,FD,BB,E4,01
269911000,625,false,Rx,0,8,25,00,11,43,FD,BB,E4,01
269949000,2C4,false,Rx,0,8,03,08,00,00,DC,02,00,00
269949000,2C5,false,Rx,0,8,00,00,00,00,00,00,00,00
269949000,2C6,false,Rx,0,8,F4,01,84,03,00,00,00,00
269969000,54,false,Rx,0,8,00,00,FE,FF,FE,FF,00,00
269970000,55,false,Rx,0,8,10,27,00,00,00,00,00,00
269970000,56,false,Rx,0,8,10,27,00,00,00,00,00,00
269980000,57,false,Rx,0,8,00,00,FE,FF,FE,FF,00,00
270011000,625,false,Rx,0,8,25,00,11,43,FD,BB,E4,01
270111000,625,false,Rx,0,8,25,00,11,43,FD,BB,E4,01
270149000,2C4,false,Rx,0,8,03,08,00,00,DC,02,00,00
270149000,2C5,false,Rx,0,8,00,00,00,00,00,00,00,00
270149000,2C6,false,Rx,0,8,F4,01,84,03,00,00,00,00
270169000,54,false,Rx,0,8,00,00,FE,FF,FE,FF,00,00
270170000,55,false,Rx,0,8,10,27,00,00,00,00,00,00
270170000,56,false,Rx,0,8,10,27,00,00,00,00,00,00
270180000,57,false,Rx,0,8,00,00,FE,FF,FE,FF,00,00
270211000,625,false,Rx,0,8,25,00,11,43,FD,BB,E4,01
270311000,625,false,Rx,0,8,25,00,11,43,FD,BB,E4,01
270349000,2C4,false,Rx,0,8,03,08,00,00,DC,02,00,00
270349000,2C5,false,Rx,0,8,00,00,00,00,00,00,00,00
270349000,2C6,false,Rx,0,8,F4,01,84,03,00,00,00,00
270369000,54,false,Rx,0,8,00,00,FE,FF,FE,FF,00,00
270370000,55,false,Rx,0,8,10,27,00,00,00,00,00,00
270370000,56,false,Rx,0,8,10,27,00,00,00,00,00,00
270380000,57,false,Rx,0,8,00,00,FE,FF,FE,FF,00,00
270411000,625,false,Rx,0,8,25,00,11,43,FD,BB,E4,01
270511000,625,false,Rx,0,8,25,00,11,43,FD,BB,E4,01
270549000,2C4,false,Rx,0,8,03,08,00,00,DC,02,00,00
270549000,2C5,false,Rx,0,8,00,00,00,00,00,00,00,00
270549000,2C6,false,Rx,0,8,F4,01,84,03,00,00,00,00
270569000,54,false,Rx,0,8,00,00,FE,FF,FE,FF,00,00
270570000,55,false,Rx,0,8,10,27,00,00,00,00,00,00
270570000,56,false,Rx,0,8,10,27,00,00,00,00,00,00
270580000,57,false,Rx,0,8,00,00,FE,FF,FE,FF,00,00
270611000,625,false,Rx,0,8,25,00,11,43,FD,BB,E4,01
270711000,625,false,Rx,0,8,25,00,11,43,FD,BB,E4,01
270749000,2C4,false,Rx,0,8,03,08,00,00,DC,02,00,00
270749000,2C5,false,Rx,0,8,00,00,00,00,00,00,00,00
270749000,2C6,false,Rx,0,8,F4,01,84,03,00,00,00,00
270769000,54,false,Rx,0,8,00,00,FE,FF,FE,FF,00,00
270770000,55,false,Rx,0,8,10,27,00,00,00,00,00,00
270770000,56,false,Rx,0,8,10,27,00,00,00,00,00,00
270780000,57,false,Rx,0,8,00,00,FE,FF,FE,FF,00,00
270811000,625,false,Rx,0,8,25,00,11,43,FD,BB,E4,01
270911000,625,false,Rx,0,8,25,00,11,43,FD,BB,E4,01
270949000,2C4,false,Rx,0,8,03,08,00,00,DC,02,00,00
270949000,2C5,false,Rx,0,8,00,00,00,00,00,00,00,00
270949000,2C6,false,Rx,0,8,F4,01,84,03,00,00,00,00
270969000,54,false,Rx,0,8,00,00,FE,FF,FE,FF,00,00
270970000,55,false,Rx,0,8,10,27,00,00,00,00,00,00
270970000,56,false,Rx,0,8,10,27,00,00,00,00,00,00
270980000,57,false,Rx,0,8,00,00,FE,FF,FE,FF,00,00
271011000,625,false,Rx,0,8,25,00,11,43,FD,BB,E4,01
271111000,625,false,Rx,0,8,25,00,11,43,FD,BB,E4,01
271149000,2C4,false,Rx,0,8,03,08,00,00,DC,02,00,00
271149000,2C5,false,Rx,0,8,00,00,00,00,00,00,00,00
271149000,2C6,false,Rx,0,8,F4,01,84,03,00,00,00,00
271169000,54,false,Rx,0,8,00,00,FE,FF,FE,FF,00,00
271170000,55,false,Rx,0,8,10,27,00,00,00,00,00,00
271170000,56,false,Rx,0,8,10,27,00,00,00,00,00,00
271180000,57,false,Rx,0,8,00,00,FE,FF,FE,FF,00,00
271211000,625,false,Rx,0,8,25,00,11,43,FD,BB,E4,01
271311000,625,false,Rx,0,8,25,00,11,43,FD,BB,E4,01
271349000,2C4,false,Rx,0,8,03,08,00,00,DC,02,00,00
271349000,2C5,false,Rx,0,8,00,00,00,00,00,00,00,00
271349000,2C6,false,Rx,0,8,F4,01,84,03,00,00,00,00
271369000,54,false,Rx,0,8,00,00,FE,FF,FE,FF,00,00
271370000,55,false,Rx,0,8,10,27,00,00,00,00,00,00
271370000,56,false,Rx,0,8,10,27,00,00,00,00,00,00
271380000,57,false,Rx,0,8,00,00,FE,FF,FE,FF,00,00
271411000,625,false,Rx,0,8,25,00,11,43,FD,BB,E4,01
271511000,625,false,Rx,0,8,25,00,11,43,FD,BB,E4,01
271549000,2C4,false,Rx,0,8,03,08,00,00,DC,02,00,00
271549000,2C5,false,Rx,0,8,00,00,00,00,00,00,00,00
271549000,2C6,false,Rx,0,8,F4,01,84,03,00,00,00,00
271569000,54,false,Rx,0,8,00,00,FE,FF,FE,FF,00,00
271570000,55,false,Rx,0,8,10,27,00,00,00,00,00,00
271570000,56,false,Rx,0,8,10,27,00,00,00,00,00,00
271580000,57,false,Rx,0,8,00,00,FE,FF,FE,FF,00,00
271611000,625,false,Rx,0,8,25,00,11,43,FD,BB,E4,01
271711000,625,false,Rx,0,8,25,00,11,43,FD,BB,E4,01
271749000,2C4,false,Rx,0,8,03,08,00,00,DC,02,00,00
271749000,2C5,false,Rx,0,8,00,00,00,00,00,00,00,00
271749000,2C6,false,Rx,0,8,F4,01,84,03,00,00,00,00
271769000,54,false,Rx,0,8,00,00,FE,FF,FE,FF,00,00
271770000,55,false,Rx,0,8,10,27,00,00,00,00,00,00
271770000,56,false,Rx,0,8,10,27,00,00,00,00,00,00
271780000,57,false,Rx,0,8,00,00,FE,FF,FE,FF,00,00
271811000,625,false,Rx,0,8,25,00,11,43,FD,BB,E4,01
271911000,625,false,Rx,0,8,25,00,11,43,FD,BB,E4,01
271949000,2C4,false,Rx,0,8,03,08,00,00,DC,02,00,00
271949000,2C5,false,Rx,0,8,00,00,00,00,00,00,00,00
271949000,2C6,false,Rx,0,8,F4,01,84,03,00,00,00,00
271969000,54,false,Rx,0,8,00,00,FE,FF,FE,FF,00,00
271970000,55,false,Rx,0,8,10,27,00,00,00,00,00,00
271970000,56,false,Rx,0,8,10,27,00,00,00,00,00,00
271980000,57,false,Rx,0,8,00,00,FE,FF,FE,FF,00,00
272011000,625,false,Rx,0,8,25,00,11,43,FD,BB,E4,01
272111000,625,false,Rx,0,8,25,00,11,43,FD,BB,E4,01
272149000,2C4,false,Rx,0,8,03,08,00,00,DC,02,00,00
272149000,2C5,false,Rx,0,8,00,00,00,00,00,00,00,00
272149000,2C6,false,Rx,0,8,F4,01,84,03,00,00,00,00
272169000,54,false,Rx,0,8,00,00,FE,FF,FE,FF,00,00
272170000,55,false,Rx,0,8,10,27,00,00,00,00,00,00
272170000,56,false,Rx,0,8,10,27,00,00,00,00,00,00
272180000,57,false,Rx,0,8,00,00,FE,FF,FE,FF,00,00
272211000,625,false,Rx,0,8,25,00,11,43,FD,BB,E4,01
272311000,625,false,Rx,0,8,25,00,11,43,FD,BB,E4,01
272349000,2C4,false,Rx,0,8,03,08,00,00,DC,02,00,00
272349000,2C5,false,Rx,0,8,00,00,00,00,00,00,00,00
272349000,2C6,false,Rx,0,8,F4,01,84,03,00,00,00,00
272369000,54,false,Rx,0,8,00,00,FE,FF,FE,FF,00,00
272370000,55,false,Rx,0,8,10,27,00,00,00,00,00,00
272370000,56,false,Rx,0,8,10,27,00,00,00,00,00,00
272380000,57,false,Rx,0,8,00,00,FE,FF,FE,FF,00,00
272410000,625,false,Rx,0,8,25,00,11,43,FD,BB,E4,01
272510000,625,false,Rx,0,8,25,00,11,43,FD,BB,E4,01
272549000,2C4,false,Rx,0,8,03,08,00,00,DC,02,00,00
272549000,2C5,false,Rx,0,8,00,00,00,00,00,00,00,00
272549000,2C6,false,Rx,0,8,F4,01,84,03,00,00,00,00
272569000,54,false,Rx,0,8,00,00,FE,FF,FE,FF,00,00
272570000,55,false,Rx,0,8,10,27,00,00,00,00,00,00
272570000,56,false,Rx,0,8,10,27,00,00,00,00,00,00
272580000,57,false,Rx,0,8,00,00,FE,FF,FE,FF,00,00
272610000,625,false,Rx,0,8,25,00,11,43,FD,BB,E4,01
272710000,625,false,Rx,0,8,25,00,11,43,FD,BB,E4,01
272749000,2C4,false,Rx,0,8,03,08,00,00,DC,02,00,00
272749000,2C5,false,Rx,0,8,00,00,00,00,00,00,00,00
272749000,2C6,false,Rx,0,8,F4,01,84,03,00,00,00,00
272769000,54,false,Rx,0,8,00,00,FE,FF,FE,FF,00,00
272770000,55,false,Rx,0,8,10,27,00,00,00,00,00,00
272770000,56,false,Rx,0,8,10,27,00,00,00,00,00,00
272780000,57,false,Rx,0,8,00,00,FE,FF,FE,FF,00,00
272810000,625,false,Rx,0,8,25,00,11,43,FD,BB,E4,01
272910000,625,false,Rx,0,8,25,00,11,43,FD,BB,E4,01
272949000,2C4,false,Rx,0,8,03,08,00,00,DC,02,00,00
272949000,2C5,false,Rx,0,8,00,00,00,00,00,00,00,00
272949000,2C6,false,Rx,0,8,F4,01,84,03,00,00,00,00
272969000,54,false,Rx,0,8,00,00,FE,FF,FE,FF,00,00
272970000,55,false,Rx,0,8,10,27,00,00,00,00,00,00
272970000,56,false,Rx,0,8,10,27,00,00,00,00,00,00
272980000,57,false,Rx,0,8,00,00,FE,FF,FE,FF,00,00
273010000,625,false,Rx,0,8,25,00,11,43,FD,BB,E4,01
273110000,625,false,Rx,0,8,25,00,11,43,FD,BB,E4,01
273149000,2C4,false,Rx,0,8,03,08,00,00,DC,02,00,00
273149000,2C5,false,Rx,0,8,00,00,00,00,00,00,00,00
273149000,2C6,false,Rx,0,8,F4,01,84,03,00,00,00,00
273169000,54,false,Rx,0,8,00,00,FE,FF,FE,FF,00,00
273170000,55,false,Rx,0,8,10,27,00,00,00,00,00,00
273170000,56,false,Rx,0,8,10,27,00,00,00,00,00,00
273180000,57,false,Rx,0,8,00,00,FE,FF,FE,FF,00,00
273210000,625,false,Rx,0,8,25,00,11,43,FD,BB,E4,01
273310000,625,false,Rx,0,8,25,00,11,43,FD,BB,E4,01
273349000,2C4,false,Rx,0,8,03,08,00,00,DC,02,00,00
273349000,2C5,false,Rx,0,8,00,00,00,00,00,00,00,00
273349000,2C6,false,Rx,0,8,F4,01,84,03,00,00,00,00
273369000,54,false,Rx,0,8,00,00,FE,FF,FE,FF,00,00
273370000,55,false,Rx,0,8,10,27,00,00,00,00,00,00
273370000,56,false,Rx,0,8,10,27,00,00,00,00,00,00
273380000,57,false,Rx,0,8,00,00,FE,FF,FE,FF,00,00
273410000,625,false,Rx,0,8,25,00,11,43,FD,BB,E4,01
273510000,625,false,Rx,0,8,25,00,11,43,FD,BB,E4,01
273549000,2C4,false,Rx,0,8,03,08,00,00,DC,02,00,00
273549000,2C5,false,Rx,0,8,00,00,00,00,00,00,00,00
273549000,2C6,false,Rx,0,8,F4,01,84,03,00,00,00,00
273569000,54,false,Rx,0,8,00,00,FE,FF,FE,FF,00,00
273570000,55,false,Rx,0,8,10,27,00,00,00,00,00,00
273570000,56,false,Rx,0,8,10,27,00,00,00,00,00,00
273580000,57,false,Rx,0,8,00,00,FE,FF,FE,FF,00,00
273610000,625,false,Rx,0,8,25,00,11,43,FD,BB,E4,01
273710000,625,false,Rx,0,8,25,00,11,43,FD,BB,E4,01
273749000,2C4,false,Rx,0,8,03,08,00,00,DC,02,00,00
273749000,2C5,false,Rx,0,8,00,00,00,00,00,00,00,00
273749000,2C6,false,Rx,0,8,F4,01,84,03,00,00,00,00
273769000,54,false,Rx,0,8,00,00,FE,FF,FE,FF,00,00
273770000,55,false,Rx,0,8,10,27,00,00,00,00,00,00
273770000,56,false,Rx,0,8,10,27,00,00,00,00,00,00
273780000,57,false,Rx,0,8,00,00,FE,FF,FE,FF,00,00
273810000,625,false,Rx,0,8,25,00,11,43,FD,BB,E4,01
273910000,625,false,Rx,0,8,25,00,11,43,FD,BB,E4,01
273949000,2C4,false,Rx,0,8,03,08,00,00,DC,02,00,00
273949000,2C5,false,Rx,0,8,00,00,00,00,00,00,00,00
273949000,2C6,false,Rx,0,8,F4,01,84,03,00,00,00,00
273969000,54,false,Rx,0,8,00,00,FE,FF,FE,FF,00,00
273970000,55,false,Rx,0,8,10,27,00,00,00,00,00,00
273970000,56,false,Rx,0,8,10,27,00,00,00,00,00,00
273980000,57,false,Rx,0,8,00,00,FE,FF,FE,FF,00,00
274010000,625,false,Rx,0,8,25,00,11,43,FD,BB,E4,01
274110000,625,false,Rx,0,8,25,00,11,43,FD,BB,E4,01
274149000,2C4,false,Rx,0,8,03,08,00,00,DC,02,00,00
274149000,2C5,false,Rx,0,8,00,00,00,00,00,00,00,00
274149000,2C6,false,Rx,0,8,F4,01,84,03,00,00,00,00
274169000,54,false,Rx,0,8,00,00,FE,FF,FE,FF,00,00
274170000,55,false,Rx,0,8,10,27,00,00,00,00,00,00
274170000,56,false,Rx,0,8,10,27,00,00,00,00,00,00
274180000,57,false,Rx,0,8,00,00,FE,FF,FE,FF,00,00
274210000,625,false,Rx,0,8,25,00,11,43,FD,BB,E4,01
274310000,625,false,Rx,0,8,25,00,11,43,FD,BB,E4,01
274349000,2C4,false,Rx,0,8,03,08,00,00,DC,02,00,00
274349000,2C5,false,Rx,0,8,00,00,00,00,00,00,00,00
274349000,2C6,false,Rx,0,8,F4,01,84,03,00,00,00,00
274369000,54,false,Rx,0,8,00,00,FE,FF,FE,FF,00,00
274370000,55,false,Rx,0,8,10,27,00,00,00,00,00,00
274370000,56,false,Rx,0,8,10,27,00,00,00,00,00,00
274380000,57,false,Rx,0,8,00,00,FE,FF,FE,FF,00,00
274410000,625,false,Rx,0,8,25,00,11,43,FD,BB,E4,01
274510000,625,false,Rx,0,8,25,00,11,43,FD,BB,E4,01
274549000,2C4,false,Rx,0,8,03,08,00,00,DC,02,00,00
274549000,2C5,false,Rx,0,8,00,00,00,00,00,00,00,00
274549000,2C6,false,Rx,0,8,F4,01,84,03,00,00,00,00
274569000,54,false,Rx,0,8,00,00,FE,FF,FE,FF,00,00
274570000,55,false,Rx,0,8,10,27,00,00,00,00,00,00
274570000,56,false,Rx,0,8,10,27,00,00,00,00,00,00
274580000,57,false,Rx,0,8,00,00,FE,FF,FE,FF,00,00
274610000,625,false,Rx,0,8,25,00,11,43,FD,BB,E4,01
274710000,625,false,Rx,0,8,25,00,11,43,FD,BB,E4,01
274749000,2C4,false,Rx,0,8,03,08,00,00,DC,02,00,00
274749000,2C5,false,Rx,0,8,00,00,00,00,00,00,00,00
274749000,2C6,false,Rx,0,8,F4,01,84,03,00,00,00,00
274769000,54,false,Rx,0,8,00,00,FE,FF,FE,FF,00,00
274770000,55,false,Rx,0,8,10,27,00,00,00,00,00,00
274770000,56,false,Rx,0,8,10,27,00,00,00,00,00,00
274780000,57,false,Rx,0,8,00,00,FE,FF,FE,FF,00,00
274810000,625,false,Rx,0,8,25,00,11,43,FD,BB,E4,01
274910000,625,false,Rx,0,8,25,00,11,43,FD,BB,E4,01
274948000,2C4,false,Rx,0,8,03,08,00,00,DC,02,00,00
274949000,2C5,false,Rx,0,8,00,00,00,00,00,00,00,00
274949000,2C6,false,Rx,0,8,F4,01,84,03,00,00,00,00
274969000,54,false,Rx,0,8,00,00,FE,FF,FE,FF,00,00
274970000,55,false,Rx,0,8,10,27,00,00,00,00,00,00
274970000,56,false,Rx,0,8,10,27,00,00,00,00,00,00
274980000,57,false,Rx,0,8,00,00,FE,FF,FE,FF,00,00
275010000,625,false,Rx,0,8,25,00,11,43,FD,BB,E4,01
275110000,625,false,Rx,0,8,25,00,11,43,FD,BB,E4,01
275148000,2C4,false,Rx,0,8,03,08,00,00,DC,02,00,00
275149000,2C5,false,Rx,0,8,00,00,00,00,00,00,00,00
275149000,2C6,false,Rx,0,8,F4,01,84,03,00,00,00,00
275169000,54,false,Rx,0,8,00,00,FE,FF,FE,FF,00,00
275170000,55,false,Rx,0,8,10,27,00,00,00,00,00,00
275170000,56,false,Rx,0,8,10,27,00,00,00,00,00,00
275180000,57,false,Rx,0,8,00,00,FE,FF,FE,FF,00,00
275210000,625,false,Rx,0,8,25,00,11,43,FD,BB,E4,01
275310000,625,false,Rx,0,8,25,00,11,43,FD,BB,E4,01
275348000,2C4,false,Rx,0,8,03,08,00,00,DC,02,00,00
275349000,2C5,false,Rx,0,8,00,00,00,00,00,00,00,00
275349000,2C6,false,Rx,0,8,F4,01,84,03,00,00,00,00
275369000,54,false,Rx,0,8,00,00,FE,FF,FE,FF,00,00
275370000,55,false,Rx,0,8,10,27,00,00,00,00,00,00
275370000,56,false,Rx,0,8,10,27,00,00,00,00,00,00
275380000,57,false,Rx,0,8,00,00,FE,FF,FE,FF,00,00
275410000,625,false,Rx,0,8,25,00,11,43,FD,BB,E4,01
275510000,625,false,Rx,0,8,25,00,11,43,FD,BB,E4,01
275548000,2C4,false,Rx,0,8,03,08,00,00,DC,02,00,00
275549000,2C5,false,Rx,0,8,00,00,00,00,00,00,00,00
275549000,2C6,false,Rx,0,8,F4,01,84,03,00,00,00,00
275569000,54,false,Rx,0,8,00,00,FE,FF,FE,FF,00,00
275570000,55,false,Rx,0,8,10,27,00,00,00,00,00,00
275570000,56,false,Rx,0,8,10,27,00,00,00,00,00,00
275580000,57,false,Rx,0,8,00,00,FE,FF,FE,FF,00,00
275610000,625,false,Rx,0,8,25,00,11,43,FD,BB,E4,01
275710000,625,false,Rx,0,8,25,00,11,43,FD,BB,E4,01
275748000,2C4,false,Rx,0,8,03,08,00,00,DC,02,00,00
275749000,2C5,false,Rx,0,8,00,00,00,00,00,00,00,00
275749000,2C6,false,Rx,0,8,F4,01,84,03,00,00,00,00
275769000,54,false,Rx,0,8,00,00,FE,FF,FE,FF,00,00
275770000,55,false,Rx,0,8,10,27,00,00,00,00,00,00
275770000,56,false,Rx,0,8,10,27,00,00,00,00,00,00
275780000,57,false,Rx,0,8,00,00,FE,FF,FE,FF,00,00
275810000,625,false,Rx,0,8,25,00,11,43,FD,BB,E4,01
275910000,625,false,Rx,0,8,25,00,11,43,FD,BB,E4,01
275948000,2C4,false,Rx,0,8,03,08,00,00,DC,02,00,00
275949000,2C5,false,Rx,0,8,00,00,00,00,00,00,00,00
275949000,2C6,false,Rx,0,8,F4,01,84,03,00,00,00,00
275969000,54,false,Rx,0,8,00,00,FE,FF,FE,FF,00,00
275970000,55,false,Rx,0,8,10,27,00,00,00,00,00,00
275970000,56,false,Rx,0,8,10,27,00,00,00,00,00,00
275980000,57,false,Rx,0,8,00,00,FE,FF,FE,FF,00,00
276010000,625,false,Rx,0,8,25,00,11,43,FD,BB,E4,01
276110000,625,false,Rx,0,8,25,00,11,43,FD,BB,E4,01
276148000,2C4,false,Rx,0,8,03,08,00,00,DC,02,00,00
276149000,2C5,false,Rx,0,8,00,00,00,00,00,00,00,00
276149000,2C6,false,Rx,0,8,F4,01,84,03,00,00,00,00
276169000,54,false,Rx,0,8,00,00,FE,FF,FE,FF,00,00
276170000,55,false,Rx,0,8,10,27,00,00,00,00,00,00
276170000,56,false,Rx,0,8,10,27,00,00,00,00,00,00
276180000,57,false,Rx,0,8,00,00,FE,FF,FE,FF,00,00
276210000,625,false,Rx,0,8,25,00,11,43,FD,BB,E4,01
276310000,625,false,Rx,0,8,25,00,11,43,FD,BB,E4,01
276348000,2C4,false,Rx,0,8,03,08,00,00,DC,02,00,00
276349000,2C5,false,Rx,0,8,00,00,00,00,00,00,00,00
276349000,2C6,false,Rx,0,8,F4,01,84,03,00,00,00,00
276369000,54,false,Rx,0,8,00,00,FE,FF,FE,FF,00,00
276370000,55,false,Rx,0,8,10,27,00,00,00,00,00,00
276370000,56,false,Rx,0,8,10,27,00,00,00,00,00,00
276380000,57,false,Rx,0,8,00,00,FE,FF,FE,FF,00,00
276410000,625,false,Rx,0,8,25,00,11,43,FD,BB,E4,01
276510000,625,false,Rx,0,8,25,00,11,43,FD,BB,E4,01
276548000,2C4,false,Rx,0,8,03,08,00,00,DC,02,00,00
276549000,2C5,false,Rx,0,8,00,00,00,00,00,00,00,00
276549000,2C6,false,Rx,0,8,F4,01,84,03,00,00,00,00
276569000,54,false,Rx,0,8,00,00,FE,FF,FE,FF,00,00
276570000,55,false,Rx,0,8,10,27,00,00,00,00,00,00
276570000,56,false,Rx,0,8,10,27,00,00,00,00,00,00
276580000,57,false,Rx,0,8,00,00,FE,FF,FE,FF,00,00
276610000,625,false,Rx,0,8,25,00,11,43,FD,BB,E4,01
276710000,625,false,Rx,0,8,25,00,11,43,FD,BB,E4,01
276748000,2C4,false,Rx,0,8,03,08,00,00,DC,02,00,00
276749000,2C5,false,Rx,0,8,00,00,00,00,00,00,00,00
276749000,2C6,false,Rx,0,8,F4,01,84,03,00,00,00,00
276769000,54,false,Rx,0,8,00,00,FE,FF,FE,FF,00,00
276770000,55,false,Rx,0,8,10,27,00,00,00,00,00,00
276770000,56,false,Rx,0,8,10,27,00,00,00,00,00,00
276780000,57,false,Rx,0,8,00,00,FE,FF,FE,FF,00,00
276810000,625,false,Rx,0,8,25,00,11,43,FD,BB,E4,01
276910000,625,false,Rx,0,8,25,00,11,43,FD,BB,E4,01
276948000,2C4,false,Rx,0,8,03,08,00,00,DC,02,00,00
276949000,2C5,false,Rx,0,8,00,00,00,00,00,00,00,00
276949000,2C6,false,Rx,0,8,F4,01,84,03,00,00,00,00
276969000,54,false,Rx,0,8,00,00,FE,FF,FE,FF,00,00
276970000,55,false,Rx,0,8,10,27,00,00,00,00,00,00
276970000,56,false,Rx,0,8,10,27,00,00,00,00,00,00
276980000,57,false,Rx,0,8,00,00,FE,FF,FE,FF,00,00
277010000,625,false,Rx,0,8,25,00,11,43,FD,BB,E4,01
277110000,625,false,Rx,0,8,25,00,11,43,FD,BB,E4,01
277148000,2C4,false,Rx,0,8,03,08,00,00,DC,02,00,00
277149000,2C5,false,Rx,0,8,00,00,00,00,00,00,00,00
277149000,2C6,false,Rx,0,8,F4,01,84,03,00,00,00,00
277169000,54,false,Rx,0,8,00,00,FE,FF,FE,FF,00,00
277170000,55,false,Rx,0,8,10,27,00,00,00,00,00,00
277170000,56,false,Rx,0,8,10,27,00,00,00,00,00,00
277180000,57,false,Rx,0,8,00,00,FE,FF,FE,FF,00,00
277210000,625,false,Rx,0,8,25,00,11,43,FD,BB,E4,01
277310000,625,false,Rx,0,8,25,00,11,43,FD,BB,E4,01
277348000,2C4,false,Rx,0,8,03,08,00,00,DC,02,00,00
277349000,2C5,false,Rx,0,8,00,00,00,00,00,00,00,00
277349000,2C6,false,Rx,0,8,F4,01,84,03,00,00,00,00
277369000,54,false,Rx,0,8,00,00,FE,FF,FE,FF,00,00
277370000,55,false,Rx,0,8,10,27,00,00,00,00,00,00
277370000,56,false,Rx,0,8,10,27,00,00,00,00,00,00
277380000,57,false,Rx,0,8,00,00,FE,FF,FE,FF,00,00
277410000,625,false,Rx,0,8,25,00,11,43,FD,BB,E4,01
277510000,625,false,Rx,0,8,25,00,11,43,FD,BB,E4,01
277548000,2C4,false,Rx,0,8,03,08,00,00,DC,02,00,00
277549000,2C5,false,Rx,0,8,00,00,00,00,00,00,00,00
277549000,2C6,false,Rx,0,8,F4,01,84,03,00,00,00,00
277569000,54,false,Rx,0,8,00,00,FE,FF,FE,FF,00,00
277570000,55,false,Rx,0,8,10,27,00,00,00,00,00,00
277570000,56,false,Rx,0,8,10,27,00,00,00,00,00,00
277580000,57,false,Rx,0,8,00,00,FE,FF,FE,FF,00,00
277610000,625,false,Rx,0,8,25,00,11,43,FD,BB,E4,01
277710000,625,false,Rx,0,8,25,00,11,43,FD,BB,E4,01
277748000,2C4,false,Rx,0,8,03,08,00,00,DC,02,00,00
277749000,2C5,false,Rx,0,8,00,00,00,00,00,00,00,00
277749000,2C6,false,Rx,0,8,F4,01,84,03,00,00,00,00
277769000,54,false,Rx,0,8,00,00,FE,FF,FE,FF,00,00
277770000,55,false,Rx,0,8,10,27,00,00,00,00,00,00
277770000,56,false,Rx,0,8,10,27,00,00,00,00,00,00
277780000,57,false,Rx,0,8,00,00,FE,FF,FE,FF,00,00
277810000,625,false,Rx,0,8,25,00,11,43,FD,BB,E4,01
277910000,625,false,Rx,0,8,25,00,11,43,FD,BB,E4,01
277948000,2C4,false,Rx,0,8,03,08,00,00,DC,02,00,00
277949000,2C5,false,Rx,0,8,00,00,00,00,00,00,00,00
277949000,2C6,false,Rx,0,8,F4,01,84,03,00,00,00,00
277969000,54,false,Rx,0,8,00,00,FE,FF,FE,FF,00,00
277970000,55,false,Rx,0,8,10,27,00,00,00,00,00,00
277970000,56,false,Rx,0,8,10,27,00,00,00,00,00,00
277980000,57,false,Rx,0,8,00,00,FE,FF,FE,FF,00,00
278010000,625,false,Rx,0,8,25,00,11,43,FD,BB,E4,01
278110000,625,false,Rx,0,8,25,00,11,43,FD,BB,E4,01
278148000,2C4,false,Rx,0,8,03,08,00,00,DC,02,00,00
278149000,2C5,false,Rx,0,8,00,00,00,00,00,00,00,00
278149000,2C6,false,Rx,0,8,F4,01,84,03,00,00,00,00
278169000,54,false,Rx,0,8,00,00,FE,FF,FE,FF,00,00
278170000,55,false,Rx,0,8,10,27,00,00,00,00,00,00
278170000,56,false,Rx,0,8,10,27,00,00,00,00,00,00
278180000,57,false,Rx,0,8,00,00,FE,FF,FE,FF,00,00
278210000,625,false,Rx,0,8,25,00,11,43,FD,BB,E4,01
278310000,625,false,Rx,0,8,25,00,11,43,FD,BB,E4,01
278348000,2C4,false,Rx,0,8,03,08,00,00,DC,02,00,00
278349000,2C5,false,Rx,0,8,00,00,00,00,00,00,00,00
278349000,2C6,false,Rx,0,8,F4,01,84,03,00,00,00,00
278369000,54,false,Rx,0,8,00,00,FE,FF,FE,FF,00,00
278370000,55,false,Rx,0,8,10,27,00,00,00,00,00,00
278370000,56,false,Rx,0,8,10,27,00,00,00,00,00,00
278380000,57,false,Rx,0,8,00,00,FE,FF,FE,FF,00,00
278410000,625,false,Rx,0,8,25,00,11,43,FD,BB,E4,01
278510000,625,false,Rx,0,8,25,00,11,43,FD,BB,E4,01
278548000,2C4,false,Rx,0,8,03,08,00,00,DC,02,00,00
278549000,2C5,false,Rx,0,8,00,00,00,00,00,00,00,00
278549000,2C6,false,Rx,0,8,F4,01,84,03,00,00,00,00
278569000,54,false,Rx,0,8,00,00,FE,FF,FE,FF,00,00
278570000,55,false,Rx,0,8,10,27,00,00,00,00,00,00
278570000,56,false,Rx,0,8,10,27,00,00,00,00,00,00
278580000,57,false,Rx,0,8,00,00,FE,FF,FE,FF,00,00
278610000,625,false,Rx,0,8,25,00,11,43,FD,BB,E4,01
278710000,625,false,Rx,0,8,25,00,11,43,FD,BB,E4,01
278748000,2C4,false,Rx,0,8,03,08,00,00,DC,02,00,00
278749000,2C5,false,Rx,0,8,00,00,00,00,00,00,00,00
278749000,2C6,false,Rx,0,8,F4,01,84,03,00,00,00,00
278769000,54,false,Rx,0,8,00,00,FE,FF,FE,FF,00,00
278769000,55,false,Rx,0,8,10,27,00,00,00,00,00,00
278770000,56,false,Rx,0,8,10,27,00,00,00,00,00,00
278780000,57,false,Rx,0,8,00,00,FE,FF,FE,FF,00,00
278810000,625,false,Rx,0,8,25,00,11,43,FD,BB,E4,01
278910000,625,false,Rx,0,8,25,00,11,43,FD,BB,E4,01
278948000,2C4,false,Rx,0,8,03,08,00,00,DC,02,00,00
278949000,2C5,false,Rx,0,8,00,00,00,00,00,00,00,00
278949000,2C6,false,Rx,0,8,F4,01,84,03,00,00,00,00
278969000,54,false,Rx,0,8,00,00,FE,FF,FE,FF,00,00
278970000,55,false,Rx,0,8,10,27,00,00,00,00,00,00
278970000,56,false,Rx,0,8,10,27,00,00,00,00,00,00
278980000,57,false,Rx,0,8,00,00,FE,FF,FE,FF,00,00
279010000,625,false,Rx,0,8,25,00,11,43,FD,BB,E4,01
279110000,625,false,Rx,0,8,25,00,11,43,FD,BB,E4,01
279148000,2C4,false,Rx,0,8,03,08,00,00,DC,02,00,00
279149000,2C5,false,Rx,0,8,00,00,00,00,00,00,00,00
279149000,2C6,false,Rx,0,8,F4,01,84,03,00,00,00,00
279169000,54,false,Rx,0,8,00,00,FE,FF,FE,FF,00,00
279170000,55,false,Rx,0,8,10,27,00,00,00,00,00,00
279170000,56,false,Rx,0,8,10,27,00,00,00,00,00,00
279180000,57,false,Rx,0,8,00,00,FE,FF,FE,FF,00,00
279210000,625,false,Rx,0,8,25,00,11,43,FD,BB,E4,01
279310000,625,false,Rx,0,8,25,00,11,43,FD,BB,E4,01
279348000,2C4,false,Rx,0,8,03,08,00,00,DC,02,00,00
279349000,2C5,false,Rx,0,8,00,00,00,00,00,00,00,00
279349000,2C6,false,Rx,0,8,F4,01,84,03,00,00,00,00
279369000,54,false,Rx,0,8,00,00,FE,FF,FE,FF,00,00
279369000,55,false,Rx,0,8,10,27,00,00,00,00,00,00
279370000,56,false,Rx,0,8,10,27,00,00,00,00,00,00
279380000,57,false,Rx,0,8,00,00,FE,FF,FE,FF,00,00
279410000,625,false,Rx,0,8,25,00,11,43,FD,BB,E4,01
279510000,625,false,Rx,0,8,25,00,11,43,FD,BB,E4,01
279548000,2C4,false,Rx,0,8,03,08,00,00,DC,02,00,00
279548000,2C5,false,Rx,0,8,00,00,00,00,00,00,00,00
279549000,2C6,false,Rx,0,8,F4,01,84,03,00,00,00,00
279569000,54,false,Rx,0,8,00,00,FE,FF,FE,FF,00,00
279570000,55,false,Rx,0,8,10,27,00,00,00,00,00,00
279570000,56,false,Rx,0,8,10,27,00,00,00,00,00,00
279580000,57,false,Rx,0,8,00,00,FE,FF,FE,FF,00,00
279610000,625,false,Rx,0,8,25,00,11,43,FD,BB,E4,01
279710000,625,false,Rx,0,8,25,00,11,43,FD,BB,E4,01
279748000,2C4,false,Rx,0,8,03,08,00,00,DC,02,00,00
279748000,2C5,false,Rx,0,8,00,00,00,00,00,00,00,00
279749000,2C6,false,Rx,0,8,F4,01,84,03,00,00,00,00
279769000,54,false,Rx,0,8,00,00,FE,FF,FE,FF,00,00
279769000,55,false,Rx,0,8,10,27,00,00,00,00,00,00
279770000,56,false,Rx,0,8,10,27,00,00,00,00,00,00
279780000,57,false,Rx,0,8,00,00,FE,FF,FE,FF,00,00
279810000,625,false,Rx,0,8,25,00,11,43,FD,BB,E4,01
279910000,625,false,Rx,0,8,25,00,11,43,FD,BB,E4,01
279948000,2C4,false,Rx,0,8,03,08,00,00,DC,02,00,00
279948000,2C5,false,Rx,0,8,00,00,00,00,00,00,00,00
279949000,2C6,false,Rx,0,8,F4,01,84,03,00,00,00,00
279969000,54,false,Rx,0,8,00,00,FE,FF,FE,FF,00,00
279969000,55,false,Rx,0,8,10,27,00,00,00,00,00,00
279970000,56,false,Rx,0,8,10,27,00,00,00,00,00,00
279980000,57,false,Rx,0,8,00,00,FE,FF,FE,FF,00,00
280010000,625,false,Rx,0,8,25,00,11,43,FD,BB,E4,01
280110000,625,false,Rx,0,8,25,00,11,43,FD,BB,E4,01
280148000,2C4,false,Rx,0,8,03,08,00,00,DA,02,00,00
280148000,2C5,false,Rx,0,8,00,00,00,00,00,00,00,00
280149000,2C6,false,Rx,0,8,F4,01,84,03,00,00,00,00
280169000,54,false,Rx,0,8,00,00,FE,FF,FE,FF,00,00
280169000,55,false,Rx,0,8,10,27,00,00,00,00,00,00
280170000,56,false,Rx,0,8,10,27,00,00,00,00,00,00
280180000,57,false,Rx,0,8,00,00,FE,FF,FE,FF,00,00
280210000,625,false,Rx,0,8,25,00,11,43,FD,BB,E4,01
280310000,625,false,Rx,0,8,25,00,11,43,FD,BB,E4,01
280348000,2C4,false,Rx,0,8,03,08,00,00,DC,02,00,00
280348000,2C5,false,Rx,0,8,00,00,00,00,00,00,00,00
280349000,2C6,false,Rx,0,8,F4,01,84,03,00,00,00,00
280369000,54,false,Rx,0,8,00,00,FE,FF,FE,FF,00,00
280369000,55,false,Rx,0,8,10,27,00,00,00,00,00,00
280370000,56,false,Rx,0,8,10,27,00,00,00,00,00,00
280380000,57,false,Rx,0,8,00,00,FE,FF,FE,FF,00,00
280410000,625,false,Rx,0,8,25,00,11,43,FD,BB,E4,01
280510000,625,false,Rx,0,8,25,00,11,43,FD,BB,E4,01
280548000,2C4,false,Rx,0,8,03,08,00,00,DC,02,00,00
280548000,2C5,false,Rx,0,8,00,00,00,00,00,00,00,00
280549000,2C6,false,Rx,0,8,F4,01,84,03,00,00,00,00
280569000,54,false,Rx,0,8,00,00,FE,FF,FE,FF,00,00
280569000,55,false,Rx,0,8,10,27,00,00,00,00,00,00
280570000,56,false,Rx,0,8,10,27,00,00,00,00,00,00
280580000,57,false,Rx,0,8,00,00,FE,FF,FE,FF,00,00
280610000,625,false,Rx,0,8,25,00,11,43,FD,BB,E4,01
280710000,625,false,Rx,0,8,25,00,11,43,FD,BB,E4,01
280748000,2C4,false,Rx,0,8,03,08,00,00,DC,02,00,00
280748000,2C5,false,Rx,0,8,00,00,00,00,00,00,00,00
280749000,2C6,false,Rx,0,8,F4,01,84,03,00,00,00,00
280769000,54,false,Rx,0,8,00,00,FE,FF,FE,FF,00,00
280770000,55,false,Rx,0,8,10,27,00,00,00,00,00,00
280770000,56,false,Rx,0,8,10,27,00,00,00,00,00,00
280780000,57,false,Rx,0,8,00,00,FE,FF,FE,FF,00,00
280810000,625,false,Rx,0,8,25,00,11,43,FD,BB,E4,01
280910000,625,false,Rx,0,8,25,00,11,43,FD,BB,E4,01
280948000,2C4,false,Rx,0,8,03,08,00,00,DA,02,00,00
280948000,2C5,false,Rx,0,8,00,00,00,00,00,00,00,00
280949000,2C6,false,Rx,0,8,F4,01,84,03,00,00,00,00
280969000,54,false,Rx,0,8,00,00,FE,FF,FE,FF,00,00
280969000,55,false,Rx,0,8,10,27,00,00,00,00,00,00
280970000,56,false,Rx,0,8,10,27,00,00,00,00,00,00
280980000,57,false,Rx,0,8,00,00,FE,FF,FE,FF,00,00
281010000,625,false,Rx,0,8,25,00,11,43,FD,BB,E4,01
281110000,625,false,Rx,0,8,25,00,11,43,FD,BB,E4,01
281148000,2C4,false,Rx,0,8,03,08,00,00,DC,02,00,00
281148000,2C5,false,Rx,0,8,00,00,00,00,00,00,00,00
281149000,2C6,false,Rx,0,8,F4,01,84,03,00,00,00,00
281169000,54,false,Rx,0,8,00,00,FE,FF,FE,FF,00,00
281169000,55,false,Rx,0,8,10,27,00,00,00,00,00,00
281170000,56,false,Rx,0,8,10,27,00,00,00,00,00,00
281180000,57,false,Rx,0,8,00,00,FE,FF,FE,FF,00,00
281210000,625,false,Rx,0,8,25,00,11,43,FD,BB,E4,01
281310000,625,false,Rx,0,8,25,00,11,43,FD,BB,E4,01
281348000,2C4,false,Rx,0,8,03,08,00,00,DC,02,00,00
281348000,2C5,false,Rx,0,8,00,00,00,00,00,00,00,00
281349000,2C6,false,Rx,0,8,F4,01,84,03,00,00,00,00
281369000,54,false,Rx,0,8,00,00,FE,FF,FE,FF,00,00
281369000,55,false,Rx,0,8,10,27,00,00,00,00,00,00
281370000,56,false,Rx,0,8,10,27,00,00,00,00,00,00
281380000,57,false,Rx,0,8,00,00,FE,FF,FE,FF,00,00
281410000,625,false,Rx,0,8,25,00,11,43,FD,BB,E4,01
281510000,625,false,Rx,0,8,25,00,11,43,FD,BB,E4,01
281548000,2C4,false,Rx,0,8,03,08,00,00,DC,02,00,00
281548000,2C5,false,Rx,0,8,00,00,00,00,00,00,00,00
281549000,2C6,false,Rx,0,8,F4,01,84,03,00,00,00,00
281569000,54,false,Rx,0,8,00,00,FE,FF,FE,FF,00,00
281569000,55,false,Rx,0,8,10,27,00,00,00,00,00,00
281570000,56,false,Rx,0,8,10,27,00,00,00,00,00,00
281580000,57,false,Rx,0,8,00,00,FE,FF,FE,FF,00,00
281610000,625,false,Rx,0,8,25,00,11,43,FD,BB,E4,01
281710000,625,false,Rx,0,8,25,00,11,43,FD,BB,E4,01
281748000,2C4,false,Rx,0,8,03,08,00,00,DA,02,00,00
281748000,2C5,false,Rx,0,8,00,00,00,00,00,00,00,00
281749000,2C6,false,Rx,0,8,F4,01,84,03,00,00,00,00
281769000,54,false,Rx,0,8,00,00,FE,FF,FE,FF,00,00
281769000,55,false,Rx,0,8,10,27,00,00,00,00,00,00
281770000,56,false,Rx,0,8,10,27,00,00,00,00,00,00
281780000,57,false,Rx,0,8,00,00,FE,FF,FE,FF,00,00
281810000,625,false,Rx,0,8,25,00,11,43,FD,BB,E4,01
281910000,625,false,Rx,0,8,25,00,11,43,FD,BB,E4,01
281948000,2C4,false,Rx,0,8,03,08,00,00,DA,02,00,00
281948000,2C5,false,Rx,0,8,00,00,00,00,00,00,00,00
281949000,2C6,false,Rx,0,8,F4,01,84,03,00,00,00,00
281969000,54,false,Rx,0,8,00,00,FE,FF,FE,FF,00,00
281969000,55,false,Rx,0,8,10,27,00,00,00,00,00,00
281970000,56,false,Rx,0,8,10,27,00,00,00,00,00,00
281980000,57,false,Rx,0,8,00,00,FE,FF,FE,FF,00,00
282010000,625,false,Rx,0,8,25,00,11,43,FD,BB,E4,01
282110000,625,false,Rx,0,8,25,00,11,43,FD,BB,E4,01
282148000,2C4,false,Rx,0,8,03,08,00,00,DC,02,00,00
282148000,2C5,false,Rx,0,8,00,00,00,00,00,00,00,00
282149000,2C6,false,Rx,0,8,F4,01,84,03,00,00,00,00
282169000,54,false,Rx,0,8,00,00,FE,FF,FE,FF,00,00
282169000,55,false,Rx,0,8,10,27,00,00,00,00,00,00
282170000,56,false,Rx,0,8,10,27,00,00,00,00,00,00
282180000,57,false,Rx,0,8,00,00,FE,FF,FE,FF,00,00
282210000,625,false,Rx,0,8,25,00,11,43,FD,BB,E4,01
282310000,625,false,Rx,0,8,25,00,11,43,FD,BB,E4,01
282348000,2C4,false,Rx,0,8,03,08,00,00,DC,02,00,00
282348000,2C5,false,Rx,0,8,00,00,00,00,00,00,00,00
282349000,2C6,false,Rx,0,8,F4,01,84,03,00,00,00,00
282369000,54,false,Rx,0,8,00,00,FE,FF,FE,FF,00,00
282370000,55,false,Rx,0,8,10,27,00,00,00,00,00,00
282370000,56,false,Rx,0,8,10,27,00,00,00,00,00,00
282380000,57,false,Rx,0,8,00,00,FE,FF,FE,FF,00,00
282410000,625,false,Rx,0,8,25,00,11,43,FD,BB,E4,01
282510000,625,false,Rx,0,8,25,00,11,43,FD,BB,E4,01
282548000,2C4,false,Rx,0,8,03,08,00,00,DC,02,00,00
282548000,2C5,false,Rx,0,8,00,00,00,00,00,00,00,00
282549000,2C6,false,Rx,0,8,F4,01,84,03,00,00,00,00
282569000,54,false,Rx,0,8,00,00,FE,FF,FE,FF,00,00
282569000,55,false,Rx,0,8,10,27,00,00,00,00,00,00
282570000,56,false,Rx,0,8,10,27,00,00,00,00,00,00
282580000,57,false,Rx,0,8,00,00,FE,FF,FE,FF,00,00
282610000,625,false,Rx,0,8,25,00,11,43,FD,BB,E4,01
282710000,625,false,Rx,0,8,25,00,11,43,FD,BB,E4,01
282748000,2C4,false,Rx,0,8,03,08,00,00,DA,02,00,00
282748000,2C5,false,Rx,0,8,00,00,00,00,00,00,00,00
282749000,2C6,false,Rx,0,8,F4,01,84,03,00,00,00,00
282769000,54,false,Rx,0,8,00,00,FE,FF,FE,FF,00,00
282769000,55,false,Rx,0,8,10,27,00,00,00,00,00,00
282770000,56,false,Rx,0,8,10,27,00,00,00,00,00,00
282780000,57,false,Rx,0,8,00,00,FE,FF,FE,FF,00,00
282810000,625,false,Rx,0,8,25,00,11,43,FD,BB,E4,01
282910000,625,false,Rx,0,8,25,00,11,43,FD,BB,E4,01
282948000,2C4,false,Rx,0,8,03,08,00,00,DC,02,00,00
282948000,2C5,false,Rx,0,8,00,00,00,00,00,00,00,00
282949000,2C6,false,Rx,0,8,F4,01,84,03,00,00,00,00
282969000,54,false,Rx,0,8,00,00,FE,FF,FE,FF,00,00
282969000,55,false,Rx,0,8,10,27,00,00,00,00,00,00
282970000,56,false,Rx,0,8,10,27,00,00,00,00,00,00
282980000,57,false,Rx,0,8,00,00,FE,FF,FE,FF,00,00
283010000,625,false,Rx,0,8,25,00,11,43,FD,BB,E4,01
283110000,625,false,Rx,0,8,25,00,11,43,FD,BB,E4,01
283148000,2C4,false,Rx,0,8,03,08,00,00,DC,02,00,00
283148000,2C5,false,Rx,0,8,00,00,00,00,00,00,00,00
283149000,2C6,false,Rx,0,8,F4,01,84,03,00,00,00,00
283169000,54,false,Rx,0,8,00,00,FE,FF,FE,FF,00,00
283169000,55,false,Rx,0,8,10,27,00,00,00,00,00,00
283170000,56,false,Rx,0,8,10,27,00,00,00,00,00,00
283180000,57,false,Rx,0,8,00,00,FE,FF,FE,FF,00,00
283210000,625,false,Rx,0,8,25,00,11,43,FD,BB,E4,01
283310000,625,false,Rx,0,8,25,00,11,43,FD,BB,E4,01
283348000,2C4,false,Rx,0,8,03,08,00,00,DC,02,00,00
283348000,2C5,false,Rx,0,8,00,00,00,00,00,00,00,00
283349000,2C6,false,Rx,0,8,F4,01,84,03,00,00,00,00
283369000,54,false,Rx,0,8,00,00,FE,FF,FE,FF,00,00
283369000,55,false,Rx,0,8,10,27,00,00,00,00,00,00
283370000,56,false,Rx,0,8,10,27,00,00,00,00,00,00
283380000,57,false,Rx,0,8,00,00,FE,FF,FE,FF,00,00
283410000,625,false,Rx,0,8,25,00,11,43,FD,BB,E4,01
283510000,625,false,Rx,0,8,25,00,11,43,FD,BB,E4,01
283548000,2C4,false,Rx,0,8,03,08,00,00,DA,02,00,00
283548000,2C5,false,Rx,0,8,00,00,00,00,00,00,00,00
283549000,2C6,false,Rx,0,8,F4,01,84,03,00,00,00,00
283569000,54,false,Rx,0,8,00,00,FE,FF,FE,FF,00,00
283569000,55,false,Rx,0,8,10,27,00,00,00,00,00,00
283570000,56,false,Rx,0,8,10,27,00,00,00,00,00,00
283580000,57,false,Rx,0,8,00,00,FE,FF,FE,FF,00,00
283610000,625,false,Rx,0,8,25,00,11,43,FD,BB,E4,01
283710000,625,false,Rx,0,8,25,00,11,43,FD,BB,E4,01
283748000,2C4,false,Rx,0,8,03,08,00,00,DA,02,00,00
283748000,2C5,false,Rx,0,8,00,00,00,00,00,00,00,00
283749000,2C6,false,Rx,0,8,F4,01,84,03,00,00,00,00
283769000,54,false,Rx,0,8,00,00,FE,FF,FE,FF,00,00
283769000,55,false,Rx,0,8,10,27,00,00,00,00,00,00
283770000,56,false,Rx,0,8,10,27,00,00,00,00,00,00
283780000,57,false,Rx,0,8,00,00,FE,FF,FE,FF,00,00
283810000,625,false,Rx,0,8,25,00,11,43,FD,BB,E4,01
283910000,625,false,Rx,0,8,25,00,11,43,FD,BB,E4,01
283948000,2C4,false,Rx,0,8,03,08,00,00,DC,02,00,00
283948000,2C5,false,Rx,0,8,00,00,00,00,00,00,00,00
283949000,2C6,false,Rx,0,8,F4,01,84,03,00,00,00,00
283969000,54,false,Rx,0,8,00,00,FE,FF,FE,FF,00,00
283969000,55,false,Rx,0,8,10,27,00,00,00,00,00,00
283970000,56,false,Rx,0,8,10,27,00,00,00,00,00,00
283980000,57,false,Rx,0,8,00,00,FE,FF,FE,FF,00,00
284010000,625,false,Rx,0,8,25,00,11,43,FD,BB,E4,01
284110000,625,false,Rx,0,8,25,00,11,43,FD,BB,E4,01
284148000,2C4,false,Rx,0,8,03,08,00,00,DC,02,00,00
284148000,2C5,false,Rx,0,8,00,00,00,00,00,00,00,00
284149000,2C6,false,Rx,0,8,F4,01,84,03,00,00,00,00
284169000,54,false,Rx,0,8,00,00,FE,FF,FE,FF,00,00
284169000,55,false,Rx,0,8,10,27,00,00,00,00,00,00
284170000,56,false,Rx,0,8,10,27,00,00,00,00,00,00
284180000,57,false,Rx,0,8,00,00,FE,FF,FE,FF,00,00
284210000,625,false,Rx,0,8,25,00,11,43,FD,BB,E4,01
284310000,625,false,Rx,0,8,25,00,11,43,FD,BB,E4,01
284348000,2C4,false,Rx,0,8,03,08,00,00,DC,02,00,00
284348000,2C5,false,Rx,0,8,00,00,00,00,00,00,00,00
284348000,2C6,false,Rx,0,8,F4,01,84,03,00,00,00,00
284369000,54,false,Rx,0,8,00,00,FE,FF,FE,FF,00,00
284369000,55,false,Rx,0,8,10,27,00,00,00,00,00,00
284370000,56,false,Rx,0,8,10,27,00,00,00,00,00,00
284380000,57,false,Rx,0,8,00,00,FE,FF,FE,FF,00,00
284410000,625,false,Rx,0,8,25,00,11,43,FD,BB,E4,01
284510000,625,false,Rx,0,8,25,00,11,43,FD,BB,E4,01
284548000,2C4,false,Rx,0,8,03,08,00,00,DA,02,00,00
284548000,2C5,false,Rx,0,8,00,00,00,00,00,00,00,00
284548000,2C6,false,Rx,0,8,F4,01,84,03,00,00,00,00
284569000,54,false,Rx,0,8,00,00,FE,FF,FE,FF,00,00
284569000,55,false,Rx,0,8,10,27,00,00,00,00,00,00
284570000,56,false,Rx,0,8,10,27,00,00,00,00,00,00
284580000,57,false,Rx,0,8,00,00,FE,FF,FE,FF,00,00
284610000,625,false,Rx,0,8,25,00,11,43,FD,BB,E4,01
284710000,625,false,Rx,0,8,25,00,11,43,FD,BB,E4,01
284748000,2C4,false,Rx,0,8,03,08,00,00,DC,02,00,00
284748000,2C5,false,Rx,0,8,00,00,00,00,00,00,00,00
284748000,2C6,false,Rx,0,8,F4,01,84,03,00,00,00,00
284769000,54,false,Rx,0,8,00,00,FE,FF,FE,FF,00,00
284769000,55,false,Rx,0,8,10,27,00,00,00,00,00,00
284770000,56,false,Rx,0,8,10,27,00,00,00,00,00,00
284780000,57,false,Rx,0,8,00,00,FE,FF,FE,FF,00,00
284810000,625,false,Rx,0,8,25,00,11,43,FD,BB,E4,01
284910000,625,false,Rx,0,8,25,00,11,43,FD,BB,E4,01
284948000,2C4,false,Rx,0,8,03,08,00,00,DC,02,00,00
284948000,2C5,false,Rx,0,8,00,00,00,00,00,00,00,00
284948000,2C6,false,Rx,0,8,F4,01,84,03,00,00,00,00
284969000,54,false,Rx,0,8,00,00,FE,FF,FE,FF,00,00
284969000,55,false,Rx,0,8,10,27,00,00,00,00,00,00
284970000,56,false,Rx,0,8,10,27,00,00,00,00,00,00
284980000,57,false,Rx,0,8,00,00,FE,FF,FE,FF,00,00
285010000,625,false,Rx,0,8,25,00,11,43,FD,BB,E4,01
285110000,625,false,Rx,0,8,25,00,11,43,FD,BB,E4,01
285148000,2C4,false,Rx,0,8,03,08,00,00,DC,02,00,00
285148000,2C5,false,Rx,0,8,00,00,00,00,00,00,00,00
285148000,2C6,false,Rx,0,8,F4,01,84,03,00,00,00,00
285169000,54,false,Rx,0,8,00,00,FE,FF,FE,FF,00,00
285169000,55,false,Rx,0,8,10,27,00,00,00,00,00,00
285170000,56,false,Rx,0,8,10,27,00,00,00,00,00,00
285180000,57,false,Rx,0,8,00,00,FE,FF,FE,FF,00,00
285210000,625,false,Rx,0,8,25,00,11,43,FD,BB,E4,01
285310000,625,false,Rx,0,8,25,00,11,43,FD,BB,E4,01
285348000,2C4,false,Rx,0,8,03,08,00,00,DA,02,00,00
285348000,2C5,false,Rx,0,8,00,00,00,00,00,00,00,00
285348000,2C6,false,Rx,0,8,F4,01,84,03,00,00,00,00
285369000,54,false,Rx,0,8,00,00,FE,FF,FE,FF,00,00
285369000,55,false,Rx,0,8,10,27,00,00,00,00,00,00
285370000,56,false,Rx,0,8,10,27,00,00,00,00,00,00
285380000,57,false,Rx,0,8,00,00,FE,FF,FE,FF,00,00
285410000,625,false,Rx,0,8,25,00,11,43,FD,BB,E4,01
285510000,625,false,Rx,0,8,25,00,11,43,FD,BB,E4,01
285548000,2C4,false,Rx,0,8,03,08,00,00,DC,02,00,00
285548000,2C5,false,Rx,0,8,00,00,00,00,00,00,00,00
285548000,2C6,false,Rx,0,8,F4,01,84,03,00,00,00,00
285569000,54,false,Rx,0,8,00,00,FE,FF,FE,FF,00,00
285569000,55,false,Rx,0,8,10,27,00,00,00,00,00,00
285570000,56,false,Rx,0,8,10,27,00,00,00,00,00,00
285580000,57,false,Rx,0,8,00,00,FE,FF,FE,FF,00,00
285610000,625,false,Rx,0,8,25,00,11,43,FD,BB,E4,01
285710000,625,false,Rx,0,8,25,00,11,43,FD,BB,E4,01
285748000,2C4,false,Rx,0,8,03,08,00,00,DC,02,00,00
285748000,2C5,false,Rx,0,8,00,00,00,00,00,00,00,00
285748000,2C6,false,Rx,0,8,F4,01,84,03,00,00,00,00
285769000,54,false,Rx,0,8,00,00,FE,FF,FE,FF,00,00
285769000,55,false,Rx,0,8,10,27,00,00,00,00,00,00
285770000,56,false,Rx,0,8,10,27,00,00,00,00,00,00
285780000,57,false,Rx,0,8,00,00,FE,FF,FE,FF,00,00
285810000,625,false,Rx,0,8,25,00,11,43,FD,BB,E4,01
285910000,625,false,Rx,0,8,25,00,11,43,FD,BB,E4,01
285948000,2C4,false,Rx,0,8,03,08,00,00,DC,02,00,00
285948000,2C5,false,Rx,0,8,00,00,00,00,00,00,00,00
285948000,2C6,false,Rx,0,8,F4,01,84,03,00,00,00,00
285969000,54,false,Rx,0,8,00,00,FE,FF,FE,FF,00,00
285969000,55,false,Rx,0,8,10,27,00,00,00,00,00,00
285970000,56,false,Rx,0,8,10,27,00,00,00,00,00,00
285980000,57,false,Rx,0,8,00,00,FE,FF,FE,FF,00,00
286010000,625,false,Rx,0,8,25,00,11,43,FD,BB,E4,01
286110000,625,false,Rx,0,8,25,00,11,43,FD,BB,E4,01
286148000,2C4,false,Rx,0,8,03,08,00,00,DA,02,00,00
286148000,2C5,false,Rx,0,8,00,00,00,00,00,00,00,00
286148000,2C6,false,Rx,0,8,F4,01,84,03,00,00,00,00
286169000,54,false,Rx,0,8,00,00,FE,FF,FE,FF,00,00
286169000,55,false,Rx,0,8,10,27,00,00,00,00,00,00
286170000,56,false,Rx,0,8,10,27,00,00,00,00,00,00
286180000,57,false,Rx,0,8,00,00,FE,FF,FE,FF,00,00
286210000,625,false,Rx,0,8,25,00,11,43,FD,BB,E4,01
286310000,625,false,Rx,0,8,25,00,11,43,FD,BB,E4,01
286348000,2C4,false,Rx,0,8,03,08,00,00,DA,02,00,00
286348000,2C5,false,Rx,0,8,00,00,00,00,00,00,00,00
286348000,2C6,false,Rx,0,8,F4,01,84,03,00,00,00,00
286369000,54,false,Rx,0,8,00,00,FE,FF,FE,FF,00,00
286369000,55,false,Rx,0,8,10,27,00,00,00,00,00,00
286370000,56,false,Rx,0,8,10,27,00,00,00,00,00,00
286380000,57,false,Rx,0,8,00,00,FE,FF,FE,FF,00,00
286410000,625,false,Rx,0,8,25,00,11,43,FD,BB,E4,01
286510000,625,false,Rx,0,8,25,00,11,43,FD,BB,E4,01
286548000,2C4,false,Rx,0,8,03,08,00,00,DC,02,00,00
286548000,2C5,false,Rx,0,8,00,00,00,00,00,00,00,00
286548000,2C6,false,Rx,0,8,F4,01,84,03,00,00,00,00
286569000,54,false,Rx,0,8,00,00,FE,FF,FE,FF,00,00
286569000,55,false,Rx,0,8,10,27,00,00,00,00,00,00
286570000,56,false,Rx,0,8,10,27,00,00,00,00,00,00
286580000,57,false,Rx,0,8,00,00,FE,FF,FE,FF,00,00
286610000,625,false,Rx,0,8,25,00,11,43,FD,BB,E4,01
286710000,625,false,Rx,0,8,25,00,11,43,FD,BB,E4,01
286748000,2C4,false,Rx,0,8,03,08,00,00,DC,02,00,00
286748000,2C5,false,Rx,0,8,00,00,00,00,00,00,00,00
286748000,2C6,false,Rx,0,8,F4,01,84,03,00,00,00,00
286769000,54,false,Rx,0,8,00,00,FE,FF,FE,FF,00,00
286769000,55,false,Rx,0,8,10,27,00,00,00,00,00,00
286770000,56,false,Rx,0,8,10,27,00,00,00,00,00,00
286780000,57,false,Rx,0,8,00,00,FE,FF,FE,FF,00,00
286810000,625,false,Rx,0,8,25,00,11,43,FD,BB,E4,01
286910000,625,false,Rx,0,8,25,00,11,43,FD,BB,E4,01
286948000,2C4,false,Rx,0,8,03,08,00,00,DA,02,00,00
286948000,2C5,false,Rx,0,8,00,00,00,00,00,00,00,00
286948000,2C6,false,Rx,0,8,F4,01,84,03,00,00,00,00
286969000,54,false,Rx,0,8,00,00,FE,FF,FE,FF,00,00
286969000,55,false,Rx,0,8,10,27,00,00,00,00,00,00
286970000,56,false,Rx,0,8,10,27,00,00,00,00,00,00
286980000,57,false,Rx,0,8,00,00,FE,FF,FE,FF,00,00
287010000,625,false,Rx,0,8,25,00,11,43,FD,BB,E4,01
287110000,625,false,Rx,0,8,25,00,11,43,FD,BB,E4,01
287148000,2C4,false,Rx,0,8,03,08,00,00,DA,02,00,00
287148000,2C5,false,Rx,0,8,00,00,00,00,00,00,00,00
287148000,2C6,false,Rx,0,8,F4,01,84,03,00,00,00,00
287169000,54,false,Rx,0,8,00,00,FE,FF,FE,FF,00,00
287169000,55,false,Rx,0,8,10,27,00,00,00,00,00,00
287170000,56,false,Rx,0,8,10,27,00,00,00,00,00,00
287180000,57,false,Rx,0,8,00,00,FE,FF,FE,FF,00,00
287210000,625,false,Rx,0,8,25,00,11,43,FD,BB,E4,01
287310000,625,false,Rx,0,8,25,00,11,43,FD,BB,E4,01
287348000,2C4,false,Rx,0,8,03,08,00,00,DA,02,00,00
287348000,2C5,false,Rx,0,8,00,00,00,00,00,00,00,00
287348000,2C6,false,Rx,0,8,F4,01,84,03,00,00,00,00
287369000,54,false,Rx,0,8,00,00,FE,FF,FE,FF,00,00
287370000,55,false,Rx,0,8,10,27,00,00,00,00,00,00
287370000,56,false,Rx,0,8,10,27,00,00,00,00,00,00
287380000,57,false,Rx,0,8,00,00,FE,FF,FE,FF,00,00
287410000,625,false,Rx,0,8,25,00,11,43,FD,BB,E4,01
287510000,625,false,Rx,0,8,25,00,11,43,FD,BB,E4,01
287548000,2C4,false,Rx,0,8,03,08,00,00,DC,02,00,00
287548000,2C5,false,Rx,0,8,00,00,00,00,00,00,00,00
287548000,2C6,false,Rx,0,8,F4,01,84,03,00,00,00,00
287569000,54,false,Rx,0,8,00,00,FE,FF,FE,FF,00,00
287569000,55,false,Rx,0,8,10,27,00,00,00,00,00,00
287570000,56,false,Rx,0,8,10,27,00,00,00,00,00,00
287580000,57,false,Rx,0,8,00,00,FE,FF,FE,FF,00,00
287610000,625,false,Rx,0,8,25,00,11,43,FD,BB,E4,01
287710000,625,false,Rx,0,8,25,00,11,43,FD,BB,E4,01
287748000,2C4,false,Rx,0,8,03,08,00,00,DA,02,00,00
287748000,2C5,false,Rx,0,8,00,00,00,00,00,00,00,00
287748000,2C6,false,Rx,0,8,F4,01,84,03,00,00,00,00
287769000,54,false,Rx,0,8,00,00,FE,FF,FE,FF,00,00
287770000,55,false,Rx,0,8,10,27,00,00,00,00,00,00
287770000,56,false,Rx,0,8,10,27,00,00,00,00,00,00
287780000,57,false,Rx,0,8,00,00,FE,FF,FE,FF,00,00
287810000,625,false,Rx,0,8,25,00,11,43,FD,BB,E4,01
287910000,625,false,Rx,0,8,25,00,11,43,FD,BB,E4,01
287948000,2C4,false,Rx,0,8,03,08,00,00,DA,02,00,00
287948000,2C5,false,Rx,0,8,00,00,00,00,00,00,00,00
287948000,2C6,false,Rx,0,8,F4,01,84,03,00,00,00,00
287969000,54,false,Rx,0,8,00,00,FE,FF,FE,FF,00,00
287969000,55,false,Rx,0,8,10,27,00,00,00,00,00,00
287970000,56,false,Rx,0,8,10,27,00,00,00,00,00,00
287980000,57,false,Rx,0,8,00,00,FE,FF,FE,FF,00,00
288010000,625,false,Rx,0,8,25,00,11,43,FD,BB,E4,01
288110000,625,false,Rx,0,8,25,00,11,43,FD,BB,E4,01
288148000,2C4,false,Rx,0,8,03,08,00,00,DC,02,00,00
288148000,2C5,false,Rx,0,8,00,00,00,00,00,00,00,00
288148000,2C6,false,Rx,0,8,F4,01,84,03,00,00,00,00
288169000,54,false,Rx,0,8,00,00,FE,FF,FE,FF,00,00
288169000,55,false,Rx,0,8,10,27,00,00,00,00,00,00
288170000,56,false,Rx,0,8,10,27,00,00,00,00,00,00
288180000,57,false,Rx,0,8,00,00,FE,FF,FE,FF,00,00
288210000,625,false,Rx,0,8,25,00,11,43,FD,BB,E4,01
288310000,625,false,Rx,0,8,25,00,11,43,FD,BB,E4,01
288348000,2C4,false,Rx,0,8,03,08,00,00,DC,02,00,00
288348000,2C5,false,Rx,0,8,00,00,00,00,00,00,00,00
288348000,2C6,false,Rx,0,8,F4,01,84,03,00,00,00,00
288369000,54,false,Rx,0,8,00,00,FE,FF,FE,FF,00,00
288369000,55,false,Rx,0,8,10,27,00,00,00,00,00,00
288370000,56,false,Rx,0,8,10,27,00,00,00,00,00,00
288380000,57,false,Rx,0,8,00,00,FE,FF,FE,FF,00,00
288410000,625,false,Rx,0,8,25,00,11,43,FD,BB,E4,01
288510000,625,false,Rx,0,8,25,00,11,43,FD,BB,E4,01
288548000,2C4,false,Rx,0,8,03,08,00,00,DC,02,00,00
288548000,2C5,false,Rx,0,8,00,00,00,00,00,00,00,00
288548000,2C6,false,Rx,0,8,F4,01,84,03,00,00,00,00
288569000,54,false,Rx,0,8,00,00,FE,FF,FE,FF,00,00
288569000,55,false,Rx,0,8,10,27,00,00,00,00,00,00
288570000,56,false,Rx,0,8,10,27,00,00,00,00,00,00
288580000,57,false,Rx,0,8,00,00,FE,FF,FE,FF,00,00
288610000,625,false,Rx,0,8,25,10,11,43,FD,BB,E4,01
288710000,625,false,Rx,0,8,25,10,11,43,FD,BB,E4,01
288748000,2C4,false,Rx,0,8,03,08,00,00,DA,02,00,00
288748000,2C5,false,Rx,0,8,00,00,00,00,00,00,00,00
288748000,2C6,false,Rx,0,8,F4,01,84,03,00,00,00,00
288769000,54,false,Rx,0,8,00,00,FE,FF,FE,FF,00,00
288769000,55,false,Rx,0,8,10,27,00,00,00,00,00,00
288770000,56,false,Rx,0,8,10,27,00,00,00,00,00,00
288780000,57,false,Rx,0,8,00,00,FE,FF,FE,FF,00,00
288810000,625,false,Rx,0,8,25,10,11,43,FD,BB,E4,01
288910000,625,false,Rx,0,8,25,10,11,43,FD,BB,E4,01
288948000,2C4,false,Rx,0,8,03,08,00,00,DA,02,00,00
288948000,2C5,false,Rx,0,8,00,00,00,00,00,00,00,00
288948000,2C6,false,Rx,0,8,F4,01,84,03,00,00,00,00
288969000,54,false,Rx,0,8,00,00,FE,FF,FE,FF,00,00
288969000,55,false,Rx,0,8,10,27,00,00,00,00,00,00
288970000,56,false,Rx,0,8,10,27,00,00,00,00,00,00
288980000,57,false,Rx,0,8,00,00,FE,FF,FE,FF,00,00
289010000,625,false,Rx,0,8,25,10,11,43,FD,BB,E4,01
289110000,625,false,Rx,0,8,25,10,11,43,FD,BB,E4,01
289148000,2C4,false,Rx,0,8,03,08,00,00,DC,02,00,00
289148000,2C5,false,Rx,0,8,00,00,00,00,00,00,00,00
289148000,2C6,false,Rx,0,8,F4,01,84,03,00,00,00,00
289169000,54,false,Rx,0,8,00,00,FE,FF,FE,FF,00,00
289169000,55,false,Rx,0,8,10,27,00,00,00,00,00,00
289170000,56,false,Rx,0,8,10,27,00,00,00,00,00,00
289180000,57,false,Rx,0,8,00,00,FE,FF,FE,FF,00,00
289210000,625,false,Rx,0,8,25,10,11,43,FD,BB,E4,01
289310000,625,false,Rx,0,8,25,10,11,43,FD,BB,E4,01
289348000,2C4,false,Rx,0,8,03,08,00,00,DC,02,00,00
289348000,2C5,false,Rx,0,8,00,00,00,00,00,00,00,00
289348000,2C6,false,Rx,0,8,F4,01,84,03,00,00,00,00
289369000,54,false,Rx,0,8,00,00,FE,FF,FE,FF,00,00
289369000,55,false,Rx,0,8,10,27,00,00,00,00,00,00
289370000,56,false,Rx,0,8,10,27,00,00,00,00,00,00
289380000,57,false,Rx,0,8,00,00,FE,FF,FE,FF,00,00
289410000,625,false,Rx,0,8,25,10,11,43,FD,BB,E4,01
289510000,625,false,Rx,0,8,25,10,11,43,FD,BB,E4,01
289548000,2C4,false,Rx,0,8,03,08,00,00,DA,02,00,00
289548000,2C5,false,Rx,0,8,00,00,00,00,00,00,00,00
289548000,2C6,false,Rx,0,8,F4,01,84,03,00,00,00,00
289569000,54,false,Rx,0,8,00,00,FE,FF,FE,FF,00,00
289569000,55,false,Rx,0,8,10,27,00,00,00,00,00,00
289570000,56,false,Rx,0,8,10,27,00,00,00,00,00,00
289580000,57,false,Rx,0,8,00,00,FE,FF,FE,FF,00,00
289610000,625,false,Rx,0,8,25,10,11,43,FD,BB,E4,01
289710000,625,false,Rx,0,8,25,10,11,43,FD,BB,E4,01
289748000,2C4,false,Rx,0,8,03,08,00,00,DA,02,00,00
289748000,2C5,false,Rx,0,8,00,00,00,00,00,00,00,00
289748000,2C6,false,Rx,0,8,F4,01,84,03,00,00,00,00
289769000,54,false,Rx,0,8,00,00,FE,FF,FE,FF,00,00
289769000,55,false,Rx,0,8,10,27,00,00,00,00,00,00
289770000,56,false,Rx,0,8,10,27,00,00,00,00,00,00
289780000,57,false,Rx,0,8,00,00,FE,FF,FE,FF,00,00
289810000,625,false,Rx,0,8,25,10,11,43,FD,BB,E4,01
289910000,625,false,Rx,0,8,25,10,11,43,FD,BB,E4,01
289948000,2C4,false,Rx,0,8,03,08,00,00,DC,02,00,00
289948000,2C5,false,Rx,0,8,00,00,00,00,00,00,00,00
289948000,2C6,false,Rx,0,8,F4,01,84,03,00,00,00,00
289969000,54,false,Rx,0,8,00,00,FE,FF,FE,FF,00,00
289969000,55,false,Rx,0,8,10,27,00,00,00,00,00,00
289970000,56,false,Rx,0,8,10,27,00,00,00,00,00,00
289980000,57,false,Rx,0,8,00,00,FE,FF,FE,FF,00,00
290010000,625,false,Rx,0,8,25,10,11,43,FD,BB,E4,01
290110000,625,false,Rx,0,8,25,10,11,43,FD,BB,E4,01
290148000,2C4,false,Rx,0,8,03,08,00,00,DC,02,00,00
290148000,2C5,false,Rx,0,8,00,00,00,00,00,00,00,00
290148000,2C6,false,Rx,0,8,F4,01,84,03,00,00,00,00
290169000,54,false,Rx,0,8,00,00,FE,FF,FE,FF,00,00
290169000,55,false,Rx,0,8,10,27,00,00,00,00,00,00
290170000,56,false,Rx,0,8,10,27,00,00,00,00,00,00
290180000,57,false,Rx,0,8,00,00,FE,FF,FE,FF,00,00
290210000,625,false,Rx,0,8,25,10,11,43,FD,BB,E4,01
290310000,625,false,Rx,0,8,25,10,11,43,FD,BB,E4,01
290348000,2C4,false,Rx,0,8,03,08,00,00,DA,02,00,00
290348000,2C5,false,Rx,0,8,00,00,00,00,00,00,00,00
290348000,2C6,false,Rx,0,8,F4,01,84,03,00,00,00,00
290369000,54,false,Rx,0,8,00,00,FE,FF,FE,FF,00,00
290369000,55,false,Rx,0,8,10,27,00,00,00,00,00,00
290370000,56,false,Rx,0,8,10,27,00,00,00,00,00,00
290380000,57,false,Rx,0,8,00,00,FE,FF,FE,FF,00,00
290410000,625,false,Rx,0,8,25,10,11,43,FD,BB,E4,01
290510000,625,false,Rx,0,8,25,10,11,43,FD,BB,E4,01
290548000,2C4,false,Rx,0,8,03,08,00,00,DA,02,00,00
290548000,2C5,false,Rx,0,8,00,00,00,00,00,00,00,00
290548000,2C6,false,Rx,0,8,F4,01,84,03,00,00,00,00
290569000,54,false,Rx,0,8,00,00,FE,FF,FE,FF,00,00
290569000,55,false,Rx,0,8,10,27,00,00,00,00,00,00
290570000,56,false,Rx,0,8,10,27,00,00,00,00,00,00
290580000,57,false,Rx,0,8,00,00,FE,FF,FE,FF,00,00
290610000,625,false,Rx,0,8,25,10,11,43,FD,BB,E4,01
290710000,625,false,Rx,0,8,25,10,11,43,FD,BB,E4,01
290748000,2C4,false,Rx,0,8,03,08,00,00,DC,02,00,00
290748000,2C5,false,Rx,0,8,00,00,00,00,00,00,00,00
290748000,2C6,false,Rx,0,8,F4,01,84,03,00,00,00,00
290769000,54,false,Rx,0,8,00,00,FE,FF,FE,FF,00,00
290769000,55,false,Rx,0,8,10,27,00,00,00,00,00,00
290770000,56,false,Rx,0,8,10,27,00,00,00,00,00,00
290780000,57,false,Rx,0,8,00,00,FE,FF,FE,FF,00,00
290810000,625,false,Rx,0,8,25,10,11,43,FD,BB,E4,01
290910000,625,false,Rx,0,8,25,10,11,43,FD,BB,E4,01
290948000,2C4,false,Rx,0,8,03,08,00,00,DC,02,00,00
290948000,2C5,false,Rx,0,8,00,00,00,00,00,00,00,00
290948000,2C6,false,Rx,0,8,F4,01,84,03,00,00,00,00
290969000,54,false,Rx,0,8,00,00,FE,FF,FE,FF,00,00
290969000,55,false,Rx,0,8,10,27,00,00,00,00,00,00
290970000,56,false,Rx,0,8,10,27,00,00,00,00,00,00
290980000,57,false,Rx,0,8,00,00,FE,FF,FE,FF,00,00
291010000,625,false,Rx,0,8,25,10,11,43,FD,BB,E4,01
291110000,625,false,Rx,0,8,25,10,11,43,FD,BB,E4,01
291148000,2C4,false,Rx,0,8,03,08,00,00,DA,02,00,00
291148000,2C5,false,Rx,0,8,00,00,00,00,00,00,00,00
291148000,2C6,false,Rx,0,8,F4,01,84,03,00,00,00,00
291169000,54,false,Rx,0,8,00,00,FE,FF,FE,FF,00,00
291169000,55,false,Rx,0,8,10,27,00,00,00,00,00,00
291170000,56,false,Rx,0,8,10,27,00,00,00,00,00,00
291180000,57,false,Rx,0,8,00,00,FE,FF,FE,FF,00,00
291209000,625,false,Rx,0,8,25,10,11,43,FD,BB,E4,01
291309000,625,false,Rx,0,8,25,10,11,43,FD,BB,E4,01
291348000,2C4,false,Rx,0,8,03,08,00,00,DA,02,00,00
291348000,2C5,false,Rx,0,8,00,00,00,00,00,00,00,00
291348000,2C6,false,Rx,0,8,F4,01,84,03,00,00,00,00
291369000,54,false,Rx,0,8,00,00,FE,FF,FE,FF,00,00
291369000,55,false,Rx,0,8,10,27,00,00,00,00,00,00
291370000,56,false,Rx,0,8,10,27,00,00,00,00,00,00
291380000,57,false,Rx,0,8,00,00,FE,FF,FE,FF,00,00
291409000,625,false,Rx,0,8,25,10,11,43,FD,BB,E4,01
291509000,625,false,Rx,0,8,25,10,11,43,FD,BB,E4,01
291548000,2C4,false,Rx,0,8,03,08,00,00,DC,02,00,00
291548000,2C5,false,Rx,0,8,00,00,00,00,00,00,00,00
291548000,2C6,false,Rx,0,8,F4,01,84,03,00,00,00,00
291569000,54,false,Rx,0,8,00,00,FE,FF,FE,FF,00,00
291569000,55,false,Rx,0,8,10,27,00,00,00,00,00,00
291570000,56,false,Rx,0,8,10,27,00,00,00,00,00,00
291580000,57,false,Rx,0,8,00,00,FE,FF,FE,FF,00,00
291609000,625,false,Rx,0,8,25,10,11,43,FD,BB,E4,01
291709000,625,false,Rx,0,8,25,10,11,43,FD,BB,E4,01
291748000,2C4,false,Rx,0,8,03,08,00,00,DC,02,00,00
291748000,2C5,false,Rx,0,8,00,00,00,00,00,00,00,00
291748000,2C6,false,Rx,0,8,F4,01,84,03,00,00,00,00
291769000,54,false,Rx,0,8,00,00,FE,FF,FE,FF,00,00
291769000,55,false,Rx,0,8,10,27,00,00,00,00,00,00
291770000,56,false,Rx,0,8,10,27,00,00,00,00,00,00
291780000,57,false,Rx,0,8,00,00,FE,FF,FE,FF,00,00
291809000,625,false,Rx,0,8,25,10,11,43,FD,BB,E4,01
291909000,625,false,Rx,0,8,25,10,11,43,FD,BB,E4,01
291948000,2C4,false,Rx,0,8,03,08,00,00,DC,02,00,00
291948000,2C5,false,Rx,0,8,00,00,00,00,00,00,00,00
291948000,2C6,false,Rx,0,8,F4,01,84,03,00,00,00,00
291969000,54,false,Rx,0,8,00,00,FE,FF,FE,FF,00,00
291969000,55,false,Rx,0,8,10,27,00,00,00,00,00,00
291970000,56,false,Rx,0,8,10,27,00,00,00,00,00,00
291980000,57,false,Rx,0,8,00,00,FE,FF,FE,FF,00,00
292009000,625,false,Rx,0,8,25,10,11,43,FD,BB,E4,01
292109000,625,false,Rx,0,8,25,10,11,43,FD,BB,E4,01
292148000,2C4,false,Rx,0,8,03,08,00,00,DA,02,00,00
292148000,2C5,false,Rx,0,8,00,00,00,00,00,00,00,00
292148000,2C6,false,Rx,0,8,F4,01,84,03,00,00,00,00
292169000,54,false,Rx,0,8,00,00,FE,FF,FE,FF,00,00
292169000,55,false,Rx,0,8,10,27,00,00,00,00,00,00
292170000,56,false,Rx,0,8,10,27,00,00,00,00,00,00
292180000,57,false,Rx,0,8,00,00,FE,FF,FE,FF,00,00
292209000,625,false,Rx,0,8,25,10,11,43,FD,BB,E4,01
292309000,625,false,Rx,0,8,25,10,11,43,FD,BB,E4,01
292348000,2C4,false,Rx,0,8,03,08,00,00,DC,02,00,00
292348000,2C5,false,Rx,0,8,00,00,00,00,00,00,00,00
292348000,2C6,false,Rx,0,8,F4,01,84,03,00,00,00,00
292369000,54,false,Rx,0,8,00,00,FE,FF,FE,FF,00,00
292369000,55,false,Rx,0,8,10,27,00,00,00,00,00,00
292370000,56,false,Rx,0,8,10,27,00,00,00,00,00,00
292380000,57,false,Rx,0,8,00,00,FE,FF,FE,FF,00,00
292409000,625,false,Rx,0,8,25,10,11,43,FD,BB,E4,01
292509000,625,false,Rx,0,8,25,10,11,43,FD,BB,E4,01
292548000,2C4,false,Rx,0,8,03,08,00,00,DC,02,00,00
292548000,2C5,false,Rx,0,8,00,00,00,00,00,00,00,00
292548000,2C6,false,Rx,0,8,F4,01,84,03,00,00,00,00
292569000,54,false,Rx,0,8,00,00,FE,FF,FE,FF,00,00
292569000,55,false,Rx,0,8,10,27,00,00,00,00,00,00
292570000,56,false,Rx,0,8,10,27,00,00,00,00,00,00
292580000,57,false,Rx,0,8,00,00,FE,FF,FE,FF,00,00
292609000,625,false,Rx,0,8,25,10,11,43,FD,BB,E4,01
292709000,625,false,Rx,0,8,25,10,11,43,FD,BB,E4,01
292748000,2C4,false,Rx,0,8,03,08,00,00,DC,02,00,00
292748000,2C5,false,Rx,0,8,00,00,00,00,00,00,00,00
292748000,2C6,false,Rx,0,8,F4,01,84,03,00,00,00,00
292769000,54,false,Rx,0,8,00,00,FE,FF,FE,FF,00,00
292769000,55,false,Rx,0,8,10,27,00,00,00,00,00,00
292770000,56,false,Rx,0,8,10,27,00,00,00,00,00,00
292780000,57,false,Rx,0,8,00,00,FE,FF,FE,FF,00,00
292809000,625,false,Rx,0,8,25,10,11,43,FD,BB,E4,01
292909000,625,false,Rx,0,8,25,10,11,43,FD,BB,E4,01
292948000,2C4,false,Rx,0,8,03,08,00,00,DA,02,00,00
292948000,2C5,false,Rx,0,8,00,00,00,00,00,00,00,00
292948000,2C6,false,Rx,0,8,F4,01,84,03,00,00,00,00
292969000,54,false,Rx,0,8,00,00,FE,FF,FE,FF,00,00
292969000,55,false,Rx,0,8,10,27,00,00,00,00,00,00
292970000,56,false,Rx,0,8,10,27,00,00,00,00,00,00
292980000,57,false,Rx,0,8,00,00,FE,FF,FE,FF,00,00
293009000,625,false,Rx,0,8,25,10,11,43,FD,BB,E4,01
293109000,625,false,Rx,0,8,25,10,11,43,FD,BB,E4,01
293148000,2C4,false,Rx,0,8,03,08,00,00,DA,02,00,00
293148000,2C5,false,Rx,0,8,00,00,00,00,00,00,00,00
293148000,2C6,false,Rx,0,8,F4,01,84,03,00,00,00,00
293169000,54,false,Rx,0,8,00,00,FE,FF,FE,FF,00,00
293169000,55,false,Rx,0,8,10,27,00,00,00,00,00,00
293170000,56,false,Rx,0,8,10,27,00,00,00,00,00,00
293180000,57,false,Rx,0,8,00,00,FE,FF,FE,FF,00,00
293209000,625,false,Rx,0,8,25,10,11,43,FD,BB,E4,01
293309000,625,false,Rx,0,8,25,10,11,43,FD,BB,E4,01
293348000,2C4,false,Rx,0,8,03,08,00,00,DC,02,00,00
293348000,2C5,false,Rx,0,8,00,00,00,00,00,00,00,00
293348000,2C6,false,Rx,0,8,F4,01,84,03,00,00,00,00
293369000,54,false,Rx,0,8,00,00,FE,FF,FE,FF,00,00
293369000,55,false,Rx,0,8,10,27,00,00,00,00,00,00
293370000,56,false,Rx,0,8,10,27,00,00,00,00,00,00
293380000,57,false,Rx,0,8,00,00,FE,FF,FE,FF,00,00
293409000,625,false,Rx,0,8,25,10,11,43,FD,BB,E4,01
293509000,625,false,Rx,0,8,25,10,11,43,FD,BB,E4,01
293548000,2C4,false,Rx,0,8,03,08,00,00,DC,02,00,00
293548000,2C5,false,Rx,0,8,00,00,00,00,00,00,00,00
293548000,2C6,false,Rx,0,8,F4,01,84,03,00,00,00,00
293569000,54,false,Rx,0,8,00,00,FE,FF,FE,FF,00,00
293569000,55,false,Rx,0,8,10,27,00,00,00,00,00,00
293570000,56,false,Rx,0,8,10,27,00,00,00,00,00,00
293580000,57,false,Rx,0,8,00,00,FE,FF,FE,FF,00,00
293609000,625,false,Rx,0,8,25,10,11,43,FD,BB,E4,01
293709000,625,false,Rx,0,8,25,10,11,43,FD,BB,E4,01
293748000,2C4,false,Rx,0,8,03,08,00,00,DA,02,00,00
293748000,2C5,false,Rx,0,8,00,00,00,00,00,00,00,00
293748000,2C6,false,Rx,0,8,F4,01,84,03,00,00,00,00
293769000,54,false,Rx,0,8,00,00,FE,FF,FE,FF,00,00
293769000,55,false,Rx,0,8,10,27,00,00,00,00,00,00
293770000,56,false,Rx,0,8,10,27,00,00,00,00,00,00
293780000,57,false,Rx,0,8,00,00,FE,FF,FE,FF,00,00
293809000,625,false,Rx,0,8,25,10,11,43,FD,BB,E4,01
293909000,625,false,Rx,0,8,25,10,11,43,FD,BB,E4,01
293947000,2C4,false,Rx,0,8,03,08,00,00,DA,02,00,00
293948000,2C5,false,Rx,0,8,00,00,00,00,00,00,00,00
293948000,2C6,false,Rx,0,8,F4,01,84,03,00,00,00,00
293969000,54,false,Rx,0,8,00,00,FE,FF,FE,FF,00,00
293969000,55,false,Rx,0,8,10,27,00,00,00,00,00,00
293970000,56,false,Rx,0,8,10,27,00,00,00,00,00,00
293980000,57,false,Rx,0,8,00,00,FE,FF,FE,FF,00,00
294009000,625,false,Rx,0,8,25,10,11,43,FD,BB,E4,01
294109000,625,false,Rx,0,8,25,10,11,43,FD,BB,E4,01
294147000,2C4,false,Rx,0,8,03,08,00,00,DC,02,00,00
294148000,2C5,false,Rx,0,8,00,00,00,00,00,00,00,00
294148000,2C6,false,Rx,0,8,F4,01,84,03,00,00,00,00
294169000,54,false,Rx,0,8,00,00,FE,FF,FE,FF,00,00
294169000,55,false,Rx,0,8,10,27,00,00,00,00,00,00
294170000,56,false,Rx,0,8,10,27,00,00,00,00,00,00
294180000,57,false,Rx,0,8,00,00,FE,FF,FE,FF,00,00
294209000,625,false,Rx,0,8,25,10,11,43,FD,BB,E4,01
294309000,625,false,Rx,0,8,25,10,11,43,FD,BB,E4,01
294347000,2C4,false,Rx,0,8,03,08,00,00,DC,02,00,00
294348000,2C5,false,Rx,0,8,00,00,00,00,00,00,00,00
294348000,2C6,false,Rx,0,8,F4,01,84,03,00,00,00,00
294369000,54,false,Rx,0,8,00,00,FE,FF,FE,FF,00,00
294369000,55,false,Rx,0,8,10,27,00,00,00,00,00,00
294370000,56,false,Rx,0,8,10,27,00,00,00,00,00,00
294380000,57,false,Rx,0,8,00,00,FE,FF,FE,FF,00,00
294409000,625,false,Rx,0,8,25,10,11,43,FD,BB,E4,01
294509000,625,false,Rx,0,8,25,10,11,43,FD,BB,E4,01
294547000,2C4,false,Rx,0,8,03,08,00,00,DA,02,00,00
294548000,2C5,false,Rx,0,8,00,00,00,00,00,00,00,00
294548000,2C6,false,Rx,0,8,F4,01,84,03,00,00,00,00
294569000,54,false,Rx,0,8,00,00,FE,FF,FE,FF,00,00
294569000,55,false,Rx,0,8,10,27,00,00,00,00,00,00
294570000,56,false,Rx,0,8,10,27,00,00,00,00,00,00
294580000,57,false,Rx,0,8,00,00,FE,FF,FE,FF,00,00
294609000,625,false,Rx,0,8,25,10,11,43,FD,BB,E4,01
294709000,625,false,Rx,0,8,25,10,11,43,FD,BB,E4,01
294747000,2C4,false,Rx,0,8,03,08,00,00,DA,02,00,00
294748000,2C5,false,Rx,0,8,00,00,00,00,00,00,00,00
294748000,2C6,false,Rx,0,8,F4,01,84,03,00,00,00,00
294769000,54,false,Rx,0,8,00,00,FE,FF,FE,FF,00,00
294769000,55,false,Rx,0,8,10,27,00,00,00,00,00,00
294770000,56,false,Rx,0,8,10,27,00,00,00,00,00,00
294780000,57,false,Rx,0,8,00,00,FE,FF,FE,FF,00,00
294809000,625,false,Rx,0,8,25,10,11,43,FD,BB,E4,01
294909000,625,false,Rx,0,8,25,10,11,43,FD,BB,E4,01
294947000,2C4,false,Rx,0,8,03,08,00,00,DC,02,00,00
294948000,2C5,false,Rx,0,8,00,00,00,00,00,00,00,00
294948000,2C6,false,Rx,0,8,F4,01,84,03,00,00,00,00
294969000,54,false,Rx,0,8,00,00,FE,FF,FE,FF,00,00
294969000,55,false,Rx,0,8,10,27,00,00,00,00,00,00
294970000,56,false,Rx,0,8,10,27,00,00,00,00,00,00
294980000,57,false,Rx,0,8,00,00,FE,FF,FE,FF,00,00
295009000,625,false,Rx,0,8,25,10,11,43,FD,BB,E4,01
295109000,625,false,Rx,0,8,25,10,11,43,FD,BB,E4,01
295147000,2C4,false,Rx,0,8,03,08,00,00,DC,02,00,00
295148000,2C5,false,Rx,0,8,00,00,00,00,00,00,00,00
295148000,2C6,false,Rx,0,8,F4,01,84,03,00,00,00,00
295169000,54,false,Rx,0,8,00,00,FE,FF,FE,FF,00,00
295169000,55,false,Rx,0,8,10,27,00,00,00,00,00,00
295170000,56,false,Rx,0,8,10,27,00,00,00,00,00,00
295180000,57,false,Rx,0,8,00,00,FE,FF,FE,FF,00,00
295209000,625,false,Rx,0,8,25,10,11,43,FD,BB,E4,01
295309000,625,false,Rx,0,8,25,10,11,43,FD,BB,E4,01
295347000,2C4,false,Rx,0,8,03,08,00,00,DC,02,00,00
295348000,2C5,false,Rx,0,8,00,00,00,00,00,00,00,00
295348000,2C6,false,Rx,0,8,F4,01,84,03,00,00,00,00
295369000,54,false,Rx,0,8,00,00,FE,FF,FE,FF,00,00
295369000,55,false,Rx,0,8,10,27,00,00,00,00,00,00
295370000,56,false,Rx,0,8,10,27,00,00,00,00,00,00
295380000,57,false,Rx,0,8,00,00,FE,FF,FE,FF,00,00
295409000,625,false,Rx,0,8,25,10,11,43,FD,BB,E4,01
295509000,625,false,Rx,0,8,25,10,11,43,FD,BB,E4,01
295547000,2C4,false,Rx,0,8,03,08,00,00,DA,02,00,00
295548000,2C5,false,Rx,0,8,00,00,00,00,00,00,00,00
295548000,2C6,false,Rx,0,8,F4,01,84,03,00,00,00,00
295569000,54,false,Rx,0,8,00,00,FE,FF,FE,FF,00,00
295569000,55,false,Rx,0,8,10,27,00,00,00,00,00,00
295570000,56,false,Rx,0,8,10,27,00,00,00,00,00,00
295580000,57,false,Rx,0,8,00,00,FE,FF,FE,FF,00,00
295609000,625,false,Rx,0,8,25,10,11,43,FD,BB,E4,01
295709000,625,false,Rx,0,8,25,10,11,43,FD,BB,E4,01
295747000,2C4,false,Rx,0,8,03,08,00,00,DC,02,00,00
295748000,2C5,false,Rx,0,8,00,00,00,00,00,00,00,00
295748000,2C6,false,Rx,0,8,F4,01,84,03,00,00,00,00
295769000,54,false,Rx,0,8,00,00,FE,FF,FE,FF,00,00
295769000,55,false,Rx,0,8,10,27,00,00,00,00,00,00
295770000,56,false,Rx,0,8,10,27,00,00,00,00,00,00
295780000,57,false,Rx,0,8,00,00,FE,FF,FE,FF,00,00
295809000,625,false,Rx,0,8,25,10,11,43,FD,BB,E4,01
295909000,625,false,Rx,0,8,25,10,11,43,FD,BB,E4,01
295947000,2C4,false,Rx,0,8,03,08,00,00,DC,02,00,00
295948000,2C5,false,Rx,0,8,00,00,00,00,00,00,00,00
295948000,2C6,false,Rx,0,8,F4,01,84,03,00,00,00,00
295969000,54,false,Rx,0,8,00,00,FE,FF,FE,FF,00,00
295969000,55,false,Rx,0,8,10,27,00,00,00,00,00,00
295970000,56,false,Rx,0,8,10,27,00,00,00,00,00,00
295980000,57,false,Rx,0,8,00,00,FE,FF,FE,FF,00,00
296009000,625,false,Rx,0,8,25,10,11,43,FD,BB,E4,01
296109000,625,false,Rx,0,8,25,10,11,43,FD,BB,E4,01
296147000,2C4,false,Rx,0,8,03,08,00,00,DC,02,00,00
296148000,2C5,false,Rx,0,8,00,00,00,00,00,00,00,00
296148000,2C6,false,Rx,0,8,F4,01,84,03,00,00,00,00
296169000,54,false,Rx,0,8,00,00,FE,FF,FE,FF,00,00
296169000,55,false,Rx,0,8,10,27,00,00,00,00,00,00
296170000,56,false,Rx,0,8,10,27,00,00,00,00,00,00
296180000,57,false,Rx,0,8,00,00,FE,FF,FE,FF,00,00
296209000,625,false,Rx,0,8,25,10,11,43,FD,BB,E4,01
296309000,625,false,Rx,0,8,25,10,11,43,FD,BB,E4,01
296347000,2C4,false,Rx,0,8,03,08,00,00,DA,02,00,00
296348000,2C5,false,Rx,0,8,00,00,00,00,00,00,00,00
296348000,2C6,false,Rx,0,8,F4,01,84,03,00,00,00,00
296369000,54,false,Rx,0,8,00,00,FE,FF,FE,FF,00,00
296369000,55,false,Rx,0,8,10,27,00,00,00,00,00,00
296369000,56,false,Rx,0,8,10,27,00,00,00,00,00,00
296380000,57,false,Rx,0,8,00,00,FE,FF,FE,FF,00,00
296409000,625,false,Rx,0,8,25,10,11,43,FD,BB,E4,01
296509000,625,false,Rx,0,8,25,10,11,43,FD,BB,E4,01
296547000,2C4,false,Rx,0,8,03,08,00,00,DA,02,00,00
296548000,2C5,false,Rx,0,8,00,00,00,00,00,00,00,00
296548000,2C6,false,Rx,0,8,F4,01,84,03,00,00,00,00
296569000,54,false,Rx,0,8,00,00,FE,FF,FE,FF,00,00
296569000,55,false,Rx,0,8,10,27,00,00,00,00,00,00
296570000,56,false,Rx,0,8,10,27,00,00,00,00,00,00
296580000,57,false,Rx,0,8,00,00,FE,FF,FE,FF,00,00
296609000,625,false,Rx,0,8,25,10,11,43,FD,BB,E4,01
296709000,625,false,Rx,0,8,25,10,11,43,FD,BB,E4,01
296747000,2C4,false,Rx,0,8,03,08,00,00,DC,02,00,00
296748000,2C5,false,Rx,0,8,00,00,00,00,00,00,00,00
296748000,2C6,false,Rx,0,8,F4,01,84,03,00,00,00,00
296769000,54,false,Rx,0,8,00,00,FE,FF,FE,FF,00,00
296769000,55,false,Rx,0,8,10,27,00,00,00,00,00,00
296770000,56,false,Rx,0,8,10,27,00,00,00,00,00,00
296780000,57,false,Rx,0,8,00,00,FE,FF,FE,FF,00,00
296809000,625,false,Rx,0,8,25,10,11,43,FD,BB,E4,01
296909000,625,false,Rx,0,8,25,10,11,43,FD,BB,E4,01
296947000,2C4,false,Rx,0,8,03,08,00,00,DA,02,00,00
296948000,2C5,false,Rx,0,8,00,00,00,00,00,00,00,00
296948000,2C6,false,Rx,0,8,F4,01,84,03,00,00,00,00
296969000,54,false,Rx,0,8,00,00,FE,FF,FE,FF,00,00
296969000,55,false,Rx,0,8,10,27,00,00,00,00,00,00
296969000,56,false,Rx,0,8,10,27,00,00,00,00,00,00
296980000,57,false,Rx,0,8,00,00,FE,FF,FE,FF,00,00
297009000,625,false,Rx,0,8,25,10,11,43,FD,BB,E4,01
297109000,625,false,Rx,0,8,25,10,11,43,FD,BB,E4,01
297147000,2C4,false,Rx,0,8,03,08,00,00,DA,02,00,00
297148000,2C5,false,Rx,0,8,00,00,00,00,00,00,00,00
297148000,2C6,false,Rx,0,8,F4,01,84,03,00,00,00,00
297169000,54,false,Rx,0,8,00,00,FE,FF,FE,FF,00,00
297169000,55,false,Rx,0,8,10,27,00,00,00,00,00,00
297170000,56,false,Rx,0,8,10,27,00,00,00,00,00,00
297180000,57,false,Rx,0,8,00,00,FE,FF,FE,FF,00,00
297209000,625,false,Rx,0,8,25,10,11,43,FD,BB,E4,01
297309000,625,false,Rx,0,8,25,10,11,43,FD,BB,E4,01
297347000,2C4,false,Rx,0,8,03,08,00,00,DA,02,00,00
297348000,2C5,false,Rx,0,8,00,00,00,00,00,00,00,00
297348000,2C6,false,Rx,0,8,F4,01,84,03,00,00,00,00
297369000,54,false,Rx,0,8,00,00,FE,FF,FE,FF,00,00
297369000,55,false,Rx,0,8,10,27,00,00,00,00,00,00
297370000,56,false,Rx,0,8,10,27,00,00,00,00,00,00
297380000,57,false,Rx,0,8,00,00,FE,FF,FE,FF,00,00
297409000,625,false,Rx,0,8,25,10,11,43,FD,BB,E4,01
297509000,625,false,Rx,0,8,25,10,11,43,FD,BB,E4,01
297547000,2C4,false,Rx,0,8,03,08,00,00,DC,02,00,00
297548000,2C5,false,Rx,0,8,00,00,00,00,00,00,00,00
297548000,2C6,false,Rx,0,8,F4,01,84,03,00,00,00,00
297569000,54,false,Rx,0,8,00,00,FE,FF,FE,FF,00,00
297569000,55,false,Rx,0,8,10,27,00,00,00,00,00,00
297570000,56,false,Rx,0,8,10,27,00,00,00,00,00,00
297580000,57,false,Rx,0,8,00,00,FE,FF,FE,FF,00,00
297609000,625,false,Rx,0,8,25,10,11,43,FD,BB,E4,01
297709000,625,false,Rx,0,8,25,10,11,43,FD,BB,E4,01
297747000,2C4,false,Rx,0,8,03,08,00,00,DC,02,00,00
297748000,2C5,false,Rx,0,8,00,00,00,00,00,00,00,00
297748000,2C6,false,Rx,0,8,F4,01,84,03,00,00,00,00
297769000,54,false,Rx,0,8,00,00,FE,FF,FE,FF,00,00
297769000,55,false,Rx,0,8,10,27,00,00,00,00,00,00
297769000,56,false,Rx,0,8,10,27,00,00,00,00,00,00
297780000,57,false,Rx,0,8,00,00,FE,FF,FE,FF,00,00
297809000,625,false,Rx,0,8,25,10,11,43,FD,BB,E4,01
297909000,625,false,Rx,0,8,25,10,11,43,FD,BB,E4,01
297947000,2C4,false,Rx,0,8,03,08,00,00,DA,02,00,00
297948000,2C5,false,Rx,0,8,00,00,00,00,00,00,00,00
297948000,2C6,false,Rx,0,8,F4,01,84,03,00,00,00,00
297969000,54,false,Rx,0,8,00,00,FE,FF,FE,FF,00,00
297969000,55,false,Rx,0,8,10,27,00,00,00,00,00,00
297969000,56,false,Rx,0,8,10,27,00,00,00,00,00,00
297980000,57,false,Rx,0,8,00,00,FE,FF,FE,FF,00,00
298009000,625,false,Rx,0,8,25,10,11,43,FD,BB,E4,01
298109000,625,false,Rx,0,8,25,10,11,43,FD,BB,E4,01
298147000,2C4,false,Rx,0,8,03,08,00,00,DA,02,00,00
298148000,2C5,false,Rx,0,8,00,00,00,00,00,00,00,00
298148000,2C6,false,Rx,0,8,F4,01,84,03,00,00,00,00
298169000,54,false,Rx,0,8,00,00,FE,FF,FE,FF,00,00
298169000,55,false,Rx,0,8,10,27,00,00,00,00,00,00
298169000,56,false,Rx,0,8,10,27,00,00,00,00,00,00
298180000,57,false,Rx,0,8,00,00,FE,FF,FE,FF,00,00
298209000,625,false,Rx,0,8,25,10,11,43,FD,BB,E4,01
298309000,625,false,Rx,0,8,25,10,11,43,FD,BB,E4,01
298347000,2C4,false,Rx,0,8,03,08,00,00,DC,02,00,00
298348000,2C5,false,Rx,0,8,00,00,00,00,00,00,00,00
298348000,2C6,false,Rx,0,8,F4,01,84,03,00,00,00,00
298369000,54,false,Rx,0,8,00,00,FE,FF,FE,FF,00,00
298369000,55,false,Rx,0,8,10,27,00,00,00,00,00,00
298369000,56,false,Rx,0,8,10,27,00,00,00,00,00,00
298380000,57,false,Rx,0,8,00,00,FE,FF,FE,FF,00,00
298409000,625,false,Rx,0,8,25,10,11,43,FD,BB,E4,01
298509000,625,false,Rx,0,8,25,10,11,43,FD,BB,E4,01
298547000,2C4,false,Rx,0,8,03,08,00,00,DC,02,00,00
298548000,2C5,false,Rx,0,8,00,00,00,00,00,00,00,00
298548000,2C6,false,Rx,0,8,F4,01,84,03,00,00,00,00
298569000,54,false,Rx,0,8,00,00,FE,FF,FE,FF,00,00
298569000,55,false,Rx,0,8,10,27,00,00,00,00,00,00
298569000,56,false,Rx,0,8,10,27,00,00,00,00,00,00
298580000,57,false,Rx,0,8,00,00,FE,FF,FE,FF,00,00
298609000,625,false,Rx,0,8,25,10,11,43,FD,BB,E4,01
298709000,625,false,Rx,0,8,25,10,11,43,FD,BB,E4,01
298747000,2C4,false,Rx,0,8,03,08,00,00,DC,02,00,00
298747000,2C5,false,Rx,0,8,00,00,00,00,00,00,00,00
298748000,2C6,false,Rx,0,8,F4,01,84,03,00,00,00,00
298769000,54,false,Rx,0,8,00,00,FE,FF,FE,FF,00,00
298769000,55,false,Rx,0,8,10,27,00,00,00,00,00,00
298769000,56,false,Rx,0,8,10,27,00,00,00,00,00,00
298780000,57,false,Rx,0,8,00,00,FE,FF,FE,FF,00,00
298809000,625,false,Rx,0,8,25,10,11,43,FD,BB,E4,01
298909000,625,false,Rx,0,8,25,10,11,43,FD,BB,E4,01
298947000,2C4,false,Rx,0,8,03,08,00,00,DA,02,00,00
298947000,2C5,false,Rx,0,8,00,00,00,00,00,00,00,00
298948000,2C6,false,Rx,0,8,F4,01,84,03,00,00,00,00
298969000,54,false,Rx,0,8,00,00,FE,FF,FE,FF,00,00
298969000,55,false,Rx,0,8,10,27,00,00,00,00,00,00
298969000,56,false,Rx,0,8,10,27,00,00,00,00,00,00
298980000,57,false,Rx,0,8,00,00,FE,FF,FE,FF,00,00
299009000,625,false,Rx,0,8,25,10,11,43,FD,BB,E4,01
299109000,625,false,Rx,0,8,25,10,11,43,FD,BB,E4,01
299147000,2C4,false,Rx,0,8,03,08,00,00,DA,02,00,00
299147000,2C5,false,Rx,0,8,00,00,00,00,00,00,00,00
299148000,2C6,false,Rx,0,8,F4,01,84,03,00,00,00,00
299169000,54,false,Rx,0,8,00,00,FE,FF,FE,FF,00,00
299169000,55,false,Rx,0,8,10,27,00,00,00,00,00,00
299169000,56,false,Rx,0,8,10,27,00,00,00,00,00,00
299180000,57,false,Rx,0,8,00,00,FE,FF,FE,FF,00,00
299209000,625,false,Rx,0,8,25,10,11,43,FD,BB,E4,01
299309000,625,false,Rx,0,8,25,10,11,43,FD,BB,E4,01
299347000,2C4,false,Rx,0,8,03,08,00,00,DC,02,00,00
299347000,2C5,false,Rx,0,8,00,00,00,00,00,00,00,00
299348000,2C6,false,Rx,0,8,F4,01,84,03,00,00,00,00
299369000,54,false,Rx,0,8,00,00,FE,FF,FE,FF,00,00
299369000,55,false,Rx,0,8,10,27,00,00,00,00,00,00
299369000,56,false,Rx,0,8,10,27,00,00,00,00,00,00
299380000,57,false,Rx,0,8,00,00,FE,FF,FE,FF,00,00
299409000,625,false,Rx,0,8,25,10,11,43,FD,BB,E4,01
299509000,625,false,Rx,0,8,25,10,11,43,FD,BB,E4,01
299547000,2C4,false,Rx,0,8,03,08,00,00,DC,02,00,00
299547000,2C5,false,Rx,0,8,00,00,00,00,00,00,00,00
299548000,2C6,false,Rx,0,8,F4,01,84,03,00,00,00,00
299569000,54,false,Rx,0,8,00,00,FE,FF,FE,FF,00,00
299569000,55,false,Rx,0,8,10,27,00,00,00,00,00,00
299569000,56,false,Rx,0,8,10,27,00,00,00,00,00,00
299580000,57,false,Rx,0,8,00,00,FE,FF,FE,FF,00,00
299609000,625,false,Rx,0,8,25,10,11,43,FD,BB,E4,01
299709000,625,false,Rx,0,8,25,10,11,43,FD,BB,E4,01
299747000,2C4,false,Rx,0,8,03,08,00,00,DA,02,00,00
299747000,2C5,false,Rx,0,8,00,00,00,00,00,00,00,00
299748000,2C6,false,Rx,0,8,F4,01,84,03,00,00,00,00
299769000,54,false,Rx,0,8,00,00,FE,FF,FE,FF,00,00
299769000,55,false,Rx,0,8,10,27,00,00,00,00,00,00
299769000,56,false,Rx,0,8,10,27,00,00,00,00,00,00
299780000,57,false,Rx,0,8,00,00,FE,FF,FE,FF,00,00
299809000,625,false,Rx,0,8,25,10,11,43,FD,BB,E4,01
