Time Stamp,ID,Extended,Dir,Bus,LEN,D1,D2,D3,D4,D5,D6,D7,D8
3630000,625,false,Rx,0,8,25,10,10,43,FD,BB,E4,01
3637000,2C4,false,Rx,0,8,03,00,00,00,F4,01,00,00
3637000,2C5,false,Rx,0,8,00,00,00,00,00,00,00,00
3648000,2C6,false,Rx,0,8,F4,01,84,03,00,00,00,00
3650000,60D,false,Rx,0,8,0D,10,DE,23,02,20,70,00
3661000,54,false,Rx,0,8,00,00,FE,FF,FE,FF,00,00
3661000,55,false,Rx,0,8,10,27,00,00,00,00,00,00
3662000,56,false,Rx,0,8,10,27,00,00,00,00,00,00
3672000,57,false,Rx,0,8,00,00,FE,FF,FE,FF,00,00
3712000,65,false,Rx,0,8,5C,03,01,00,00,00,00,00
3730000,625,false,Rx,0,8,25,00,10,43,FD,BB,E4,01
3751000,60D,false,Rx,0,8,0D,10,DE,23,02,20,70,00
4240000,625,false,Rx,0,8,25,10,10,43,FD,BB,E4,01
4247000,2C4,false,Rx,0,8,03,00,00,00,F4,01,00,00
4247000,2C5,false,Rx,0,8,00,00,00,00,00,00,00,00
4247000,2C6,false,Rx,0,8,F4,01,84,03,00,00,00,00
4267000,60D,false,Rx,0,8,0D,10,DE,23,02,20,70,00
4277000,54,false,Rx,0,8,00,00,FE,FF,FE,FF,00,00
4277000,55,false,Rx,0,8,10,27,00,00,00,00,00,00
4277000,56,false,Rx,0,8,10,27,00,00,00,00,00,00
4288000,57,false,Rx,0,8,00,00,FE,FF,FE,FF,00,00
4317000,65,false,Rx,0,8,5C,03,01,00,00,00,00,00
4340000,625,false,Rx,0,8,25,00,10,43,FD,BB,E4,01
4367000,60D,false,Rx,0,8,0D,10,DE,23,02,20,70,00
4440000,625,false,Rx,0,8,25,00,11,43,FD,BB,E4,01
4447000,2C4,false,Rx,0,8,03,00,00,00,F4,01,00,00
4447000,2C5,false,Rx,0,8,00,00,00,00,00,00,00,00
4447000,2C6,false,Rx,0,8,F4,01,84,03,00,00,00,00
4467000,65,false,Rx,0,8,5C,03,01,00,00,00,00,00
4467000,60D,false,Rx,0,8,0D,10,DE,23,02,20,70,00
4476000,54,false,Rx,0,8,00,00,FE,FF,FE,FF,00,00
4477000,55,false,Rx,0,8,10,27,00,00,00,00,00,00
4477000,56,false,Rx,0,8,10,27,00,00,00,00,00,00
4488000,57,false,Rx,0,8,00,00,FE,FF,FE,FF,00,00
4540000,625,false,Rx,0,8,25,00,11,43,FD,BB,E4,01
4567000,60D,false,Rx,0,8,0D,10,DE,23,02,20,70,00
4616000,65,false,Rx,0,8,5C,03,01,00,00,00,00,00
4640000,625,false,Rx,0,8,25,00,11,43,FD,BB,E4,01
4646000,2C4,false,Rx,0,8,03,00,00,00,F4,01,00,00
4647000,2C5,false,Rx,0,8,00,00,00,00,00,00,00,00
4647000,2C6,false,Rx,0,8,F4,01,84,03,00,00,00,00
4667000,60D,false,Rx,0,8,0D,10,DE,23,02,20,70,00
4676000,54,false,Rx,0,8,00,00,FE,FF,FE,FF,00,00
4677000,55,false,Rx,0,8,10,27,00,00,00,00,00,00
4677000,56,false,Rx,0,8,10,27,00,00,00,00,00,00
4687000,57,false,Rx,0,8,00,00,FE,FF,FE,FF,00,00
4740000,625,false,Rx,0,8,25,00,11,43,FD,BB,E4,01
4766000,65,false,Rx,0,8,5C,03,01,00,00,00,00,00
4767000,60D,false,Rx,0,8,0D,10,DE,23,02,20,70,00
4840000,625,false,Rx,0,8,25,00,11,43,FD,BB,E4,01
4846000,2C4,false,Rx,0,8,03,00,00,00,F4,01,00,00
4846000,2C5,false,Rx,0,8,00,00,00,00,00,00,00,00
4847000,2C6,false,Rx,0,8,F4,01,84,03,00,00,00,00
4867000,60D,false,Rx,0,8,0D,10,DE,23,02,20,70,00
4876000,54,false,Rx,0,8,00,00,FE,FF,FE,FF,00,00
4877000,55,false,Rx,0,8,10,27,00,00,00,00,00,00
4877000,56,false,Rx,0,8,10,27,00,00,00,00,00,00
4887000,57,false,Rx,0,8,00,00,FE,FF,FE,FF,00,00
4940000,625,false,Rx,0,8,25,00,11,43,FD,BB,E4,01
4966000,60D,false,Rx,0,8,0D,10,DE,23,02,20,70,00
5040000,625,false,Rx,0,8,25,00,11,43,FD,BB,E4,01
5046000,2C4,false,Rx,0,8,03,00,00,00,90,03,00,00
5046000,2C5,false,Rx,0,8,00,00,00,00,00,00,00,00
5047000,2C6,false,Rx,0,8,F4,01,84,03,00,00,00,00
5067000,60D,false,Rx,0,8,0D,10,DE,23,02,20,70,00
5076000,54,false,Rx,0,8,00,00,FE,FF,FE,FF,00,00
5077000,55,false,Rx,0,8,10,27,00,00,00,00,00,00
5077000,56,false,Rx,0,8,10,27,00,00,00,00,00,00
5087000,57,false,Rx,0,8,00,00,FE,FF,FE,FF,00,00
5140000,625,false,Rx,0,8,25,00,11,43,FD,BB,E4,01
5166000,60D,false,Rx,0,8,0D,10,DE,23,02,20,70,00
5240000,625,false,Rx,0,8,25,00,11,43,FD,BB,E4,01
5246000,2C4,false,Rx,0,8,03,00,00,00,90,03,00,00
5246000,2C5,false,Rx,0,8,00,00,00,00,00,00,00,00
5247000,2C6,false,Rx,0,8,F4,01,84,03,00,00,00,00
5266000,60D,false,Rx,0,8,0D,10,DE,23,02,20,70,00
5276000,54,false,Rx,0,8,00,00,FE,FF,FE,FF,00,00
5277000,55,false,Rx,0,8,10,27,00,00,00,00,00,00
5277000,56,false,Rx,0,8,10,27,00,00,00,00,00,00
5287000,57,false,Rx,0,8,00,00,FE,FF,FE,FF,00,00
5340000,625,false,Rx,0,8,25,00,11,43,FD,BB,E4,01
5366000,60D,false,Rx,0,8,0D,10,DE,23,02,20,70,00
5440000,625,false,Rx,0,8,25,00,11,43,FD,BB,E4,01
5446000,2C4,false,Rx,0,8,03,00,00,00,90,03,00,00
5446000,2C5,false,Rx,0,8,00,00,00,00,00,00,00,00
5447000,2C6,false,Rx,0,8,F4,01,84,03,00,00,00,00
5467000,60D,false,Rx,0,8,0D,10,DE,23,02,20,70,00
5476000,54,false,Rx,0,8,00,00,FE,FF,FE,FF,00,00
5477000,55,false,Rx,0,8,10,27,00,00,00,00,00,00
5477000,56,false,Rx,0,8,10,27,00,00,00,00,00,00
5487000,57,false,Rx,0,8,00,00,FE,FF,FE,FF,00,00
5540000,625,false,Rx,0,8,25,00,11,43,FD,BB,E4,01
5566000,60D,false,Rx,0,8,0D,10,DE,23,02,20,70,00
5640000,625,false,Rx,0,8,25,00,11,43,FD,BB,E4,01
5646000,2C4,false,Rx,0,8,03,00,00,00,90,03,00,00
5646000,2C5,false,Rx,0,8,00,00,00,00,00,00,00,00
5647000,2C6,false,Rx,0,8,F4,01,84,03,00,00,00,00
5666000,60D,false,Rx,0,8,0D,10,DE,23,02,20,70,00
5676000,54,false,Rx,0,8,00,00,FE,FF,FE,FF,00,00
5677000,55,false,Rx,0,8,10,27,00,00,00,00,00,00
5677000,56,false,Rx,0,8,10,27,00,00,00,00,00,00
5687000,57,false,Rx,0,8,00,00,FE,FF,FE,FF,00,00
5740000,625,false,Rx,0,8,25,00,11,43,FD,BB,E4,01
5766000,60D,false,Rx,0,8,0D,10,DE,23,02,20,70,00
5840000,625,false,Rx,0,8,25,00,11,43,FD,BB,E4,01
5846000,2C4,false,Rx,0,8,03,00,00,00,90,03,00,00
5846000,2C5,false,Rx,0,8,00,00,00,00,00,00,00,00
5847000,2C6,false,Rx,0,8,F4,01,84,03,00,00,00,00
5866000,60D,false,Rx,0,8,0D,10,DE,23,02,20,70,00
5876000,54,false,Rx,0,8,00,00,FE,FF,FE,FF,00,00
5877000,55,false,Rx,0,8,10,27,00,00,00,00,00,00
5877000,56,false,Rx,0,8,10,27,00,00,00,00,00,00
5887000,57,false,Rx,0,8,00,00,FE,FF,FE,FF,00,00
5940000,625,false,Rx,0,8,25,00,11,43,FD,BB,E4,01
5966000,60D,false,Rx,0,8,0D,10,DE,23,02,20,70,00
6040000,625,false,Rx,0,8,25,00,11,43,FD,BB,E4,01
6046000,2C4,false,Rx,0,8,03,00,00,00,90,03,00,00
6046000,2C5,false,Rx,0,8,00,00,00,00,00,00,00,00
6047000,2C6,false,Rx,0,8,F4,01,84,03,00,00,00,00
6066000,60D,false,Rx,0,8,0D,10,DE,23,02,20,70,00
6076000,54,false,Rx,0,8,00,00,FE,FF,FE,FF,00,00
6077000,55,false,Rx,0,8,10,27,00,00,00,00,00,00
6077000,56,false,Rx,0,8,10,27,00,00,00,00,00,00
6087000,57,false,Rx,0,8,00,00,FE,FF,FE,FF,00,00
6140000,625,false,Rx,0,8,25,00,11,43,FD,BB,E4,01
6166000,60D,false,Rx,0,8,0D,10,DE,23,02,20,70,00
6207000,5C,false,Rx,0,8,1E,00,1E,00,00,00,00,00
6207000,5D,false,Rx,0,8,00,00,00,00,00,00,FE,FF
6207000,5E,false,Rx,0,8,00,00,00,00,00,00,00,00
6218000,5F,false,Rx,0,8,1E,00,1E,00,00,00,00,00
6218000,60,false,Rx,0,8,00,00,00,00,00,00,FE,FF
6228000,61,false,Rx,0,8,00,00,00,00,00,00,00,00
6228000,62,false,Rx,0,8,12,00,00,00,00,00,00,F0
6239000,63,false,Rx,0,8,32,01,01,00,00,00,00,00
6249000,625,false,Rx,0,8,25,00,11,43,FD,BB,E4,01
6249000,2C4,false,Rx,0,8,03,00,00,00,90,03,00,00
6249000,2C5,false,Rx,0,8,00,00,00,00,00,00,00,00
6260000,2C6,false,Rx,0,8,F4,01,84,03,00,00,00,00
6266000,60D,false,Rx,0,8,0D,10,DE,23,02,20,70,00
6276000,54,false,Rx,0,8,00,00,FE,FF,FE,FF,00,00
6277000,55,false,Rx,0,8,10,27,00,00,00,00,00,00
6277000,56,false,Rx,0,8,10,27,00,00,00,00,00,00
6287000,57,false,Rx,0,8,00,00,FE,FF,FE,FF,00,00
6340000,625,false,Rx,0,8,25,00,11,43,FD,BB,E4,01
6356000,5C,false,Rx,0,8,1E,00,1E,00,00,00,00,00
6357000,5D,false,Rx,0,8,00,00,00,00,00,00,FE,FF
6357000,5E,false,Rx,0,8,00,00,00,00,00,00,00,00
6367000,5F,false,Rx,0,8,1E,00,1E,00,00,00,00,00
6367000,60,false,Rx,0,8,00,00,00,00,00,00,FE,FF
6378000,61,false,Rx,0,8,00,00,00,00,00,00,00,00
6378000,62,false,Rx,0,8,12,00,00,00,00,00,00,F0
6388000,63,false,Rx,0,8,32,01,01,00,00,00,00,00
6440000,625,false,Rx,0,8,25,00,11,43,FD,BB,E4,01
6446000,2C4,false,Rx,0,8,03,00,00,00,90,03,00,00
6446000,2C5,false,Rx,0,8,00,00,00,00,00,00,00,00
6447000,2C6,false,Rx,0,8,F4,01,84,03,00,00,00,00
6466000,60D,false,Rx,0,8,0D,10,DE,23,02,20,70,00
6476000,54,false,Rx,0,8,00,00,FE,FF,FE,FF,00,00
6477000,55,false,Rx,0,8,10,27,00,00,00,00,00,00
6477000,56,false,Rx,0,8,10,27,00,00,00,00,00,00
6487000,57,false,Rx,0,8,00,00,FE,FF,FE,FF,00,00
6506000,5C,false,Rx,0,8,1E,00,1E,00,00,00,00,00
6507000,5D,false,Rx,0,8,00,00,00,00,00,00,FE,FF
6507000,5E,false,Rx,0,8,00,00,00,00,00,00,00,00
6517000,5F,false,Rx,0,8,1E,00,1E,00,00,00,00,00
6517000,60,false,Rx,0,8,00,00,00,00,00,00,FE,FF
6528000,61,false,Rx,0,8,00,00,00,00,00,00,00,00
6528000,62,false,Rx,0,8,12,00,00,00,00,00,00,F0
6538000,63,false,Rx,0,8,32,01,01,00,00,00,00,00
6549000,625,false,Rx,0,8,25,00,11,43,FD,BB,E4,01
6567000,60D,false,Rx,0,8,0D,10,DE,23,02,20,70,00
6640000,625,false,Rx,0,8,25,00,11,43,FD,BB,E4,01
6646000,2C4,false,Rx,0,8,03,00,00,00,90,03,00,00
6646000,2C5,false,Rx,0,8,00,00,00,00,00,00,00,00
6647000,2C6,false,Rx,0,8,F4,01,84,03,00,00,00,00
6657000,5C,false,Rx,0,8,1E,00,1E,00,00,00,00,00
6657000,5D,false,Rx,0,8,00,00,00,00,00,00,FE,FF
6668000,5E,false,Rx,0,8,00,00,00,00,00,00,00,00
6668000,5F,false,Rx,0,8,1E,00,1E,00,00,00,00,00
6678000,60,false,Rx,0,8,00,00,00,00,00,00,FE,FF
6678000,61,false,Rx,0,8,00,00,00,00,00,00,00,00
6678000,62,false,Rx,0,8,12,00,00,00,00,00,00,F0
6689000,54,false,Rx,0,8,00,00,FE,FF,FE,FF,00,00
6689000,55,false,Rx,0,8,10,27,00,00,00,00,00,00
6740000,625,false,Rx,0,8,25,00,11,43,FD,BB,E4,01
6767000,60D,false,Rx,0,8,0D,10,DE,23,02,20,70,00
6840000,625,false,Rx,0,8,25,00,11,43,FD,BB,E4,01
6846000,2C4,false,Rx,0,8,03,00,00,00,90,03,00,00
6846000,2C5,false,Rx,0,8,00,00,00,00,00,00,00,00
6847000,2C6,false,Rx,0,8,F4,01,84,03,00,00,00,00
6866000,60D,false,Rx,0,8,0D,10,DE,23,02,20,70,00
6876000,54,false,Rx,0,8,00,00,FE,FF,FE,FF,00,00
6877000,55,false,Rx,0,8,10,27,00,00,00,00,00,00
6877000,56,false,Rx,0,8,10,27,00,00,00,00,00,00
6887000,57,false,Rx,0,8,00,00,FE,FF,FE,FF,00,00
6940000,625,false,Rx,0,8,25,00,11,43,FD,BB,E4,01
6967000,60D,false,Rx,0,8,0D,10,DE,23,02,20,70,00
7040000,625,false,Rx,0,8,25,00,11,43,FD,BB,E4,01
7046000,2C4,false,Rx,0,8,03,00,00,00,90,03,00,00
7046000,2C5,false,Rx,0,8,00,00,00,00,00,00,00,00
7047000,2C6,false,Rx,0,8,F4,01,84,03,00,00,00,00
7066000,60D,false,Rx,0,8,0D,10,DE,23,02,20,70,00
7076000,54,false,Rx,0,8,00,00,FE,FF,FE,FF,00,00
7077000,55,false,Rx,0,8,10,27,00,00,00,00,00,00
7077000,56,false,Rx,0,8,10,27,00,00,00,00,00,00
7087000,57,false,Rx,0,8,00,00,FE,FF,FE,FF,00,00
7140000,625,false,Rx,0,8,25,00,11,43,FD,BB,E4,01
7167000,60D,false,Rx,0,8,0D,10,DE,23,02,20,70,00
7240000,625,false,Rx,0,8,25,00,11,43,FD,BB,E4,01
7246000,2C4,false,Rx,0,8,03,00,00,00,90,03,00,00
7246000,2C5,false,Rx,0,8,00,00,00,00,00,00,00,00
7247000,2C6,false,Rx,0,8,F4,01,84,03,00,00,00,00
7266000,60D,false,Rx,0,8,0D,10,DE,23,02,20,70,00
7276000,54,false,Rx,0,8,00,00,FE,FF,FE,FF,00,00
7277000,55,false,Rx,0,8,10,27,00,00,00,00,00,00
7277000,56,false,Rx,0,8,10,27,00,00,00,00,00,00
7287000,57,false,Rx,0,8,00,00,FE,FF,FE,FF,00,00
7340000,625,false,Rx,0,8,25,00,11,43,FD,BB,E4,01
7366000,60D,false,Rx,0,8,0D,10,DE,23,02,20,70,00
7440000,625,false,Rx,0,8,25,00,11,43,FD,BB,E4,01
7446000,2C4,false,Rx,0,8,03,00,00,00,90,03,00,00
7446000,2C5,false,Rx,0,8,00,00,00,00,00,00,00,00
7447000,2C6,false,Rx,0,8,F4,01,84,03,00,00,00,00
7467000,60D,false,Rx,0,8,0D,10,DE,23,02,20,70,00
7476000,54,false,Rx,0,8,00,00,FE,FF,FE,FF,00,00
7477000,55,false,Rx,0,8,10,27,00,00,00,00,00,00
7477000,56,false,Rx,0,8,10,27,00,00,00,00,00,00
7487000,57,false,Rx,0,8,00,00,FE,FF,FE,FF,00,00
7540000,625,false,Rx,0,8,25,00,11,43,FD,BB,E4,01
7566000,60D,false,Rx,0,8,0D,10,DE,23,02,20,70,00
7640000,625,false,Rx,0,8,25,00,11,43,FD,BB,E4,01
7646000,2C4,false,Rx,0,8,03,00,00,00,90,03,00,00
7646000,2C5,false,Rx,0,8,00,00,00,00,00,00,00,00
7647000,2C6,false,Rx,0,8,F4,01,84,03,00,00,00,00
7667000,60D,false,Rx,0,8,0D,10,DE,23,02,20,70,00
7676000,54,false,Rx,0,8,00,00,FE,FF,FE,FF,00,00
7677000,55,false,Rx,0,8,10,27,00,00,00,00,00,00
7677000,56,false,Rx,0,8,10,27,00,00,00,00,00,00
7687000,57,false,Rx,0,8,00,00,FE,FF,FE,FF,00,00
7740000,625,false,Rx,0,8,25,00,11,43,FD,BB,E4,01
7766000,60D,false,Rx,0,8,0D,10,DE,23,02,20,70,00
7840000,625,false,Rx,0,8,25,00,11,43,FD,BB,E4,01
7846000,2C4,false,Rx,0,8,03,00,00,00,90,03,00,00
7846000,2C5,false,Rx,0,8,00,00,00,00,00,00,00,00
7847000,2C6,false,Rx,0,8,F4,01,84,03,00,00,00,00
7866000,60D,false,Rx,0,8,0D,10,DE,23,02,20,70,00
7876000,54,false,Rx,0,8,00,00,FE,FF,FE,FF,00,00
7877000,55,false,Rx,0,8,10,27,00,00,00,00,00,00
7877000,56,false,Rx,0,8,10,27,00,00,00,00,00,00
7887000,57,false,Rx,0,8,00,00,FE,FF,FE,FF,00,00
7940000,625,false,Rx,0,8,25,00,11,43,FD,BB,E4,01
7967000,60D,false,Rx,0,8,0D,10,DE,23,02,20,70,00
8040000,625,false,Rx,0,8,25,00,11,43,FD,BB,E4,01
8046000,2C4,false,Rx,0,8,03,00,00,00,90,03,00,00
8046000,2C5,false,Rx,0,8,00,00,00,00,00,00,00,00
8047000,2C6,false,Rx,0,8,F4,01,84,03,00,00,00,00
8066000,60D,false,Rx,0,8,0D,10,DE,23,02,20,70,00
8076000,54,false,Rx,0,8,00,00,FE,FF,FE,FF,00,00
8077000,55,false,Rx,0,8,10,27,00,00,00,00,00,00
8077000,56,false,Rx,0,8,10,27,00,00,00,00,00,00
8087000,57,false,Rx,0,8,00,00,FE,FF,FE,FF,00,00
8140000,625,false,Rx,0,8,25,00,11,43,FD,BB,E4,01
8167000,60D,false,Rx,0,8,0D,10,DE,23,02,20,70,00
8240000,625,false,Rx,0,8,25,00,11,43,FD,BB,E4,01
8246000,2C4,false,Rx,0,8,03,00,00,00,90,03,00,00
8246000,2C5,false,Rx,0,8,00,00,00,00,00,00,00,00
8247000,2C6,false,Rx,0,8,F4,01,84,03,00,00,00,00
8266000,60D,false,Rx,0,8,0D,10,DE,23,02,20,70,00
8276000,54,false,Rx,0,8,00,00,FE,FF,FE,FF,00,00
8277000,55,false,Rx,0,8,10,27,00,00,00,00,00,00
8277000,56,false,Rx,0,8,10,27,00,00,00,00,00,00
8287000,57,false,Rx,0,8,00,00,FE,FF,FE,FF,00,00
8287000,60D,false,Rx,0,8,0D,11,DE,23,02,20,70,00
8320000,625,false,Rx,0,8,25,00,11,43,FD,BB,E4,01
8376000,60D,false,Rx,0,8,0D,11,DE,23,02,20,70,00
8420000,625,false,Rx,0,8,25,00,11,43,FD,BB,E4,01
8446000,2C4,false,Rx,0,8,03,00,00,00,90,03,00,00
8446000,2C5,false,Rx,0,8,00,00,00,00,00,00,00,00
8447000,2C6,false,Rx,0,8,F4,01,84,03,00,00,00,00
8476000,54,false,Rx,0,8,00,00,FE,FF,FE,FF,00,00
8477000,55,false,Rx,0,8,10,27,00,00,00,00,00,00
8477000,56,false,Rx,0,8,10,27,00,00,00,00,00,00
8487000,57,false,Rx,0,8,00,00,FE,FF,FE,FF,00,00
8487000,60D,false,Rx,0,8,0D,11,DE,23,02,20,70,00
8520000,625,false,Rx,0,8,25,00,11,43,FD,BB,E4,01
8576000,60D,false,Rx,0,8,0D,11,DE,23,02,20,70,00
8620000,625,false,Rx,0,8,25,00,11,43,FD,BB,E4,01
8646000,2C4,false,Rx,0,8,03,00,00,00,90,03,00,00
8646000,2C5,false,Rx,0,8,00,00,00,00,00,00,00,00
8647000,2C6,false,Rx,0,8,F4,01,84,03,00,00,00,00
8676000,54,false,Rx,0,8,00,00,FE,FF,FE,FF,00,00
8677000,55,false,Rx,0,8,10,27,00,00,00,00,00,00
8677000,56,false,Rx,0,8,10,27,00,00,00,00,00,00
8687000,57,false,Rx,0,8,00,00,FE,FF,FE,FF,00,00
8687000,60D,false,Rx,0,8,0D,11,DE,23,02,20,70,00
8720000,625,false,Rx,0,8,25,00,11,43,FD,BB,E4,01
8776000,60D,false,Rx,0,8,0D,11,DE,23,02,20,70,00
8820000,625,false,Rx,0,8,25,00,11,43,FD,BB,E4,01
8846000,2C4,false,Rx,0,8,03,00,00,00,90,03,00,00
8846000,2C5,false,Rx,0,8,00,00,00,00,00,00,00,00
8847000,2C6,false,Rx,0,8,F4,01,84,03,00,00,00,00
8876000,54,false,Rx,0,8,00,00,FE,FF,FE,FF,00,00
8877000,55,false,Rx,0,8,10,27,00,00,00,00,00,00
8877000,56,false,Rx,0,8,10,27,00,00,00,00,00,00
8887000,57,false,Rx,0,8,00,00,FE,FF,FE,FF,00,00
8887000,60D,false,Rx,0,8,0D,11,DE,23,02,20,70,00
8920000,625,false,Rx,0,8,25,00,11,43,FD,BB,E4,01
8976000,60D,false,Rx,0,8,0D,11,DE,23,02,20,70,00
9020000,625,false,Rx,0,8,25,00,11,43,FD,BB,E4,01
9046000,2C4,false,Rx,0,8,03,00,00,00,90,03,00,00
9046000,2C5,false,Rx,0,8,00,00,00,00,00,00,00,00
9047000,2C6,false,Rx,0,8,F4,01,84,03,00,00,00,00
9076000,54,false,Rx,0,8,00,00,FE,FF,FE,FF,00,00
9077000,55,false,Rx,0,8,10,27,00,00,00,00,00,00
9077000,56,false,Rx,0,8,10,27,00,00,00,00,00,00
9087000,57,false,Rx,0,8,00,00,FE,FF,FE,FF,00,00
9087000,60D,false,Rx,0,8,0D,11,DE,23,02,20,70,00
9120000,625,false,Rx,0,8,25,00,11,43,FD,BB,E4,01
9176000,60D,false,Rx,0,8,0D,11,DE,23,02,20,70,00
9220000,625,false,Rx,0,8,25,00,11,43,FD,BB,E4,01
9246000,2C4,false,Rx,0,8,03,00,00,00,90,03,00,00
9246000,2C5,false,Rx,0,8,00,00,00,00,00,00,00,00
9247000,2C6,false,Rx,0,8,F4,01,84,03,00,00,00,00
9276000,54,false,Rx,0,8,00,00,FE,FF,FE,FF,00,00
9277000,55,false,Rx,0,8,10,27,00,00,00,00,00,00
9277000,56,false,Rx,0,8,10,27,00,00,00,00,00,00
9287000,57,false,Rx,0,8,00,00,FE,FF,FE,FF,00,00
9288000,60D,false,Rx,0,8,0D,11,DE,23,02,20,70,00
9320000,625,false,Rx,0,8,25,00,11,43,FD,BB,E4,01
9377000,60D,false,Rx,0,8,0D,11,DE,23,02,20,70,00
9420000,625,false,Rx,0,8,25,00,11,43,FD,BB,E4,01
9446000,2C4,false,Rx,0,8,03,00,00,00,90,03,00,00
9446000,2C5,false,Rx,0,8,00,00,00,00,00,00,00,00
9447000,2C6,false,Rx,0,8,F4,01,84,03,00,00,00,00
9476000,54,false,Rx,0,8,00,00,FE,FF,FE,FF,00,00
9477000,55,false,Rx,0,8,10,27,00,00,00,00,00,00
9477000,56,false,Rx,0,8,10,27,00,00,00,00,00,00
9487000,57,false,Rx,0,8,00,00,FE,FF,FE,FF,00,00
9487000,60D,false,Rx,0,8,0D,11,DE,23,02,20,70,00
9520000,625,false,Rx,0,8,25,00,11,43,FD,BB,E4,01
9576000,60D,false,Rx,0,8,0D,11,DE,23,02,20,70,00
9620000,625,false,Rx,0,8,25,00,11,43,FD,BB,E4,01
9646000,2C4,false,Rx,0,8,03,00,00,00,90,03,00,00
9646000,2C5,false,Rx,0,8,00,00,00,00,00,00,00,00
9646000,2C6,false,Rx,0,8,F4,01,84,03,00,00,00,00
9676000,54,false,Rx,0,8,00,00,FE,FF,FE,FF,00,00
9677000,55,false,Rx,0,8,10,27,00,00,00,00,00,00
9677000,56,false,Rx,0,8,10,27,00,00,00,00,00,00
9687000,57,false,Rx,0,8,00,00,FE,FF,FE,FF,00,00
9687000,60D,false,Rx,0,8,0D,11,DE,23,02,20,70,00
9720000,625,false,Rx,0,8,25,00,11,43,FD,BB,E4,01
9776000,60D,false,Rx,0,8,0D,11,DE,23,02,20,70,00
9820000,625,false,Rx,0,8,25,00,11,43,FD,BB,E4,01
9846000,2C4,false,Rx,0,8,03,00,00,00,90,03,00,00
9846000,2C5,false,Rx,0,8,00,00,00,00,00,00,00,00
9846000,2C6,false,Rx,0,8,F4,01,84,03,00,00,00,00
9876000,54,false,Rx,0,8,00,00,FE,FF,FE,FF,00,00
9877000,55,false,Rx,0,8,10,27,00,00,00,00,00,00
9877000,56,false,Rx,0,8,10,27,00,00,00,00,00,00
9887000,57,false,Rx,0,8,00,00,FE,FF,FE,FF,00,00
9887000,60D,false,Rx,0,8,0D,11,DE,23,02,20,70,00
9920000,625,false,Rx,0,8,25,00,11,43,FD,BB,E4,01
9976000,60D,false,Rx,0,8,0D,11,DE,23,02,20,70,00
10020000,625,false,Rx,0,8,25,00,11,43,FD,BB,E4,01
10046000,2C4,false,Rx,0,8,03,00,00,00,90,03,00,00
10046000,2C5,false,Rx,0,8,00,00,00,00,00,00,00,00
10046000,2C6,false,Rx,0,8,F4,01,84,03,00,00,00,00
10076000,54,false,Rx,0,8,00,00,FE,FF,FE,FF,00,00
10076000,55,false,Rx,0,8,10,27,00,00,00,00,00,00
10077000,56,false,Rx,0,8,10,27,00,00,00,00,00,00
10087000,57,false,Rx,0,8,00,00,FE,FF,FE,FF,00,00
10087000,60D,false,Rx,0,8,0D,11,DE,23,02,20,70,00
10120000,625,false,Rx,0,8,25,00,11,43,FD,BB,E4,01
10176000,60D,false,Rx,0,8,0D,11,DE,23,02,20,70,00
10220000,625,false,Rx,0,8,25,00,11,43,FD,BB,E4,01
10246000,2C4,false,Rx,0,8,03,00,00,00,90,03,00,00
10246000,2C5,false,Rx,0,8,00,00,00,00,00,00,00,00
10246000,2C6,false,Rx,0,8,F4,01,84,03,00,00,00,00
10276000,54,false,Rx,0,8,00,00,FE,FF,FE,FF,00,00
10276000,55,false,Rx,0,8,10,27,00,00,00,00,00,00
10277000,56,false,Rx,0,8,10,27,00,00,00,00,00,00
10287000,57,false,Rx,0,8,00,00,FE,FF,FE,FF,00,00
10287000,60D,false,Rx,0,8,0D,11,DE,23,02,20,70,00
10320000,625,false,Rx,0,8,25,00,11,43,FD,BB,E4,01
10376000,60D,false,Rx,0,8,0D,11,DE,23,02,20,70,00
10420000,625,false,Rx,0,8,25,00,11,43,FD,BB,E4,01
10446000,2C4,false,Rx,0,8,03,00,00,00,90,03,00,00
10446000,2C5,false,Rx,0,8,00,00,00,00,00,00,00,00
10446000,2C6,false,Rx,0,8,F4,01,84,03,00,00,00,00
10476000,54,false,Rx,0,8,00,00,FE,FF,FE,FF,00,00
10476000,55,false,Rx,0,8,10,27,00,00,00,00,00,00
10477000,56,false,Rx,0,8,10,27,00,00,00,00,00,00
10487000,57,false,Rx,0,8,00,00,FE,FF,FE,FF,00,00
10487000,60D,false,Rx,0,8,0D,11,DE,23,02,20,70,00
10520000,625,false,Rx,0,8,25,00,11,43,FD,BB,E4,01
10576000,60D,false,Rx,0,8,0D,11,DE,23,02,20,70,00
10620000,625,false,Rx,0,8,25,00,11,43,FD,BB,E4,01
10646000,2C4,false,Rx,0,8,03,00,00,00,90,03,00,00
10646000,2C5,false,Rx,0,8,00,00,00,00,00,00,00,00
10646000,2C6,false,Rx,0,8,F4,01,84,03,00,00,00,00
10676000,54,false,Rx,0,8,00,00,FE,FF,FE,FF,00,00
10676000,55,false,Rx,0,8,10,27,00,00,00,00,00,00
10677000,56,false,Rx,0,8,10,27,00,00,00,00,00,00
10687000,57,false,Rx,0,8,00,00,FE,FF,FE,FF,00,00
10687000,60D,false,Rx,0,8,0D,11,DE,23,02,20,70,00
10720000,625,false,Rx,0,8,25,00,11,43,FD,BB,E4,01
10776000,60D,false,Rx,0,8,0D,11,DE,23,02,20,70,00
10820000,625,false,Rx,0,8,25,00,11,43,FD,BB,E4,01
10846000,2C4,false,Rx,0,8,03,00,00,00,90,03,00,00
10846000,2C5,false,Rx,0,8,00,00,00,00,00,00,00,00
10846000,2C6,false,Rx,0,8,F4,01,84,03,00,00,00,00
10876000,54,false,Rx,0,8,00,00,FE,FF,FE,FF,00,00
10876000,55,false,Rx,0,8,10,27,00,00,00,00,00,00
10877000,56,false,Rx,0,8,10,27,00,00,00,00,00,00
10887000,57,false,Rx,0,8,00,00,FE,FF,FE,FF,00,00
10887000,60D,false,Rx,0,8,0D,11,DE,23,02,20,70,00
10920000,625,false,Rx,0,8,25,00,11,43,FD,BB,E4,01
10976000,60D,false,Rx,0,8,0D,11,DE,23,02,20,70,00
11020000,625,false,Rx,0,8,25,00,11,43,FD,BB,E4,01
11046000,2C4,false,Rx,0,8,03,00,00,00,90,03,00,00
11046000,2C5,false,Rx,0,8,00,00,00,00,00,00,00,00
11046000,2C6,false,Rx,0,8,F4,01,84,03,00,00,00,00
11076000,54,false,Rx,0,8,00,00,FE,FF,FE,FF,00,00
11076000,55,false,Rx,0,8,10,27,00,00,00,00,00,00
11077000,56,false,Rx,0,8,10,27,00,00,00,00,00,00
11087000,57,false,Rx,0,8,00,00,FE,FF,FE,FF,00,00
11087000,60D,false,Rx,0,8,0D,11,DE,23,02,20,70,00
11120000,625,false,Rx,0,8,25,00,11,43,FD,BB,E4,01
11176000,60D,false,Rx,0,8,0D,11,DE,23,02,20,70,00
11220000,625,false,Rx,0,8,25,00,11,43,FD,BB,E4,01
11246000,2C4,false,Rx,0,8,03,00,00,00,90,03,00,00
11246000,2C5,false,Rx,0,8,00,00,00,00,00,00,00,00
11246000,2C6,false,Rx,0,8,F4,01,84,03,00,00,00,00
11276000,54,false,Rx,0,8,00,00,FE,FF,FE,FF,00,00
11276000,55,false,Rx,0,8,10,27,00,00,00,00,00,00
11277000,56,false,Rx,0,8,10,27,00,00,00,00,00,00
11287000,57,false,Rx,0,8,00,00,FE,FF,FE,FF,00,00
11287000,60D,false,Rx,0,8,0D,11,DE,23,02,20,70,00
11320000,625,false,Rx,0,8,25,00,11,43,FD,BB,E4,01
11376000,60D,false,Rx,0,8,0D,11,DE,23,02,20,70,00
11420000,625,false,Rx,0,8,25,00,11,43,FD,BB,E4,01
11446000,2C4,false,Rx,0,8,03,00,00,00,90,03,00,00
11446000,2C5,false,Rx,0,8,00,00,00,00,00,00,00,00
11446000,2C6,false,Rx,0,8,F4,01,84,03,00,00,00,00
11476000,54,false,Rx,0,8,00,00,FE,FF,FE,FF,00,00
11476000,55,false,Rx,0,8,10,27,00,00,00,00,00,00
11477000,56,false,Rx,0,8,10,27,00,00,00,00,00,00
11487000,57,false,Rx,0,8,00,00,FE,FF,FE,FF,00,00
11487000,60D,false,Rx,0,8,0D,11,DE,23,02,20,70,00
11520000,625,false,Rx,0,8,25,00,11,43,FD,BB,E4,01
11576000,60D,false,Rx,0,8,0D,11,DE,23,02,20,70,00
11620000,625,false,Rx,0,8,25,00,11,43,FD,BB,E4,01
11646000,2C4,false,Rx,0,8,03,00,00,00,90,03,00,00
11646000,2C5,false,Rx,0,8,00,00,00,00,00,00,00,00
11646000,2C6,false,Rx,0,8,F4,01,84,03,00,00,00,00
11676000,54,false,Rx,0,8,00,00,FE,FF,FE,FF,00,00
11676000,55,false,Rx,0,8,10,27,00,00,00,00,00,00
11677000,56,false,Rx,0,8,10,27,00,00,00,00,00,00
11687000,57,false,Rx,0,8,00,00,FE,FF,FE,FF,00,00
11687000,60D,false,Rx,0,8,0D,11,DE,23,02,20,70,00
11720000,625,false,Rx,0,8,25,00,11,43,FD,BB,E4,01
11776000,60D,false,Rx,0,8,0D,11,DE,23,02,20,70,00
11820000,625,false,Rx,0,8,25,00,11,43,FD,BB,E4,01
11846000,2C4,false,Rx,0,8,03,00,00,00,90,03,00,00
11846000,2C5,false,Rx,0,8,00,00,00,00,00,00,00,00
11846000,2C6,false,Rx,0,8,F4,01,84,03,00,00,00,00
11876000,54,false,Rx,0,8,00,00,FE,FF,FE,FF,00,00
11876000,55,false,Rx,0,8,10,27,00,00,00,00,00,00
11877000,56,false,Rx,0,8,10,27,00,00,00,00,00,00
11887000,57,false,Rx,0,8,00,00,FE,FF,FE,FF,00,00
11887000,60D,false,Rx,0,8,0D,11,DE,23,02,20,70,00
11920000,625,false,Rx,0,8,25,00,11,43,FD,BB,E4,01
11976000,60D,false,Rx,0,8,0D,11,DE,23,02,20,70,00
12020000,625,false,Rx,0,8,25,00,11,43,FD,BB,E4,01
12046000,2C4,false,Rx,0,8,03,00,00,00,90,03,00,00
12046000,2C5,false,Rx,0,8,00,00,00,00,00,00,00,00
12046000,2C6,false,Rx,0,8,F4,01,84,03,00,00,00,00
12076000,54,false,Rx,0,8,00,00,FE,FF,FE,FF,00,00
12076000,55,false,Rx,0,8,10,27,00,00,00,00,00,00
12077000,56,false,Rx,0,8,10,27,00,00,00,00,00,00
12087000,57,false,Rx,0,8,00,00,FE,FF,FE,FF,00,00
12087000,60D,false,Rx,0,8,0D,11,DE,23,02,20,70,00
12120000,625,false,Rx,0,8,25,00,11,43,FD,BB,E4,01
12176000,60D,false,Rx,0,8,0D,11,DE,23,02,20,70,00
12220000,625,false,Rx,0,8,25,00,11,43,FD,BB,E4,01
12246000,2C4,false,Rx,0,8,03,00,00,00,90,03,00,00
12246000,2C5,false,Rx,0,8,00,00,00,00,00,00,00,00
12246000,2C6,false,Rx,0,8,F4,01,84,03,00,00,00,00
12276000,54,false,Rx,0,8,00,00,FE,FF,FE,FF,00,00
12276000,55,false,Rx,0,8,10,27,00,00,00,00,00,00
12277000,56,false,Rx,0,8,10,27,00,00,00,00,00,00
12287000,57,false,Rx,0,8,00,00,FE,FF,FE,FF,00,00
12287000,60D,false,Rx,0,8,0D,10,DE,23,02,20,70,00
12298000,60D,false,Rx,0,8,0D,11,DE,23,02,20,70,00
12329000,625,false,Rx,0,8,25,00,11,43,FD,BB,E4,01
12386000,60D,false,Rx,0,8,0D,11,DE,23,02,20,70,00
12429000,625,false,Rx,0,8,25,00,11,43,FD,BB,E4,01
12446000,2C4,false,Rx,0,8,03,00,00,00,90,03,00,00
12446000,2C5,false,Rx,0,8,00,00,00,00,00,00,00,00
12446000,2C6,false,Rx,0,8,F4,01,84,03,00,00,00,00
12476000,54,false,Rx,0,8,00,00,FE,FF,FE,FF,00,00
12476000,55,false,Rx,0,8,10,27,00,00,00,00,00,00
12477000,56,false,Rx,0,8,10,27,00,00,00,00,00,00
12487000,57,false,Rx,0,8,00,00,FE,FF,FE,FF,00,00
12487000,60D,false,Rx,0,8,0D,11,DE,23,02,20,70,00
12529000,625,false,Rx,0,8,25,00,11,43,FD,BB,E4,01
12586000,60D,false,Rx,0,8,0D,11,DE,23,02,20,70,00
12629000,625,false,Rx,0,8,25,00,11,43,FD,BB,E4,01
12646000,2C4,false,Rx,0,8,03,00,00,00,90,03,00,00
12646000,2C5,false,Rx,0,8,00,00,00,00,00,00,00,00
12646000,2C6,false,Rx,0,8,F4,01,84,03,00,00,00,00
12676000,54,false,Rx,0,8,00,00,FE,FF,FE,FF,00,00
12676000,55,false,Rx,0,8,10,27,00,00,00,00,00,00
12677000,56,false,Rx,0,8,10,27,00,00,00,00,00,00
12687000,57,false,Rx,0,8,00,00,FE,FF,FE,FF,00,00
12687000,60D,false,Rx,0,8,0D,11,DE,23,02,20,70,00
12729000,625,false,Rx,0,8,25,00,11,43,FD,BB,E4,01
12786000,60D,false,Rx,0,8,0D,11,DE,23,02,20,70,00
12829000,625,false,Rx,0,8,25,00,11,43,FD,BB,E4,01
12846000,2C4,false,Rx,0,8,03,00,00,00,90,03,00,00
12846000,2C5,false,Rx,0,8,00,00,00,00,00,00,00,00
12846000,2C6,false,Rx,0,8,F4,01,84,03,00,00,00,00
12876000,54,false,Rx,0,8,00,00,FE,FF,FE,FF,00,00
12876000,55,false,Rx,0,8,10,27,00,00,00,00,00,00
12877000,56,false,Rx,0,8,10,27,00,00,00,00,00,00
12887000,57,false,Rx,0,8,00,00,FE,FF,FE,FF,00,00
12887000,60D,false,Rx,0,8,0D,11,DE,23,02,20,70,00
12929000,625,false,Rx,0,8,25,00,11,43,FD,BB,E4,01
12986000,60D,false,Rx,0,8,0D,11,DE,23,02,20,70,00
13029000,625,false,Rx,0,8,25,00,11,43,FD,BB,E4,01
13046000,2C4,false,Rx,0,8,03,00,00,00,90,03,00,00
13046000,2C5,false,Rx,0,8,00,00,00,00,00,00,00,00
13046000,2C6,false,Rx,0,8,F4,01,84,03,00,00,00,00
13076000,54,false,Rx,0,8,00,00,FE,FF,FE,FF,00,00
13076000,55,false,Rx,0,8,10,27,00,00,00,00,00,00
13077000,56,false,Rx,0,8,10,27,00,00,00,00,00,00
13087000,57,false,Rx,0,8,00,00,FE,FF,FE,FF,00,00
13087000,60D,false,Rx,0,8,0D,11,DE,23,02,20,70,00
13129000,625,false,Rx,0,8,25,00,11,43,FD,BB,E4,01
13186000,60D,false,Rx,0,8,0D,11,DE,23,02,20,70,00
13229000,625,false,Rx,0,8,25,00,11,43,FD,BB,E4,01
13246000,2C4,false,Rx,0,8,03,00,00,00,90,03,00,00
13246000,2C5,false,Rx,0,8,00,00,00,00,00,00,00,00
13246000,2C6,false,Rx,0,8,F4,01,84,03,00,00,00,00
13276000,54,false,Rx,0,8,00,00,FE,FF,FE,FF,00,00
13276000,55,false,Rx,0,8,10,27,00,00,00,00,00,00
13277000,56,false,Rx,0,8,10,27,00,00,00,00,00,00
13287000,57,false,Rx,0,8,00,00,FE,FF,FE,FF,00,00
13287000,60D,false,Rx,0,8,0D,11,DE,23,02,20,70,00
13329000,625,false,Rx,0,8,25,00,11,43,FD,BB,E4,01
13386000,60D,false,Rx,0,8,0D,11,DE,23,02,20,70,00
13429000,625,false,Rx,0,8,25,00,11,43,FD,BB,E4,01
13446000,2C4,false,Rx,0,8,03,00,00,00,90,03,00,00
13446000,2C5,false,Rx,0,8,00,00,00,00,00,00,00,00
13446000,2C6,false,Rx,0,8,F4,01,84,03,00,00,00,00
13476000,54,false,Rx,0,8,00,00,FE,FF,FE,FF,00,00
13476000,55,false,Rx,0,8,10,27,00,00,00,00,00,00
13477000,56,false,Rx,0,8,10,27,00,00,00,00,00,00
13487000,57,false,Rx,0,8,00,00,FE,FF,FE,FF,00,00
13487000,60D,false,Rx,0,8,0D,11,DE,23,02,20,70,00
13529000,625,false,Rx,0,8,25,00,11,43,FD,BB,E4,01
13586000,60D,false,Rx,0,8,0D,11,DE,23,02,20,70,00
13629000,625,false,Rx,0,8,25,00,11,43,FD,BB,E4,01
13646000,2C4,false,Rx,0,8,03,00,00,00,90,03,00,00
13646000,2C5,false,Rx,0,8,00,00,00,00,00,00,00,00
13646000,2C6,false,Rx,0,8,F4,01,84,03,00,00,00,00
13676000,54,false,Rx,0,8,00,00,FE,FF,FE,FF,00,00
13676000,55,false,Rx,0,8,10,27,00,00,00,00,00,00
13677000,56,false,Rx,0,8,10,27,00,00,00,00,00,00
13687000,57,false,Rx,0,8,00,00,FE,FF,FE,FF,00,00
13687000,60D,false,Rx,0,8,0D,11,DE,23,02,20,70,00
13729000,625,false,Rx,0,8,25,00,11,43,FD,BB,E4,01
13786000,60D,false,Rx,0,8,0D,11,DE,23,02,20,70,00
13829000,625,false,Rx,0,8,25,00,11,43,FD,BB,E4,01
13846000,2C4,false,Rx,0,8,03,00,00,00,90,03,00,00
13846000,2C5,false,Rx,0,8,00,00,00,00,00,00,00,00
13846000,2C6,false,Rx,0,8,F4,01,84,03,00,00,00,00
13876000,54,false,Rx,0,8,00,00,FE,FF,FE,FF,00,00
13876000,55,false,Rx,0,8,10,27,00,00,00,00,00,00
13877000,56,false,Rx,0,8,10,27,00,00,00,00,00,00
13887000,57,false,Rx,0,8,00,00,FE,FF,FE,FF,00,00
13887000,60D,false,Rx,0,8,0D,11,DE,23,02,20,70,00
13929000,625,false,Rx,0,8,25,00,11,43,FD,BB,E4,01
13986000,60D,false,Rx,0,8,0D,11,DE,23,02,20,70,00
14029000,625,false,Rx,0,8,25,00,11,43,FD,BB,E4,01
14046000,2C4,false,Rx,0,8,03,00,00,00,90,03,00,00
14046000,2C5,false,Rx,0,8,00,00,00,00,00,00,00,00
14046000,2C6,false,Rx,0,8,F4,01,84,03,00,00,00,00
14076000,54,false,Rx,0,8,00,00,FE,FF,FE,FF,00,00
14076000,55,false,Rx,0,8,10,27,00,00,00,00,00,00
14077000,56,false,Rx,0,8,10,27,00,00,00,00,00,00
14087000,57,false,Rx,0,8,00,00,FE,FF,FE,FF,00,00
14087000,60D,false,Rx,0,8,0D,11,DE,23,02,20,70,00
14129000,625,false,Rx,0,8,25,00,11,43,FD,BB,E4,01
14186000,60D,false,Rx,0,8,0D,11,DE,23,02,20,70,00
14229000,625,false,Rx,0,8,25,00,11,43,FD,BB,E4,01
14246000,2C4,false,Rx,0,8,03,00,00,00,90,03,00,00
14246000,2C5,false,Rx,0,8,00,00,00,00,00,00,00,00
14246000,2C6,false,Rx,0,8,F4,01,84,03,00,00,00,00
14277000,54,false,Rx,0,8,00,00,FE,FF,FE,FF,00,00
14277000,55,false,Rx,0,8,10,27,00,00,00,00,00,00
14277000,56,false,Rx,0,8,10,27,00,00,00,00,00,00
14288000,57,false,Rx,0,8,00,00,FE,FF,FE,FF,00,00
14288000,60D,false,Rx,0,8,0D,11,DF,23,02,20,70,00
14329000,625,false,Rx,0,8,25,00,11,43,FD,BB,E4,01
14387000,60D,false,Rx,0,8,0D,11,DF,23,02,20,70,00
14429000,625,false,Rx,0,8,25,00,11,43,FD,BB,E4,01
14446000,2C4,false,Rx,0,8,03,00,00,00,90,03,00,00
14446000,2C5,false,Rx,0,8,00,00,00,00,00,00,00,00
14446000,2C6,false,Rx,0,8,F4,01,84,03,00,00,00,00
14476000,54,false,Rx,0,8,00,00,FE,FF,FE,FF,00,00
14476000,55,false,Rx,0,8,10,27,00,00,00,00,00,00
14477000,56,false,Rx,0,8,10,27,00,00,00,00,00,00
14487000,57,false,Rx,0,8,00,00,FE,FF,FE,FF,00,00
14487000,60D,false,Rx,0,8,0D,11,DF,23,02,20,70,00
14529000,625,false,Rx,0,8,25,00,11,43,FD,BB,E4,01
14586000,60D,false,Rx,0,8,0D,11,DF,23,02,20,70,00
14629000,625,false,Rx,0,8,25,00,11,43,FD,BB,E4,01
14646000,2C4,false,Rx,0,8,03,00,00,00,90,03,00,00
14646000,2C5,false,Rx,0,8,00,00,00,00,00,00,00,00
14646000,2C6,false,Rx,0,8,F4,01,84,03,00,00,00,00
14676000,54,false,Rx,0,8,00,00,FE,FF,FE,FF,00,00
14676000,55,false,Rx,0,8,10,27,00,00,00,00,00,00
14677000,56,false,Rx,0,8,10,27,00,00,00,00,00,00
14687000,57,false,Rx,0,8,00,00,FE,FF,FE,FF,00,00
14687000,60D,false,Rx,0,8,0D,11,DF,23,02,20,70,00
14729000,625,false,Rx,0,8,25,00,11,43,FD,BB,E4,01
14786000,60D,false,Rx,0,8,0D,11,DF,23,02,20,70,00
14829000,625,false,Rx,0,8,25,00,11,43,FD,BB,E4,01
14846000,2C4,false,Rx,0,8,03,00,00,00,90,03,00,00
14846000,2C5,false,Rx,0,8,00,00,00,00,00,00,00,00
14846000,2C6,false,Rx,0,8,F4,01,84,03,00,00,00,00
14876000,54,false,Rx,0,8,00,00,FE,FF,FE,FF,00,00
14876000,55,false,Rx,0,8,10,27,00,00,00,00,00,00
14877000,56,false,Rx,0,8,10,27,00,00,00,00,00,00
14887000,57,false,Rx,0,8,00,00,FE,FF,FE,FF,00,00
14887000,60D,false,Rx,0,8,0D,11,DF,23,02,20,70,00
14929000,625,false,Rx,0,8,25,00,11,43,FD,BB,E4,01
14986000,60D,false,Rx,0,8,0D,11,DF,23,02,20,70,00
15029000,625,false,Rx,0,8,25,00,11,43,FD,BB,E4,01
15046000,2C4,false,Rx,0,8,03,00,00,00,90,03,00,00
15046000,2C5,false,Rx,0,8,00,00,00,00,00,00,00,00
15046000,2C6,false,Rx,0,8,F4,01,84,03,00,00,00,00
15076000,54,false,Rx,0,8,00,00,FE,FF,FE,FF,00,00
15076000,55,false,Rx,0,8,10,27,00,00,00,00,00,00
15077000,56,false,Rx,0,8,10,27,00,00,00,00,00,00
15087000,57,false,Rx,0,8,00,00,FE,FF,FE,FF,00,00
15087000,60D,false,Rx,0,8,0D,11,DF,23,02,20,70,00
15129000,625,false,Rx,0,8,25,00,11,43,FD,BB,E4,01
15186000,60D,false,Rx,0,8,0D,11,DF,23,02,20,70,00
15229000,625,false,Rx,0,8,25,00,11,43,FD,BB,E4,01
15246000,2C4,false,Rx,0,8,03,00,00,00,90,03,00,00
15246000,2C5,false,Rx,0,8,00,00,00,00,00,00,00,00
15246000,2C6,false,Rx,0,8,F4,01,84,03,00,00,00,00
15276000,54,false,Rx,0,8,00,00,FE,FF,FE,FF,00,00
15277000,55,false,Rx,0,8,10,27,00,00,00,00,00,00
15277000,56,false,Rx,0,8,10,27,00,00,00,00,00,00
15287000,57,false,Rx,0,8,00,00,FE,FF,FE,FF,00,00
15287000,60D,false,Rx,0,8,0D,11,DF,23,02,20,70,00
15329000,625,false,Rx,0,8,25,00,11,43,FD,BB,E4,01
15386000,60D,false,Rx,0,8,0D,11,DF,23,02,20,70,00
15429000,625,false,Rx,0,8,25,00,11,43,FD,BB,E4,01
15446000,2C4,false,Rx,0,8,03,00,00,00,90,03,00,00
15446000,2C5,false,Rx,0,8,00,00,00,00,00,00,00,00
15446000,2C6,false,Rx,0,8,F4,01,84,03,00,00,00,00
15476000,54,false,Rx,0,8,00,00,FE,FF,FE,FF,00,00
15476000,55,false,Rx,0,8,10,27,00,00,00,00,00,00
15477000,56,false,Rx,0,8,10,27,00,00,00,00,00,00
15487000,57,false,Rx,0,8,00,00,FE,FF,FE,FF,00,00
15487000,60D,false,Rx,0,8,0D,11,DF,23,02,20,70,00
15529000,625,false,Rx,0,8,25,00,11,43,FD,BB,E4,01
15586000,60D,false,Rx,0,8,0D,11,DF,23,02,20,70,00
15629000,625,false,Rx,0,8,25,00,11,43,FD,BB,E4,01
15646000,2C4,false,Rx,0,8,03,00,00,00,90,03,00,00
15646000,2C5,false,Rx,0,8,00,00,00,00,00,00,00,00
15646000,2C6,false,Rx,0,8,F4,01,84,03,00,00,00,00
15676000,54,false,Rx,0,8,00,00,FE,FF,FE,FF,00,00
15676000,55,false,Rx,0,8,10,27,00,00,00,00,00,00
15677000,56,false,Rx,0,8,10,27,00,00,00,00,00,00
15687000,57,false,Rx,0,8,00,00,FE,FF,FE,FF,00,00
15687000,60D,false,Rx,0,8,0D,11,DF,23,02,20,70,00
15729000,625,false,Rx,0,8,25,00,11,43,FD,BB,E4,01
15786000,60D,false,Rx,0,8,0D,11,DF,23,02,20,70,00
15829000,625,false,Rx,0,8,25,00,11,43,FD,BB,E4,01
15846000,2C4,false,Rx,0,8,03,00,00,00,90,03,00,00
15846000,2C5,false,Rx,0,8,00,00,00,00,00,00,00,00
15846000,2C6,false,Rx,0,8,F4,01,84,03,00,00,00,00
15876000,54,false,Rx,0,8,00,00,FE,FF,FE,FF,00,00
15876000,55,false,Rx,0,8,10,27,00,00,00,00,00,00
15877000,56,false,Rx,0,8,10,27,00,00,00,00,00,00
15887000,57,false,Rx,0,8,00,00,FE,FF,FE,FF,00,00
15887000,60D,false,Rx,0,8,0D,11,DF,23,02,20,70,00
15929000,625,false,Rx,0,8,25,00,11,43,FD,BB,E4,01
15986000,60D,false,Rx,0,8,0D,11,DF,23,02,20,70,00
16029000,625,false,Rx,0,8,25,00,11,43,FD,BB,E4,01
16046000,2C4,false,Rx,0,8,03,00,00,00,90,03,00,00
16046000,2C5,false,Rx,0,8,00,00,00,00,00,00,00,00
16046000,2C6,false,Rx,0,8,F4,01,84,03,00,00,00,00
16076000,54,false,Rx,0,8,00,00,FE,FF,FE,FF,00,00
16076000,55,false,Rx,0,8,10,27,00,00,00,00,00,00
16077000,56,false,Rx,0,8,10,27,00,00,00,00,00,00
16087000,57,false,Rx,0,8,00,00,FE,FF,FE,FF,00,00
16087000,60D,false,Rx,0,8,0D,11,DF,23,02,20,70,00
16129000,625,false,Rx,0,8,25,00,11,43,FD,BB,E4,01
16186000,60D,false,Rx,0,8,0D,11,DF,23,02,20,70,00
16229000,625,false,Rx,0,8,25,00,11,43,FD,BB,E4,01
16246000,2C4,false,Rx,0,8,03,00,00,00,90,03,00,00
16246000,2C5,false,Rx,0,8,00,00,00,00,00,00,00,00
16246000,2C6,false,Rx,0,8,F4,01,84,03,00,00,00,00
16276000,54,false,Rx,0,8,00,00,FE,FF,FE,FF,00,00
16276000,55,false,Rx,0,8,10,27,00,00,00,00,00,00
16277000,56,false,Rx,0,8,10,27,00,00,00,00,00,00
16287000,57,false,Rx,0,8,00,00,FE,FF,FE,FF,00,00
16329000,625,false,Rx,0,8,25,00,11,43,FD,BB,E4,01
16429000,625,false,Rx,0,8,25,00,11,43,FD,BB,E4,01
16446000,2C4,false,Rx,0,8,03,00,00,00,90,03,00,00
16446000,2C5,false,Rx,0,8,00,00,00,00,00,00,00,00
16446000,2C6,false,Rx,0,8,F4,01,84,03,00,00,00,00
16476000,54,false,Rx,0,8,00,00,FE,FF,FE,FF,00,00
16476000,55,false,Rx,0,8,10,27,00,00,00,00,00,00
16477000,56,false,Rx,0,8,10,27,00,00,00,00,00,00
16487000,57,false,Rx,0,8,00,00,FE,FF,FE,FF,00,00
16529000,625,false,Rx,0,8,25,00,11,43,FD,BB,E4,01
16629000,625,false,Rx,0,8,25,00,11,43,FD,BB,E4,01
16646000,2C4,false,Rx,0,8,03,00,00,00,90,03,00,00
16646000,2C5,false,Rx,0,8,00,00,00,00,00,00,00,00
16646000,2C6,false,Rx,0,8,F4,01,84,03,00,00,00,00
16676000,54,false,Rx,0,8,00,00,FE,FF,FE,FF,00,00
16676000,55,false,Rx,0,8,10,27,00,00,00,00,00,00
16677000,56,false,Rx,0,8,10,27,00,00,00,00,00,00
16687000,57,false,Rx,0,8,00,00,FE,FF,FE,FF,00,00
16729000,625,false,Rx,0,8,25,00,11,43,FD,BB,E4,01
16829000,625,false,Rx,0,8,25,00,11,43,FD,BB,E4,01
16846000,2C4,false,Rx,0,8,03,00,00,00,90,03,00,00
16846000,2C5,false,Rx,0,8,00,00,00,00,00,00,00,00
16846000,2C6,false,Rx,0,8,F4,01,84,03,00,00,00,00
16876000,54,false,Rx,0,8,00,00,FE,FF,FE,FF,00,00
16876000,55,false,Rx,0,8,10,27,00,00,00,00,00,00
16877000,56,false,Rx,0,8,10,27,00,00,00,00,00,00
16887000,57,false,Rx,0,8,00,00,FE,FF,FE,FF,00,00
16929000,625,false,Rx,0,8,25,00,11,43,FD,BB,E4,01
17029000,625,false,Rx,0,8,25,00,11,43,FD,BB,E4,01
17046000,2C4,false,Rx,0,8,03,00,00,00,90,03,00,00
17046000,2C5,false,Rx,0,8,00,00,00,00,00,00,00,00
17046000,2C6,false,Rx,0,8,F4,01,84,03,00,00,00,00
17076000,54,false,Rx,0,8,00,00,FE,FF,FE,FF,00,00
17076000,55,false,Rx,0,8,10,27,00,00,00,00,00,00
17077000,56,false,Rx,0,8,10,27,00,00,00,00,00,00
17087000,57,false,Rx,0,8,00,00,FE,FF,FE,FF,00,00
17129000,625,false,Rx,0,8,25,00,11,43,FD,BB,E4,01
17229000,625,false,Rx,0,8,25,00,11,43,FD,BB,E4,01
17246000,2C4,false,Rx,0,8,03,00,00,00,90,03,00,00
17246000,2C5,false,Rx,0,8,00,00,00,00,00,00,00,00
17246000,2C6,false,Rx,0,8,F4,01,84,03,00,00,00,00
17276000,54,false,Rx,0,8,00,00,FE,FF,FE,FF,00,00
17276000,55,false,Rx,0,8,10,27,00,00,00,00,00,00
17277000,56,false,Rx,0,8,10,27,00,00,00,00,00,00
17287000,57,false,Rx,0,8,00,00,FE,FF,FE,FF,00,00
17329000,625,false,Rx,0,8,25,00,11,43,FD,BB,E4,01
17428000,625,false,Rx,0,8,25,00,11,43,FD,BB,E4,01
17446000,2C4,false,Rx,0,8,03,00,00,00,90,03,00,00
17446000,2C5,false,Rx,0,8,00,00,00,00,00,00,00,00
17446000,2C6,false,Rx,0,8,F4,01,84,03,00,00,00,00
17476000,54,false,Rx,0,8,00,00,FE,FF,FE,FF,00,00
17476000,55,false,Rx,0,8,10,27,00,00,00,00,00,00
17477000,56,false,Rx,0,8,10,27,00,00,00,00,00,00
17487000,57,false,Rx,0,8,00,00,FE,FF,FE,FF,00,00
17528000,625,false,Rx,0,8,25,00,11,43,FD,BB,E4,01
17628000,625,false,Rx,0,8,25,00,11,43,FD,BB,E4,01
17646000,2C4,false,Rx,0,8,03,00,00,00,90,03,00,00
17646000,2C5,false,Rx,0,8,00,00,00,00,00,00,00,00
17646000,2C6,false,Rx,0,8,F4,01,84,03,00,00,00,00
17676000,54,false,Rx,0,8,00,00,FE,FF,FE,FF,00,00
17676000,55,false,Rx,0,8,10,27,00,00,00,00,00,00
17677000,56,false,Rx,0,8,10,27,00,00,00,00,00,00
17687000,57,false,Rx,0,8,00,00,FE,FF,FE,FF,00,00
17696000,60D,false,Rx,0,8,0D,10,DF,23,02,20,70,00
17728000,625,false,Rx,0,8,25,00,11,43,FD,BB,E4,01
17796000,60D,false,Rx,0,8,0D,10,DF,23,02,20,70,00
17828000,625,false,Rx,0,8,25,00,11,43,FD,BB,E4,01
17836000,60D,false,Rx,0,8,0D,10,DF,23,02,20,70,00
17846000,2C4,false,Rx,0,8,03,00,00,00,90,03,00,00
17846000,2C5,false,Rx,0,8,00,00,00,00,00,00,00,00
17846000,2C6,false,Rx,0,8,F4,01,84,03,00,00,00,00
17876000,54,false,Rx,0,8,00,00,FE,FF,FE,FF,00,00
17876000,55,false,Rx,0,8,10,27,00,00,00,00,00,00
17877000,56,false,Rx,0,8,10,27,00,00,00,00,00,00
17887000,57,false,Rx,0,8,00,00,FE,FF,FE,FF,00,00
17928000,625,false,Rx,0,8,25,00,11,43,FD,BB,E4,01
17937000,60D,false,Rx,0,8,0D,10,DF,23,02,20,70,00
18028000,625,false,Rx,0,8,25,00,11,43,FD,BB,E4,01
18037000,60D,false,Rx,0,8,0D,10,DF,23,02,20,70,00
18046000,2C4,false,Rx,0,8,03,00,00,00,90,03,00,00
18046000,2C5,false,Rx,0,8,00,00,00,00,00,00,00,00
18046000,2C6,false,Rx,0,8,F4,01,84,03,00,00,00,00
18076000,54,false,Rx,0,8,01,03,FE,FF,FE,FF,00,00
18076000,55,false,Rx,0,8,10,27,00,00,00,00,00,00
18077000,56,false,Rx,0,8,10,27,00,00,00,00,00,00
18087000,57,false,Rx,0,8,00,00,FE,FF,FE,FF,00,00
18128000,625,false,Rx,0,8,25,00,11,43,FD,BB,E4,01
18136000,60D,false,Rx,0,8,0D,10,DF,23,02,20,70,00
18228000,625,false,Rx,0,8,25,00,11,43,FD,BB,E4,01
18237000,60D,false,Rx,0,8,0D,10,DF,23,02,20,70,00
18246000,2C4,false,Rx,0,8,41,00,00,00,90,03,00,00
18246000,2C5,false,Rx,0,8,00,00,00,00,00,00,00,00
18246000,2C6,false,Rx,0,8,F4,01,84,03,00,00,00,00
18276000,54,false,Rx,0,8,01,03,FE,FF,FE,FF,00,00
18276000,55,false,Rx,0,8,10,27,00,00,00,00,00,00
18277000,56,false,Rx,0,8,10,27,00,00,00,00,00,00
18287000,57,false,Rx,0,8,00,00,FE,FF,FE,FF,00,00
18328000,625,false,Rx,0,8,25,00,11,43,FD,BB,E4,01
18336000,60D,false,Rx,0,8,0D,10,DF,23,02,20,70,00
18428000,625,false,Rx,0,8,25,00,11,43,FD,BB,E4,01
18437000,60D,false,Rx,0,8,0D,10,DF,23,02,20,70,00
18446000,2C4,false,Rx,0,8,41,00,00,00,90,03,00,00
18446000,2C5,false,Rx,0,8,00,00,00,00,00,00,00,00
18446000,2C6,false,Rx,0,8,F4,01,84,03,00,00,00,00
18476000,54,false,Rx,0,8,01,03,FE,FF,FE,FF,00,00
18476000,55,false,Rx,0,8,10,27,00,00,00,00,00,00
18477000,56,false,Rx,0,8,10,27,00,00,00,00,00,00
18487000,57,false,Rx,0,8,00,00,FE,FF,FE,FF,00,00
18528000,625,false,Rx,0,8,25,00,11,43,FD,BB,E4,01
18536000,60D,false,Rx,0,8,0D,10,DF,23,02,20,70,00
18628000,625,false,Rx,0,8,25,00,11,43,FD,BB,E4,01
18636000,60D,false,Rx,0,8,0D,10,DF,23,02,20,70,00
18646000,2C4,false,Rx,0,8,41,00,00,00,90,03,00,00
18646000,2C5,false,Rx,0,8,00,00,00,00,00,00,00,00
18646000,2C6,false,Rx,0,8,F4,01,84,03,00,00,00,00
18676000,54,false,Rx,0,8,01,03,FE,FF,FE,FF,00,00
18676000,55,false,Rx,0,8,10,27,00,00,00,00,00,00
18677000,56,false,Rx,0,8,10,27,00,00,00,00,00,00
18687000,57,false,Rx,0,8,00,00,FE,FF,FE,FF,00,00
18728000,625,false,Rx,0,8,25,00,11,43,FD,BB,E4,01
18736000,60D,false,Rx,0,8,0D,10,DF,23,02,20,70,00
18828000,625,false,Rx,0,8,25,00,11,43,FD,BB,E4,01
18836000,60D,false,Rx,0,8,0D,10,DF,23,02,20,70,00
18846000,2C4,false,Rx,0,8,41,00,00,00,90,03,00,00
18846000,2C5,false,Rx,0,8,00,00,00,00,00,00,00,00
18846000,2C6,false,Rx,0,8,F4,01,84,03,00,00,00,00
18876000,54,false,Rx,0,8,01,03,FE,FF,FE,FF,00,00
18876000,55,false,Rx,0,8,10,27,00,00,00,00,00,00
18877000,56,false,Rx,0,8,10,27,00,00,00,00,00,00
18887000,57,false,Rx,0,8,00,00,FE,FF,FE,FF,00,00
18928000,625,false,Rx,0,8,25,00,11,43,FD,BB,E4,01
18936000,60D,false,Rx,0,8,0D,10,DF,23,02,20,70,00
19028000,625,false,Rx,0,8,25,00,11,43,FD,BB,E4,01
19036000,60D,false,Rx,0,8,0D,10,DF,23,02,20,70,00
19046000,2C4,false,Rx,0,8,41,00,00,00,90,03,00,00
19046000,2C5,false,Rx,0,8,00,00,00,00,00,00,00,00
19046000,2C6,false,Rx,0,8,F4,01,84,03,00,00,00,00
19076000,54,false,Rx,0,8,01,03,FE,FF,FE,FF,00,00
19076000,55,false,Rx,0,8,10,27,00,00,00,00,00,00
19077000,56,false,Rx,0,8,10,27,00,00,00,00,00,00
19087000,57,false,Rx,0,8,00,00,FE,FF,FE,FF,00,00
19128000,625,false,Rx,0,8,25,00,11,43,FD,BB,E4,01
19136000,60D,false,Rx,0,8,0D,10,DF,23,02,20,70,00
19228000,625,false,Rx,0,8,25,00,11,43,FD,BB,E4,01
19236000,60D,false,Rx,0,8,0D,10,DF,23,02,20,70,00
19246000,2C4,false,Rx,0,8,41,00,00,00,90,03,00,00
19246000,2C5,false,Rx,0,8,00,00,00,00,00,00,00,00
19246000,2C6,false,Rx,0,8,F4,01,84,03,00,00,00,00
19276000,54,false,Rx,0,8,01,03,FE,FF,FE,FF,00,00
19277000,55,false,Rx,0,8,10,27,00,00,00,00,00,00
19277000,56,false,Rx,0,8,10,27,00,00,00,00,00,00
19287000,57,false,Rx,0,8,00,00,FE,FF,FE,FF,00,00
19328000,625,false,Rx,0,8,25,00,11,43,FD,BB,E4,01
19337000,60D,false,Rx,0,8,0D,10,DF,23,02,20,70,00
19428000,625,false,Rx,0,8,25,00,11,43,FD,BB,E4,01
19436000,60D,false,Rx,0,8,0D,10,DF,23,02,20,70,00
19446000,2C4,false,Rx,0,8,41,00,00,00,90,03,00,00
19446000,2C5,false,Rx,0,8,00,00,00,00,00,00,00,00
19446000,2C6,false,Rx,0,8,F4,01,84,03,00,00,00,00
19476000,54,false,Rx,0,8,01,03,FE,FF,FE,FF,00,00
19476000,55,false,Rx,0,8,10,27,00,00,00,00,00,00
19477000,56,false,Rx,0,8,10,27,00,00,00,00,00,00
19487000,57,false,Rx,0,8,00,00,FE,FF,FE,FF,00,00
19528000,625,false,Rx,0,8,25,00,11,43,FD,BB,E4,01
19536000,60D,false,Rx,0,8,0D,10,DF,23,02,20,70,00
19628000,625,false,Rx,0,8,25,00,11,43,FD,BB,E4,01
19636000,60D,false,Rx,0,8,0D,10,DF,23,02,20,70,00
19646000,2C4,false,Rx,0,8,41,00,00,00,90,03,00,00
19646000,2C5,false,Rx,0,8,00,00,00,00,00,00,00,00
19646000,2C6,false,Rx,0,8,F4,01,84,03,00,00,00,00
19676000,54,false,Rx,0,8,01,03,FE,FF,FE,FF,00,00
19676000,55,false,Rx,0,8,10,27,00,00,00,00,00,00
19677000,56,false,Rx,0,8,10,27,00,00,00,00,00,00
19687000,57,false,Rx,0,8,00,00,FE,FF,FE,FF,00,00
19728000,625,false,Rx,0,8,25,00,11,43,FD,BB,E4,01
19736000,60D,false,Rx,0,8,0D,10,DF,23,02,20,70,00
19828000,625,false,Rx,0,8,25,00,11,43,FD,BB,E4,01
19836000,60D,false,Rx,0,8,0D,10,DF,23,02,20,70,00
19845000,2C4,false,Rx,0,8,41,00,00,00,90,03,00,00
19846000,2C5,false,Rx,0,8,00,00,00,00,00,00,00,00
19846000,2C6,false,Rx,0,8,F4,01,84,03,00,00,00,00
19876000,54,false,Rx,0,8,01,03,FE,FF,FE,FF,00,00
19876000,55,false,Rx,0,8,10,27,00,00,00,00,00,00
19877000,56,false,Rx,0,8,10,27,00,00,00,00,00,00
19887000,57,false,Rx,0,8,00,00,FE,FF,FE,FF,00,00
19928000,625,false,Rx,0,8,25,00,11,43,FD,BB,E4,01
19936000,60D,false,Rx,0,8,0D,10,DF,23,02,20,70,00
20028000,625,false,Rx,0,8,25,00,11,43,FD,BB,E4,01
20036000,60D,false,Rx,0,8,0D,10,DF,23,02,20,70,00
20045000,2C4,false,Rx,0,8,41,00,00,00,90,03,00,00
20046000,2C5,false,Rx,0,8,00,00,00,00,00,00,00,00
20046000,2C6,false,Rx,0,8,F4,01,84,03,00,00,00,00
20076000,54,false,Rx,0,8,01,03,FE,FF,FE,FF,00,00
20076000,55,false,Rx,0,8,10,27,00,00,00,00,00,00
20077000,56,false,Rx,0,8,10,27,00,00,00,00,00,00
20087000,57,false,Rx,0,8,00,00,FE,FF,FE,FF,00,00
20128000,625,false,Rx,0,8,25,00,11,43,FD,BB,E4,01
20136000,60D,false,Rx,0,8,0D,10,DF,23,02,20,70,00
20228000,625,false,Rx,0,8,25,00,11,43,FD,BB,E4,01
20236000,60D,false,Rx,0,8,0D,10,DF,23,02,20,70,00
20245000,2C4,false,Rx,0,8,41,00,00,00,90,03,00,00
20246000,2C5,false,Rx,0,8,00,00,00,00,00,00,00,00
20246000,2C6,false,Rx,0,8,F4,01,84,03,00,00,00,00
20276000,54,false,Rx,0,8,01,03,FE,FF,FE,FF,00,00
20276000,55,false,Rx,0,8,10,27,00,00,00,00,00,00
20277000,56,false,Rx,0,8,10,27,00,00,00,00,00,00
20287000,57,false,Rx,0,8,00,00,FE,FF,FE,FF,00,00
20328000,625,false,Rx,0,8,25,00,11,43,FD,BB,E4,01
20336000,60D,false,Rx,0,8,0D,10,DF,23,02,20,70,00
20428000,625,false,Rx,0,8,25,00,11,43,FD,BB,E4,01
20436000,60D,false,Rx,0,8,0D,10,DF,23,02,20,70,00
20445000,2C4,false,Rx,0,8,41,00,00,00,90,03,00,00
20446000,2C5,false,Rx,0,8,00,00,00,00,00,00,00,00
20446000,2C6,false,Rx,0,8,F4,01,84,03,00,00,00,00
20476000,54,false,Rx,0,8,01,03,FE,FF,FE,FF,00,00
20476000,55,false,Rx,0,8,10,27,00,00,00,00,00,00
20477000,56,false,Rx,0,8,10,27,00,00,00,00,00,00
20487000,57,false,Rx,0,8,00,00,FE,FF,FE,FF,00,00
20528000,625,false,Rx,0,8,25,00,11,43,FD,BB,E4,01
20536000,60D,false,Rx,0,8,0D,10,DF,23,02,20,70,00
20628000,625,false,Rx,0,8,25,00,11,43,FD,BB,E4,01
20636000,60D,false,Rx,0,8,0D,10,DF,23,02,20,70,00
20645000,2C4,false,Rx,0,8,41,00,00,00,90,03,00,00
20646000,2C5,false,Rx,0,8,00,00,00,00,00,00,00,00
20646000,2C6,false,Rx,0,8,F4,01,84,03,00,00,00,00
20676000,54,false,Rx,0,8,01,03,FE,FF,FE,FF,00,00
20676000,55,false,Rx,0,8,10,27,00,00,00,00,00,00
20677000,56,false,Rx,0,8,10,27,00,00,00,00,00,00
20687000,57,false,Rx,0,8,00,00,FE,FF,FE,FF,00,00
20728000,625,false,Rx,0,8,25,00,11,43,FD,BB,E4,01
20736000,60D,false,Rx,0,8,0D,10,DF,23,02,20,70,00
20828000,625,false,Rx,0,8,25,00,11,43,FD,BB,E4,01
20836000,60D,false,Rx,0,8,0D,10,DF,23,02,20,70,00
20845000,2C4,false,Rx,0,8,41,00,00,00,90,03,00,00
20846000,2C5,false,Rx,0,8,00,00,00,00,00,00,00,00
20846000,2C6,false,Rx,0,8,F4,01,84,03,00,00,00,00
20876000,54,false,Rx,0,8,01,03,FE,FF,FE,FF,00,00
20876000,55,false,Rx,0,8,10,27,00,00,00,00,00,00
20877000,56,false,Rx,0,8,10,27,00,00,00,00,00,00
20887000,57,false,Rx,0,8,00,00,FE,FF,FE,FF,00,00
20928000,625,false,Rx,0,8,25,00,11,43,FD,BB,E4,01
20936000,60D,false,Rx,0,8,0D,10,DF,23,02,20,70,00
21028000,625,false,Rx,0,8,25,00,11,43,FD,BB,E4,01
21036000,60D,false,Rx,0,8,0D,10,DF,23,02,20,70,00
21045000,2C4,false,Rx,0,8,41,00,00,00,90,03,00,00
21046000,2C5,false,Rx,0,8,00,00,00,00,00,00,00,00
21046000,2C6,false,Rx,0,8,F4,01,84,03,00,00,00,00
21076000,54,false,Rx,0,8,01,03,FE,FF,FE,FF,00,00
21076000,55,false,Rx,0,8,10,27,00,00,00,00,00,00
21077000,56,false,Rx,0,8,10,27,00,00,00,00,00,00
21087000,57,false,Rx,0,8,00,00,FE,FF,FE,FF,00,00
21128000,625,false,Rx,0,8,25,00,11,43,FD,BB,E4,01
21136000,60D,false,Rx,0,8,0D,10,DF,23,02,20,70,00
21228000,625,false,Rx,0,8,25,00,11,43,FD,BB,E4,01
21236000,60D,false,Rx,0,8,0D,10,DF,23,02,20,70,00
21245000,2C4,false,Rx,0,8,41,00,00,00,90,03,00,00
21246000,2C5,false,Rx,0,8,00,00,00,00,00,00,00,00
21246000,2C6,false,Rx,0,8,F4,01,84,03,00,00,00,00
21276000,54,false,Rx,0,8,01,03,FE,FF,FE,FF,00,00
21276000,55,false,Rx,0,8,10,27,00,00,00,00,00,00
21277000,56,false,Rx,0,8,10,27,00,00,00,00,00,00
21287000,57,false,Rx,0,8,00,00,FE,FF,FE,FF,00,00
21328000,625,false,Rx,0,8,25,00,11,43,FD,BB,E4,01
21336000,60D,false,Rx,0,8,0D,10,DF,23,02,20,70,00
21428000,625,false,Rx,0,8,25,00,11,43,FD,BB,E4,01
21436000,60D,false,Rx,0,8,0D,10,DF,23,02,20,70,00
21445000,2C4,false,Rx,0,8,41,00,00,00,90,03,00,00
21446000,2C5,false,Rx,0,8,00,00,00,00,00,00,00,00
21446000,2C6,false,Rx,0,8,F4,01,84,03,00,00,00,00
21476000,54,false,Rx,0,8,01,03,FE,FF,FE,FF,00,00
21476000,55,false,Rx,0,8,10,27,00,00,00,00,00,00
21477000,56,false,Rx,0,8,10,27,00,00,00,00,00,00
21487000,57,false,Rx,0,8,00,00,FE,FF,FE,FF,00,00
21528000,625,false,Rx,0,8,25,00,11,43,FD,BB,E4,01
21536000,60D,false,Rx,0,8,0D,10,DF,23,02,20,70,00
21628000,625,false,Rx,0,8,25,00,11,43,FD,BB,E4,01
21636000,60D,false,Rx,0,8,0D,10,DF,23,02,20,70,00
21645000,2C4,false,Rx,0,8,41,00,00,00,90,03,00,00
21646000,2C5,false,Rx,0,8,00,00,00,00,00,00,00,00
21646000,2C6,false,Rx,0,8,F4,01,84,03,00,00,00,00
21676000,54,false,Rx,0,8,01,03,FE,FF,FE,FF,00,00
21676000,55,false,Rx,0,8,10,27,00,00,00,00,00,00
21677000,56,false,Rx,0,8,10,27,00,00,00,00,00,00
21687000,57,false,Rx,0,8,00,00,FE,FF,FE,FF,00,00
21728000,625,false,Rx,0,8,25,00,11,43,FD,BB,E4,01
21736000,60D,false,Rx,0,8,0D,10,DF,23,02,20,70,00
21828000,625,false,Rx,0,8,25,00,11,43,FD,BB,E4,01
21836000,60D,false,Rx,0,8,0D,10,DF,23,02,20,70,00
21845000,2C4,false,Rx,0,8,41,00,00,00,90,03,00,00
21846000,2C5,false,Rx,0,8,00,00,00,00,00,00,00,00
21846000,2C6,false,Rx,0,8,F4,01,84,03,00,00,00,00
21876000,54,false,Rx,0,8,01,03,FE,FF,FE,FF,00,00
21876000,55,false,Rx,0,8,10,27,00,00,00,00,00,00
21877000,56,false,Rx,0,8,10,27,00,00,00,00,00,00
21887000,57,false,Rx,0,8,00,00,FE,FF,FE,FF,00,00
21928000,625,false,Rx,0,8,25,00,11,43,FD,BB,E4,01
21936000,60D,false,Rx,0,8,0D,10,DF,23,02,20,70,00
22028000,625,false,Rx,0,8,25,00,11,43,FD,BB,E4,01
22036000,60D,false,Rx,0,8,0D,10,DF,23,02,20,70,00
22045000,2C4,false,Rx,0,8,41,00,00,00,90,03,00,00
22046000,2C5,false,Rx,0,8,00,00,00,00,00,00,00,00
22046000,2C6,false,Rx,0,8,F4,01,84,03,00,00,00,00
22076000,54,false,Rx,0,8,01,03,FE,FF,FE,FF,00,00
22076000,55,false,Rx,0,8,10,27,00,00,00,00,00,00
22077000,56,false,Rx,0,8,10,27,00,00,00,00,00,00
22087000,57,false,Rx,0,8,00,00,FE,FF,FE,FF,00,00
22128000,625,false,Rx,0,8,25,00,11,43,FD,BB,E4,01
22136000,60D,false,Rx,0,8,0D,10,DF,23,02,20,70,00
22228000,625,false,Rx,0,8,25,00,11,43,FD,BB,E4,01
22236000,60D,false,Rx,0,8,0D,10,DF,23,02,20,70,00
22245000,2C4,false,Rx,0,8,41,00,00,00,90,03,00,00
22246000,2C5,false,Rx,0,8,00,00,00,00,00,00,00,00
22246000,2C6,false,Rx,0,8,F4,01,84,03,00,00,00,00
22276000,54,false,Rx,0,8,01,03,FE,FF,FE,FF,00,00
22276000,55,false,Rx,0,8,10,27,00,00,00,00,00,00
22277000,56,false,Rx,0,8,10,27,00,00,00,00,00,00
22287000,57,false,Rx,0,8,00,00,FE,FF,FE,FF,00,00
22328000,625,false,Rx,0,8,25,00,11,43,FD,BB,E4,01
22336000,60D,false,Rx,0,8,0D,10,DF,23,02,20,70,00
22428000,625,false,Rx,0,8,25,00,11,43,FD,BB,E4,01
22436000,60D,false,Rx,0,8,0D,10,DF,23,02,20,70,00
22445000,2C4,false,Rx,0,8,41,00,00,00,90,03,00,00
22446000,2C5,false,Rx,0,8,00,00,00,00,00,00,00,00
22446000,2C6,false,Rx,0,8,F4,01,84,03,00,00,00,00
22476000,54,false,Rx,0,8,01,03,FE,FF,FE,FF,00,00
22476000,55,false,Rx,0,8,10,27,00,00,00,00,00,00
22477000,56,false,Rx,0,8,10,27,00,00,00,00,00,00
22487000,57,false,Rx,0,8,00,00,FE,FF,FE,FF,00,00
22528000,625,false,Rx,0,8,25,00,11,43,FD,BB,E4,01
22536000,60D,false,Rx,0,8,0D,10,DF,23,02,20,70,00
22628000,625,false,Rx,0,8,25,00,11,43,FD,BB,E4,01
22636000,60D,false,Rx,0,8,0D,10,DF,23,02,20,70,00
22645000,2C4,false,Rx,0,8,41,00,00,00,90,03,00,00
22646000,2C5,false,Rx,0,8,00,00,00,00,00,00,00,00
22646000,2C6,false,Rx,0,8,F4,01,84,03,00,00,00,00
22676000,54,false,Rx,0,8,01,03,FE,FF,FE,FF,00,00
22676000,55,false,Rx,0,8,10,27,00,00,00,00,00,00
22677000,56,false,Rx,0,8,10,27,00,00,00,00,00,00
22687000,57,false,Rx,0,8,00,00,FE,FF,FE,FF,00,00
22728000,625,false,Rx,0,8,25,00,11,43,FD,BB,E4,01
22736000,60D,false,Rx,0,8,0D,10,DF,23,02,20,70,00
22828000,625,false,Rx,0,8,25,00,11,43,FD,BB,E4,01
22836000,60D,false,Rx,0,8,0D,10,DF,23,02,20,70,00
22845000,2C4,false,Rx,0,8,41,00,00,00,90,03,00,00
22846000,2C5,false,Rx,0,8,00,00,00,00,00,00,00,00
22846000,2C6,false,Rx,0,8,F4,01,84,03,00,00,00,00
22876000,54,false,Rx,0,8,01,03,FE,FF,FE,FF,00,00
22876000,55,false,Rx,0,8,10,27,00,00,00,00,00,00
22877000,56,false,Rx,0,8,10,27,00,00,00,00,00,00
22887000,57,false,Rx,0,8,00,00,FE,FF,FE,FF,00,00
22928000,625,false,Rx,0,8,25,00,11,43,FD,BB,E4,01
22936000,60D,false,Rx,0,8,0D,10,DF,23,02,20,70,00
23028000,625,false,Rx,0,8,25,00,11,43,FD,BB,E4,01
23036000,60D,false,Rx,0,8,0D,10,DF,23,02,20,70,00
23045000,2C4,false,Rx,0,8,41,00,00,00,90,03,00,00
23046000,2C5,false,Rx,0,8,00,00,00,00,00,00,00,00
23046000,2C6,false,Rx,0,8,F4,01,84,03,00,00,00,00
23076000,54,false,Rx,0,8,01,03,FE,FF,FE,FF,00,00
23076000,55,false,Rx,0,8,10,27,00,00,00,00,00,00
23077000,56,false,Rx,0,8,10,27,00,00,00,00,00,00
23087000,57,false,Rx,0,8,00,00,FE,FF,FE,FF,00,00
23128000,625,false,Rx,0,8,25,00,11,43,FD,BB,E4,01
23136000,60D,false,Rx,0,8,0D,10,DF,23,02,20,70,00
23228000,625,false,Rx,0,8,25,00,11,43,FD,BB,E4,01
23236000,60D,false,Rx,0,8,0D,10,DF,23,02,20,70,00
23245000,2C4,false,Rx,0,8,C1,00,00,00,90,03,00,00
23246000,2C5,false,Rx,0,8,00,00,00,00,00,00,00,00
23246000,2C6,false,Rx,0,8,F4,01,84,03,00,00,00,00
23276000,54,false,Rx,0,8,01,03,FE,FF,FE,FF,00,00
23276000,55,false,Rx,0,8,10,27,00,00,00,00,00,00
23277000,56,false,Rx,0,8,10,27,00,00,00,00,00,00
23287000,57,false,Rx,0,8,00,00,FE,FF,FE,FF,00,00
23328000,625,false,Rx,0,8,25,00,11,43,FD,BB,E4,01
23336000,60D,false,Rx,0,8,0D,10,DF,23,02,20,70,00
23428000,625,false,Rx,0,8,25,00,11,43,FD,BB,E4,01
23437000,60D,false,Rx,0,8,0D,10,DF,23,02,20,70,00
23445000,2C4,false,Rx,0,8,C1,00,00,00,90,03,00,00
23446000,2C5,false,Rx,0,8,00,00,00,00,00,00,00,00
23446000,2C6,false,Rx,0,8,F4,01,84,03,00,00,00,00
23476000,54,false,Rx,0,8,00,00,FE,FF,FE,FF,00,00
23476000,55,false,Rx,0,8,10,27,00,00,00,00,00,00
23477000,56,false,Rx,0,8,10,27,00,00,00,00,00,00
23487000,57,false,Rx,0,8,00,00,FE,FF,FE,FF,00,00
23528000,625,false,Rx,0,8,25,00,11,43,FD,BB,E4,01
23536000,60D,false,Rx,0,8,0D,10,DF,23,02,20,70,00
23628000,625,false,Rx,0,8,25,00,11,43,FD,BB,E4,01
23637000,60D,false,Rx,0,8,0D,10,DF,23,02,20,70,00
23645000,2C4,false,Rx,0,8,03,00,00,00,90,03,00,00
23646000,2C5,false,Rx,0,8,00,00,00,00,00,00,00,00
23646000,2C6,false,Rx,0,8,F4,01,84,03,00,00,00,00
23676000,54,false,Rx,0,8,00,00,FE,FF,FE,FF,00,00
23676000,55,false,Rx,0,8,10,27,00,00,00,00,00,00
23677000,56,false,Rx,0,8,10,27,00,00,00,00,00,00
23687000,57,false,Rx,0,8,00,00,FE,FF,FE,FF,00,00
23728000,625,false,Rx,0,8,25,00,11,43,FD,BB,E4,01
23736000,60D,false,Rx,0,8,0D,10,DF,23,02,20,70,00
23828000,625,false,Rx,0,8,25,00,11,43,FD,BB,E4,01
23837000,60D,false,Rx,0,8,0D,10,DF,23,02,20,70,00
23845000,2C4,false,Rx,0,8,03,00,00,00,90,03,00,00
23846000,2C5,false,Rx,0,8,00,00,00,00,00,00,00,00
23846000,2C6,false,Rx,0,8,F4,01,84,03,00,00,00,00
23876000,54,false,Rx,0,8,00,00,FE,FF,FE,FF,00,00
23876000,55,false,Rx,0,8,10,27,00,00,00,00,00,00
23877000,56,false,Rx,0,8,10,27,00,00,00,00,00,00
23887000,57,false,Rx,0,8,00,00,FE,FF,FE,FF,00,00
23928000,625,false,Rx,0,8,25,00,11,43,FD,BB,E4,01
23936000,60D,false,Rx,0,8,0D,10,DF,23,02,20,70,00
24028000,625,false,Rx,0,8,25,00,11,43,FD,BB,E4,01
24036000,60D,false,Rx,0,8,0D,10,DF,23,02,20,70,00
24045000,2C4,false,Rx,0,8,03,00,00,00,90,03,00,00
24046000,2C5,false,Rx,0,8,00,00,00,00,00,00,00,00
24046000,2C6,false,Rx,0,8,F4,01,84,03,00,00,00,00
24076000,54,false,Rx,0,8,00,00,FE,FF,FE,FF,00,00
24076000,55,false,Rx,0,8,10,27,00,00,00,00,00,00
24077000,56,false,Rx,0,8,10,27,00,00,00,00,00,00
24087000,57,false,Rx,0,8,00,00,FE,FF,FE,FF,00,00
24128000,625,false,Rx,0,8,25,00,11,43,FD,BB,E4,01
24136000,60D,false,Rx,0,8,0D,10,DF,23,02,20,70,00
24228000,625,false,Rx,0,8,25,00,11,43,FD,BB,E4,01
24236000,60D,false,Rx,0,8,0D,10,DF,23,02,20,70,00
24245000,2C4,false,Rx,0,8,03,00,00,00,90,03,00,00
24246000,2C5,false,Rx,0,8,00,00,00,00,00,00,00,00
24246000,2C6,false,Rx,0,8,F4,01,84,03,00,00,00,00
24276000,54,false,Rx,0,8,00,00,FE,FF,FE,FF,00,00
24276000,55,false,Rx,0,8,10,27,00,00,00,00,00,00
24277000,56,false,Rx,0,8,10,27,00,00,00,00,00,00
24287000,57,false,Rx,0,8,00,00,FE,FF,FE,FF,00,00
24328000,625,false,Rx,0,8,25,00,11,43,FD,BB,E4,01
24337000,60D,false,Rx,0,8,0D,10,DF,23,02,20,70,00
24428000,625,false,Rx,0,8,25,00,11,43,FD,BB,E4,01
24436000,60D,false,Rx,0,8,0D,10,DF,23,02,20,70,00
24445000,2C4,false,Rx,0,8,03,00,00,00,90,03,00,00
24446000,2C5,false,Rx,0,8,00,00,00,00,00,00,00,00
24446000,2C6,false,Rx,0,8,F4,01,84,03,00,00,00,00
24476000,54,false,Rx,0,8,00,00,FE,FF,FE,FF,00,00
24476000,55,false,Rx,0,8,10,27,00,00,00,00,00,00
24477000,56,false,Rx,0,8,10,27,00,00,00,00,00,00
24487000,57,false,Rx,0,8,00,00,FE,FF,FE,FF,00,00
24528000,625,false,Rx,0,8,25,00,11,43,FD,BB,E4,01
24536000,60D,false,Rx,0,8,0D,10,DF,23,02,20,70,00
24628000,625,false,Rx,0,8,25,00,11,43,FD,BB,E4,01
24636000,60D,false,Rx,0,8,0D,10,DF,23,02,20,70,00
24645000,2C4,false,Rx,0,8,03,00,00,00,90,03,00,00
24646000,2C5,false,Rx,0,8,00,00,00,00,00,00,00,00
24646000,2C6,false,Rx,0,8,F4,01,84,03,00,00,00,00
24676000,54,false,Rx,0,8,00,00,FE,FF,FE,FF,00,00
24676000,55,false,Rx,0,8,10,27,00,00,00,00,00,00
24677000,56,false,Rx,0,8,10,27,00,00,00,00,00,00
24687000,57,false,Rx,0,8,00,00,FE,FF,FE,FF,00,00
24728000,625,false,Rx,0,8,25,00,11,43,FD,BB,E4,01
24736000,60D,false,Rx,0,8,0D,10,DF,23,02,20,70,00
24828000,625,false,Rx,0,8,25,00,11,43,FD,BB,E4,01
24836000,60D,false,Rx,0,8,0D,10,DF,23,02,20,70,00
24845000,2C4,false,Rx,0,8,03,00,00,00,90,03,00,00
24845000,2C5,false,Rx,0,8,00,00,00,00,00,00,00,00
24846000,2C6,false,Rx,0,8,F4,01,84,03,00,00,00,00
24876000,54,false,Rx,0,8,00,00,FE,FF,FE,FF,00,00
24876000,55,false,Rx,0,8,10,27,00,00,00,00,00,00
24877000,56,false,Rx,0,8,10,27,00,00,00,00,00,00
24887000,57,false,Rx,0,8,00,00,FE,FF,FE,FF,00,00
24928000,625,false,Rx,0,8,25,00,11,43,FD,BB,E4,01
24936000,60D,false,Rx,0,8,0D,10,DF,23,02,20,70,00
25028000,625,false,Rx,0,8,25,00,11,43,FD,BB,E4,01
25036000,60D,false,Rx,0,8,0D,10,DF,23,02,20,70,00
25045000,2C4,false,Rx,0,8,03,00,00,00,90,03,00,00
25045000,2C5,false,Rx,0,8,00,00,00,00,00,00,00,00
25046000,2C6,false,Rx,0,8,F4,01,84,03,00,00,00,00
25076000,54,false,Rx,0,8,00,00,FE,FF,FE,FF,00,00
25076000,55,false,Rx,0,8,10,27,00,00,00,00,00,00
25077000,56,false,Rx,0,8,10,27,00,00,00,00,00,00
25087000,57,false,Rx,0,8,00,00,FE,FF,FE,FF,00,00
25128000,625,false,Rx,0,8,25,00,11,43,FD,BB,E4,01
25136000,60D,false,Rx,0,8,0D,10,DF,23,02,20,70,00
25228000,625,false,Rx,0,8,25,00,11,43,FD,BB,E4,01
25236000,60D,false,Rx,0,8,0D,10,DF,23,02,20,70,00
25245000,2C4,false,Rx,0,8,03,00,00,00,90,03,00,00
25245000,2C5,false,Rx,0,8,00,00,00,00,00,00,00,00
25246000,2C6,false,Rx,0,8,F4,01,84,03,00,00,00,00
25276000,54,false,Rx,0,8,00,00,FE,FF,FE,FF,00,00
25276000,55,false,Rx,0,8,10,27,00,00,00,00,00,00
25277000,56,false,Rx,0,8,10,27,00,00,00,00,00,00
25287000,57,false,Rx,0,8,00,00,FE,FF,FE,FF,00,00
25328000,625,false,Rx,0,8,25,00,11,43,FD,BB,E4,01
25336000,60D,false,Rx,0,8,0D,10,DF,23,02,20,70,00
25428000,625,false,Rx,0,8,25,00,11,43,FD,BB,E4,01
25436000,60D,false,Rx,0,8,0D,10,DF,23,02,20,70,00
25445000,2C4,false,Rx,0,8,03,00,00,00,90,03,00,00
25445000,2C5,false,Rx,0,8,00,00,00,00,00,00,00,00
25446000,2C6,false,Rx,0,8,F4,01,84,03,00,00,00,00
25476000,54,false,Rx,0,8,00,00,FE,FF,FE,FF,00,00
25476000,55,false,Rx,0,8,10,27,00,00,00,00,00,00
25477000,56,false,Rx,0,8,10,27,00,00,00,00,00,00
25487000,57,false,Rx,0,8,00,00,FE,FF,FE,FF,00,00
25528000,625,false,Rx,0,8,25,00,11,43,FD,BB,E4,01
25536000,60D,false,Rx,0,8,0D,10,DF,23,02,20,70,00
25628000,625,false,Rx,0,8,25,00,11,43,FD,BB,E4,01
25636000,60D,false,Rx,0,8,0D,10,DF,23,02,20,70,00
25645000,2C4,false,Rx,0,8,03,00,00,00,90,03,00,00
25645000,2C5,false,Rx,0,8,00,00,00,00,00,00,00,00
25646000,2C6,false,Rx,0,8,F4,01,84,03,00,00,00,00
25676000,54,false,Rx,0,8,00,00,FE,FF,FE,FF,00,00
25676000,55,false,Rx,0,8,10,27,00,00,00,00,00,00
25677000,56,false,Rx,0,8,10,27,00,00,00,00,00,00
25687000,57,false,Rx,0,8,00,00,FE,FF,FE,FF,00,00
25728000,625,false,Rx,0,8,25,00,11,43,FD,BB,E4,01
25736000,60D,false,Rx,0,8,0D,10,DF,23,02,20,70,00
25828000,625,false,Rx,0,8,25,00,11,43,FD,BB,E4,01
25836000,60D,false,Rx,0,8,0D,10,DF,23,02,20,70,00
25845000,2C4,false,Rx,0,8,03,00,00,00,90,03,00,00
25845000,2C5,false,Rx,0,8,00,00,00,00,00,00,00,00
25846000,2C6,false,Rx,0,8,F4,01,84,03,00,00,00,00
25876000,54,false,Rx,0,8,00,00,FE,FF,FE,FF,00,00
25876000,55,false,Rx,0,8,10,27,00,00,00,00,00,00
25877000,56,false,Rx,0,8,10,27,00,00,00,00,00,00
25887000,57,false,Rx,0,8,00,00,FE,FF,FE,FF,00,00
25928000,625,false,Rx,0,8,25,00,11,43,FD,BB,E4,01
25936000,60D,false,Rx,0,8,0D,10,DF,23,02,20,70,00
26028000,625,false,Rx,0,8,25,00,11,43,FD,BB,E4,01
26036000,60D,false,Rx,0,8,0D,10,DF,23,02,20,70,00
26045000,2C4,false,Rx,0,8,03,00,00,00,90,03,00,00
26045000,2C5,false,Rx,0,8,00,00,00,00,00,00,00,00
26046000,2C6,false,Rx,0,8,F4,01,84,03,00,00,00,00
26076000,54,false,Rx,0,8,00,00,FE,FF,FE,FF,00,00
26076000,55,false,Rx,0,8,10,27,00,00,00,00,00,00
26077000,56,false,Rx,0,8,10,27,00,00,00,00,00,00
26087000,57,false,Rx,0,8,00,00,FE,FF,FE,FF,00,00
26128000,625,false,Rx,0,8,25,00,11,43,FD,BB,E4,01
26136000,60D,false,Rx,0,8,0D,10,DF,23,02,20,70,00
26228000,625,false,Rx,0,8,25,00,11,43,FD,BB,E4,01
26236000,60D,false,Rx,0,8,0D,10,DF,23,02,20,70,00
26245000,2C4,false,Rx,0,8,03,00,00,00,90,03,00,00
26245000,2C5,false,Rx,0,8,00,00,00,00,00,00,00,00
26246000,2C6,false,Rx,0,8,F4,01,84,03,00,00,00,00
26276000,54,false,Rx,0,8,00,00,FE,FF,FE,FF,00,00
26276000,55,false,Rx,0,8,10,27,00,00,00,00,00,00
26277000,56,false,Rx,0,8,10,27,00,00,00,00,00,00
26287000,57,false,Rx,0,8,00,00,FE,FF,FE,FF,00,00
26328000,625,false,Rx,0,8,25,00,11,43,FD,BB,E4,01
26336000,60D,false,Rx,0,8,0D,10,DF,23,02,20,70,00
26428000,625,false,Rx,0,8,25,00,11,43,FD,BB,E4,01
26436000,60D,false,Rx,0,8,0D,10,DF,23,02,20,70,00
26445000,2C4,false,Rx,0,8,03,00,00,00,90,03,00,00
26445000,2C5,false,Rx,0,8,00,00,00,00,00,00,00,00
26446000,2C6,false,Rx,0,8,F4,01,84,03,00,00,00,00
26476000,54,false,Rx,0,8,00,00,FE,FF,FE,FF,00,00
26476000,55,false,Rx,0,8,10,27,00,00,00,00,00,00
26477000,56,false,Rx,0,8,10,27,00,00,00,00,00,00
26487000,57,false,Rx,0,8,00,00,FE,FF,FE,FF,00,00
26528000,625,false,Rx,0,8,25,00,11,43,FD,BB,E4,01
26536000,60D,false,Rx,0,8,0D,10,DF,23,02,20,70,00
26628000,625,false,Rx,0,8,25,00,11,43,FD,BB,E4,01
26636000,60D,false,Rx,0,8,0D,10,DF,23,02,20,70,00
26645000,2C4,false,Rx,0,8,03,00,00,00,90,03,00,00
26645000,2C5,false,Rx,0,8,00,00,00,00,00,00,00,00
26646000,2C6,false,Rx,0,8,F4,01,84,03,00,00,00,00
26676000,54,false,Rx,0,8,00,00,FE,FF,FE,FF,00,00
26676000,55,false,Rx,0,8,10,27,00,00,00,00,00,00
26677000,56,false,Rx,0,8,10,27,00,00,00,00,00,00
26687000,57,false,Rx,0,8,00,00,FE,FF,FE,FF,00,00
26728000,625,false,Rx,0,8,25,00,11,43,FD,BB,E4,01
26736000,60D,false,Rx,0,8,0D,10,DF,23,02,20,70,00
26828000,625,false,Rx,0,8,25,00,11,43,FD,BB,E4,01
26836000,60D,false,Rx,0,8,0D,10,DF,23,02,20,70,00
26845000,2C4,false,Rx,0,8,03,00,00,00,90,03,00,00
26845000,2C5,false,Rx,0,8,00,00,00,00,00,00,00,00
26846000,2C6,false,Rx,0,8,F4,01,84,03,00,00,00,00
26876000,54,false,Rx,0,8,00,00,FE,FF,FE,FF,00,00
26876000,55,false,Rx,0,8,10,27,00,00,00,00,00,00
26876000,56,false,Rx,0,8,10,27,00,00,00,00,00,00
26887000,57,false,Rx,0,8,00,00,FE,FF,FE,FF,00,00
26928000,625,false,Rx,0,8,25,00,11,43,FD,BB,E4,01
26936000,60D,false,Rx,0,8,0D,10,DF,23,02,20,70,00
27028000,625,false,Rx,0,8,25,00,11,43,FD,BB,E4,01
27036000,60D,false,Rx,0,8,0D,10,DF,23,02,20,70,00
27045000,2C4,false,Rx,0,8,03,00,00,00,90,03,00,00
27045000,2C5,false,Rx,0,8,00,00,00,00,00,00,00,00
27046000,2C6,false,Rx,0,8,F4,01,84,03,00,00,00,00
27076000,54,false,Rx,0,8,00,00,FE,FF,FE,FF,00,00
27076000,55,false,Rx,0,8,10,27,00,00,00,00,00,00
27076000,56,false,Rx,0,8,10,27,00,00,00,00,00,00
27087000,57,false,Rx,0,8,00,00,FE,FF,FE,FF,00,00
27128000,625,false,Rx,0,8,25,00,11,43,FD,BB,E4,01
27136000,60D,false,Rx,0,8,0D,10,DF,23,02,20,70,00
27228000,625,false,Rx,0,8,25,00,11,43,FD,BB,E4,01
27236000,60D,false,Rx,0,8,0D,10,DF,23,02,20,70,00
27245000,2C4,false,Rx,0,8,03,00,00,00,90,03,00,00
27245000,2C5,false,Rx,0,8,00,00,00,00,00,00,00,00
27246000,2C6,false,Rx,0,8,F4,01,84,03,00,00,00,00
27276000,54,false,Rx,0,8,00,00,FE,FF,FE,FF,00,00
27276000,55,false,Rx,0,8,10,27,00,00,00,00,00,00
27276000,56,false,Rx,0,8,10,27,00,00,00,00,00,00
27287000,57,false,Rx,0,8,00,00,FE,FF,FE,FF,00,00
27328000,625,false,Rx,0,8,25,00,11,43,FD,BB,E4,01
27336000,60D,false,Rx,0,8,0D,10,DF,23,02,20,70,00
27428000,625,false,Rx,0,8,25,00,11,43,FD,BB,E4,01
27436000,60D,false,Rx,0,8,0D,10,DF,23,02,20,70,00
27445000,2C4,false,Rx,0,8,03,00,00,00,90,03,00,00
27445000,2C5,false,Rx,0,8,00,00,00,00,00,00,00,00
27446000,2C6,false,Rx,0,8,F4,01,84,03,00,00,00,00
27476000,54,false,Rx,0,8,00,00,FE,FF,FE,FF,00,00
27476000,55,false,Rx,0,8,10,27,00,00,00,00,00,00
27476000,56,false,Rx,0,8,10,27,00,00,00,00,00,00
27487000,57,false,Rx,0,8,00,00,FE,FF,FE,FF,00,00
27528000,625,false,Rx,0,8,25,00,11,43,FD,BB,E4,01
27536000,60D,false,Rx,0,8,0D,10,DF,23,02,20,70,00
27628000,625,false,Rx,0,8,25,00,11,43,FD,BB,E4,01
27636000,60D,false,Rx,0,8,0D,10,DF,23,02,20,70,00
27645000,2C4,false,Rx,0,8,03,00,00,00,90,03,00,00
27645000,2C5,false,Rx,0,8,00,00,00,00,00,00,00,00
27646000,2C6,false,Rx,0,8,F4,01,84,03,00,00,00,00
27676000,54,false,Rx,0,8,00,00,FE,FF,FE,FF,00,00
27676000,55,false,Rx,0,8,10,27,00,00,00,00,00,00
27676000,56,false,Rx,0,8,10,27,00,00,00,00,00,00
27687000,57,false,Rx,0,8,00,00,FE,FF,FE,FF,00,00
27728000,625,false,Rx,0,8,25,00,11,43,FD,BB,E4,01
27736000,60D,false,Rx,0,8,0D,10,DF,23,02,20,70,00
27828000,625,false,Rx,0,8,25,00,11,43,FD,BB,E4,01
27836000,60D,false,Rx,0,8,0D,10,DF,23,02,20,70,00
27845000,2C4,false,Rx,0,8,03,00,00,00,90,03,00,00
27845000,2C5,false,Rx,0,8,00,00,00,00,00,00,00,00
27846000,2C6,false,Rx,0,8,F4,01,84,03,00,00,00,00
27876000,54,false,Rx,0,8,00,00,FE,FF,FE,FF,00,00
27876000,55,false,Rx,0,8,10,27,00,00,00,00,00,00
27876000,56,false,Rx,0,8,10,27,00,00,00,00,00,00
27887000,57,false,Rx,0,8,00,00,FE,FF,FE,FF,00,00
27928000,625,false,Rx,0,8,25,00,11,43,FD,BB,E4,01
27936000,60D,false,Rx,0,8,0D,10,DF,23,02,20,70,00
28028000,625,false,Rx,0,8,25,00,11,43,FD,BB,E4,01
28036000,60D,false,Rx,0,8,0D,10,DF,23,02,20,70,00
28045000,2C4,false,Rx,0,8,03,00,00,00,90,03,00,00
28045000,2C5,false,Rx,0,8,00,00,00,00,00,00,00,00
28046000,2C6,false,Rx,0,8,F4,01,84,03,00,00,00,00
28076000,54,false,Rx,0,8,00,00,FE,FF,FE,FF,00,00
28076000,55,false,Rx,0,8,10,27,00,00,00,00,00,00
28076000,56,false,Rx,0,8,10,27,00,00,00,00,00,00
28087000,57,false,Rx,0,8,00,00,FE,FF,FE,FF,00,00
28128000,625,false,Rx,0,8,25,00,11,43,FD,BB,E4,01
28136000,60D,false,Rx,0,8,0D,10,DF,23,02,20,70,00
28228000,625,false,Rx,0,8,25,00,11,43,FD,BB,E4,01
28236000,60D,false,Rx,0,8,0D,10,DF,23,02,20,70,00
28245000,2C4,false,Rx,0,8,03,00,00,00,90,03,00,00
28245000,2C5,false,Rx,0,8,00,00,00,00,00,00,00,00
28246000,2C6,false,Rx,0,8,F4,01,84,03,00,00,00,00
28276000,54,false,Rx,0,8,00,00,FE,FF,FE,FF,00,00
28276000,55,false,Rx,0,8,10,27,00,00,00,00,00,00
28276000,56,false,Rx,0,8,10,27,00,00,00,00,00,00
28287000,57,false,Rx,0,8,00,00,FE,FF,FE,FF,00,00
28328000,625,false,Rx,0,8,25,00,11,43,FD,BB,E4,01
28336000,60D,false,Rx,0,8,0D,10,DF,23,02,20,70,00
28428000,625,false,Rx,0,8,25,00,11,43,FD,BB,E4,01
28436000,60D,false,Rx,0,8,0D,10,DF,23,02,20,70,00
28445000,2C4,false,Rx,0,8,03,00,00,00,90,03,00,00
28445000,2C5,false,Rx,0,8,00,00,00,00,00,00,00,00
28446000,2C6,false,Rx,0,8,F4,01,84,03,00,00,00,00
28476000,54,false,Rx,0,8,00,00,FE,FF,FE,FF,00,00
28476000,55,false,Rx,0,8,10,27,00,00,00,00,00,00
28476000,56,false,Rx,0,8,10,27,00,00,00,00,00,00
28487000,57,false,Rx,0,8,00,00,FE,FF,FE,FF,00,00
28528000,625,false,Rx,0,8,25,00,11,43,FD,BB,E4,01
28536000,60D,false,Rx,0,8,0D,10,DF,23,02,20,70,00
28628000,625,false,Rx,0,8,25,00,11,43,FD,BB,E4,01
28636000,60D,false,Rx,0,8,0D,10,DF,23,02,20,70,00
28645000,2C4,false,Rx,0,8,03,00,00,00,90,03,00,00
28645000,2C5,false,Rx,0,8,00,00,00,00,00,00,00,00
28646000,2C6,false,Rx,0,8,F4,01,84,03,00,00,00,00
28676000,54,false,Rx,0,8,00,00,FE,FF,FE,FF,00,00
28676000,55,false,Rx,0,8,10,27,00,00,00,00,00,00
28676000,56,false,Rx,0,8,10,27,00,00,00,00,00,00
28687000,57,false,Rx,0,8,00,00,FE,FF,FE,FF,00,00
28728000,625,false,Rx,0,8,25,00,11,43,FD,BB,E4,01
28736000,60D,false,Rx,0,8,0D,10,DF,23,02,20,70,00
28828000,625,false,Rx,0,8,25,00,11,43,FD,BB,E4,01
28836000,60D,false,Rx,0,8,0D,10,DF,23,02,20,70,00
28845000,2C4,false,Rx,0,8,03,00,00,00,90,03,00,00
28845000,2C5,false,Rx,0,8,00,00,00,00,00,00,00,00
28846000,2C6,false,Rx,0,8,F4,01,84,03,00,00,00,00
28876000,54,false,Rx,0,8,00,00,FE,FF,FE,FF,00,00
28876000,55,false,Rx,0,8,10,27,00,00,00,00,00,00
28876000,56,false,Rx,0,8,10,27,00,00,00,00,00,00
28887000,57,false,Rx,0,8,00,00,FE,FF,FE,FF,00,00
28928000,625,false,Rx,0,8,25,00,11,43,FD,BB,E4,01
28936000,60D,false,Rx,0,8,0D,10,DF,23,02,20,70,00
29028000,625,false,Rx,0,8,25,00,11,43,FD,BB,E4,01
29036000,60D,false,Rx,0,8,0D,10,DF,23,02,20,70,00
29045000,2C4,false,Rx,0,8,03,00,00,00,90,03,00,00
29045000,2C5,false,Rx,0,8,00,00,00,00,00,00,00,00
29046000,2C6,false,Rx,0,8,F4,01,84,03,00,00,00,00
29076000,54,false,Rx,0,8,00,00,FE,FF,FE,FF,00,00
29076000,55,false,Rx,0,8,10,27,00,00,00,00,00,00
29076000,56,false,Rx,0,8,10,27,00,00,00,00,00,00
29087000,57,false,Rx,0,8,00,00,FE,FF,FE,FF,00,00
29128000,625,false,Rx,0,8,25,00,11,43,FD,BB,E4,01
29136000,60D,false,Rx,0,8,0D,10,DF,23,02,20,70,00
29228000,625,false,Rx,0,8,25,00,11,43,FD,BB,E4,01
29236000,60D,false,Rx,0,8,0D,10,DF,23,02,20,70,00
29245000,2C4,false,Rx,0,8,03,00,00,00,90,03,00,00
29245000,2C5,false,Rx,0,8,00,00,00,00,00,00,00,00
29246000,2C6,false,Rx,0,8,F4,01,84,03,00,00,00,00
29276000,54,false,Rx,0,8,00,00,FE,FF,FE,FF,00,00
29276000,55,false,Rx,0,8,10,27,00,00,00,00,00,00
29277000,56,false,Rx,0,8,10,27,00,00,00,00,00,00
29287000,57,false,Rx,0,8,00,00,FE,FF,FE,FF,00,00
29328000,625,false,Rx,0,8,25,00,11,43,FD,BB,E4,01
29336000,60D,false,Rx,0,8,0D,10,DF,23,02,20,70,00
29428000,625,false,Rx,0,8,25,00,11,43,FD,BB,E4,01
29436000,60D,false,Rx,0,8,0D,10,DF,23,02,20,70,00
29445000,2C4,false,Rx,0,8,03,00,00,00,90,03,00,00
29445000,2C5,false,Rx,0,8,00,00,00,00,00,00,00,00
29446000,2C6,false,Rx,0,8,F4,01,84,03,00,00,00,00
29476000,54,false,Rx,0,8,00,00,FE,FF,FE,FF,00,00
29476000,55,false,Rx,0,8,10,27,00,00,00,00,00,00
29476000,56,false,Rx,0,8,10,27,00,00,00,00,00,00
29487000,57,false,Rx,0,8,00,00,FE,FF,FE,FF,00,00
29528000,625,false,Rx,0,8,25,00,11,43,FD,BB,E4,01
29536000,60D,false,Rx,0,8,0D,10,DF,23,02,20,70,00
29628000,625,false,Rx,0,8,25,00,11,43,FD,BB,E4,01
29636000,60D,false,Rx,0,8,0D,10,DF,23,02,20,70,00
29645000,2C4,false,Rx,0,8,03,00,00,00,90,03,00,00
29645000,2C5,false,Rx,0,8,00,00,00,00,00,00,00,00
29645000,2C6,false,Rx,0,8,F4,01,84,03,00,00,00,00
29676000,54,false,Rx,0,8,00,00,FE,FF,FE,FF,00,00
29676000,55,false,Rx,0,8,10,27,00,00,00,00,00,00
29677000,56,false,Rx,0,8,10,27,00,00,00,00,00,00
29687000,57,false,Rx,0,8,00,00,FE,FF,FE,FF,00,00
29728000,625,false,Rx,0,8,25,00,11,43,FD,BB,E4,01
29736000,60D,false,Rx,0,8,0D,10,DF,23,02,20,70,00
29828000,625,false,Rx,0,8,25,00,11,43,FD,BB,E4,01
29836000,60D,false,Rx,0,8,0D,10,DF,23,02,20,70,00
29845000,2C4,false,Rx,0,8,03,00,00,00,90,03,00,00
29845000,2C5,false,Rx,0,8,00,00,00,00,00,00,00,00
29845000,2C6,false,Rx,0,8,F4,01,84,03,00,00,00,00
29876000,54,false,Rx,0,8,00,00,FE,FF,FE,FF,00,00
29876000,55,false,Rx,0,8,10,27,00,00,00,00,00,00
29876000,56,false,Rx,0,8,10,27,00,00,00,00,00,00
29887000,57,false,Rx,0,8,00,00,FE,FF,FE,FF,00,00
29928000,625,false,Rx,0,8,25,00,11,43,FD,BB,E4,01
29936000,60D,false,Rx,0,8,0D,10,DF,23,02,20,70,00
30028000,625,false,Rx,0,8,25,00,11,43,FD,BB,E4,01
30036000,60D,false,Rx,0,8,0D,10,DF,23,02,20,70,00
30045000,2C4,false,Rx,0,8,03,00,00,00,90,03,00,00
30045000,2C5,false,Rx,0,8,00,00,00,00,00,00,00,00
30045000,2C6,false,Rx,0,8,F4,01,84,03,00,00,00,00
30076000,54,false,Rx,0,8,00,00,FE,FF,FE,FF,00,00
30076000,55,false,Rx,0,8,10,27,00,00,00,00,00,00
30076000,56,false,Rx,0,8,10,27,00,00,00,00,00,00
30087000,57,false,Rx,0,8,00,00,FE,FF,FE,FF,00,00
30128000,625,false,Rx,0,8,25,00,11,43,FD,BB,E4,01
30136000,60D,false,Rx,0,8,0D,10,DF,23,02,20,70,00
30228000,625,false,Rx,0,8,25,00,11,43,FD,BB,E4,01
30236000,60D,false,Rx,0,8,0D,10,DF,23,02,20,70,00
30245000,2C4,false,Rx,0,8,03,00,00,00,90,03,00,00
30245000,2C5,false,Rx,0,8,00,00,00,00,00,00,00,00
30245000,2C6,false,Rx,0,8,F4,01,84,03,00,00,00,00
30276000,54,false,Rx,0,8,00,00,FE,FF,FE,FF,00,00
30276000,55,false,Rx,0,8,10,27,00,00,00,00,00,00
30276000,56,false,Rx,0,8,10,27,00,00,00,00,00,00
30287000,57,false,Rx,0,8,00,00,FE,FF,FE,FF,00,00
30328000,625,false,Rx,0,8,25,00,11,43,FD,BB,E4,01
30336000,60D,false,Rx,0,8,0D,10,DF,23,02,20,70,00
30428000,625,false,Rx,0,8,25,00,11,43,FD,BB,E4,01
30436000,60D,false,Rx,0,8,0D,10,DF,23,02,20,70,00
30445000,2C4,false,Rx,0,8,03,00,00,00,90,03,00,00
30445000,2C5,false,Rx,0,8,00,00,00,00,00,00,00,00
30445000,2C6,false,Rx,0,8,F4,01,84,03,00,00,00,00
30476000,54,false,Rx,0,8,00,00,FE,FF,FE,FF,00,00
30476000,55,false,Rx,0,8,10,27,00,00,00,00,00,00
30476000,56,false,Rx,0,8,10,27,00,00,00,00,00,00
30487000,57,false,Rx,0,8,00,00,FE,FF,FE,FF,00,00
30528000,625,false,Rx,0,8,25,00,11,43,FD,BB,E4,01
30536000,60D,false,Rx,0,8,0D,10,DF,23,02,20,70,00
30628000,625,false,Rx,0,8,25,00,11,43,FD,BB,E4,01
30636000,60D,false,Rx,0,8,0D,10,DF,23,02,20,70,00
30645000,2C4,false,Rx,0,8,03,00,00,00,90,03,00,00
30645000,2C5,false,Rx,0,8,00,00,00,00,00,00,00,00
30645000,2C6,false,Rx,0,8,F4,01,84,03,00,00,00,00
30676000,54,false,Rx,0,8,00,00,FE,FF,FE,FF,00,00
30676000,55,false,Rx,0,8,10,27,00,00,00,00,00,00
30676000,56,false,Rx,0,8,10,27,00,00,00,00,00,00
30687000,57,false,Rx,0,8,00,00,FE,FF,FE,FF,00,00
30728000,625,false,Rx,0,8,25,00,11,43,FD,BB,E4,01
30736000,60D,false,Rx,0,8,0D,10,DF,23,02,20,70,00
30828000,625,false,Rx,0,8,25,00,11,43,FD,BB,E4,01
30836000,60D,false,Rx,0,8,0D,10,DF,23,02,20,70,00
30845000,2C4,false,Rx,0,8,03,00,00,00,90,03,00,00
30845000,2C5,false,Rx,0,8,00,00,00,00,00,00,00,00
30845000,2C6,false,Rx,0,8,F4,01,84,03,00,00,00,00
30876000,54,false,Rx,0,8,00,00,FE,FF,FE,FF,00,00
30876000,55,false,Rx,0,8,10,27,00,00,00,00,00,00
30876000,56,false,Rx,0,8,10,27,00,00,00,00,00,00
30887000,57,false,Rx,0,8,00,00,FE,FF,FE,FF,00,00
30928000,625,false,Rx,0,8,25,00,11,43,FD,BB,E4,01
30936000,60D,false,Rx,0,8,0D,10,DF,23,02,20,70,00
31028000,625,false,Rx,0,8,25,00,11,43,FD,BB,E4,01
31036000,60D,false,Rx,0,8,0D,10,DF,23,02,20,70,00
31045000,2C4,false,Rx,0,8,03,00,00,00,90,03,00,00
31045000,2C5,false,Rx,0,8,00,00,00,00,00,00,00,00
31045000,2C6,false,Rx,0,8,F4,01,84,03,00,00,00,00
31076000,54,false,Rx,0,8,00,00,FE,FF,FE,FF,00,00
31076000,55,false,Rx,0,8,10,27,00,00,00,00,00,00
31076000,56,false,Rx,0,8,10,27,00,00,00,00,00,00
31087000,57,false,Rx,0,8,00,00,FE,FF,FE,FF,00,00
31128000,625,false,Rx,0,8,25,00,11,43,FD,BB,E4,01
31136000,60D,false,Rx,0,8,0D,10,DF,23,02,20,70,00
31228000,625,false,Rx,0,8,25,00,11,43,FD,BB,E4,01
31236000,60D,false,Rx,0,8,0D,10,DF,23,02,20,70,00
31245000,2C4,false,Rx,0,8,03,00,00,00,90,03,00,00
31245000,2C5,false,Rx,0,8,00,00,00,00,00,00,00,00
31245000,2C6,false,Rx,0,8,F4,01,84,03,00,00,00,00
31276000,54,false,Rx,0,8,00,00,FE,FF,FE,FF,00,00
31276000,55,false,Rx,0,8,10,27,00,00,00,00,00,00
31276000,56,false,Rx,0,8,10,27,00,00,00,00,00,00
31287000,57,false,Rx,0,8,00,00,FE,FF,FE,FF,00,00
31328000,625,false,Rx,0,8,25,00,11,43,FD,BB,E4,01
31336000,60D,false,Rx,0,8,0D,10,DF,23,02,20,70,00
31428000,625,false,Rx,0,8,25,00,11,43,FD,BB,E4,01
31436000,60D,false,Rx,0,8,0D,10,DF,23,02,20,70,00
31445000,2C4,false,Rx,0,8,03,00,00,00,90,03,00,00
31445000,2C5,false,Rx,0,8,00,00,00,00,00,00,00,00
31445000,2C6,false,Rx,0,8,F4,01,84,03,00,00,00,00
31476000,54,false,Rx,0,8,00,00,FE,FF,FE,FF,00,00
31476000,55,false,Rx,0,8,10,27,00,00,00,00,00,00
31476000,56,false,Rx,0,8,10,27,00,00,00,00,00,00
31487000,57,false,Rx,0,8,00,00,FE,FF,FE,FF,00,00
31528000,625,false,Rx,0,8,25,00,11,43,FD,BB,E4,01
31536000,60D,false,Rx,0,8,0D,10,DF,23,02,20,70,00
31628000,625,false,Rx,0,8,25,00,11,43,FD,BB,E4,01
31636000,60D,false,Rx,0,8,0D,10,DF,23,02,20,70,00
31645000,2C4,false,Rx,0,8,03,00,00,00,90,03,00,00
31645000,2C5,false,Rx,0,8,00,00,00,00,00,00,00,00
31645000,2C6,false,Rx,0,8,F4,01,84,03,00,00,00,00
31676000,54,false,Rx,0,8,00,00,FE,FF,FE,FF,00,00
31676000,55,false,Rx,0,8,10,27,00,00,00,00,00,00
31676000,56,false,Rx,0,8,10,27,00,00,00,00,00,00
31687000,57,false,Rx,0,8,00,00,FE,FF,FE,FF,00,00
31728000,625,false,Rx,0,8,25,00,11,43,FD,BB,E4,01
31736000,60D,false,Rx,0,8,0D,10,DF,23,02,20,70,00
31828000,625,false,Rx,0,8,25,00,11,43,FD,BB,E4,01
31836000,60D,false,Rx,0,8,0D,10,DF,23,02,20,70,00
31845000,2C4,false,Rx,0,8,03,00,00,00,90,03,00,00
31845000,2C5,false,Rx,0,8,00,00,00,00,00,00,00,00
31845000,2C6,false,Rx,0,8,F4,01,84,03,00,00,00,00
31876000,54,false,Rx,0,8,00,00,FE,FF,FE,FF,00,00
31876000,55,false,Rx,0,8,10,27,00,00,00,00,00,00
31876000,56,false,Rx,0,8,10,27,00,00,00,00,00,00
31887000,57,false,Rx,0,8,00,00,FE,FF,FE,FF,00,00
31928000,625,false,Rx,0,8,25,00,11,43,FD,BB,E4,01
31936000,60D,false,Rx,0,8,0D,10,DF,23,02,20,70,00
32028000,625,false,Rx,0,8,25,00,11,43,FD,BB,E4,01
32036000,60D,false,Rx,0,8,0D,10,DF,23,02,20,70,00
32045000,2C4,false,Rx,0,8,03,00,00,00,90,03,00,00
32045000,2C5,false,Rx,0,8,00,00,00,00,00,00,00,00
32045000,2C6,false,Rx,0,8,F4,01,84,03,00,00,00,00
32076000,54,false,Rx,0,8,00,00,FE,FF,FE,FF,00,00
32076000,55,false,Rx,0,8,10,27,00,00,00,00,00,00
32076000,56,false,Rx,0,8,10,27,00,00,00,00,00,00
32087000,57,false,Rx,0,8,00,00,FE,FF,FE,FF,00,00
32128000,625,false,Rx,0,8,25,00,11,43,FD,BB,E4,01
32136000,60D,false,Rx,0,8,0D,10,DF,23,02,20,70,00
32228000,625,false,Rx,0,8,25,00,11,43,FD,BB,E4,01
32236000,60D,false,Rx,0,8,0D,10,DF,23,02,20,70,00
32245000,2C4,false,Rx,0,8,03,00,00,00,90,03,00,00
32245000,2C5,false,Rx,0,8,00,00,00,00,00,00,00,00
32245000,2C6,false,Rx,0,8,F4,01,84,03,00,00,00,00
32276000,54,false,Rx,0,8,00,00,FE,FF,FE,FF,00,00
32276000,55,false,Rx,0,8,10,27,00,00,00,00,00,00
32276000,56,false,Rx,0,8,10,27,00,00,00,00,00,00
32287000,57,false,Rx,0,8,00,00,FE,FF,FE,FF,00,00
32328000,625,false,Rx,0,8,25,00,11,43,FD,BB,E4,01
32336000,60D,false,Rx,0,8,0D,10,DF,23,02,20,70,00
32428000,625,false,Rx,0,8,25,00,11,43,FD,BB,E4,01
32436000,60D,false,Rx,0,8,0D,10,DF,23,02,20,70,00
32445000,2C4,false,Rx,0,8,03,00,00,00,90,03,00,00
32445000,2C5,false,Rx,0,8,00,00,00,00,00,00,00,00
32445000,2C6,false,Rx,0,8,F4,01,84,03,00,00,00,00
32476000,54,false,Rx,0,8,00,00,FE,FF,FE,FF,00,00
32476000,55,false,Rx,0,8,10,27,00,00,00,00,00,00
32476000,56,false,Rx,0,8,10,27,00,00,00,00,00,00
32487000,57,false,Rx,0,8,00,00,FE,FF,FE,FF,00,00
32528000,625,false,Rx,0,8,25,00,11,43,FD,BB,E4,01
32536000,60D,false,Rx,0,8,0D,10,DF,23,02,20,70,00
32628000,625,false,Rx,0,8,25,00,11,43,FD,BB,E4,01
32636000,60D,false,Rx,0,8,0D,10,DF,23,02,20,70,00
32645000,2C4,false,Rx,0,8,03,00,00,00,90,03,00,00
32645000,2C5,false,Rx,0,8,00,00,00,00,00,00,00,00
32645000,2C6,false,Rx,0,8,F4,01,84,03,00,00,00,00
32676000,54,false,Rx,0,8,00,00,FE,FF,FE,FF,00,00
32676000,55,false,Rx,0,8,10,27,00,00,00,00,00,00
32676000,56,false,Rx,0,8,10,27,00,00,00,00,00,00
32687000,57,false,Rx,0,8,00,00,FE,FF,FE,FF,00,00
32728000,625,false,Rx,0,8,25,00,11,43,FD,BB,E4,01
32736000,60D,false,Rx,0,8,0D,10,DF,23,02,20,70,00
32828000,625,false,Rx,0,8,25,00,11,43,FD,BB,E4,01
32836000,60D,false,Rx,0,8,0D,10,DF,23,02,20,70,00
32845000,2C4,false,Rx,0,8,03,00,00,00,90,03,00,00
32845000,2C5,false,Rx,0,8,00,00,00,00,00,00,00,00
32845000,2C6,false,Rx,0,8,F4,01,84,03,00,00,00,00
32876000,54,false,Rx,0,8,00,00,FE,FF,FE,FF,00,00
32876000,55,false,Rx,0,8,10,27,00,00,00,00,00,00
32876000,56,false,Rx,0,8,10,27,00,00,00,00,00,00
32887000,57,false,Rx,0,8,00,00,FE,FF,FE,FF,00,00
32928000,625,false,Rx,0,8,25,00,11,43,FD,BB,E4,01
32936000,60D,false,Rx,0,8,0D,10,DF,23,02,20,70,00
33028000,625,false,Rx,0,8,25,00,11,43,FD,BB,E4,01
33036000,60D,false,Rx,0,8,0D,10,DF,23,02,20,70,00
33045000,2C4,false,Rx,0,8,03,00,00,00,90,03,00,00
33045000,2C5,false,Rx,0,8,00,00,00,00,00,00,00,00
33045000,2C6,false,Rx,0,8,F4,01,84,03,00,00,00,00
33076000,54,false,Rx,0,8,00,00,FE,FF,FE,FF,00,00
33076000,55,false,Rx,0,8,10,27,00,00,00,00,00,00
33076000,56,false,Rx,0,8,10,27,00,00,00,00,00,00
33087000,57,false,Rx,0,8,00,00,FE,FF,FE,FF,00,00
33128000,625,false,Rx,0,8,25,00,11,43,FD,BB,E4,01
33136000,60D,false,Rx,0,8,0D,10,DF,23,02,20,70,00
33228000,625,false,Rx,0,8,25,00,11,43,FD,BB,E4,01
33236000,60D,false,Rx,0,8,0D,10,DF,23,02,20,70,00
33245000,2C4,false,Rx,0,8,03,00,00,00,90,03,00,00
33245000,2C5,false,Rx,0,8,00,00,00,00,00,00,00,00
33245000,2C6,false,Rx,0,8,F4,01,84,03,00,00,00,00
33276000,54,false,Rx,0,8,00,00,FE,FF,FE,FF,00,00
33276000,55,false,Rx,0,8,10,27,00,00,00,00,00,00
33276000,56,false,Rx,0,8,10,27,00,00,00,00,00,00
33287000,57,false,Rx,0,8,00,00,FE,FF,FE,FF,00,00
33328000,625,false,Rx,0,8,25,00,11,43,FD,BB,E4,01
33336000,60D,false,Rx,0,8,0D,10,DF,23,02,20,70,00
33428000,625,false,Rx,0,8,25,00,11,43,FD,BB,E4,01
33436000,60D,false,Rx,0,8,0D,10,DF,23,02,20,70,00
33445000,2C4,false,Rx,0,8,03,00,00,00,90,03,00,00
33445000,2C5,false,Rx,0,8,00,00,00,00,00,00,00,00
33445000,2C6,false,Rx,0,8,F4,01,84,03,00,00,00,00
33476000,54,false,Rx,0,8,00,00,FE,FF,FE,FF,00,00
33476000,55,false,Rx,0,8,10,27,00,00,00,00,00,00
33476000,56,false,Rx,0,8,10,27,00,00,00,00,00,00
33487000,57,false,Rx,0,8,00,00,FE,FF,FE,FF,00,00
33528000,625,false,Rx,0,8,25,00,11,43,FD,BB,E4,01
33536000,60D,false,Rx,0,8,0D,10,DF,23,02,20,70,00
33628000,625,false,Rx,0,8,25,00,11,43,FD,BB,E4,01
33636000,60D,false,Rx,0,8,0D,10,DF,23,02,20,70,00
33645000,2C4,false,Rx,0,8,03,00,00,00,90,03,00,00
33645000,2C5,false,Rx,0,8,00,00,00,00,00,00,00,00
33645000,2C6,false,Rx,0,8,F4,01,84,03,00,00,00,00
33676000,54,false,Rx,0,8,00,00,FE,FF,FE,FF,00,00
33676000,55,false,Rx,0,8,10,27,00,00,00,00,00,00
33676000,56,false,Rx,0,8,10,27,00,00,00,00,00,00
33687000,57,false,Rx,0,8,00,00,FE,FF,FE,FF,00,00
33728000,625,false,Rx,0,8,25,00,11,43,FD,BB,E4,01
33736000,60D,false,Rx,0,8,0D,10,DF,23,02,20,70,00
33828000,625,false,Rx,0,8,25,00,11,43,FD,BB,E4,01
33836000,60D,false,Rx,0,8,0D,10,DF,23,02,20,70,00
33845000,2C4,false,Rx,0,8,03,00,00,00,90,03,00,00
33845000,2C5,false,Rx,0,8,00,00,00,00,00,00,00,00
33845000,2C6,false,Rx,0,8,F4,01,84,03,00,00,00,00
33876000,54,false,Rx,0,8,00,00,FE,FF,FE,FF,00,00
33876000,55,false,Rx,0,8,10,27,00,00,00,00,00,00
33876000,56,false,Rx,0,8,10,27,00,00,00,00,00,00
33887000,57,false,Rx,0,8,00,00,FE,FF,FE,FF,00,00
33928000,625,false,Rx,0,8,25,00,11,43,FD,BB,E4,01
33936000,60D,false,Rx,0,8,0D,10,DF,23,02,20,70,00
34028000,625,false,Rx,0,8,25,00,11,43,FD,BB,E4,01
34036000,60D,false,Rx,0,8,0D,10,DF,23,02,20,70,00
34045000,2C4,false,Rx,0,8,03,00,00,00,90,03,00,00
34045000,2C5,false,Rx,0,8,00,00,00,00,00,00,00,00
34045000,2C6,false,Rx,0,8,F4,01,84,03,00,00,00,00
34076000,54,false,Rx,0,8,00,00,FE,FF,FE,FF,00,00
34076000,55,false,Rx,0,8,10,27,00,00,00,00,00,00
34076000,56,false,Rx,0,8,10,27,00,00,00,00,00,00
34087000,57,false,Rx,0,8,00,00,FE,FF,FE,FF,00,00
34128000,625,false,Rx,0,8,25,00,11,43,FD,BB,E4,01
34136000,60D,false,Rx,0,8,0D,10,DF,23,02,20,70,00
34228000,625,false,Rx,0,8,25,00,11,43,FD,BB,E4,01
34236000,60D,false,Rx,0,8,0D,10,DF,23,02,20,70,00
34245000,2C4,false,Rx,0,8,03,00,00,00,90,03,00,00
34245000,2C5,false,Rx,0,8,00,00,00,00,00,00,00,00
34245000,2C6,false,Rx,0,8,F4,01,84,03,00,00,00,00
34276000,54,false,Rx,0,8,00,00,FE,FF,FE,FF,00,00
34276000,55,false,Rx,0,8,10,27,00,00,00,00,00,00
34277000,56,false,Rx,0,8,10,27,00,00,00,00,00,00
34287000,57,false,Rx,0,8,00,00,FE,FF,FE,FF,00,00
34328000,625,false,Rx,0,8,25,00,11,43,FD,BB,E4,01
34337000,60D,false,Rx,0,8,0D,10,DF,23,02,20,70,00
34428000,625,false,Rx,0,8,25,00,11,43,FD,BB,E4,01
34436000,60D,false,Rx,0,8,0D,10,DF,23,02,20,70,00
34445000,2C4,false,Rx,0,8,03,00,00,00,90,03,00,00
34445000,2C5,false,Rx,0,8,00,00,00,00,00,00,00,00
34445000,2C6,false,Rx,0,8,F4,01,84,03,00,00,00,00
34476000,54,false,Rx,0,8,00,00,FE,FF,FE,FF,00,00
34476000,55,false,Rx,0,8,10,27,00,00,00,00,00,00
34476000,56,false,Rx,0,8,10,27,00,00,00,00,00,00
34487000,57,false,Rx,0,8,00,00,FE,FF,FE,FF,00,00
34528000,625,false,Rx,0,8,25,00,11,43,FD,BB,E4,01
34536000,60D,false,Rx,0,8,0D,10,DF,23,02,20,70,00
34628000,625,false,Rx,0,8,25,00,11,43,FD,BB,E4,01
34636000,60D,false,Rx,0,8,0D,10,DF,23,02,20,70,00
34645000,2C4,false,Rx,0,8,03,00,00,00,90,03,00,00
34645000,2C5,false,Rx,0,8,00,00,00,00,00,00,00,00
34645000,2C6,false,Rx,0,8,F4,01,84,03,00,00,00,00
34676000,54,false,Rx,0,8,00,00,FE,FF,FE,FF,00,00
34676000,55,false,Rx,0,8,10,27,00,00,00,00,00,00
34676000,56,false,Rx,0,8,10,27,00,00,00,00,00,00
34687000,57,false,Rx,0,8,00,00,FE,FF,FE,FF,00,00
34728000,625,false,Rx,0,8,25,00,11,43,FD,BB,E4,01
34736000,60D,false,Rx,0,8,0D,10,DF,23,02,20,70,00
34828000,625,false,Rx,0,8,25,00,11,43,FD,BB,E4,01
34836000,60D,false,Rx,0,8,0D,10,DF,23,02,20,70,00
34845000,2C4,false,Rx,0,8,03,00,00,00,90,03,00,00
34845000,2C5,false,Rx,0,8,00,00,00,00,00,00,00,00
34845000,2C6,false,Rx,0,8,F4,01,84,03,00,00,00,00
34876000,54,false,Rx,0,8,00,00,FE,FF,FE,FF,00,00
34876000,55,false,Rx,0,8,10,27,00,00,00,00,00,00
34876000,56,false,Rx,0,8,10,27,00,00,00,00,00,00
34887000,57,false,Rx,0,8,00,00,FE,FF,FE,FF,00,00
34928000,625,false,Rx,0,8,25,00,11,43,FD,BB,E4,01
34936000,60D,false,Rx,0,8,0D,10,DF,23,02,20,70,00
35028000,625,false,Rx,0,8,25,00,11,43,FD,BB,E4,01
35036000,60D,false,Rx,0,8,0D,10,DF,23,02,20,70,00
35045000,2C4,false,Rx,0,8,03,00,00,00,90,03,00,00
35045000,2C5,false,Rx,0,8,00,00,00,00,00,00,00,00
35045000,2C6,false,Rx,0,8,F4,01,84,03,00,00,00,00
35076000,54,false,Rx,0,8,00,00,FE,FF,FE,FF,00,00
35076000,55,false,Rx,0,8,10,27,00,00,00,00,00,00
35076000,56,false,Rx,0,8,10,27,00,00,00,00,00,00
35087000,57,false,Rx,0,8,00,00,FE,FF,FE,FF,00,00
35128000,625,false,Rx,0,8,25,00,11,43,FD,BB,E4,01
35136000,60D,false,Rx,0,8,0D,10,DF,23,02,20,70,00
35228000,625,false,Rx,0,8,25,00,11,43,FD,BB,E4,01
35236000,60D,false,Rx,0,8,0D,10,DF,23,02,20,70,00
35245000,2C4,false,Rx,0,8,03,00,00,00,90,03,00,00
35245000,2C5,false,Rx,0,8,00,00,00,00,00,00,00,00
35245000,2C6,false,Rx,0,8,F4,01,84,03,00,00,00,00
35276000,54,false,Rx,0,8,00,00,FE,FF,FE,FF,00,00
35276000,55,false,Rx,0,8,10,27,00,00,00,00,00,00
35276000,56,false,Rx,0,8,10,27,00,00,00,00,00,00
35287000,57,false,Rx,0,8,00,00,FE,FF,FE,FF,00,00
35328000,625,false,Rx,0,8,25,00,11,43,FD,BB,E4,01
35336000,60D,false,Rx,0,8,0D,10,DF,23,02,20,70,00
35428000,625,false,Rx,0,8,25,00,11,43,FD,BB,E4,01
35436000,60D,false,Rx,0,8,0D,10,DF,23,02,20,70,00
35445000,2C4,false,Rx,0,8,03,00,00,00,90,03,00,00
35445000,2C5,false,Rx,0,8,00,00,00,00,00,00,00,00
35445000,2C6,false,Rx,0,8,F4,01,84,03,00,00,00,00
35476000,54,false,Rx,0,8,00,00,FE,FF,FE,FF,00,00
35476000,55,false,Rx,0,8,10,27,00,00,00,00,00,00
35476000,56,false,Rx,0,8,10,27,00,00,00,00,00,00
35487000,57,false,Rx,0,8,00,00,FE,FF,FE,FF,00,00
35528000,625,false,Rx,0,8,25,00,11,43,FD,BB,E4,01
35536000,60D,false,Rx,0,8,0D,10,DF,23,02,20,70,00
35628000,625,false,Rx,0,8,25,00,11,43,FD,BB,E4,01
35636000,60D,false,Rx,0,8,0D,10,DF,23,02,20,70,00
35645000,2C4,false,Rx,0,8,03,00,00,00,90,03,00,00
35645000,2C5,false,Rx,0,8,00,00,00,00,00,00,00,00
35645000,2C6,false,Rx,0,8,F4,01,84,03,00,00,00,00
35676000,54,false,Rx,0,8,00,00,FE,FF,FE,FF,00,00
35676000,55,false,Rx,0,8,10,27,00,00,00,00,00,00
35676000,56,false,Rx,0,8,10,27,00,00,00,00,00,00
35687000,57,false,Rx,0,8,00,00,FE,FF,FE,FF,00,00
35728000,625,false,Rx,0,8,25,00,11,43,FD,BB,E4,01
35736000,60D,false,Rx,0,8,0D,10,DF,23,02,20,70,00
35828000,625,false,Rx,0,8,25,00,11,43,FD,BB,E4,01
35836000,60D,false,Rx,0,8,0D,10,DF,23,02,20,70,00
35845000,2C4,false,Rx,0,8,03,00,00,00,90,03,00,00
35845000,2C5,false,Rx,0,8,00,00,00,00,00,00,00,00
35845000,2C6,false,Rx,0,8,F4,01,84,03,00,00,00,00
35876000,54,false,Rx,0,8,00,00,FE,FF,FE,FF,00,00
35876000,55,false,Rx,0,8,10,27,00,00,00,00,00,00
35876000,56,false,Rx,0,8,10,27,00,00,00,00,00,00
35887000,57,false,Rx,0,8,00,00,FE,FF,FE,FF,00,00
35928000,625,false,Rx,0,8,25,00,11,43,FD,BB,E4,01
35936000,60D,false,Rx,0,8,0D,10,DF,23,02,20,70,00
36028000,625,false,Rx,0,8,25,00,11,43,FD,BB,E4,01
36036000,60D,false,Rx,0,8,0D,10,DF,23,02,20,70,00
36045000,2C4,false,Rx,0,8,03,00,00,00,90,03,00,00
36045000,2C5,false,Rx,0,8,00,00,00,00,00,00,00,00
36045000,2C6,false,Rx,0,8,F4,01,84,03,00,00,00,00
36076000,54,false,Rx,0,8,00,00,FE,FF,FE,FF,00,00
36076000,55,false,Rx,0,8,10,27,00,00,00,00,00,00
36076000,56,false,Rx,0,8,10,27,00,00,00,00,00,00
36087000,57,false,Rx,0,8,00,00,FE,FF,FE,FF,00,00
36128000,625,false,Rx,0,8,25,00,11,43,FD,BB,E4,01
36136000,60D,false,Rx,0,8,0D,10,DF,23,02,20,70,00
36228000,625,false,Rx,0,8,25,00,11,43,FD,BB,E4,01
36236000,60D,false,Rx,0,8,0D,10,DF,23,02,20,70,00
36245000,2C4,false,Rx,0,8,03,00,00,00,90,03,00,00
36245000,2C5,false,Rx,0,8,00,00,00,00,00,00,00,00
36245000,2C6,false,Rx,0,8,F4,01,84,03,00,00,00,00
36276000,54,false,Rx,0,8,00,00,FE,FF,FE,FF,00,00
36276000,55,false,Rx,0,8,10,27,00,00,00,00,00,00
36276000,56,false,Rx,0,8,10,27,00,00,00,00,00,00
36287000,57,false,Rx,0,8,00,00,FE,FF,FE,FF,00,00
36328000,625,false,Rx,0,8,25,00,11,43,FD,BB,E4,01
36336000,60D,false,Rx,0,8,0D,10,DF,23,02,20,70,00
36428000,625,false,Rx,0,8,25,00,11,43,FD,BB,E4,01
36436000,60D,false,Rx,0,8,0D,10,DF,23,02,20,70,00
36445000,2C4,false,Rx,0,8,03,00,00,00,90,03,00,00
36445000,2C5,false,Rx,0,8,00,00,00,00,00,00,00,00
36445000,2C6,false,Rx,0,8,F4,01,84,03,00,00,00,00
36476000,54,false,Rx,0,8,00,00,FE,FF,FE,FF,00,00
36476000,55,false,Rx,0,8,10,27,00,00,00,00,00,00
36476000,56,false,Rx,0,8,10,27,00,00,00,00,00,00
36487000,57,false,Rx,0,8,00,00,FE,FF,FE,FF,00,00
36528000,625,false,Rx,0,8,25,00,11,43,FD,BB,E4,01
36536000,60D,false,Rx,0,8,0D,10,DF,23,02,20,70,00
36628000,625,false,Rx,0,8,25,00,11,43,FD,BB,E4,01
36636000,60D,false,Rx,0,8,0D,10,DF,23,02,20,70,00
36645000,2C4,false,Rx,0,8,03,00,00,00,90,03,00,00
36645000,2C5,false,Rx,0,8,00,00,00,00,00,00,00,00
36645000,2C6,false,Rx,0,8,F4,01,84,03,00,00,00,00
36676000,54,false,Rx,0,8,00,00,FE,FF,FE,FF,00,00
36676000,55,false,Rx,0,8,10,27,00,00,00,00,00,00
36676000,56,false,Rx,0,8,10,27,00,00,00,00,00,00
36687000,57,false,Rx,0,8,00,00,FE,FF,FE,FF,00,00
36728000,625,false,Rx,0,8,25,00,11,43,FD,BB,E4,01
36736000,60D,false,Rx,0,8,0D,10,DF,23,02,20,70,00
36828000,625,false,Rx,0,8,25,00,11,43,FD,BB,E4,01
36836000,60D,false,Rx,0,8,0D,10,DF,23,02,20,70,00
36845000,2C4,false,Rx,0,8,03,00,00,00,90,03,00,00
36845000,2C5,false,Rx,0,8,00,00,00,00,00,00,00,00
36845000,2C6,false,Rx,0,8,F4,01,84,03,00,00,00,00
36876000,54,false,Rx,0,8,00,00,FE,FF,FE,FF,00,00
36876000,55,false,Rx,0,8,10,27,00,00,00,00,00,00
36876000,56,false,Rx,0,8,10,27,00,00,00,00,00,00
36887000,57,false,Rx,0,8,00,00,FE,FF,FE,FF,00,00
36928000,625,false,Rx,0,8,25,00,11,43,FD,BB,E4,01
36936000,60D,false,Rx,0,8,0D,10,DF,23,02,20,70,00
37028000,625,false,Rx,0,8,25,00,11,43,FD,BB,E4,01
37036000,60D,false,Rx,0,8,0D,10,DF,23,02,20,70,00
37045000,2C4,false,Rx,0,8,03,00,00,00,90,03,00,00
37045000,2C5,false,Rx,0,8,00,00,00,00,00,00,00,00
37045000,2C6,false,Rx,0,8,F4,01,84,03,00,00,00,00
37076000,54,false,Rx,0,8,00,00,FE,FF,FE,FF,00,00
37076000,55,false,Rx,0,8,10,27,00,00,00,00,00,00
37076000,56,false,Rx,0,8,10,27,00,00,00,00,00,00
37087000,57,false,Rx,0,8,00,00,FE,FF,FE,FF,00,00
37128000,625,false,Rx,0,8,25,00,11,43,FD,BB,E4,01
37136000,60D,false,Rx,0,8,0D,10,DF,23,02,20,70,00
37228000,625,false,Rx,0,8,25,00,11,43,FD,BB,E4,01
37236000,60D,false,Rx,0,8,0D,10,DF,23,02,20,70,00
37245000,2C4,false,Rx,0,8,03,00,00,00,90,03,00,00
37245000,2C5,false,Rx,0,8,00,00,00,00,00,00,00,00
37245000,2C6,false,Rx,0,8,F4,01,84,03,00,00,00,00
37276000,54,false,Rx,0,8,00,00,FE,FF,FE,FF,00,00
37276000,55,false,Rx,0,8,10,27,00,00,00,00,00,00
37276000,56,false,Rx,0,8,10,27,00,00,00,00,00,00
37287000,57,false,Rx,0,8,00,00,FE,FF,FE,FF,00,00
37328000,625,false,Rx,0,8,25,00,11,43,FD,BB,E4,01
37336000,60D,false,Rx,0,8,0D,10,DF,23,02,20,70,00
37427000,625,false,Rx,0,8,25,00,11,43,FD,BB,E4,01
37436000,60D,false,Rx,0,8,0D,10,DF,23,02,20,70,00
37445000,2C4,false,Rx,0,8,03,00,00,00,90,03,00,00
37445000,2C5,false,Rx,0,8,00,00,00,00,00,00,00,00
37445000,2C6,false,Rx,0,8,F4,01,84,03,00,00,00,00
37476000,54,false,Rx,0,8,00,00,FE,FF,FE,FF,00,00
37476000,55,false,Rx,0,8,10,27,00,00,00,00,00,00
37476000,56,false,Rx,0,8,10,27,00,00,00,00,00,00
37487000,57,false,Rx,0,8,00,00,FE,FF,FE,FF,00,00
37527000,625,false,Rx,0,8,25,00,11,43,FD,BB,E4,01
37536000,60D,false,Rx,0,8,0D,10,DF,23,02,20,70,00
37627000,625,false,Rx,0,8,25,00,11,43,FD,BB,E4,01
37636000,60D,false,Rx,0,8,0D,10,DF,23,02,20,70,00
37645000,2C4,false,Rx,0,8,03,00,00,00,90,03,00,00
37645000,2C5,false,Rx,0,8,00,00,00,00,00,00,00,00
37645000,2C6,false,Rx,0,8,F4,01,84,03,00,00,00,00
37676000,54,false,Rx,0,8,00,00,FE,FF,FE,FF,00,00
37676000,55,false,Rx,0,8,10,27,00,00,00,00,00,00
37676000,56,false,Rx,0,8,10,27,00,00,00,00,00,00
37687000,57,false,Rx,0,8,00,00,FE,FF,FE,FF,00,00
37727000,625,false,Rx,0,8,25,00,11,43,FD,BB,E4,01
37736000,60D,false,Rx,0,8,0D,10,DF,23,02,20,70,00
37827000,625,false,Rx,0,8,25,00,11,43,FD,BB,E4,01
37836000,60D,false,Rx,0,8,0D,10,DF,23,02,20,70,00
37845000,2C4,false,Rx,0,8,03,00,00,00,90,03,00,00
37845000,2C5,false,Rx,0,8,00,00,00,00,00,00,00,00
37845000,2C6,false,Rx,0,8,F4,01,84,03,00,00,00,00
37876000,54,false,Rx,0,8,00,00,FE,FF,FE,FF,00,00
37876000,55,false,Rx,0,8,10,27,00,00,00,00,00,00
37876000,56,false,Rx,0,8,10,27,00,00,00,00,00,00
37887000,57,false,Rx,0,8,00,00,FE,FF,FE,FF,00,00
37927000,625,false,Rx,0,8,25,00,11,43,FD,BB,E4,01
37936000,60D,false,Rx,0,8,0D,10,DF,23,02,20,70,00
38027000,625,false,Rx,0,8,25,00,11,43,FD,BB,E4,01
38036000,60D,false,Rx,0,8,0D,10,DF,23,02,20,70,00
38045000,2C4,false,Rx,0,8,03,00,00,00,90,03,00,00
38045000,2C5,false,Rx,0,8,00,00,00,00,00,00,00,00
38045000,2C6,false,Rx,0,8,F4,01,84,03,00,00,00,00
38076000,54,false,Rx,0,8,00,00,FE,FF,FE,FF,00,00
38076000,55,false,Rx,0,8,10,27,00,00,00,00,00,00
38076000,56,false,Rx,0,8,10,27,00,00,00,00,00,00
38087000,57,false,Rx,0,8,00,00,FE,FF,FE,FF,00,00
38127000,625,false,Rx,0,8,25,00,11,43,FD,BB,E4,01
38136000,60D,false,Rx,0,8,0D,10,DF,23,02,20,70,00
38227000,625,false,Rx,0,8,25,00,11,43,FD,BB,E4,01
38236000,60D,false,Rx,0,8,0D,10,DF,23,02,20,70,00
38245000,2C4,false,Rx,0,8,03,00,00,00,90,03,00,00
38245000,2C5,false,Rx,0,8,00,00,00,00,00,00,00,00
38245000,2C6,false,Rx,0,8,F4,01,84,03,00,00,00,00
38276000,54,false,Rx,0,8,00,00,FE,FF,FE,FF,00,00
38276000,55,false,Rx,0,8,10,27,00,00,00,00,00,00
38276000,56,false,Rx,0,8,10,27,00,00,00,00,00,00
38287000,57,false,Rx,0,8,00,00,FE,FF,FE,FF,00,00
38327000,625,false,Rx,0,8,25,00,11,43,FD,BB,E4,01
38427000,625,false,Rx,0,8,25,00,11,43,FD,BB,E4,01
38445000,2C4,false,Rx,0,8,03,00,00,00,8E,03,00,00
38445000,2C5,false,Rx,0,8,00,00,00,00,00,00,00,00
38445000,2C6,false,Rx,0,8,F4,01,84,03,00,00,00,00
38476000,54,false,Rx,0,8,00,00,FE,FF,FE,FF,00,00
38476000,55,false,Rx,0,8,10,27,00,00,00,00,00,00
38476000,56,false,Rx,0,8,10,27,00,00,00,00,00,00
38487000,57,false,Rx,0,8,00,00,FE,FF,FE,FF,00,00
38527000,625,false,Rx,0,8,25,00,11,43,FD,BB,E4,01
38627000,625,false,Rx,0,8,25,00,11,43,FD,BB,E4,01
38645000,2C4,false,Rx,0,8,03,00,00,00,90,03,00,00
38645000,2C5,false,Rx,0,8,00,00,00,00,00,00,00,00
38645000,2C6,false,Rx,0,8,F4,01,84,03,00,00,00,00
38676000,54,false,Rx,0,8,00,00,FE,FF,FE,FF,00,00
38676000,55,false,Rx,0,8,10,27,00,00,00,00,00,00
38676000,56,false,Rx,0,8,10,27,00,00,00,00,00,00
38687000,57,false,Rx,0,8,00,00,FE,FF,FE,FF,00,00
38727000,625,false,Rx,0,8,25,00,11,43,FD,BB,E4,01
38827000,625,false,Rx,0,8,25,00,11,43,FD,BB,E4,01
38845000,2C4,false,Rx,0,8,03,00,00,00,90,03,00,00
38845000,2C5,false,Rx,0,8,00,00,00,00,00,00,00,00
38845000,2C6,false,Rx,0,8,F4,01,84,03,00,00,00,00
38876000,54,false,Rx,0,8,00,00,FE,FF,FE,FF,00,00
38876000,55,false,Rx,0,8,10,27,00,00,00,00,00,00
38876000,56,false,Rx,0,8,10,27,00,00,00,00,00,00
38887000,57,false,Rx,0,8,00,00,FE,FF,FE,FF,00,00
38927000,625,false,Rx,0,8,25,00,11,43,FD,BB,E4,01
39027000,625,false,Rx,0,8,25,00,11,43,FD,BB,E4,01
39045000,2C4,false,Rx,0,8,03,00,00,00,90,03,00,00
39045000,2C5,false,Rx,0,8,00,00,00,00,00,00,00,00
39045000,2C6,false,Rx,0,8,F4,01,84,03,00,00,00,00
39076000,54,false,Rx,0,8,00,00,FE,FF,FE,FF,00,00
39076000,55,false,Rx,0,8,10,27,00,00,00,00,00,00
39076000,56,false,Rx,0,8,10,27,00,00,00,00,00,00
39087000,57,false,Rx,0,8,00,00,FE,FF,FE,FF,00,00
39127000,625,false,Rx,0,8,25,00,11,43,FD,BB,E4,01
39227000,625,false,Rx,0,8,25,00,11,43,FD,BB,E4,01
39245000,2C4,false,Rx,0,8,03,00,00,00,8E,03,00,00
39245000,2C5,false,Rx,0,8,00,00,00,00,00,00,00,00
39245000,2C6,false,Rx,0,8,F4,01,84,03,00,00,00,00
39276000,54,false,Rx,0,8,00,00,FE,FF,FE,FF,00,00
39276000,55,false,Rx,0,8,10,27,00,00,00,00,00,00
39277000,56,false,Rx,0,8,10,27,00,00,00,00,00,00
39287000,57,false,Rx,0,8,00,00,FE,FF,FE,FF,00,00
39327000,625,false,Rx,0,8,25,00,11,43,FD,BB,E4,01
39427000,625,false,Rx,0,8,25,00,11,43,FD,BB,E4,01
39445000,2C4,false,Rx,0,8,03,00,00,00,90,03,00,00
39445000,2C5,false,Rx,0,8,00,00,00,00,00,00,00,00
39445000,2C6,false,Rx,0,8,F4,01,84,03,00,00,00,00
39476000,54,false,Rx,0,8,00,00,FE,FF,FE,FF,00,00
39476000,55,false,Rx,0,8,10,27,00,00,00,00,00,00
39476000,56,false,Rx,0,8,10,27,00,00,00,00,00,00
39487000,57,false,Rx,0,8,00,00,FE,FF,FE,FF,00,00
39527000,625,false,Rx,0,8,25,00,11,43,FD,BB,E4,01
39627000,625,false,Rx,0,8,25,00,11,43,FD,BB,E4,01
39645000,2C4,false,Rx,0,8,03,00,00,00,90,03,00,00
39645000,2C5,false,Rx,0,8,00,00,00,00,00,00,00,00
39645000,2C6,false,Rx,0,8,F4,01,84,03,00,00,00,00
39676000,54,false,Rx,0,8,00,00,FE,FF,FE,FF,00,00
39676000,55,false,Rx,0,8,10,27,00,00,00,00,00,00
39676000,56,false,Rx,0,8,10,27,00,00,00,00,00,00
39687000,57,false,Rx,0,8,00,00,FE,FF,FE,FF,00,00
39727000,625,false,Rx,0,8,25,00,11,43,FD,BB,E4,01
39827000,625,false,Rx,0,8,25,00,11,43,FD,BB,E4,01
39844000,2C4,false,Rx,0,8,03,00,00,00,90,03,00,00
39845000,2C5,false,Rx,0,8,00,00,00,00,00,00,00,00
39845000,2C6,false,Rx,0,8,F4,01,84,03,00,00,00,00
39876000,54,false,Rx,0,8,00,00,FE,FF,FE,FF,00,00
39876000,55,false,Rx,0,8,10,27,00,00,00,00,00,00
39876000,56,false,Rx,0,8,10,27,00,00,00,00,00,00
39887000,57,false,Rx,0,8,00,00,FE,FF,FE,FF,00,00
39927000,625,false,Rx,0,8,25,00,11,43,FD,BB,E4,01
40027000,625,false,Rx,0,8,25,00,11,43,FD,BB,E4,01
40044000,2C4,false,Rx,0,8,03,00,00,00,90,03,00,00
40045000,2C5,false,Rx,0,8,00,00,00,00,00,00,00,00
40045000,2C6,false,Rx,0,8,F4,01,84,03,00,00,00,00
40076000,54,false,Rx,0,8,00,00,FE,FF,FE,FF,00,00
40076000,55,false,Rx,0,8,10,27,00,00,00,00,00,00
40076000,56,false,Rx,0,8,10,27,00,00,00,00,00,00
40087000,57,false,Rx,0,8,00,00,FE,FF,FE,FF,00,00
40127000,625,false,Rx,0,8,25,00,11,43,FD,BB,E4,01
40227000,625,false,Rx,0,8,25,00,11,43,FD,BB,E4,01
40244000,2C4,false,Rx,0,8,03,00,00,00,8E,03,00,00
40245000,2C5,false,Rx,0,8,00,00,00,00,00,00,00,00
40245000,2C6,false,Rx,0,8,F4,01,84,03,00,00,00,00
40276000,54,false,Rx,0,8,00,00,FE,FF,FE,FF,00,00
40276000,55,false,Rx,0,8,10,27,00,00,00,00,00,00
40276000,56,false,Rx,0,8,10,27,00,00,00,00,00,00
40287000,57,false,Rx,0,8,00,00,FE,FF,FE,FF,00,00
40327000,625,false,Rx,0,8,25,00,11,43,FD,BB,E4,01
40427000,625,false,Rx,0,8,25,00,11,43,FD,BB,E4,01
40444000,2C4,false,Rx,0,8,03,00,00,00,90,03,00,00
40445000,2C5,false,Rx,0,8,00,00,00,00,00,00,00,00
40445000,2C6,false,Rx,0,8,F4,01,84,03,00,00,00,00
40476000,54,false,Rx,0,8,00,00,FE,FF,FE,FF,00,00
40476000,55,false,Rx,0,8,10,27,00,00,00,00,00,00
40476000,56,false,Rx,0,8,10,27,00,00,00,00,00,00
40487000,57,false,Rx,0,8,00,00,FE,FF,FE,FF,00,00
40527000,625,false,Rx,0,8,25,00,11,43,FD,BB,E4,01
40627000,625,false,Rx,0,8,25,00,11,43,FD,BB,E4,01
40644000,2C4,false,Rx,0,8,03,00,00,00,90,03,00,00
40645000,2C5,false,Rx,0,8,00,00,00,00,00,00,00,00
40645000,2C6,false,Rx,0,8,F4,01,84,03,00,00,00,00
40676000,54,false,Rx,0,8,00,00,FE,FF,FE,FF,00,00
40676000,55,false,Rx,0,8,10,27,00,00,00,00,00,00
40676000,56,false,Rx,0,8,10,27,00,00,00,00,00,00
40687000,57,false,Rx,0,8,00,00,FE,FF,FE,FF,00,00
40727000,625,false,Rx,0,8,25,00,11,43,FD,BB,E4,01
40827000,625,false,Rx,0,8,25,00,11,43,FD,BB,E4,01
40844000,2C4,false,Rx,0,8,03,00,00,00,90,03,00,00
40845000,2C5,false,Rx,0,8,00,00,00,00,00,00,00,00
40845000,2C6,false,Rx,0,8,F4,01,84,03,00,00,00,00
40876000,54,false,Rx,0,8,00,00,FE,FF,FE,FF,00,00
40876000,55,false,Rx,0,8,10,27,00,00,00,00,00,00
40876000,56,false,Rx,0,8,10,27,00,00,00,00,00,00
40887000,57,false,Rx,0,8,00,00,FE,FF,FE,FF,00,00
40927000,625,false,Rx,0,8,25,00,11,43,FD,BB,E4,01
41027000,625,false,Rx,0,8,25,00,11,43,FD,BB,E4,01
41044000,2C4,false,Rx,0,8,03,00,00,00,8E,03,00,00
41045000,2C5,false,Rx,0,8,00,00,00,00,00,00,00,00
41045000,2C6,false,Rx,0,8,F4,01,84,03,00,00,00,00
41076000,54,false,Rx,0,8,00,00,FE,FF,FE,FF,00,00
41076000,55,false,Rx,0,8,10,27,00,00,00,00,00,00
41076000,56,false,Rx,0,8,10,27,00,00,00,00,00,00
41087000,57,false,Rx,0,8,00,00,FE,FF,FE,FF,00,00
41127000,625,false,Rx,0,8,25,00,11,43,FD,BB,E4,01
41227000,625,false,Rx,0,8,25,00,11,43,FD,BB,E4,01
41244000,2C4,false,Rx,0,8,03,00,00,00,90,03,00,00
41245000,2C5,false,Rx,0,8,00,00,00,00,00,00,00,00
41245000,2C6,false,Rx,0,8,F4,01,84,03,00,00,00,00
41276000,54,false,Rx,0,8,00,00,FE,FF,FE,FF,00,00
41276000,55,false,Rx,0,8,10,27,00,00,00,00,00,00
41276000,56,false,Rx,0,8,10,27,00,00,00,00,00,00
41287000,57,false,Rx,0,8,00,00,FE,FF,FE,FF,00,00
41327000,625,false,Rx,0,8,25,00,11,43,FD,BB,E4,01
41427000,625,false,Rx,0,8,25,00,11,43,FD,BB,E4,01
41444000,2C4,false,Rx,0,8,03,00,00,00,90,03,00,00
41445000,2C5,false,Rx,0,8,00,00,00,00,00,00,00,00
41445000,2C6,false,Rx,0,8,F4,01,84,03,00,00,00,00
41476000,54,false,Rx,0,8,00,00,FE,FF,FE,FF,00,00
41476000,55,false,Rx,0,8,10,27,00,00,00,00,00,00
41476000,56,false,Rx,0,8,10,27,00,00,00,00,00,00
41487000,57,false,Rx,0,8,00,00,FE,FF,FE,FF,00,00
41527000,625,false,Rx,0,8,25,00,11,43,FD,BB,E4,01
41627000,625,false,Rx,0,8,25,00,11,43,FD,BB,E4,01
41644000,2C4,false,Rx,0,8,03,00,00,00,90,03,00,00
41645000,2C5,false,Rx,0,8,00,00,00,00,00,00,00,00
41645000,2C6,false,Rx,0,8,F4,01,84,03,00,00,00,00
41676000,54,false,Rx,0,8,00,00,FE,FF,FE,FF,00,00
41676000,55,false,Rx,0,8,10,27,00,00,00,00,00,00
41676000,56,false,Rx,0,8,10,27,00,00,00,00,00,00
41687000,57,false,Rx,0,8,00,00,FE,FF,FE,FF,00,00
41727000,625,false,Rx,0,8,25,00,11,43,FD,BB,E4,01
41827000,625,false,Rx,0,8,25,00,11,43,FD,BB,E4,01
41844000,2C4,false,Rx,0,8,03,00,00,00,8E,03,00,00
41845000,2C5,false,Rx,0,8,00,00,00,00,00,00,00,00
41845000,2C6,false,Rx,0,8,F4,01,84,03,00,00,00,00
41876000,54,false,Rx,0,8,00,00,FE,FF,FE,FF,00,00
41876000,55,false,Rx,0,8,10,27,00,00,00,00,00,00
41876000,56,false,Rx,0,8,10,27,00,00,00,00,00,00
41887000,57,false,Rx,0,8,00,00,FE,FF,FE,FF,00,00
