Time Stamp,ID,Extended,Dir,Bus,LEN,D1,D2,D3,D4,D5,D6,D7,D8
1922000,60D,false,Rx,0,8,0D,10,DF,23,02,20,70,00
1933000,60D,false,Rx,0,8,0D,10,DF,23,02,20,70,00
1933000,60D,false,Rx,0,8,0D,10,DF,23,02,20,70,00
1943000,60D,false,Rx,0,8,0D,10,DF,23,02,20,70,00
1944000,60D,false,Rx,0,8,0D,10,DF,23,02,20,70,00
1954000,60D,false,Rx,0,8,0D,10,DF,23,02,20,70,00
1954000,60D,false,Rx,0,8,0D,10,DF,23,02,20,70,00
1954000,60D,false,Rx,0,8,0D,10,DF,23,02,20,70,00
1965000,60D,false,Rx,0,8,0D,10,DF,23,02,20,70,00
1965000,60D,false,Rx,0,8,0D,10,DF,23,02,20,70,00
1975000,60D,false,Rx,0,8,0D,10,DF,23,02,20,70,00
1976000,60D,false,Rx,0,8,0D,10,DF,23,02,20,70,00
1986000,60D,false,Rx,0,8,0D,10,DF,23,02,20,70,00
1986000,65,false,Rx,0,8,2A,03,02,00,00,00,00,00
2011000,60D,false,Rx,0,8,0D,10,DF,23,02,20,70,00
2071000,65,false,Rx,0,8,2A,03,02,00,00,00,00,00
2107000,625,false,Rx,0,8,25,00,10,43,FD,BB,E4,01
2111000,60D,false,Rx,0,8,0D,10,DF,23,02,20,70,00
2113000,2C4,false,Rx,0,8,03,00,00,00,F4,01,00,00
2114000,2C5,false,Rx,0,8,00,00,00,00,00,00,00,00
2124000,2C6,false,Rx,0,8,F4,01,84,03,00,00,00,00
2124000,54,false,Rx,0,8,00,00,FE,FF,FE,FF,00,00
2134000,55,false,Rx,0,8,10,27,00,00,00,00,00,00
2135000,56,false,Rx,0,8,10,27,00,00,00,00,00,00
2135000,57,false,Rx,0,8,00,00,FE,FF,FE,FF,00,00
2207000,625,false,Rx,0,8,25,00,10,43,FD,BB,E4,01
2211000,60D,false,Rx,0,8,0D,10,DF,23,02,20,70,00
2221000,65,false,Rx,0,8,2A,03,02,00,00,00,00,00
2307000,625,false,Rx,0,8,25,00,11,43,FD,BB,E4,01
2311000,60D,false,Rx,0,8,0D,10,DF,23,02,20,70,00
2313000,2C4,false,Rx,0,8,03,00,00,00,F4,01,00,00
2314000,2C5,false,Rx,0,8,00,00,00,00,00,00,00,00
2324000,2C6,false,Rx,0,8,F4,01,84,03,00,00,00,00
2324000,54,false,Rx,0,8,00,00,FE,FF,FE,FF,00,00
2334000,55,false,Rx,0,8,10,27,00,00,00,00,00,00
2335000,56,false,Rx,0,8,10,27,00,00,00,00,00,00
2335000,57,false,Rx,0,8,00,00,FE,FF,FE,FF,00,00
2371000,65,false,Rx,0,8,2A,03,02,00,00,00,00,00
2407000,625,false,Rx,0,8,25,00,11,43,FD,BB,E4,01
2411000,60D,false,Rx,0,8,0D,10,DF,23,02,20,70,00
2507000,625,false,Rx,0,8,25,00,11,43,FD,BB,E4,01
2511000,60D,false,Rx,0,8,0D,10,DF,23,02,20,70,00
2513000,2C4,false,Rx,0,8,03,00,00,00,F4,01,00,00
2513000,2C5,false,Rx,0,8,00,00,00,00,00,00,00,00
2524000,2C6,false,Rx,0,8,F4,01,84,03,00,00,00,00
2524000,54,false,Rx,0,8,00,00,FE,FF,FE,FF,00,00
2534000,55,false,Rx,0,8,10,27,00,00,00,00,00,00
2534000,56,false,Rx,0,8,10,27,00,00,00,00,00,00
2534000,57,false,Rx,0,8,00,00,FE,FF,FE,FF,00,00
2607000,625,false,Rx,0,8,25,00,11,43,FD,BB,E4,01
2611000,60D,false,Rx,0,8,0D,10,DF,23,02,20,70,00
2707000,625,false,Rx,0,8,25,00,11,43,FD,BB,E4,01
2711000,60D,false,Rx,0,8,0D,10,DF,23,02,20,70,00
2713000,2C4,false,Rx,0,8,03,00,00,00,F4,01,00,00
2713000,2C5,false,Rx,0,8,00,00,00,00,00,00,00,00
2723000,2C6,false,Rx,0,8,F4,01,84,03,00,00,00,00
2724000,54,false,Rx,0,8,00,00,FE,FF,FE,FF,00,00
2734000,55,false,Rx,0,8,10,27,00,00,00,00,00,00
2734000,56,false,Rx,0,8,10,27,00,00,00,00,00,00
2734000,57,false,Rx,0,8,00,00,FE,FF,FE,FF,00,00
2807000,625,false,Rx,0,8,25,00,11,43,FD,BB,E4,01
2811000,60D,false,Rx,0,8,0D,10,DF,23,02,20,70,00
2907000,625,false,Rx,0,8,25,00,11,43,FD,BB,E4,01
2911000,60D,false,Rx,0,8,0D,10,DF,23,02,20,70,00
2913000,2C4,false,Rx,0,8,03,00,00,00,02,03,00,00
2913000,2C5,false,Rx,0,8,00,00,00,00,00,00,00,00
2923000,2C6,false,Rx,0,8,F4,01,84,03,00,00,00,00
2924000,54,false,Rx,0,8,00,00,FE,FF,FE,FF,00,00
2934000,55,false,Rx,0,8,10,27,00,00,00,00,00,00
2934000,56,false,Rx,0,8,10,27,00,00,00,00,00,00
2934000,57,false,Rx,0,8,00,00,FE,FF,FE,FF,00,00
3007000,625,false,Rx,0,8,25,00,11,43,FD,BB,E4,01
3011000,60D,false,Rx,0,8,0D,10,DF,23,02,20,70,00
3107000,625,false,Rx,0,8,25,00,11,43,FD,BB,E4,01
3111000,60D,false,Rx,0,8,0D,10,DF,23,02,20,70,00
3113000,2C4,false,Rx,0,8,03,00,00,00,02,03,00,00
3113000,2C5,false,Rx,0,8,00,00,00,00,00,00,00,00
3123000,2C6,false,Rx,0,8,F4,01,84,03,00,00,00,00
3124000,54,false,Rx,0,8,00,00,FE,FF,FE,FF,00,00
3134000,55,false,Rx,0,8,10,27,00,00,00,00,00,00
3134000,56,false,Rx,0,8,10,27,00,00,00,00,00,00
3134000,57,false,Rx,0,8,00,00,FE,FF,FE,FF,00,00
3207000,625,false,Rx,0,8,25,00,11,43,FD,BB,E4,01
3211000,60D,false,Rx,0,8,0D,10,DF,23,02,20,70,00
3307000,625,false,Rx,0,8,25,00,11,43,FD,BB,E4,01
3311000,60D,false,Rx,0,8,0D,10,DF,23,02,20,70,00
3313000,2C4,false,Rx,0,8,03,00,00,00,02,03,00,00
3313000,2C5,false,Rx,0,8,00,00,00,00,00,00,00,00
3323000,2C6,false,Rx,0,8,F4,01,84,03,00,00,00,00
3324000,54,false,Rx,0,8,00,00,FE,FF,FE,FF,00,00
3334000,55,false,Rx,0,8,10,27,00,00,00,00,00,00
3334000,56,false,Rx,0,8,10,27,00,00,00,00,00,00
3334000,57,false,Rx,0,8,00,00,FE,FF,FE,FF,00,00
3407000,625,false,Rx,0,8,25,00,11,43,FD,BB,E4,01
3411000,60D,false,Rx,0,8,0D,10,DF,23,02,20,70,00
3507000,625,false,Rx,0,8,25,00,11,43,FD,BB,E4,01
3511000,60D,false,Rx,0,8,0D,10,DF,23,02,20,70,00
3513000,2C4,false,Rx,0,8,03,00,00,00,02,03,00,00
3513000,2C5,false,Rx,0,8,00,00,00,00,00,00,00,00
3523000,2C6,false,Rx,0,8,F4,01,84,03,00,00,00,00
3524000,54,false,Rx,0,8,00,00,FE,FF,FE,FF,00,00
3534000,55,false,Rx,0,8,10,27,00,00,00,00,00,00
3534000,56,false,Rx,0,8,10,27,00,00,00,00,00,00
3534000,57,false,Rx,0,8,00,00,FE,FF,FE,FF,00,00
3607000,625,false,Rx,0,8,25,00,11,43,FD,BB,E4,01
3611000,60D,false,Rx,0,8,0D,10,DF,23,02,20,70,00
3707000,625,false,Rx,0,8,25,00,11,43,FD,BB,E4,01
3711000,60D,false,Rx,0,8,0D,10,DF,23,02,20,70,00
3713000,2C4,false,Rx,0,8,03,00,00,00,02,03,00,00
3713000,2C5,false,Rx,0,8,00,00,00,00,00,00,00,00
3723000,2C6,false,Rx,0,8,F4,01,84,03,00,00,00,00
3724000,54,false,Rx,0,8,00,00,FE,FF,FE,FF,00,00
3734000,55,false,Rx,0,8,10,27,00,00,00,00,00,00
3734000,56,false,Rx,0,8,10,27,00,00,00,00,00,00
3734000,57,false,Rx,0,8,00,00,FE,FF,FE,FF,00,00
3807000,625,false,Rx,0,8,25,00,11,43,FD,BB,E4,01
3811000,60D,false,Rx,0,8,0D,10,DF,23,02,20,70,00
3907000,625,false,Rx,0,8,25,00,11,43,FD,BB,E4,01
3911000,60D,false,Rx,0,8,0D,10,DF,23,02,20,70,00
3913000,2C4,false,Rx,0,8,03,00,00,00,02,03,00,00
3913000,2C5,false,Rx,0,8,00,00,00,00,00,00,00,00
3923000,2C6,false,Rx,0,8,F4,01,84,03,00,00,00,00
3924000,54,false,Rx,0,8,00,00,FE,FF,FE,FF,00,00
3934000,55,false,Rx,0,8,10,27,00,00,00,00,00,00
3934000,56,false,Rx,0,8,10,27,00,00,00,00,00,00
3934000,57,false,Rx,0,8,00,00,FE,FF,FE,FF,00,00
4007000,625,false,Rx,0,8,25,00,11,43,FD,BB,E4,01
4011000,60D,false,Rx,0,8,0D,10,DF,23,02,20,70,00
4107000,625,false,Rx,0,8,25,00,11,43,FD,BB,E4,01
4111000,60D,false,Rx,0,8,0D,10,DF,23,02,20,70,00
4113000,2C4,false,Rx,0,8,03,00,00,00,02,03,00,00
4113000,2C5,false,Rx,0,8,00,00,00,00,00,00,00,00
4123000,2C6,false,Rx,0,8,F4,01,84,03,00,00,00,00
4124000,54,false,Rx,0,8,00,00,FE,FF,FE,FF,00,00
4134000,55,false,Rx,0,8,10,27,00,00,00,00,00,00
4134000,56,false,Rx,0,8,10,27,00,00,00,00,00,00
4134000,57,false,Rx,0,8,00,00,FE,FF,FE,FF,00,00
4207000,625,false,Rx,0,8,25,00,11,43,FD,BB,E4,01
4211000,60D,false,Rx,0,8,0D,10,DF,23,02,20,70,00
4307000,625,false,Rx,0,8,25,00,11,43,FD,BB,E4,01
4311000,60D,false,Rx,0,8,0D,10,DF,23,02,20,70,00
4313000,2C4,false,Rx,0,8,03,00,00,00,FF,02,00,00
4313000,2C5,false,Rx,0,8,00,00,00,00,00,00,00,00
4323000,2C6,false,Rx,0,8,F4,01,84,03,00,00,00,00
4324000,54,false,Rx,0,8,00,00,FE,FF,FE,FF,00,00
4334000,55,false,Rx,0,8,10,27,00,00,00,00,00,00
4334000,56,false,Rx,0,8,10,27,00,00,00,00,00,00
4334000,57,false,Rx,0,8,00,00,FE,FF,FE,FF,00,00
4407000,625,false,Rx,0,8,25,00,11,43,FD,BB,E4,01
4411000,60D,false,Rx,0,8,0D,10,DF,23,02,20,70,00
4507000,625,false,Rx,0,8,25,00,11,43,FD,BB,E4,01
4511000,60D,false,Rx,0,8,0D,10,DF,23,02,20,70,00
4513000,2C4,false,Rx,0,8,03,00,00,00,02,03,00,00
4513000,2C5,false,Rx,0,8,00,00,00,00,00,00,00,00
4523000,2C6,false,Rx,0,8,F4,01,84,03,00,00,00,00
4524000,54,false,Rx,0,8,00,00,FE,FF,FE,FF,00,00
4534000,55,false,Rx,0,8,10,27,00,00,00,00,00,00
4534000,56,false,Rx,0,8,10,27,00,00,00,00,00,00
4534000,57,false,Rx,0,8,00,00,FE,FF,FE,FF,00,00
4607000,625,false,Rx,0,8,25,00,11,43,FD,BB,E4,01
4611000,60D,false,Rx,0,8,0D,10,DF,23,02,20,70,00
4707000,625,false,Rx,0,8,25,00,11,43,FD,BB,E4,01
4711000,60D,false,Rx,0,8,0D,10,DF,23,02,20,70,00
4713000,2C4,false,Rx,0,8,03,00,00,00,02,03,00,00
4713000,2C5,false,Rx,0,8,00,00,00,00,00,00,00,00
4723000,2C6,false,Rx,0,8,F4,01,84,03,00,00,00,00
4724000,54,false,Rx,0,8,00,00,FE,FF,FE,FF,00,00
4734000,55,false,Rx,0,8,10,27,00,00,00,00,00,00
4734000,56,false,Rx,0,8,10,27,00,00,00,00,00,00
4734000,57,false,Rx,0,8,00,00,FE,FF,FE,FF,00,00
4807000,625,false,Rx,0,8,25,00,11,43,FD,BB,E4,01
4811000,60D,false,Rx,0,8,0D,10,DF,23,02,20,70,00
4907000,625,false,Rx,0,8,25,00,11,43,FD,BB,E4,01
4911000,60D,false,Rx,0,8,0D,10,DF,23,02,20,70,00
4913000,2C4,false,Rx,0,8,03,00,00,00,02,03,00,00
4913000,2C5,false,Rx,0,8,00,00,00,00,00,00,00,00
4923000,2C6,false,Rx,0,8,F4,01,84,03,00,00,00,00
4924000,54,false,Rx,0,8,00,00,FE,FF,FE,FF,00,00
4934000,55,false,Rx,0,8,10,27,00,00,00,00,00,00
4934000,56,false,Rx,0,8,10,27,00,00,00,00,00,00
4934000,57,false,Rx,0,8,00,00,FE,FF,FE,FF,00,00
5007000,625,false,Rx,0,8,25,00,11,43,FD,BB,E4,01
5011000,60D,false,Rx,0,8,0D,10,DF,23,02,20,70,00
5107000,625,false,Rx,0,8,25,00,11,43,FD,BB,E4,01
5111000,60D,false,Rx,0,8,0D,10,DF,23,02,20,70,00
5113000,2C4,false,Rx,0,8,03,00,00,00,FF,02,00,00
5113000,2C5,false,Rx,0,8,00,00,00,00,00,00,00,00
5123000,2C6,false,Rx,0,8,F4,01,84,03,00,00,00,00
5124000,54,false,Rx,0,8,00,00,FE,FF,FE,FF,00,00
5134000,55,false,Rx,0,8,10,27,00,00,00,00,00,00
5134000,56,false,Rx,0,8,10,27,00,00,00,00,00,00
5134000,57,false,Rx,0,8,00,00,FE,FF,FE,FF,00,00
5207000,625,false,Rx,0,8,25,00,11,43,FD,BB,E4,01
5211000,60D,false,Rx,0,8,0D,10,DF,23,02,20,70,00
5307000,625,false,Rx,0,8,25,00,11,43,FD,BB,E4,01
5311000,60D,false,Rx,0,8,0D,10,DF,23,02,20,70,00
5313000,2C4,false,Rx,0,8,03,00,00,00,02,03,00,00
5313000,2C5,false,Rx,0,8,00,00,00,00,00,00,00,00
5323000,2C6,false,Rx,0,8,F4,01,84,03,00,00,00,00
5324000,54,false,Rx,0,8,00,00,FE,FF,FE,FF,00,00
5334000,55,false,Rx,0,8,10,27,00,00,00,00,00,00
5334000,56,false,Rx,0,8,10,27,00,00,00,00,00,00
5334000,57,false,Rx,0,8,00,00,FE,FF,FE,FF,00,00
5407000,625,false,Rx,0,8,25,00,11,43,FD,BB,E4,01
5412000,60D,false,Rx,0,8,0D,10,DF,23,02,20,70,00
5507000,625,false,Rx,0,8,25,00,11,43,FD,BB,E4,01
5511000,60D,false,Rx,0,8,0D,10,DF,23,02,20,70,00
5513000,2C4,false,Rx,0,8,03,00,00,00,02,03,00,00
5513000,2C5,false,Rx,0,8,00,00,00,00,00,00,00,00
5523000,2C6,false,Rx,0,8,F4,01,84,03,00,00,00,00
5524000,54,false,Rx,0,8,00,00,FE,FF,FE,FF,00,00
5534000,55,false,Rx,0,8,10,27,00,00,00,00,00,00
5534000,56,false,Rx,0,8,10,27,00,00,00,00,00,00
5534000,57,false,Rx,0,8,00,00,FE,FF,FE,FF,00,00
5607000,625,false,Rx,0,8,25,00,11,43,FD,BB,E4,01
5611000,60D,false,Rx,0,8,0D,10,DF,23,02,20,70,00
5707000,625,false,Rx,0,8,25,00,11,43,FD,BB,E4,01
5711000,60D,false,Rx,0,8,0D,10,DF,23,02,20,70,00
5713000,2C4,false,Rx,0,8,03,00,00,00,02,03,00,00
5713000,2C5,false,Rx,0,8,00,00,00,00,00,00,00,00
5723000,2C6,false,Rx,0,8,F4,01,84,03,00,00,00,00
5724000,54,false,Rx,0,8,00,00,FE,FF,FE,FF,00,00
5734000,55,false,Rx,0,8,10,27,00,00,00,00,00,00
5734000,56,false,Rx,0,8,10,27,00,00,00,00,00,00
5734000,57,false,Rx,0,8,00,00,FE,FF,FE,FF,00,00
5807000,625,false,Rx,0,8,25,00,11,43,FD,BB,E4,01
5811000,60D,false,Rx,0,8,0D,10,DF,23,02,20,70,00
5907000,625,false,Rx,0,8,25,00,11,43,FD,BB,E4,01
5911000,60D,false,Rx,0,8,0D,10,DF,23,02,20,70,00
5913000,2C4,false,Rx,0,8,03,00,00,00,FF,02,00,00
5913000,2C5,false,Rx,0,8,00,00,00,00,00,00,00,00
5923000,2C6,false,Rx,0,8,F4,01,84,03,00,00,00,00
5923000,54,false,Rx,0,8,00,00,FE,FF,FE,FF,00,00
5934000,55,false,Rx,0,8,10,27,00,00,00,00,00,00
5934000,56,false,Rx,0,8,10,27,00,00,00,00,00,00
5934000,57,false,Rx,0,8,00,00,FE,FF,FE,FF,00,00
6007000,625,false,Rx,0,8,25,00,11,43,FD,BB,E4,01
6107000,625,false,Rx,0,8,25,00,11,43,FD,BB,E4,01
6113000,2C4,false,Rx,0,8,03,00,00,00,02,03,00,00
6113000,2C5,false,Rx,0,8,00,00,00,00,00,00,00,00
6113000,2C6,false,Rx,0,8,F4,01,84,03,00,00,00,00
6124000,54,false,Rx,0,8,00,00,FE,FF,FE,FF,00,00
6124000,55,false,Rx,0,8,10,27,00,00,00,00,00,00
6134000,56,false,Rx,0,8,10,27,00,00,00,00,00,00
6134000,57,false,Rx,0,8,00,00,FE,FF,FE,FF,00,00
6207000,625,false,Rx,0,8,25,00,11,43,FD,BB,E4,01
6307000,625,false,Rx,0,8,25,00,11,43,FD,BB,E4,01
6313000,2C4,false,Rx,0,8,03,00,00,00,02,03,00,00
6313000,2C5,false,Rx,0,8,00,00,00,00,00,00,00,00
6313000,2C6,false,Rx,0,8,F4,01,84,03,00,00,00,00
6324000,54,false,Rx,0,8,00,00,FE,FF,FE,FF,00,00
6324000,55,false,Rx,0,8,10,27,00,00,00,00,00,00
6334000,56,false,Rx,0,8,10,27,00,00,00,00,00,00
6334000,57,false,Rx,0,8,00,00,FE,FF,FE,FF,00,00
6407000,625,false,Rx,0,8,25,00,11,43,FD,BB,E4,01
6507000,625,false,Rx,0,8,25,00,11,43,FD,BB,E4,01
6513000,2C4,false,Rx,0,8,03,00,00,00,02,03,00,00
6513000,2C5,false,Rx,0,8,00,00,00,00,00,00,00,00
6513000,2C6,false,Rx,0,8,F4,01,84,03,00,00,00,00
6524000,54,false,Rx,0,8,00,00,FE,FF,FE,FF,00,00
6524000,55,false,Rx,0,8,10,27,00,00,00,00,00,00
6534000,56,false,Rx,0,8,10,27,00,00,00,00,00,00
6534000,57,false,Rx,0,8,00,00,FE,FF,FE,FF,00,00
6607000,625,false,Rx,0,8,25,00,11,43,FD,BB,E4,01
6707000,625,false,Rx,0,8,25,00,11,43,FD,BB,E4,01
6713000,2C4,false,Rx,0,8,03,00,00,00,02,03,00,00
6713000,2C5,false,Rx,0,8,00,00,00,00,00,00,00,00
6713000,2C6,false,Rx,0,8,F4,01,84,03,00,00,00,00
6724000,54,false,Rx,0,8,00,00,FE,FF,FE,FF,00,00
6724000,55,false,Rx,0,8,10,27,00,00,00,00,00,00
6734000,56,false,Rx,0,8,10,27,00,00,00,00,00,00
6734000,57,false,Rx,0,8,00,00,FE,FF,FE,FF,00,00
6807000,625,false,Rx,0,8,25,00,11,43,FD,BB,E4,01
6907000,625,false,Rx,0,8,25,00,11,43,FD,BB,E4,01
6913000,2C4,false,Rx,0,8,03,00,00,00,02,03,00,00
6913000,2C5,false,Rx,0,8,00,00,00,00,00,00,00,00
6913000,2C6,false,Rx,0,8,F4,01,84,03,00,00,00,00
6924000,54,false,Rx,0,8,00,00,FE,FF,FE,FF,00,00
6924000,55,false,Rx,0,8,10,27,00,00,00,00,00,00
6934000,56,false,Rx,0,8,10,27,00,00,00,00,00,00
6934000,57,false,Rx,0,8,00,00,FE,FF,FE,FF,00,00
7007000,625,false,Rx,0,8,25,00,11,43,FD,BB,E4,01
7107000,625,false,Rx,0,8,25,00,11,43,FD,BB,E4,01
7113000,2C4,false,Rx,0,8,03,00,00,00,02,03,00,00
7113000,2C5,false,Rx,0,8,00,00,00,00,00,00,00,00
7113000,2C6,false,Rx,0,8,F4,01,84,03,00,00,00,00
7124000,54,false,Rx,0,8,00,00,FE,FF,FE,FF,00,00
7124000,55,false,Rx,0,8,10,27,00,00,00,00,00,00
7134000,56,false,Rx,0,8,10,27,00,00,00,00,00,00
7134000,57,false,Rx,0,8,00,00,FE,FF,FE,FF,00,00
7207000,625,false,Rx,0,8,25,00,11,43,FD,BB,E4,01
7307000,625,false,Rx,0,8,25,00,11,43,FD,BB,E4,01
7313000,2C4,false,Rx,0,8,03,00,00,00,02,03,00,00
7313000,2C5,false,Rx,0,8,00,00,00,00,00,00,00,00
7313000,2C6,false,Rx,0,8,F4,01,84,03,00,00,00,00
7324000,54,false,Rx,0,8,00,00,FE,FF,FE,FF,00,00
7324000,55,false,Rx,0,8,10,27,00,00,00,00,00,00
7334000,56,false,Rx,0,8,10,27,00,00,00,00,00,00
7334000,57,false,Rx,0,8,00,00,FE,FF,FE,FF,00,00
7407000,625,false,Rx,0,8,25,00,11,43,FD,BB,E4,01
7507000,625,false,Rx,0,8,25,00,11,43,FD,BB,E4,01
7513000,2C4,false,Rx,0,8,03,00,00,00,02,03,00,00
7513000,2C5,false,Rx,0,8,00,00,00,00,00,00,00,00
7513000,2C6,false,Rx,0,8,F4,01,84,03,00,00,00,00
7524000,54,false,Rx,0,8,00,00,FE,FF,FE,FF,00,00
7524000,55,false,Rx,0,8,10,27,00,00,00,00,00,00
7534000,56,false,Rx,0,8,10,27,00,00,00,00,00,00
7534000,57,false,Rx,0,8,00,00,FE,FF,FE,FF,00,00
7607000,625,false,Rx,0,8,25,00,11,43,FD,BB,E4,01
7706000,625,false,Rx,0,8,25,00,11,43,FD,BB,E4,01
7713000,2C4,false,Rx,0,8,03,00,00,00,02,03,00,00
7713000,2C5,false,Rx,0,8,00,00,00,00,00,00,00,00
7713000,2C6,false,Rx,0,8,F4,01,84,03,00,00,00,00
7724000,54,false,Rx,0,8,00,00,FE,FF,FE,FF,00,00
7724000,55,false,Rx,0,8,10,27,00,00,00,00,00,00
7734000,56,false,Rx,0,8,10,27,00,00,00,00,00,00
7734000,57,false,Rx,0,8,00,00,FE,FF,FE,FF,00,00
7806000,625,false,Rx,0,8,25,00,11,43,FD,BB,E4,01
7906000,625,false,Rx,0,8,25,00,11,43,FD,BB,E4,01
7913000,2C4,false,Rx,0,8,03,00,00,00,02,03,00,00
7913000,2C5,false,Rx,0,8,00,00,00,00,00,00,00,00
7913000,2C6,false,Rx,0,8,F4,01,84,03,00,00,00,00
7924000,54,false,Rx,0,8,00,00,FE,FF,FE,FF,00,00
7924000,55,false,Rx,0,8,10,27,00,00,00,00,00,00
7934000,56,false,Rx,0,8,10,27,00,00,00,00,00,00
7934000,57,false,Rx,0,8,00,00,FE,FF,FE,FF,00,00
8006000,625,false,Rx,0,8,25,00,11,43,FD,BB,E4,01
8106000,625,false,Rx,0,8,25,00,11,43,FD,BB,E4,01
8113000,2C4,false,Rx,0,8,03,00,00,00,02,03,00,00
8113000,2C5,false,Rx,0,8,00,00,00,00,00,00,00,00
8113000,2C6,false,Rx,0,8,F4,01,84,03,00,00,00,00
8124000,54,false,Rx,0,8,00,00,FE,FF,FE,FF,00,00
8124000,55,false,Rx,0,8,10,27,00,00,00,00,00,00
8134000,56,false,Rx,0,8,10,27,00,00,00,00,00,00
8134000,57,false,Rx,0,8,00,00,FE,FF,FE,FF,00,00
8206000,625,false,Rx,0,8,25,00,11,43,FD,BB,E4,01
8306000,625,false,Rx,0,8,25,00,11,43,FD,BB,E4,01
8313000,2C4,false,Rx,0,8,03,00,00,00,02,03,00,00
8313000,2C5,false,Rx,0,8,00,00,00,00,00,00,00,00
8313000,2C6,false,Rx,0,8,F4,01,84,03,00,00,00,00
8324000,54,false,Rx,0,8,00,00,FE,FF,FE,FF,00,00
8324000,55,false,Rx,0,8,10,27,00,00,00,00,00,00
8334000,56,false,Rx,0,8,10,27,00,00,00,00,00,00
8334000,57,false,Rx,0,8,00,00,FE,FF,FE,FF,00,00
8406000,625,false,Rx,0,8,25,00,11,43,FD,BB,E4,01
8506000,625,false,Rx,0,8,25,00,11,43,FD,BB,E4,01
8513000,2C4,false,Rx,0,8,03,00,00,00,02,03,00,00
8513000,2C5,false,Rx,0,8,00,00,00,00,00,00,00,00
8513000,2C6,false,Rx,0,8,F4,01,84,03,00,00,00,00
8523000,54,false,Rx,0,8,00,00,FE,FF,FE,FF,00,00
8524000,55,false,Rx,0,8,10,27,00,00,00,00,00,00
8534000,56,false,Rx,0,8,10,27,00,00,00,00,00,00
8534000,57,false,Rx,0,8,00,00,FE,FF,FE,FF,00,00
8606000,625,false,Rx,0,8,25,00,11,43,FD,BB,E4,01
8706000,625,false,Rx,0,8,25,00,11,43,FD,BB,E4,01
8713000,2C4,false,Rx,0,8,03,00,00,00,02,03,00,00
8713000,2C5,false,Rx,0,8,00,00,00,00,00,00,00,00
8713000,2C6,false,Rx,0,8,F4,01,84,03,00,00,00,00
8723000,54,false,Rx,0,8,00,00,FE,FF,FE,FF,00,00
8724000,55,false,Rx,0,8,10,27,00,00,00,00,00,00
8734000,56,false,Rx,0,8,10,27,00,00,00,00,00,00
8734000,57,false,Rx,0,8,00,00,FE,FF,FE,FF,00,00
8806000,625,false,Rx,0,8,25,00,11,43,FD,BB,E4,01
8906000,625,false,Rx,0,8,25,00,11,43,FD,BB,E4,01
8913000,2C4,false,Rx,0,8,03,00,00,00,02,03,00,00
8913000,2C5,false,Rx,0,8,00,00,00,00,00,00,00,00
8913000,2C6,false,Rx,0,8,F4,01,84,03,00,00,00,00
8923000,54,false,Rx,0,8,00,00,FE,FF,FE,FF,00,00
8924000,55,false,Rx,0,8,10,27,00,00,00,00,00,00
8934000,56,false,Rx,0,8,10,27,00,00,00,00,00,00
8934000,57,false,Rx,0,8,00,00,FE,FF,FE,FF,00,00
9006000,625,false,Rx,0,8,25,00,11,43,FD,BB,E4,01
9106000,625,false,Rx,0,8,25,00,11,43,FD,BB,E4,01
9113000,2C4,false,Rx,0,8,03,00,00,00,02,03,00,00
9113000,2C5,false,Rx,0,8,00,00,00,00,00,00,00,00
9113000,2C6,false,Rx,0,8,F4,01,84,03,00,00,00,00
9123000,54,false,Rx,0,8,00,00,FE,FF,FE,FF,00,00
9124000,55,false,Rx,0,8,10,27,00,00,00,00,00,00
9134000,56,false,Rx,0,8,10,27,00,00,00,00,00,00
9134000,57,false,Rx,0,8,00,00,FE,FF,FE,FF,00,00
9206000,625,false,Rx,0,8,25,00,11,43,FD,BB,E4,01
9306000,625,false,Rx,0,8,25,00,11,43,FD,BB,E4,01
9313000,2C4,false,Rx,0,8,03,00,00,00,02,03,00,00
9313000,2C5,false,Rx,0,8,00,00,00,00,00,00,00,00
9313000,2C6,false,Rx,0,8,F4,01,84,03,00,00,00,00
9323000,54,false,Rx,0,8,00,00,FE,FF,FE,FF,00,00
9324000,55,false,Rx,0,8,10,27,00,00,00,00,00,00
9334000,56,false,Rx,0,8,10,27,00,00,00,00,00,00
9334000,57,false,Rx,0,8,00,00,FE,FF,FE,FF,00,00
9406000,625,false,Rx,0,8,25,00,11,43,FD,BB,E4,01
9506000,625,false,Rx,0,8,25,00,11,43,FD,BB,E4,01
9513000,2C4,false,Rx,0,8,03,00,00,00,02,03,00,00
9513000,2C5,false,Rx,0,8,00,00,00,00,00,00,00,00
9513000,2C6,false,Rx,0,8,F4,01,84,03,00,00,00,00
9523000,54,false,Rx,0,8,00,00,FE,FF,FE,FF,00,00
9524000,55,false,Rx,0,8,10,27,00,00,00,00,00,00
9534000,56,false,Rx,0,8,10,27,00,00,00,00,00,00
9534000,57,false,Rx,0,8,00,00,FE,FF,FE,FF,00,00
9606000,625,false,Rx,0,8,25,00,11,43,FD,BB,E4,01
9706000,625,false,Rx,0,8,25,00,11,43,FD,BB,E4,01
9713000,2C4,false,Rx,0,8,03,00,00,00,02,03,00,00
9713000,2C5,false,Rx,0,8,00,00,00,00,00,00,00,00
9713000,2C6,false,Rx,0,8,F4,01,84,03,00,00,00,00
9723000,54,false,Rx,0,8,00,00,FE,FF,FE,FF,00,00
9724000,55,false,Rx,0,8,10,27,00,00,00,00,00,00
9734000,56,false,Rx,0,8,10,27,00,00,00,00,00,00
9734000,57,false,Rx,0,8,00,00,FE,FF,FE,FF,00,00
9806000,625,false,Rx,0,8,25,00,11,43,FD,BB,E4,01
9906000,625,false,Rx,0,8,25,00,11,43,FD,BB,E4,01
9913000,2C4,false,Rx,0,8,03,00,00,00,02,03,00,00
9913000,2C5,false,Rx,0,8,00,00,00,00,00,00,00,00
9913000,2C6,false,Rx,0,8,F4,01,84,03,00,00,00,00
9923000,54,false,Rx,0,8,00,00,FE,FF,FE,FF,00,00
9924000,55,false,Rx,0,8,10,27,00,00,00,00,00,00
9934000,56,false,Rx,0,8,10,27,00,00,00,00,00,00
9934000,57,false,Rx,0,8,00,00,FE,FF,FE,FF,00,00
10006000,625,false,Rx,0,8,25,00,11,43,FD,BB,E4,01
10106000,625,false,Rx,0,8,25,00,11,43,FD,BB,E4,01
10113000,2C4,false,Rx,0,8,03,00,00,00,02,03,00,00
10113000,2C5,false,Rx,0,8,00,00,00,00,00,00,00,00
10113000,2C6,false,Rx,0,8,F4,01,84,03,00,00,00,00
10123000,54,false,Rx,0,8,00,00,FE,FF,FE,FF,00,00
10124000,55,false,Rx,0,8,10,27,00,00,00,00,00,00
10134000,56,false,Rx,0,8,10,27,00,00,00,00,00,00
10134000,57,false,Rx,0,8,00,00,FE,FF,FE,FF,00,00
10206000,625,false,Rx,0,8,25,00,11,43,FD,BB,E4,01
10306000,625,false,Rx,0,8,25,00,11,43,FD,BB,E4,01
10312000,2C4,false,Rx,0,8,03,00,00,00,02,03,00,00
10313000,2C5,false,Rx,0,8,00,00,00,00,00,00,00,00
10313000,2C6,false,Rx,0,8,F4,01,84,03,00,00,00,00
10323000,54,false,Rx,0,8,00,00,FE,FF,FE,FF,00,00
10324000,55,false,Rx,0,8,10,27,00,00,00,00,00,00
10334000,56,false,Rx,0,8,10,27,00,00,00,00,00,00
10334000,57,false,Rx,0,8,00,00,FE,FF,FE,FF,00,00
10406000,625,false,Rx,0,8,25,00,11,43,FD,BB,E4,01
10506000,625,false,Rx,0,8,25,00,11,43,FD,BB,E4,01
10512000,2C4,false,Rx,0,8,03,00,00,00,02,03,00,00
10513000,2C5,false,Rx,0,8,00,00,00,00,00,00,00,00
10513000,2C6,false,Rx,0,8,F4,01,84,03,00,00,00,00
10523000,54,false,Rx,0,8,00,00,FE,FF,FE,FF,00,00
10524000,55,false,Rx,0,8,10,27,00,00,00,00,00,00
10534000,56,false,Rx,0,8,10,27,00,00,00,00,00,00
10534000,57,false,Rx,0,8,00,00,FE,FF,FE,FF,00,00
10606000,625,false,Rx,0,8,25,00,11,43,FD,BB,E4,01
10706000,625,false,Rx,0,8,25,00,11,43,FD,BB,E4,01
10712000,2C4,false,Rx,0,8,03,00,00,00,02,03,00,00
10713000,2C5,false,Rx,0,8,00,00,00,00,00,00,00,00
10713000,2C6,false,Rx,0,8,F4,01,84,03,00,00,00,00
10723000,54,false,Rx,0,8,00,00,FE,FF,FE,FF,00,00
10724000,55,false,Rx,0,8,10,27,00,00,00,00,00,00
10734000,56,false,Rx,0,8,10,27,00,00,00,00,00,00
10734000,57,false,Rx,0,8,00,00,FE,FF,FE,FF,00,00
10806000,625,false,Rx,0,8,25,00,11,43,FD,BB,E4,01
10906000,625,false,Rx,0,8,25,00,11,43,FD,BB,E4,01
10912000,2C4,false,Rx,0,8,03,00,00,00,02,03,00,00
10913000,2C5,false,Rx,0,8,00,00,00,00,00,00,00,00
10913000,2C6,false,Rx,0,8,F4,01,84,03,00,00,00,00
10923000,54,false,Rx,0,8,00,00,FE,FF,FE,FF,00,00
10924000,55,false,Rx,0,8,10,27,00,00,00,00,00,00
10934000,56,false,Rx,0,8,10,27,00,00,00,00,00,00
10934000,57,false,Rx,0,8,00,00,FE,FF,FE,FF,00,00
11006000,625,false,Rx,0,8,25,00,11,43,FD,BB,E4,01
11106000,625,false,Rx,0,8,25,00,11,43,FD,BB,E4,01
11112000,2C4,false,Rx,0,8,03,00,00,00,02,03,00,00
11113000,2C5,false,Rx,0,8,00,00,00,00,00,00,00,00
11113000,2C6,false,Rx,0,8,F4,01,84,03,00,00,00,00
11123000,54,false,Rx,0,8,00,00,FE,FF,FE,FF,00,00
11124000,55,false,Rx,0,8,10,27,00,00,00,00,00,00
11134000,56,false,Rx,0,8,10,27,00,00,00,00,00,00
11134000,57,false,Rx,0,8,00,00,FE,FF,FE,FF,00,00
11206000,625,false,Rx,0,8,25,00,11,43,FD,BB,E4,01
11306000,625,false,Rx,0,8,25,00,11,43,FD,BB,E4,01
11312000,2C4,false,Rx,0,8,03,00,00,00,02,03,00,00
11313000,2C5,false,Rx,0,8,00,00,00,00,00,00,00,00
11313000,2C6,false,Rx,0,8,F4,01,84,03,00,00,00,00
11323000,54,false,Rx,0,8,00,00,FE,FF,FE,FF,00,00
11324000,55,false,Rx,0,8,10,27,00,00,00,00,00,00
11334000,56,false,Rx,0,8,10,27,00,00,00,00,00,00
11334000,57,false,Rx,0,8,00,00,FE,FF,FE,FF,00,00
11406000,625,false,Rx,0,8,25,00,11,43,FD,BB,E4,01
11506000,625,false,Rx,0,8,25,00,11,43,FD,BB,E4,01
11512000,2C4,false,Rx,0,8,03,00,00,00,02,03,00,00
11513000,2C5,false,Rx,0,8,00,00,00,00,00,00,00,00
11513000,2C6,false,Rx,0,8,F4,01,84,03,00,00,00,00
11523000,54,false,Rx,0,8,00,00,FE,FF,FE,FF,00,00
11524000,55,false,Rx,0,8,10,27,00,00,00,00,00,00
11534000,56,false,Rx,0,8,10,27,00,00,00,00,00,00
11534000,57,false,Rx,0,8,00,00,FE,FF,FE,FF,00,00
11606000,625,false,Rx,0,8,25,00,11,43,FD,BB,E4,01
11706000,625,false,Rx,0,8,25,00,11,43,FD,BB,E4,01
11712000,2C4,false,Rx,0,8,03,00,00,00,02,03,00,00
11713000,2C5,false,Rx,0,8,00,00,00,00,00,00,00,00
11713000,2C6,false,Rx,0,8,F4,01,84,03,00,00,00,00
11723000,54,false,Rx,0,8,00,00,FE,FF,FE,FF,00,00
11723000,55,false,Rx,0,8,10,27,00,00,00,00,00,00
11734000,56,false,Rx,0,8,10,27,00,00,00,00,00,00
11734000,57,false,Rx,0,8,00,00,FE,FF,FE,FF,00,00
11806000,625,false,Rx,0,8,25,00,11,43,FD,BB,E4,01
11906000,625,false,Rx,0,8,25,00,11,43,FD,BB,E4,01
11912000,2C4,false,Rx,0,8,03,00,00,00,02,03,00,00
11913000,2C5,false,Rx,0,8,00,00,00,00,00,00,00,00
11913000,2C6,false,Rx,0,8,F4,01,84,03,00,00,00,00
11923000,54,false,Rx,0,8,00,00,FE,FF,FE,FF,00,00
11923000,55,false,Rx,0,8,10,27,00,00,00,00,00,00
11934000,56,false,Rx,0,8,10,27,00,00,00,00,00,00
11934000,57,false,Rx,0,8,00,00,FE,FF,FE,FF,00,00
12006000,625,false,Rx,0,8,25,00,11,43,FD,BB,E4,01
12106000,625,false,Rx,0,8,25,00,11,43,FD,BB,E4,01
12112000,2C4,false,Rx,0,8,03,00,00,00,02,03,00,00
12113000,2C5,false,Rx,0,8,00,00,00,00,00,00,00,00
12113000,2C6,false,Rx,0,8,F4,01,84,03,00,00,00,00
12123000,54,false,Rx,0,8,00,00,FE,FF,FE,FF,00,00
12123000,55,false,Rx,0,8,10,27,00,00,00,00,00,00
12134000,56,false,Rx,0,8,10,27,00,00,00,00,00,00
12134000,57,false,Rx,0,8,00,00,FE,FF,FE,FF,00,00
12206000,625,false,Rx,0,8,25,00,11,43,FD,BB,E4,01
12306000,625,false,Rx,0,8,25,00,11,43,FD,BB,E4,01
12312000,2C4,false,Rx,0,8,03,00,00,00,02,03,00,00
12313000,2C5,false,Rx,0,8,00,00,00,00,00,00,00,00
12313000,2C6,false,Rx,0,8,F4,01,84,03,00,00,00,00
12323000,54,false,Rx,0,8,00,00,FE,FF,FE,FF,00,00
12323000,55,false,Rx,0,8,10,27,00,00,00,00,00,00
12334000,56,false,Rx,0,8,10,27,00,00,00,00,00,00
12334000,57,false,Rx,0,8,00,00,FE,FF,FE,FF,00,00
12406000,625,false,Rx,0,8,25,00,11,43,FD,BB,E4,01
12506000,625,false,Rx,0,8,25,00,11,43,FD,BB,E4,01
12512000,2C4,false,Rx,0,8,03,00,00,00,02,03,00,00
12513000,2C5,false,Rx,0,8,00,00,00,00,00,00,00,00
12513000,2C6,false,Rx,0,8,F4,01,84,03,00,00,00,00
12523000,54,false,Rx,0,8,00,00,FE,FF,FE,FF,00,00
12523000,55,false,Rx,0,8,10,27,00,00,00,00,00,00
12534000,56,false,Rx,0,8,10,27,00,00,00,00,00,00
12534000,57,false,Rx,0,8,00,00,FE,FF,FE,FF,00,00
12606000,625,false,Rx,0,8,25,00,11,43,FD,BB,E4,01
12706000,625,false,Rx,0,8,25,00,11,43,FD,BB,E4,01
12712000,2C4,false,Rx,0,8,03,00,00,00,02,03,00,00
12713000,2C5,false,Rx,0,8,00,00,00,00,00,00,00,00
12713000,2C6,false,Rx,0,8,F4,01,84,03,00,00,00,00
12723000,54,false,Rx,0,8,00,00,FE,FF,FE,FF,00,00
12723000,55,false,Rx,0,8,10,27,00,00,00,00,00,00
12734000,56,false,Rx,0,8,10,27,00,00,00,00,00,00
12734000,57,false,Rx,0,8,00,00,FE,FF,FE,FF,00,00
12806000,625,false,Rx,0,8,25,00,11,43,FD,BB,E4,01
12906000,625,false,Rx,0,8,25,00,11,43,FD,BB,E4,01
12912000,2C4,false,Rx,0,8,03,00,00,00,02,03,00,00
12913000,2C5,false,Rx,0,8,00,00,00,00,00,00,00,00
12913000,2C6,false,Rx,0,8,F4,01,84,03,00,00,00,00
12923000,54,false,Rx,0,8,00,00,FE,FF,FE,FF,00,00
12923000,55,false,Rx,0,8,10,27,00,00,00,00,00,00
12934000,56,false,Rx,0,8,10,27,00,00,00,00,00,00
12934000,57,false,Rx,0,8,00,00,FE,FF,FE,FF,00,00
13006000,625,false,Rx,0,8,25,00,11,43,FD,BB,E4,01
13106000,625,false,Rx,0,8,25,00,11,43,FD,BB,E4,01
13112000,2C4,false,Rx,0,8,03,00,00,00,02,03,00,00
13113000,2C5,false,Rx,0,8,00,00,00,00,00,00,00,00
13113000,2C6,false,Rx,0,8,F4,01,84,03,00,00,00,00
13123000,54,false,Rx,0,8,00,00,FE,FF,FE,FF,00,00
13123000,55,false,Rx,0,8,10,27,00,00,00,00,00,00
13134000,56,false,Rx,0,8,10,27,00,00,00,00,00,00
13134000,57,false,Rx,0,8,00,00,FE,FF,FE,FF,00,00
13206000,625,false,Rx,0,8,25,00,11,43,FD,BB,E4,01
13306000,625,false,Rx,0,8,25,00,11,43,FD,BB,E4,01
13312000,2C4,false,Rx,0,8,03,00,00,00,02,03,00,00
13313000,2C5,false,Rx,0,8,00,00,00,00,00,00,00,00
13313000,2C6,false,Rx,0,8,F4,01,84,03,00,00,00,00
13323000,54,false,Rx,0,8,00,00,FE,FF,FE,FF,00,00
13323000,55,false,Rx,0,8,10,27,00,00,00,00,00,00
13334000,56,false,Rx,0,8,10,27,00,00,00,00,00,00
13334000,57,false,Rx,0,8,00,00,FE,FF,FE,FF,00,00
13406000,625,false,Rx,0,8,25,00,11,43,FD,BB,E4,01
13506000,625,false,Rx,0,8,25,00,11,43,FD,BB,E4,01
13512000,2C4,false,Rx,0,8,03,00,00,00,02,03,00,00
13513000,2C5,false,Rx,0,8,00,00,00,00,00,00,00,00
13513000,2C6,false,Rx,0,8,F4,01,84,03,00,00,00,00
13523000,54,false,Rx,0,8,00,00,FE,FF,FE,FF,00,00
13523000,55,false,Rx,0,8,10,27,00,00,00,00,00,00
13534000,56,false,Rx,0,8,10,27,00,00,00,00,00,00
13534000,57,false,Rx,0,8,00,00,FE,FF,FE,FF,00,00
13606000,625,false,Rx,0,8,25,00,11,43,FD,BB,E4,01
13706000,625,false,Rx,0,8,25,00,11,43,FD,BB,E4,01
13712000,2C4,false,Rx,0,8,03,00,00,00,02,03,00,00
13713000,2C5,false,Rx,0,8,00,00,00,00,00,00,00,00
13713000,2C6,false,Rx,0,8,F4,01,84,03,00,00,00,00
13723000,54,false,Rx,0,8,00,00,FE,FF,FE,FF,00,00
13723000,55,false,Rx,0,8,10,27,00,00,00,00,00,00
13734000,56,false,Rx,0,8,10,27,00,00,00,00,00,00
13734000,57,false,Rx,0,8,00,00,FE,FF,FE,FF,00,00
13806000,625,false,Rx,0,8,25,00,11,43,FD,BB,E4,01
13906000,625,false,Rx,0,8,25,00,11,43,FD,BB,E4,01
13912000,2C4,false,Rx,0,8,03,00,00,00,02,03,00,00
13913000,2C5,false,Rx,0,8,00,00,00,00,00,00,00,00
13913000,2C6,false,Rx,0,8,F4,01,84,03,00,00,00,00
13923000,54,false,Rx,0,8,00,00,FE,FF,FE,FF,00,00
13923000,55,false,Rx,0,8,10,27,00,00,00,00,00,00
13934000,56,false,Rx,0,8,10,27,00,00,00,00,00,00
13934000,57,false,Rx,0,8,00,00,FE,FF,FE,FF,00,00
14006000,625,false,Rx,0,8,25,00,11,43,FD,BB,E4,01
14106000,625,false,Rx,0,8,25,00,11,43,FD,BB,E4,01
14112000,2C4,false,Rx,0,8,03,00,00,00,02,03,00,00
14113000,2C5,false,Rx,0,8,00,00,00,00,00,00,00,00
14113000,2C6,false,Rx,0,8,F4,01,84,03,00,00,00,00
14123000,54,false,Rx,0,8,00,00,FE,FF,FE,FF,00,00
14123000,55,false,Rx,0,8,10,27,00,00,00,00,00,00
14134000,56,false,Rx,0,8,10,27,00,00,00,00,00,00
14134000,57,false,Rx,0,8,00,00,FE,FF,FE,FF,00,00
14206000,625,false,Rx,0,8,25,00,11,43,FD,BB,E4,01
14306000,625,false,Rx,0,8,25,00,11,43,FD,BB,E4,01
14312000,2C4,false,Rx,0,8,03,00,00,00,02,03,00,00
14313000,2C5,false,Rx,0,8,00,00,00,00,00,00,00,00
14313000,2C6,false,Rx,0,8,F4,01,84,03,00,00,00,00
14323000,54,false,Rx,0,8,00,00,FE,FF,FE,FF,00,00
14323000,55,false,Rx,0,8,10,27,00,00,00,00,00,00
14334000,56,false,Rx,0,8,10,27,00,00,00,00,00,00
14334000,57,false,Rx,0,8,00,00,FE,FF,FE,FF,00,00
14406000,625,false,Rx,0,8,25,00,11,43,FD,BB,E4,01
14506000,625,false,Rx,0,8,25,00,11,43,FD,BB,E4,01
14512000,2C4,false,Rx,0,8,03,00,00,00,02,03,00,00
14513000,2C5,false,Rx,0,8,00,00,00,00,00,00,00,00
14513000,2C6,false,Rx,0,8,F4,01,84,03,00,00,00,00
14523000,54,false,Rx,0,8,00,00,FE,FF,FE,FF,00,00
14523000,55,false,Rx,0,8,10,27,00,00,00,00,00,00
14534000,56,false,Rx,0,8,10,27,00,00,00,00,00,00
14534000,57,false,Rx,0,8,00,00,FE,FF,FE,FF,00,00
14606000,625,false,Rx,0,8,25,00,11,43,FD,BB,E4,01
14706000,625,false,Rx,0,8,25,00,11,43,FD,BB,E4,01
14712000,2C4,false,Rx,0,8,03,00,00,00,02,03,00,00
14713000,2C5,false,Rx,0,8,00,00,00,00,00,00,00,00
14713000,2C6,false,Rx,0,8,F4,01,84,03,00,00,00,00
14723000,54,false,Rx,0,8,00,00,FE,FF,FE,FF,00,00
14723000,55,false,Rx,0,8,10,27,00,00,00,00,00,00
14734000,56,false,Rx,0,8,10,27,00,00,00,00,00,00
14734000,57,false,Rx,0,8,00,00,FE,FF,FE,FF,00,00
14806000,625,false,Rx,0,8,25,00,11,43,FD,BB,E4,01
14906000,625,false,Rx,0,8,25,00,11,43,FD,BB,E4,01
14912000,2C4,false,Rx,0,8,03,00,00,00,02,03,00,00
14912000,2C5,false,Rx,0,8,00,00,00,00,00,00,00,00
14913000,2C6,false,Rx,0,8,F4,01,84,03,00,00,00,00
14923000,54,false,Rx,0,8,00,00,FE,FF,FE,FF,00,00
14923000,55,false,Rx,0,8,10,27,00,00,00,00,00,00
14934000,56,false,Rx,0,8,10,27,00,00,00,00,00,00
14934000,57,false,Rx,0,8,00,00,FE,FF,FE,FF,00,00
14944000,60D,false,Rx,0,8,0D,10,DF,23,02,20,70,00
15006000,625,false,Rx,0,8,25,00,11,43,FD,BB,E4,01
15031000,60D,false,Rx,0,8,0D,10,DF,23,02,20,70,00
15106000,625,false,Rx,0,8,25,00,11,43,FD,BB,E4,01
15112000,2C4,false,Rx,0,8,03,00,00,00,02,03,00,00
15112000,2C5,false,Rx,0,8,00,00,00,00,00,00,00,00
15113000,2C6,false,Rx,0,8,F4,01,84,03,00,00,00,00
15123000,54,false,Rx,0,8,00,00,FE,FF,FE,FF,00,00
15123000,55,false,Rx,0,8,10,27,00,00,00,00,00,00
15134000,56,false,Rx,0,8,10,27,00,00,00,00,00,00
15134000,57,false,Rx,0,8,00,00,FE,FF,FE,FF,00,00
15144000,60D,false,Rx,0,8,0D,10,DF,23,02,20,70,00
15206000,625,false,Rx,0,8,25,00,11,43,FD,BB,E4,01
15221000,7A0,false,Rx,0,8,02,10,61,AA,AA,AA,AA,AA
15222000,73C,false,Rx,0,8,06,50,61,00,32,01,F4,00
15231000,60D,false,Rx,0,8,0D,10,DF,23,02,20,70,00
15231000,7A0,false,Rx,0,8,02,27,65,AA,AA,AA,AA,AA
15232000,73C,false,Rx,0,8,06,67,65,A6,95,54,D5,00
15242000,7A0,false,Rx,0,8,06,27,66,00,00,10,61,AA
15243000,73C,false,Rx,0,8,02,67,66,A6,95,54,D5,00
15253000,7A0,false,Rx,0,8,04,14,FF,FF,FF,AA,AA,AA
15253000,73C,false,Rx,0,8,01,54,66,A6,95,54,D5,00
15306000,625,false,Rx,0,8,25,00,11,43,FD,BB,E4,01
15312000,2C4,false,Rx,0,8,03,00,00,00,02,03,00,00
15312000,2C5,false,Rx,0,8,00,00,00,00,00,00,00,00
15313000,2C6,false,Rx,0,8,F4,01,84,03,00,00,00,00
15323000,54,false,Rx,0,8,00,00,FE,FF,FE,FF,00,00
15323000,55,false,Rx,0,8,10,27,00,00,00,00,00,00
15334000,56,false,Rx,0,8,10,27,00,00,00,00,00,00
15334000,57,false,Rx,0,8,00,00,FE,FF,FE,FF,00,00
15344000,60D,false,Rx,0,8,0D,10,DF,23,02,20,70,00
15406000,625,false,Rx,0,8,25,00,11,43,FD,BB,E4,01
15431000,60D,false,Rx,0,8,0D,10,DF,23,02,20,70,00
15506000,625,false,Rx,0,8,25,00,11,43,FD,BB,E4,01
15512000,2C4,false,Rx,0,8,03,00,00,00,02,03,00,00
15512000,2C5,false,Rx,0,8,00,00,00,00,00,00,00,00
15513000,2C6,false,Rx,0,8,F4,01,84,03,00,00,00,00
15523000,54,false,Rx,0,8,00,00,FE,FF,FE,FF,00,00
15523000,55,false,Rx,0,8,10,27,00,00,00,00,00,00
15534000,56,false,Rx,0,8,10,27,00,00,00,00,00,00
15534000,57,false,Rx,0,8,00,00,FE,FF,FE,FF,00,00
15544000,60D,false,Rx,0,8,0D,10,DF,23,02,20,70,00
15606000,625,false,Rx,0,8,25,00,11,43,FD,BB,E4,01
15631000,60D,false,Rx,0,8,0D,10,DF,23,02,20,70,00
15706000,625,false,Rx,0,8,25,00,11,43,FD,BB,E4,01
15712000,2C4,false,Rx,0,8,03,00,00,00,02,03,00,00
15712000,2C5,false,Rx,0,8,00,00,00,00,00,00,00,00
15713000,2C6,false,Rx,0,8,F4,01,84,03,00,00,00,00
15723000,54,false,Rx,0,8,00,00,FE,FF,FE,FF,00,00
15723000,55,false,Rx,0,8,10,27,00,00,00,00,00,00
15734000,56,false,Rx,0,8,10,27,00,00,00,00,00,00
15734000,57,false,Rx,0,8,00,00,FE,FF,FE,FF,00,00
15744000,60D,false,Rx,0,8,0D,10,DF,23,02,20,70,00
15806000,625,false,Rx,0,8,25,00,11,43,FD,BB,E4,01
15831000,60D,false,Rx,0,8,0D,10,DF,23,02,20,70,00
15906000,625,false,Rx,0,8,25,00,11,43,FD,BB,E4,01
15912000,2C4,false,Rx,0,8,03,00,00,00,02,03,00,00
15912000,2C5,false,Rx,0,8,00,00,00,00,00,00,00,00
15913000,2C6,false,Rx,0,8,F4,01,84,03,00,00,00,00
15923000,54,false,Rx,0,8,00,00,FE,FF,FE,FF,00,00
15923000,55,false,Rx,0,8,10,27,00,00,00,00,00,00
15934000,56,false,Rx,0,8,10,27,00,00,00,00,00,00
15934000,57,false,Rx,0,8,00,00,FE,FF,FE,FF,00,00
15944000,60D,false,Rx,0,8,0D,10,DF,23,02,20,70,00
16006000,625,false,Rx,0,8,25,00,11,43,FD,BB,E4,01
16031000,60D,false,Rx,0,8,0D,10,DF,23,02,20,70,00
16106000,625,false,Rx,0,8,25,00,11,43,FD,BB,E4,01
16112000,2C4,false,Rx,0,8,03,00,00,00,02,03,00,00
16112000,2C5,false,Rx,0,8,00,00,00,00,00,00,00,00
16113000,2C6,false,Rx,0,8,F4,01,84,03,00,00,00,00
16123000,54,false,Rx,0,8,00,00,FE,FF,FE,FF,00,00
16123000,55,false,Rx,0,8,10,27,00,00,00,00,00,00
16134000,56,false,Rx,0,8,10,27,00,00,00,00,00,00
16134000,57,false,Rx,0,8,00,00,FE,FF,FE,FF,00,00
16144000,60D,false,Rx,0,8,0D,10,DF,23,02,20,70,00
16206000,625,false,Rx,0,8,25,00,11,43,FD,BB,E4,01
16231000,60D,false,Rx,0,8,0D,10,DF,23,02,20,70,00
16306000,625,false,Rx,0,8,25,00,11,43,FD,BB,E4,01
16312000,2C4,false,Rx,0,8,03,00,00,00,02,03,00,00
16312000,2C5,false,Rx,0,8,00,00,00,00,00,00,00,00
16313000,2C6,false,Rx,0,8,F4,01,84,03,00,00,00,00
16323000,54,false,Rx,0,8,00,00,FE,FF,FE,FF,00,00
16323000,55,false,Rx,0,8,10,27,00,00,00,00,00,00
16334000,56,false,Rx,0,8,10,27,00,00,00,00,00,00
16334000,57,false,Rx,0,8,00,00,FE,FF,FE,FF,00,00
16406000,625,false,Rx,0,8,25,00,11,43,FD,BB,E4,01
16506000,625,false,Rx,0,8,25,00,11,43,FD,BB,E4,01
16512000,2C4,false,Rx,0,8,03,00,00,00,02,03,00,00
16512000,2C5,false,Rx,0,8,00,00,00,00,00,00,00,00
16513000,2C6,false,Rx,0,8,F4,01,84,03,00,00,00,00
16523000,54,false,Rx,0,8,00,00,FE,FF,FE,FF,00,00
16523000,55,false,Rx,0,8,10,27,00,00,00,00,00,00
16534000,56,false,Rx,0,8,10,27,00,00,00,00,00,00
16534000,57,false,Rx,0,8,00,00,FE,FF,FE,FF,00,00
16606000,625,false,Rx,0,8,25,00,11,43,FD,BB,E4,01
16706000,625,false,Rx,0,8,25,00,11,43,FD,BB,E4,01
16712000,2C4,false,Rx,0,8,03,00,00,00,02,03,00,00
16712000,2C5,false,Rx,0,8,00,00,00,00,00,00,00,00
16713000,2C6,false,Rx,0,8,F4,01,84,03,00,00,00,00
16723000,54,false,Rx,0,8,00,00,FE,FF,FE,FF,00,00
16723000,55,false,Rx,0,8,10,27,00,00,00,00,00,00
16734000,56,false,Rx,0,8,10,27,00,00,00,00,00,00
16734000,57,false,Rx,0,8,00,00,FE,FF,FE,FF,00,00
16806000,625,false,Rx,0,8,25,00,11,43,FD,BB,E4,01
16906000,625,false,Rx,0,8,25,00,11,43,FD,BB,E4,01
16912000,2C4,false,Rx,0,8,03,00,00,00,02,03,00,00
16912000,2C5,false,Rx,0,8,00,00,00,00,00,00,00,00
16913000,2C6,false,Rx,0,8,F4,01,84,03,00,00,00,00
16923000,54,false,Rx,0,8,00,00,FE,FF,FE,FF,00,00
16923000,55,false,Rx,0,8,10,27,00,00,00,00,00,00
16934000,56,false,Rx,0,8,10,27,00,00,00,00,00,00
16934000,57,false,Rx,0,8,00,00,FE,FF,FE,FF,00,00
17006000,625,false,Rx,0,8,25,00,11,43,FD,BB,E4,01
17106000,625,false,Rx,0,8,25,00,11,43,FD,BB,E4,01
17112000,2C4,false,Rx,0,8,03,00,00,00,02,03,00,00
17112000,2C5,false,Rx,0,8,00,00,00,00,00,00,00,00
17113000,2C6,false,Rx,0,8,F4,01,84,03,00,00,00,00
17123000,54,false,Rx,0,8,00,00,FE,FF,FE,FF,00,00
17123000,55,false,Rx,0,8,10,27,00,00,00,00,00,00
17134000,56,false,Rx,0,8,10,27,00,00,00,00,00,00
17134000,57,false,Rx,0,8,00,00,FE,FF,FE,FF,00,00
17206000,625,false,Rx,0,8,25,00,11,43,FD,BB,E4,01
17306000,625,false,Rx,0,8,25,00,11,43,FD,BB,E4,01
17312000,2C4,false,Rx,0,8,03,00,00,00,02,03,00,00
17312000,2C5,false,Rx,0,8,00,00,00,00,00,00,00,00
17313000,2C6,false,Rx,0,8,F4,01,84,03,00,00,00,00
17323000,54,false,Rx,0,8,00,00,FE,FF,FE,FF,00,00
17323000,55,false,Rx,0,8,10,27,00,00,00,00,00,00
17334000,56,false,Rx,0,8,10,27,00,00,00,00,00,00
17334000,57,false,Rx,0,8,00,00,FE,FF,FE,FF,00,00
17406000,625,false,Rx,0,8,25,00,11,43,FD,BB,E4,01
17506000,625,false,Rx,0,8,25,00,11,43,FD,BB,E4,01
17512000,2C4,false,Rx,0,8,03,00,00,00,02,03,00,00
17512000,2C5,false,Rx,0,8,00,00,00,00,00,00,00,00
17513000,2C6,false,Rx,0,8,F4,01,84,03,00,00,00,00
17523000,54,false,Rx,0,8,00,00,FE,FF,FE,FF,00,00
17523000,55,false,Rx,0,8,10,27,00,00,00,00,00,00
17534000,56,false,Rx,0,8,10,27,00,00,00,00,00,00
17534000,57,false,Rx,0,8,00,00,FE,FF,FE,FF,00,00
17606000,625,false,Rx,0,8,25,00,11,43,FD,BB,E4,01
17706000,625,false,Rx,0,8,25,00,11,43,FD,BB,E4,01
17712000,2C4,false,Rx,0,8,03,00,00,00,02,03,00,00
17712000,2C5,false,Rx,0,8,00,00,00,00,00,00,00,00
17713000,2C6,false,Rx,0,8,F4,01,84,03,00,00,00,00
17723000,54,false,Rx,0,8,00,00,FE,FF,FE,FF,00,00
17723000,55,false,Rx,0,8,10,27,00,00,00,00,00,00
17734000,56,false,Rx,0,8,10,27,00,00,00,00,00,00
17734000,57,false,Rx,0,8,00,00,FE,FF,FE,FF,00,00
17806000,625,false,Rx,0,8,25,00,11,43,FD,BB,E4,01
17906000,625,false,Rx,0,8,25,00,11,43,FD,BB,E4,01
17912000,2C4,false,Rx,0,8,03,00,00,00,02,03,00,00
17912000,2C5,false,Rx,0,8,00,00,00,00,00,00,00,00
17913000,2C6,false,Rx,0,8,F4,01,84,03,00,00,00,00
17923000,54,false,Rx,0,8,00,00,FE,FF,FE,FF,00,00
17923000,55,false,Rx,0,8,10,27,00,00,00,00,00,00
17934000,56,false,Rx,0,8,10,27,00,00,00,00,00,00
17934000,57,false,Rx,0,8,00,00,FE,FF,FE,FF,00,00
18006000,625,false,Rx,0,8,25,00,11,43,FD,BB,E4,01
18106000,625,false,Rx,0,8,25,00,11,43,FD,BB,E4,01
18112000,2C4,false,Rx,0,8,03,00,00,00,02,03,00,00
18112000,2C5,false,Rx,0,8,00,00,00,00,00,00,00,00
18113000,2C6,false,Rx,0,8,F4,01,84,03,00,00,00,00
18123000,54,false,Rx,0,8,00,00,FE,FF,FE,FF,00,00
18123000,55,false,Rx,0,8,10,27,00,00,00,00,00,00
18133000,56,false,Rx,0,8,10,27,00,00,00,00,00,00
18134000,57,false,Rx,0,8,00,00,FE,FF,FE,FF,00,00
18206000,625,false,Rx,0,8,25,00,11,43,FD,BB,E4,01
18306000,625,false,Rx,0,8,25,00,11,43,FD,BB,E4,01
18312000,2C4,false,Rx,0,8,03,00,00,00,02,03,00,00
18312000,2C5,false,Rx,0,8,00,00,00,00,00,00,00,00
18313000,2C6,false,Rx,0,8,F4,01,84,03,00,00,00,00
18323000,54,false,Rx,0,8,00,00,FE,FF,FE,FF,00,00
18323000,55,false,Rx,0,8,10,27,00,00,00,00,00,00
18333000,56,false,Rx,0,8,10,27,00,00,00,00,00,00
18334000,57,false,Rx,0,8,00,00,FE,FF,FE,FF,00,00
18406000,625,false,Rx,0,8,25,00,11,43,FD,BB,E4,01
18506000,625,false,Rx,0,8,25,00,11,43,FD,BB,E4,01
18512000,2C4,false,Rx,0,8,03,00,00,00,02,03,00,00
18512000,2C5,false,Rx,0,8,00,00,00,00,00,00,00,00
18513000,2C6,false,Rx,0,8,F4,01,84,03,00,00,00,00
18523000,54,false,Rx,0,8,00,00,FE,FF,FE,FF,00,00
18523000,55,false,Rx,0,8,10,27,00,00,00,00,00,00
18533000,56,false,Rx,0,8,10,27,00,00,00,00,00,00
18534000,57,false,Rx,0,8,00,00,FE,FF,FE,FF,00,00
18606000,625,false,Rx,0,8,25,00,11,43,FD,BB,E4,01
18706000,625,false,Rx,0,8,25,00,11,43,FD,BB,E4,01
18712000,2C4,false,Rx,0,8,03,00,00,00,02,03,00,00
18712000,2C5,false,Rx,0,8,00,00,00,00,00,00,00,00
18713000,2C6,false,Rx,0,8,F4,01,84,03,00,00,00,00
18723000,54,false,Rx,0,8,00,00,FE,FF,FE,FF,00,00
18723000,55,false,Rx,0,8,10,27,00,00,00,00,00,00
18733000,56,false,Rx,0,8,10,27,00,00,00,00,00,00
18734000,57,false,Rx,0,8,00,00,FE,FF,FE,FF,00,00
18806000,625,false,Rx,0,8,25,00,11,43,FD,BB,E4,01
18906000,625,false,Rx,0,8,25,00,11,43,FD,BB,E4,01
18912000,2C4,false,Rx,0,8,03,00,00,00,02,03,00,00
18912000,2C5,false,Rx,0,8,00,00,00,00,00,00,00,00
18913000,2C6,false,Rx,0,8,F4,01,84,03,00,00,00,00
18923000,54,false,Rx,0,8,00,00,FE,FF,FE,FF,00,00
18923000,55,false,Rx,0,8,10,27,00,00,00,00,00,00
18933000,56,false,Rx,0,8,10,27,00,00,00,00,00,00
18934000,57,false,Rx,0,8,00,00,FE,FF,FE,FF,00,00
19006000,625,false,Rx,0,8,25,00,11,43,FD,BB,E4,01
19106000,625,false,Rx,0,8,25,00,11,43,FD,BB,E4,01
19112000,2C4,false,Rx,0,8,03,00,00,00,02,03,00,00
19112000,2C5,false,Rx,0,8,00,00,00,00,00,00,00,00
19113000,2C6,false,Rx,0,8,F4,01,84,03,00,00,00,00
19123000,54,false,Rx,0,8,00,00,FE,FF,FE,FF,00,00
19123000,55,false,Rx,0,8,10,27,00,00,00,00,00,00
19133000,56,false,Rx,0,8,10,27,00,00,00,00,00,00
19134000,57,false,Rx,0,8,00,00,FE,FF,FE,FF,00,00
19206000,625,false,Rx,0,8,25,00,11,43,FD,BB,E4,01
19306000,625,false,Rx,0,8,25,00,11,43,FD,BB,E4,01
19312000,2C4,false,Rx,0,8,03,00,00,00,02,03,00,00
19312000,2C5,false,Rx,0,8,00,00,00,00,00,00,00,00
19313000,2C6,false,Rx,0,8,F4,01,84,03,00,00,00,00
19323000,54,false,Rx,0,8,00,00,FE,FF,FE,FF,00,00
19323000,55,false,Rx,0,8,10,27,00,00,00,00,00,00
19333000,56,false,Rx,0,8,10,27,00,00,00,00,00,00
19334000,57,false,Rx,0,8,00,00,FE,FF,FE,FF,00,00
19406000,625,false,Rx,0,8,25,00,11,43,FD,BB,E4,01
19506000,625,false,Rx,0,8,25,00,11,43,FD,BB,E4,01
19512000,2C4,false,Rx,0,8,03,00,00,00,02,03,00,00
19512000,2C5,false,Rx,0,8,00,00,00,00,00,00,00,00
19513000,2C6,false,Rx,0,8,F4,01,84,03,00,00,00,00
19523000,54,false,Rx,0,8,00,00,FE,FF,FE,FF,00,00
19523000,55,false,Rx,0,8,10,27,00,00,00,00,00,00
19533000,56,false,Rx,0,8,10,27,00,00,00,00,00,00
19534000,57,false,Rx,0,8,00,00,FE,FF,FE,FF,00,00
19606000,625,false,Rx,0,8,25,00,11,43,FD,BB,E4,01
19706000,625,false,Rx,0,8,25,00,11,43,FD,BB,E4,01
19712000,2C4,false,Rx,0,8,03,00,00,00,02,03,00,00
19712000,2C5,false,Rx,0,8,00,00,00,00,00,00,00,00
19712000,2C6,false,Rx,0,8,F4,01,84,03,00,00,00,00
19723000,54,false,Rx,0,8,00,00,FE,FF,FE,FF,00,00
19723000,55,false,Rx,0,8,10,27,00,00,00,00,00,00
19733000,56,false,Rx,0,8,10,27,00,00,00,00,00,00
19734000,57,false,Rx,0,8,00,00,FE,FF,FE,FF,00,00
19806000,625,false,Rx,0,8,25,00,11,43,FD,BB,E4,01
19906000,625,false,Rx,0,8,25,00,11,43,FD,BB,E4,01
19912000,2C4,false,Rx,0,8,03,00,00,00,02,03,00,00
19912000,2C5,false,Rx,0,8,00,00,00,00,00,00,00,00
19912000,2C6,false,Rx,0,8,F4,01,84,03,00,00,00,00
19923000,54,false,Rx,0,8,00,00,FE,FF,FE,FF,00,00
19923000,55,false,Rx,0,8,10,27,00,00,00,00,00,00
19933000,56,false,Rx,0,8,10,27,00,00,00,00,00,00
19934000,57,false,Rx,0,8,00,00,FE,FF,FE,FF,00,00
20006000,625,false,Rx,0,8,25,00,11,43,FD,BB,E4,01
20106000,625,false,Rx,0,8,25,00,11,43,FD,BB,E4,01
20112000,2C4,false,Rx,0,8,03,00,00,00,02,03,00,00
20112000,2C5,false,Rx,0,8,00,00,00,00,00,00,00,00
20112000,2C6,false,Rx,0,8,F4,01,84,03,00,00,00,00
20123000,54,false,Rx,0,8,00,00,FE,FF,FE,FF,00,00
20123000,55,false,Rx,0,8,10,27,00,00,00,00,00,00
20133000,56,false,Rx,0,8,10,27,00,00,00,00,00,00
20134000,57,false,Rx,0,8,00,00,FE,FF,FE,FF,00,00
20206000,625,false,Rx,0,8,25,00,11,43,FD,BB,E4,01
20306000,625,false,Rx,0,8,25,00,11,43,FD,BB,E4,01
20312000,2C4,false,Rx,0,8,03,00,00,00,02,03,00,00
20312000,2C5,false,Rx,0,8,00,00,00,00,00,00,00,00
20312000,2C6,false,Rx,0,8,F4,01,84,03,00,00,00,00
20323000,54,false,Rx,0,8,00,00,FE,FF,FE,FF,00,00
20323000,55,false,Rx,0,8,10,27,00,00,00,00,00,00
20333000,56,false,Rx,0,8,10,27,00,00,00,00,00,00
20334000,57,false,Rx,0,8,00,00,FE,FF,FE,FF,00,00
20406000,625,false,Rx,0,8,25,00,11,43,FD,BB,E4,01
20506000,625,false,Rx,0,8,25,00,11,43,FD,BB,E4,01
20512000,2C4,false,Rx,0,8,03,00,00,00,02,03,00,00
20512000,2C5,false,Rx,0,8,00,00,00,00,00,00,00,00
20512000,2C6,false,Rx,0,8,F4,01,84,03,00,00,00,00
20523000,54,false,Rx,0,8,00,00,FE,FF,FE,FF,00,00
20523000,55,false,Rx,0,8,10,27,00,00,00,00,00,00
20533000,56,false,Rx,0,8,10,27,00,00,00,00,00,00
20534000,57,false,Rx,0,8,00,00,FE,FF,FE,FF,00,00
20606000,625,false,Rx,0,8,25,00,11,43,FD,BB,E4,01
20706000,625,false,Rx,0,8,25,00,11,43,FD,BB,E4,01
20712000,2C4,false,Rx,0,8,03,00,00,00,02,03,00,00
20712000,2C5,false,Rx,0,8,00,00,00,00,00,00,00,00
20712000,2C6,false,Rx,0,8,F4,01,84,03,00,00,00,00
20723000,54,false,Rx,0,8,00,00,FE,FF,FE,FF,00,00
20723000,55,false,Rx,0,8,10,27,00,00,00,00,00,00
20733000,56,false,Rx,0,8,10,27,00,00,00,00,00,00
20734000,57,false,Rx,0,8,00,00,FE,FF,FE,FF,00,00
20806000,625,false,Rx,0,8,25,00,11,43,FD,BB,E4,01
20906000,625,false,Rx,0,8,25,00,11,43,FD,BB,E4,01
20912000,2C4,false,Rx,0,8,03,00,00,00,02,03,00,00
20912000,2C5,false,Rx,0,8,00,00,00,00,00,00,00,00
20912000,2C6,false,Rx,0,8,F4,01,84,03,00,00,00,00
20923000,54,false,Rx,0,8,00,00,FE,FF,FE,FF,00,00
20923000,55,false,Rx,0,8,10,27,00,00,00,00,00,00
20933000,56,false,Rx,0,8,10,27,00,00,00,00,00,00
20933000,57,false,Rx,0,8,00,00,FE,FF,FE,FF,00,00
21006000,625,false,Rx,0,8,25,00,11,43,FD,BB,E4,01
21106000,625,false,Rx,0,8,25,00,11,43,FD,BB,E4,01
21112000,2C4,false,Rx,0,8,03,00,00,00,02,03,00,00
21112000,2C5,false,Rx,0,8,00,00,00,00,00,00,00,00
21112000,2C6,false,Rx,0,8,F4,01,84,03,00,00,00,00
21123000,54,false,Rx,0,8,00,00,FE,FF,FE,FF,00,00
21123000,55,false,Rx,0,8,10,27,00,00,00,00,00,00
21133000,56,false,Rx,0,8,10,27,00,00,00,00,00,00
21133000,57,false,Rx,0,8,00,00,FE,FF,FE,FF,00,00
21206000,625,false,Rx,0,8,25,00,11,43,FD,BB,E4,01
21306000,625,false,Rx,0,8,25,00,11,43,FD,BB,E4,01
21312000,2C4,false,Rx,0,8,03,00,00,00,02,03,00,00
21312000,2C5,false,Rx,0,8,00,00,00,00,00,00,00,00
21312000,2C6,false,Rx,0,8,F4,01,84,03,00,00,00,00
21323000,54,false,Rx,0,8,00,00,FE,FF,FE,FF,00,00
21323000,55,false,Rx,0,8,10,27,00,00,00,00,00,00
21333000,56,false,Rx,0,8,10,27,00,00,00,00,00,00
21333000,57,false,Rx,0,8,00,00,FE,FF,FE,FF,00,00
21406000,625,false,Rx,0,8,25,00,11,43,FD,BB,E4,01
21506000,625,false,Rx,0,8,25,00,11,43,FD,BB,E4,01
21512000,2C4,false,Rx,0,8,03,00,00,00,02,03,00,00
21512000,2C5,false,Rx,0,8,00,00,00,00,00,00,00,00
21512000,2C6,false,Rx,0,8,F4,01,84,03,00,00,00,00
21523000,54,false,Rx,0,8,00,00,FE,FF,FE,FF,00,00
21523000,55,false,Rx,0,8,10,27,00,00,00,00,00,00
21533000,56,false,Rx,0,8,10,27,00,00,00,00,00,00
21533000,57,false,Rx,0,8,00,00,FE,FF,FE,FF,00,00
21606000,625,false,Rx,0,8,25,00,11,43,FD,BB,E4,01
21706000,625,false,Rx,0,8,25,00,11,43,FD,BB,E4,01
21712000,2C4,false,Rx,0,8,03,00,00,00,02,03,00,00
21712000,2C5,false,Rx,0,8,00,00,00,00,00,00,00,00
21712000,2C6,false,Rx,0,8,F4,01,84,03,00,00,00,00
21723000,54,false,Rx,0,8,00,00,FE,FF,FE,FF,00,00
21723000,55,false,Rx,0,8,10,27,00,00,00,00,00,00
21733000,56,false,Rx,0,8,10,27,00,00,00,00,00,00
21733000,57,false,Rx,0,8,00,00,FE,FF,FE,FF,00,00
21806000,625,false,Rx,0,8,25,00,11,43,FD,BB,E4,01
21906000,625,false,Rx,0,8,25,00,11,43,FD,BB,E4,01
21912000,2C4,false,Rx,0,8,03,00,00,00,02,03,00,00
21912000,2C5,false,Rx,0,8,00,00,00,00,00,00,00,00
21912000,2C6,false,Rx,0,8,F4,01,84,03,00,00,00,00
21923000,54,false,Rx,0,8,00,00,FE,FF,FE,FF,00,00
21923000,55,false,Rx,0,8,10,27,00,00,00,00,00,00
21933000,56,false,Rx,0,8,10,27,00,00,00,00,00,00
21933000,57,false,Rx,0,8,00,00,FE,FF,FE,FF,00,00
22006000,625,false,Rx,0,8,25,00,11,43,FD,BB,E4,01
22106000,625,false,Rx,0,8,25,00,11,43,FD,BB,E4,01
22112000,2C4,false,Rx,0,8,03,00,00,00,02,03,00,00
22112000,2C5,false,Rx,0,8,00,00,00,00,00,00,00,00
22112000,2C6,false,Rx,0,8,F4,01,84,03,00,00,00,00
22123000,54,false,Rx,0,8,00,00,FE,FF,FE,FF,00,00
22123000,55,false,Rx,0,8,10,27,00,00,00,00,00,00
22133000,56,false,Rx,0,8,10,27,00,00,00,00,00,00
22133000,57,false,Rx,0,8,00,00,FE,FF,FE,FF,00,00
22206000,625,false,Rx,0,8,25,00,11,43,FD,BB,E4,01
22306000,625,false,Rx,0,8,25,00,11,43,FD,BB,E4,01
22312000,2C4,false,Rx,0,8,03,00,00,00,02,03,00,00
22312000,2C5,false,Rx,0,8,00,00,00,00,00,00,00,00
22312000,2C6,false,Rx,0,8,F4,01,84,03,00,00,00,00
22323000,54,false,Rx,0,8,00,00,FE,FF,FE,FF,00,00
22323000,55,false,Rx,0,8,10,27,00,00,00,00,00,00
22333000,56,false,Rx,0,8,10,27,00,00,00,00,00,00
22333000,57,false,Rx,0,8,00,00,FE,FF,FE,FF,00,00
22406000,625,false,Rx,0,8,25,00,11,43,FD,BB,E4,01
22506000,625,false,Rx,0,8,25,00,11,43,FD,BB,E4,01
22512000,2C4,false,Rx,0,8,03,00,00,00,02,03,00,00
22512000,2C5,false,Rx,0,8,00,00,00,00,00,00,00,00
22512000,2C6,false,Rx,0,8,F4,01,84,03,00,00,00,00
22523000,54,false,Rx,0,8,00,00,FE,FF,FE,FF,00,00
22523000,55,false,Rx,0,8,10,27,00,00,00,00,00,00
22533000,56,false,Rx,0,8,10,27,00,00,00,00,00,00
22533000,57,false,Rx,0,8,00,00,FE,FF,FE,FF,00,00
22606000,625,false,Rx,0,8,25,00,11,43,FD,BB,E4,01
22706000,625,false,Rx,0,8,25,00,11,43,FD,BB,E4,01
22712000,2C4,false,Rx,0,8,03,00,00,00,02,03,00,00
22712000,2C5,false,Rx,0,8,00,00,00,00,00,00,00,00
22712000,2C6,false,Rx,0,8,F4,01,84,03,00,00,00,00
22723000,54,false,Rx,0,8,00,00,FE,FF,FE,FF,00,00
22723000,55,false,Rx,0,8,10,27,00,00,00,00,00,00
22733000,56,false,Rx,0,8,10,27,00,00,00,00,00,00
22733000,57,false,Rx,0,8,00,00,FE,FF,FE,FF,00,00
22806000,625,false,Rx,0,8,25,00,11,43,FD,BB,E4,01
22906000,625,false,Rx,0,8,25,00,11,43,FD,BB,E4,01
22912000,2C4,false,Rx,0,8,03,00,00,00,02,03,00,00
22912000,2C5,false,Rx,0,8,00,00,00,00,00,00,00,00
22912000,2C6,false,Rx,0,8,F4,01,84,03,00,00,00,00
22923000,54,false,Rx,0,8,00,00,FE,FF,FE,FF,00,00
22923000,55,false,Rx,0,8,10,27,00,00,00,00,00,00
22933000,56,false,Rx,0,8,10,27,00,00,00,00,00,00
22933000,57,false,Rx,0,8,00,00,FE,FF,FE,FF,00,00
23006000,625,false,Rx,0,8,25,00,11,43,FD,BB,E4,01
23106000,625,false,Rx,0,8,25,00,11,43,FD,BB,E4,01
23112000,2C4,false,Rx,0,8,03,00,00,00,02,03,00,00
23112000,2C5,false,Rx,0,8,00,00,00,00,00,00,00,00
23112000,2C6,false,Rx,0,8,F4,01,84,03,00,00,00,00
23123000,54,false,Rx,0,8,00,00,FE,FF,FE,FF,00,00
23123000,55,false,Rx,0,8,10,27,00,00,00,00,00,00
23133000,56,false,Rx,0,8,10,27,00,00,00,00,00,00
23133000,57,false,Rx,0,8,00,00,FE,FF,FE,FF,00,00
23206000,625,false,Rx,0,8,25,00,11,43,FD,BB,E4,01
23306000,625,false,Rx,0,8,25,00,11,43,FD,BB,E4,01
23312000,2C4,false,Rx,0,8,03,00,00,00,02,03,00,00
23312000,2C5,false,Rx,0,8,00,00,00,00,00,00,00,00
23312000,2C6,false,Rx,0,8,F4,01,84,03,00,00,00,00
23323000,54,false,Rx,0,8,00,00,FE,FF,FE,FF,00,00
23323000,55,false,Rx,0,8,10,27,00,00,00,00,00,00
23333000,56,false,Rx,0,8,10,27,00,00,00,00,00,00
23333000,57,false,Rx,0,8,00,00,FE,FF,FE,FF,00,00
23406000,625,false,Rx,0,8,25,00,11,43,FD,BB,E4,01
23506000,625,false,Rx,0,8,25,00,11,43,FD,BB,E4,01
23512000,2C4,false,Rx,0,8,03,00,00,00,02,03,00,00
23512000,2C5,false,Rx,0,8,00,00,00,00,00,00,00,00
23512000,2C6,false,Rx,0,8,F4,01,84,03,00,00,00,00
23523000,54,false,Rx,0,8,00,00,FE,FF,FE,FF,00,00
23523000,55,false,Rx,0,8,10,27,00,00,00,00,00,00
23533000,56,false,Rx,0,8,10,27,00,00,00,00,00,00
23533000,57,false,Rx,0,8,00,00,FE,FF,FE,FF,00,00
23606000,625,false,Rx,0,8,25,00,11,43,FD,BB,E4,01
23706000,625,false,Rx,0,8,25,00,11,43,FD,BB,E4,01
23712000,2C4,false,Rx,0,8,03,00,00,00,02,03,00,00
23712000,2C5,false,Rx,0,8,00,00,00,00,00,00,00,00
23712000,2C6,false,Rx,0,8,F4,01,84,03,00,00,00,00
23723000,54,false,Rx,0,8,00,00,FE,FF,FE,FF,00,00
23723000,55,false,Rx,0,8,10,27,00,00,00,00,00,00
23733000,56,false,Rx,0,8,10,27,00,00,00,00,00,00
23733000,57,false,Rx,0,8,00,00,FE,FF,FE,FF,00,00
23806000,625,false,Rx,0,8,25,00,11,43,FD,BB,E4,01
23906000,625,false,Rx,0,8,25,00,11,43,FD,BB,E4,01
23912000,2C4,false,Rx,0,8,03,00,00,00,02,03,00,00
23912000,2C5,false,Rx,0,8,00,00,00,00,00,00,00,00
23912000,2C6,false,Rx,0,8,F4,01,84,03,00,00,00,00
23923000,54,false,Rx,0,8,00,00,FE,FF,FE,FF,00,00
23923000,55,false,Rx,0,8,10,27,00,00,00,00,00,00
23933000,56,false,Rx,0,8,10,27,00,00,00,00,00,00
23933000,57,false,Rx,0,8,00,00,FE,FF,FE,FF,00,00
24006000,625,false,Rx,0,8,25,00,11,43,FD,BB,E4,01
24106000,625,false,Rx,0,8,25,00,11,43,FD,BB,E4,01
24112000,2C4,false,Rx,0,8,03,00,00,00,02,03,00,00
24112000,2C5,false,Rx,0,8,00,00,00,00,00,00,00,00
24112000,2C6,false,Rx,0,8,F4,01,84,03,00,00,00,00
24123000,54,false,Rx,0,8,00,00,FE,FF,FE,FF,00,00
24123000,55,false,Rx,0,8,10,27,00,00,00,00,00,00
24133000,56,false,Rx,0,8,10,27,00,00,00,00,00,00
24133000,57,false,Rx,0,8,00,00,FE,FF,FE,FF,00,00
24206000,625,false,Rx,0,8,25,00,11,43,FD,BB,E4,01
24306000,625,false,Rx,0,8,25,00,11,43,FD,BB,E4,01
24312000,2C4,false,Rx,0,8,03,00,00,00,02,03,00,00
24312000,2C5,false,Rx,0,8,00,00,00,00,00,00,00,00
24312000,2C6,false,Rx,0,8,F4,01,84,03,00,00,00,00
24323000,54,false,Rx,0,8,00,00,FE,FF,FE,FF,00,00
24323000,55,false,Rx,0,8,10,27,00,00,00,00,00,00
24333000,56,false,Rx,0,8,10,27,00,00,00,00,00,00
24333000,57,false,Rx,0,8,00,00,FE,FF,FE,FF,00,00
24406000,625,false,Rx,0,8,25,00,11,43,FD,BB,E4,01
24506000,625,false,Rx,0,8,25,00,11,43,FD,BB,E4,01
24512000,2C4,false,Rx,0,8,03,00,00,00,02,03,00,00
24512000,2C5,false,Rx,0,8,00,00,00,00,00,00,00,00
24512000,2C6,false,Rx,0,8,F4,01,84,03,00,00,00,00
24523000,54,false,Rx,0,8,00,00,FE,FF,FE,FF,00,00
24523000,55,false,Rx,0,8,10,27,00,00,00,00,00,00
24533000,56,false,Rx,0,8,10,27,00,00,00,00,00,00
24533000,57,false,Rx,0,8,00,00,FE,FF,FE,FF,00,00
24606000,625,false,Rx,0,8,25,00,11,43,FD,BB,E4,01
24706000,625,false,Rx,0,8,25,00,11,43,FD,BB,E4,01
24712000,2C4,false,Rx,0,8,03,00,00,00,02,03,00,00
24712000,2C5,false,Rx,0,8,00,00,00,00,00,00,00,00
24712000,2C6,false,Rx,0,8,F4,01,84,03,00,00,00,00
24723000,54,false,Rx,0,8,00,00,FE,FF,FE,FF,00,00
24723000,55,false,Rx,0,8,10,27,00,00,00,00,00,00
24733000,56,false,Rx,0,8,10,27,00,00,00,00,00,00
24733000,57,false,Rx,0,8,00,00,FE,FF,FE,FF,00,00
24806000,625,false,Rx,0,8,25,00,11,43,FD,BB,E4,01
24906000,625,false,Rx,0,8,25,00,11,43,FD,BB,E4,01
24912000,2C4,false,Rx,0,8,03,00,00,00,02,03,00,00
24912000,2C5,false,Rx,0,8,00,00,00,00,00,00,00,00
24912000,2C6,false,Rx,0,8,F4,01,84,03,00,00,00,00
24923000,54,false,Rx,0,8,00,00,FE,FF,FE,FF,00,00
24923000,55,false,Rx,0,8,10,27,00,00,00,00,00,00
24933000,56,false,Rx,0,8,10,27,00,00,00,00,00,00
24933000,57,false,Rx,0,8,00,00,FE,FF,FE,FF,00,00
25006000,625,false,Rx,0,8,25,00,11,43,FD,BB,E4,01
25106000,625,false,Rx,0,8,25,00,11,43,FD,BB,E4,01
25112000,2C4,false,Rx,0,8,03,00,00,00,02,03,00,00
25112000,2C5,false,Rx,0,8,00,00,00,00,00,00,00,00
25112000,2C6,false,Rx,0,8,F4,01,84,03,00,00,00,00
25123000,54,false,Rx,0,8,00,00,FE,FF,FE,FF,00,00
25123000,55,false,Rx,0,8,10,27,00,00,00,00,00,00
25133000,56,false,Rx,0,8,10,27,00,00,00,00,00,00
25133000,57,false,Rx,0,8,00,00,FE,FF,FE,FF,00,00
25206000,625,false,Rx,0,8,25,00,11,43,FD,BB,E4,01
25306000,625,false,Rx,0,8,25,00,11,43,FD,BB,E4,01
25312000,2C4,false,Rx,0,8,03,00,00,00,02,03,00,00
25312000,2C5,false,Rx,0,8,00,00,00,00,00,00,00,00
25312000,2C6,false,Rx,0,8,F4,01,84,03,00,00,00,00
25323000,54,false,Rx,0,8,00,00,FE,FF,FE,FF,00,00
25323000,55,false,Rx,0,8,10,27,00,00,00,00,00,00
25333000,56,false,Rx,0,8,10,27,00,00,00,00,00,00
25333000,57,false,Rx,0,8,00,00,FE,FF,FE,FF,00,00
25406000,625,false,Rx,0,8,25,00,11,43,FD,BB,E4,01
25506000,625,false,Rx,0,8,25,00,11,43,FD,BB,E4,01
25512000,2C4,false,Rx,0,8,03,00,00,00,02,03,00,00
25512000,2C5,false,Rx,0,8,00,00,00,00,00,00,00,00
25512000,2C6,false,Rx,0,8,F4,01,84,03,00,00,00,00
25523000,54,false,Rx,0,8,00,00,FE,FF,FE,FF,00,00
25523000,55,false,Rx,0,8,10,27,00,00,00,00,00,00
25533000,56,false,Rx,0,8,10,27,00,00,00,00,00,00
25533000,57,false,Rx,0,8,00,00,FE,FF,FE,FF,00,00
25606000,625,false,Rx,0,8,25,00,11,43,FD,BB,E4,01
25706000,625,false,Rx,0,8,25,00,11,43,FD,BB,E4,01
25712000,2C4,false,Rx,0,8,03,00,00,00,02,03,00,00
25712000,2C5,false,Rx,0,8,00,00,00,00,00,00,00,00
25712000,2C6,false,Rx,0,8,F4,01,84,03,00,00,00,00
25723000,54,false,Rx,0,8,00,00,FE,FF,FE,FF,00,00
25723000,55,false,Rx,0,8,10,27,00,00,00,00,00,00
25733000,56,false,Rx,0,8,10,27,00,00,00,00,00,00
25733000,57,false,Rx,0,8,00,00,FE,FF,FE,FF,00,00
25806000,625,false,Rx,0,8,25,00,11,43,FD,BB,E4,01
25906000,625,false,Rx,0,8,25,00,11,43,FD,BB,E4,01
25912000,2C4,false,Rx,0,8,03,00,00,00,02,03,00,00
25912000,2C5,false,Rx,0,8,00,00,00,00,00,00,00,00
25912000,2C6,false,Rx,0,8,F4,01,84,03,00,00,00,00
25923000,54,false,Rx,0,8,00,00,FE,FF,FE,FF,00,00
25923000,55,false,Rx,0,8,10,27,00,00,00,00,00,00
25933000,56,false,Rx,0,8,10,27,00,00,00,00,00,00
25933000,57,false,Rx,0,8,00,00,FE,FF,FE,FF,00,00
26006000,625,false,Rx,0,8,25,00,11,43,FD,BB,E4,01
26106000,625,false,Rx,0,8,25,00,11,43,FD,BB,E4,01
26112000,2C4,false,Rx,0,8,03,00,00,00,02,03,00,00
26112000,2C5,false,Rx,0,8,00,00,00,00,00,00,00,00
26112000,2C6,false,Rx,0,8,F4,01,84,03,00,00,00,00
26123000,54,false,Rx,0,8,00,00,FE,FF,FE,FF,00,00
26123000,55,false,Rx,0,8,10,27,00,00,00,00,00,00
26133000,56,false,Rx,0,8,10,27,00,00,00,00,00,00
26133000,57,false,Rx,0,8,00,00,FE,FF,FE,FF,00,00
26206000,625,false,Rx,0,8,25,00,11,43,FD,BB,E4,01
26306000,625,false,Rx,0,8,25,00,11,43,FD,BB,E4,01
26312000,2C4,false,Rx,0,8,03,00,00,00,02,03,00,00
26312000,2C5,false,Rx,0,8,00,00,00,00,00,00,00,00
26312000,2C6,false,Rx,0,8,F4,01,84,03,00,00,00,00
26323000,54,false,Rx,0,8,00,00,FE,FF,FE,FF,00,00
26323000,55,false,Rx,0,8,10,27,00,00,00,00,00,00
26333000,56,false,Rx,0,8,10,27,00,00,00,00,00,00
26333000,57,false,Rx,0,8,00,00,FE,FF,FE,FF,00,00
26406000,625,false,Rx,0,8,25,00,11,43,FD,BB,E4,01
26506000,625,false,Rx,0,8,25,00,11,43,FD,BB,E4,01
26512000,2C4,false,Rx,0,8,03,00,00,00,02,03,00,00
26512000,2C5,false,Rx,0,8,00,00,00,00,00,00,00,00
26512000,2C6,false,Rx,0,8,F4,01,84,03,00,00,00,00
26523000,54,false,Rx,0,8,00,00,FE,FF,FE,FF,00,00
26523000,55,false,Rx,0,8,10,27,00,00,00,00,00,00
26533000,56,false,Rx,0,8,10,27,00,00,00,00,00,00
26533000,57,false,Rx,0,8,00,00,FE,FF,FE,FF,00,00
26606000,625,false,Rx,0,8,25,00,11,43,FD,BB,E4,01
26705000,625,false,Rx,0,8,25,00,11,43,FD,BB,E4,01
26712000,2C4,false,Rx,0,8,03,00,00,00,02,03,00,00
26712000,2C5,false,Rx,0,8,00,00,00,00,00,00,00,00
26712000,2C6,false,Rx,0,8,F4,01,84,03,00,00,00,00
26723000,54,false,Rx,0,8,00,00,FE,FF,FE,FF,00,00
26723000,55,false,Rx,0,8,10,27,00,00,00,00,00,00
26733000,56,false,Rx,0,8,10,27,00,00,00,00,00,00
26733000,57,false,Rx,0,8,00,00,FE,FF,FE,FF,00,00
26805000,625,false,Rx,0,8,25,00,11,43,FD,BB,E4,01
26905000,625,false,Rx,0,8,25,00,11,43,FD,BB,E4,01
26912000,2C4,false,Rx,0,8,03,00,00,00,02,03,00,00
26912000,2C5,false,Rx,0,8,00,00,00,00,00,00,00,00
26912000,2C6,false,Rx,0,8,F4,01,84,03,00,00,00,00
26923000,54,false,Rx,0,8,00,00,FE,FF,FE,FF,00,00
26923000,55,false,Rx,0,8,10,27,00,00,00,00,00,00
26933000,56,false,Rx,0,8,10,27,00,00,00,00,00,00
26933000,57,false,Rx,0,8,00,00,FE,FF,FE,FF,00,00
27005000,625,false,Rx,0,8,25,00,11,43,FD,BB,E4,01
27105000,625,false,Rx,0,8,25,00,11,43,FD,BB,E4,01
27112000,2C4,false,Rx,0,8,03,00,00,00,02,03,00,00
27112000,2C5,false,Rx,0,8,00,00,00,00,00,00,00,00
27112000,2C6,false,Rx,0,8,F4,01,84,03,00,00,00,00
27123000,54,false,Rx,0,8,00,00,FE,FF,FE,FF,00,00
27123000,55,false,Rx,0,8,10,27,00,00,00,00,00,00
27133000,56,false,Rx,0,8,10,27,00,00,00,00,00,00
27133000,57,false,Rx,0,8,00,00,FE,FF,FE,FF,00,00
27205000,625,false,Rx,0,8,25,00,11,43,FD,BB,E4,01
27305000,625,false,Rx,0,8,25,00,11,43,FD,BB,E4,01
27312000,2C4,false,Rx,0,8,03,00,00,00,02,03,00,00
27312000,2C5,false,Rx,0,8,00,00,00,00,00,00,00,00
27312000,2C6,false,Rx,0,8,F4,01,84,03,00,00,00,00
27323000,54,false,Rx,0,8,00,00,FE,FF,FE,FF,00,00
27323000,55,false,Rx,0,8,10,27,00,00,00,00,00,00
27333000,56,false,Rx,0,8,10,27,00,00,00,00,00,00
27333000,57,false,Rx,0,8,00,00,FE,FF,FE,FF,00,00
27405000,625,false,Rx,0,8,25,00,11,43,FD,BB,E4,01
27505000,625,false,Rx,0,8,25,00,11,43,FD,BB,E4,01
27512000,2C4,false,Rx,0,8,03,00,00,00,02,03,00,00
27512000,2C5,false,Rx,0,8,00,00,00,00,00,00,00,00
27512000,2C6,false,Rx,0,8,F4,01,84,03,00,00,00,00
27522000,54,false,Rx,0,8,00,00,FE,FF,FE,FF,00,00
27523000,55,false,Rx,0,8,10,27,00,00,00,00,00,00
27533000,56,false,Rx,0,8,10,27,00,00,00,00,00,00
27533000,57,false,Rx,0,8,00,00,FE,FF,FE,FF,00,00
27605000,625,false,Rx,0,8,25,00,11,43,FD,BB,E4,01
27705000,625,false,Rx,0,8,25,00,11,43,FD,BB,E4,01
27712000,2C4,false,Rx,0,8,03,00,00,00,02,03,00,00
27712000,2C5,false,Rx,0,8,00,00,00,00,00,00,00,00
27712000,2C6,false,Rx,0,8,F4,01,84,03,00,00,00,00
27722000,54,false,Rx,0,8,00,00,FE,FF,FE,FF,00,00
27723000,55,false,Rx,0,8,10,27,00,00,00,00,00,00
27733000,56,false,Rx,0,8,10,27,00,00,00,00,00,00
27733000,57,false,Rx,0,8,00,00,FE,FF,FE,FF,00,00
27805000,625,false,Rx,0,8,25,00,11,43,FD,BB,E4,01
27905000,625,false,Rx,0,8,25,00,11,43,FD,BB,E4,01
27912000,2C4,false,Rx,0,8,03,00,00,00,02,03,00,00
27912000,2C5,false,Rx,0,8,00,00,00,00,00,00,00,00
27912000,2C6,false,Rx,0,8,F4,01,84,03,00,00,00,00
27922000,54,false,Rx,0,8,00,00,FE,FF,FE,FF,00,00
27923000,55,false,Rx,0,8,10,27,00,00,00,00,00,00
27933000,56,false,Rx,0,8,10,27,00,00,00,00,00,00
27933000,57,false,Rx,0,8,00,00,FE,FF,FE,FF,00,00
28005000,625,false,Rx,0,8,25,00,11,43,FD,BB,E4,01
28105000,625,false,Rx,0,8,25,00,11,43,FD,BB,E4,01
28112000,2C4,false,Rx,0,8,03,00,00,00,02,03,00,00
28112000,2C5,false,Rx,0,8,00,00,00,00,00,00,00,00
28112000,2C6,false,Rx,0,8,F4,01,84,03,00,00,00,00
28122000,54,false,Rx,0,8,00,00,FE,FF,FE,FF,00,00
28123000,55,false,Rx,0,8,10,27,00,00,00,00,00,00
28133000,56,false,Rx,0,8,10,27,00,00,00,00,00,00
28133000,57,false,Rx,0,8,00,00,FE,FF,FE,FF,00,00
28205000,625,false,Rx,0,8,25,00,11,43,FD,BB,E4,01
28305000,625,false,Rx,0,8,25,00,11,43,FD,BB,E4,01
28312000,2C4,false,Rx,0,8,03,00,00,00,02,03,00,00
28312000,2C5,false,Rx,0,8,00,00,00,00,00,00,00,00
28312000,2C6,false,Rx,0,8,F4,01,84,03,00,00,00,00
28322000,54,false,Rx,0,8,00,00,FE,FF,FE,FF,00,00
28323000,55,false,Rx,0,8,10,27,00,00,00,00,00,00
28333000,56,false,Rx,0,8,10,27,00,00,00,00,00,00
28333000,57,false,Rx,0,8,00,00,FE,FF,FE,FF,00,00
28405000,625,false,Rx,0,8,25,00,11,43,FD,BB,E4,01
28505000,625,false,Rx,0,8,25,00,11,43,FD,BB,E4,01
28512000,2C4,false,Rx,0,8,03,00,00,00,02,03,00,00
28512000,2C5,false,Rx,0,8,00,00,00,00,00,00,00,00
28512000,2C6,false,Rx,0,8,F4,01,84,03,00,00,00,00
28522000,54,false,Rx,0,8,00,00,FE,FF,FE,FF,00,00
28523000,55,false,Rx,0,8,10,27,00,00,00,00,00,00
28533000,56,false,Rx,0,8,10,27,00,00,00,00,00,00
28533000,57,false,Rx,0,8,00,00,FE,FF,FE,FF,00,00
28605000,625,false,Rx,0,8,25,00,11,43,FD,BB,E4,01
28705000,625,false,Rx,0,8,25,00,11,43,FD,BB,E4,01
28712000,2C4,false,Rx,0,8,03,00,00,00,02,03,00,00
28712000,2C5,false,Rx,0,8,00,00,00,00,00,00,00,00
28712000,2C6,false,Rx,0,8,F4,01,84,03,00,00,00,00
28722000,54,false,Rx,0,8,00,00,FE,FF,FE,FF,00,00
28723000,55,false,Rx,0,8,10,27,00,00,00,00,00,00
28733000,56,false,Rx,0,8,10,27,00,00,00,00,00,00
28733000,57,false,Rx,0,8,00,00,FE,FF,FE,FF,00,00
28805000,625,false,Rx,0,8,25,00,11,43,FD,BB,E4,01
28905000,625,false,Rx,0,8,25,00,11,43,FD,BB,E4,01
28912000,2C4,false,Rx,0,8,03,00,00,00,02,03,00,00
28912000,2C5,false,Rx,0,8,00,00,00,00,00,00,00,00
28912000,2C6,false,Rx,0,8,F4,01,84,03,00,00,00,00
28922000,54,false,Rx,0,8,00,00,FE,FF,FE,FF,00,00
28923000,55,false,Rx,0,8,10,27,00,00,00,00,00,00
28933000,56,false,Rx,0,8,10,27,00,00,00,00,00,00
28933000,57,false,Rx,0,8,00,00,FE,FF,FE,FF,00,00
29005000,625,false,Rx,0,8,25,00,11,43,FD,BB,E4,01
29105000,625,false,Rx,0,8,25,00,11,43,FD,BB,E4,01
29112000,2C4,false,Rx,0,8,03,00,00,00,02,03,00,00
29112000,2C5,false,Rx,0,8,00,00,00,00,00,00,00,00
29112000,2C6,false,Rx,0,8,F4,01,84,03,00,00,00,00
29122000,54,false,Rx,0,8,00,00,FE,FF,FE,FF,00,00
29123000,55,false,Rx,0,8,10,27,00,00,00,00,00,00
29133000,56,false,Rx,0,8,10,27,00,00,00,00,00,00
29133000,57,false,Rx,0,8,00,00,FE,FF,FE,FF,00,00
29205000,625,false,Rx,0,8,25,00,11,43,FD,BB,E4,01
29305000,625,false,Rx,0,8,25,00,11,43,FD,BB,E4,01
29311000,2C4,false,Rx,0,8,03,00,00,00,02,03,00,00
29312000,2C5,false,Rx,0,8,00,00,00,00,00,00,00,00
29312000,2C6,false,Rx,0,8,F4,01,84,03,00,00,00,00
29322000,54,false,Rx,0,8,00,00,FE,FF,FE,FF,00,00
29323000,55,false,Rx,0,8,10,27,00,00,00,00,00,00
29333000,56,false,Rx,0,8,10,27,00,00,00,00,00,00
29333000,57,false,Rx,0,8,00,00,FE,FF,FE,FF,00,00
29405000,625,false,Rx,0,8,25,00,11,43,FD,BB,E4,01
29505000,625,false,Rx,0,8,25,00,11,43,FD,BB,E4,01
29511000,2C4,false,Rx,0,8,03,00,00,00,02,03,00,00
29512000,2C5,false,Rx,0,8,00,00,00,00,00,00,00,00
29512000,2C6,false,Rx,0,8,F4,01,84,03,00,00,00,00
29522000,54,false,Rx,0,8,00,00,FE,FF,FE,FF,00,00
29523000,55,false,Rx,0,8,10,27,00,00,00,00,00,00
29533000,56,false,Rx,0,8,10,27,00,00,00,00,00,00
29533000,57,false,Rx,0,8,00,00,FE,FF,FE,FF,00,00
29605000,625,false,Rx,0,8,25,00,11,43,FD,BB,E4,01
29705000,625,false,Rx,0,8,25,00,11,43,FD,BB,E4,01
29711000,2C4,false,Rx,0,8,03,00,00,00,02,03,00,00
29712000,2C5,false,Rx,0,8,00,00,00,00,00,00,00,00
29712000,2C6,false,Rx,0,8,F4,01,84,03,00,00,00,00
29722000,54,false,Rx,0,8,00,00,FE,FF,FE,FF,00,00
29723000,55,false,Rx,0,8,10,27,00,00,00,00,00,00
29733000,56,false,Rx,0,8,10,27,00,00,00,00,00,00
29733000,57,false,Rx,0,8,00,00,FE,FF,FE,FF,00,00
29805000,625,false,Rx,0,8,25,00,11,43,FD,BB,E4,01
29905000,625,false,Rx,0,8,25,00,11,43,FD,BB,E4,01
29911000,2C4,false,Rx,0,8,03,00,00,00,02,03,00,00
29912000,2C5,false,Rx,0,8,00,00,00,00,00,00,00,00
29912000,2C6,false,Rx,0,8,F4,01,84,03,00,00,00,00
29922000,54,false,Rx,0,8,00,00,FE,FF,FE,FF,00,00
29923000,55,false,Rx,0,8,10,27,00,00,00,00,00,00
29933000,56,false,Rx,0,8,10,27,00,00,00,00,00,00
29933000,57,false,Rx,0,8,00,00,FE,FF,FE,FF,00,00
30005000,625,false,Rx,0,8,25,00,11,43,FD,BB,E4,01
30105000,625,false,Rx,0,8,25,00,11,43,FD,BB,E4,01
30111000,2C4,false,Rx,0,8,03,00,00,00,02,03,00,00
30112000,2C5,false,Rx,0,8,00,00,00,00,00,00,00,00
30112000,2C6,false,Rx,0,8,F4,01,84,03,00,00,00,00
30122000,54,false,Rx,0,8,00,00,FE,FF,FE,FF,00,00
30123000,55,false,Rx,0,8,10,27,00,00,00,00,00,00
30133000,56,false,Rx,0,8,10,27,00,00,00,00,00,00
30133000,57,false,Rx,0,8,00,00,FE,FF,FE,FF,00,00
30205000,625,false,Rx,0,8,25,00,11,43,FD,BB,E4,01
30305000,625,false,Rx,0,8,25,00,11,43,FD,BB,E4,01
30311000,2C4,false,Rx,0,8,03,00,00,00,02,03,00,00
30312000,2C5,false,Rx,0,8,00,00,00,00,00,00,00,00
30312000,2C6,false,Rx,0,8,F4,01,84,03,00,00,00,00
30322000,54,false,Rx,0,8,00,00,FE,FF,FE,FF,00,00
30323000,55,false,Rx,0,8,10,27,00,00,00,00,00,00
30333000,56,false,Rx,0,8,10,27,00,00,00,00,00,00
30333000,57,false,Rx,0,8,00,00,FE,FF,FE,FF,00,00
30405000,625,false,Rx,0,8,25,00,11,43,FD,BB,E4,01
30505000,625,false,Rx,0,8,25,00,11,43,FD,BB,E4,01
30511000,2C4,false,Rx,0,8,03,00,00,00,02,03,00,00
30512000,2C5,false,Rx,0,8,00,00,00,00,00,00,00,00
30512000,2C6,false,Rx,0,8,F4,01,84,03,00,00,00,00
30522000,54,false,Rx,0,8,00,00,FE,FF,FE,FF,00,00
30523000,55,false,Rx,0,8,10,27,00,00,00,00,00,00
30533000,56,false,Rx,0,8,10,27,00,00,00,00,00,00
30533000,57,false,Rx,0,8,00,00,FE,FF,FE,FF,00,00
30605000,625,false,Rx,0,8,25,00,11,43,FD,BB,E4,01
30705000,625,false,Rx,0,8,25,00,11,43,FD,BB,E4,01
30711000,2C4,false,Rx,0,8,03,00,00,00,02,03,00,00
30712000,2C5,false,Rx,0,8,00,00,00,00,00,00,00,00
30712000,2C6,false,Rx,0,8,F4,01,84,03,00,00,00,00
30722000,54,false,Rx,0,8,00,00,FE,FF,FE,FF,00,00
30723000,55,false,Rx,0,8,10,27,00,00,00,00,00,00
30733000,56,false,Rx,0,8,10,27,00,00,00,00,00,00
30733000,57,false,Rx,0,8,00,00,FE,FF,FE,FF,00,00
30805000,625,false,Rx,0,8,25,00,11,43,FD,BB,E4,01
30905000,625,false,Rx,0,8,25,00,11,43,FD,BB,E4,01
30911000,2C4,false,Rx,0,8,03,00,00,00,02,03,00,00
30912000,2C5,false,Rx,0,8,00,00,00,00,00,00,00,00
30912000,2C6,false,Rx,0,8,F4,01,84,03,00,00,00,00
30922000,54,false,Rx,0,8,00,00,FE,FF,FE,FF,00,00
30922000,55,false,Rx,0,8,10,27,00,00,00,00,00,00
30933000,56,false,Rx,0,8,10,27,00,00,00,00,00,00
30933000,57,false,Rx,0,8,00,00,FE,FF,FE,FF,00,00
31005000,625,false,Rx,0,8,25,00,11,43,FD,BB,E4,01
31105000,625,false,Rx,0,8,25,00,11,43,FD,BB,E4,01
31111000,2C4,false,Rx,0,8,03,00,00,00,02,03,00,00
31112000,2C5,false,Rx,0,8,00,00,00,00,00,00,00,00
31112000,2C6,false,Rx,0,8,F4,01,84,03,00,00,00,00
31122000,54,false,Rx,0,8,00,00,FE,FF,FE,FF,00,00
31122000,55,false,Rx,0,8,10,27,00,00,00,00,00,00
31133000,56,false,Rx,0,8,10,27,00,00,00,00,00,00
31133000,57,false,Rx,0,8,00,00,FE,FF,FE,FF,00,00
31205000,625,false,Rx,0,8,25,00,11,43,FD,BB,E4,01
31305000,625,false,Rx,0,8,25,00,11,43,FD,BB,E4,01
31311000,2C4,false,Rx,0,8,03,00,00,00,02,03,00,00
31312000,2C5,false,Rx,0,8,00,00,00,00,00,00,00,00
31312000,2C6,false,Rx,0,8,F4,01,84,03,00,00,00,00
31322000,54,false,Rx,0,8,00,00,FE,FF,FE,FF,00,00
31322000,55,false,Rx,0,8,10,27,00,00,00,00,00,00
31333000,56,false,Rx,0,8,10,27,00,00,00,00,00,00
31333000,57,false,Rx,0,8,00,00,FE,FF,FE,FF,00,00
31405000,625,false,Rx,0,8,25,00,11,43,FD,BB,E4,01
31505000,625,false,Rx,0,8,25,00,11,43,FD,BB,E4,01
31511000,2C4,false,Rx,0,8,03,00,00,00,02,03,00,00
31512000,2C5,false,Rx,0,8,00,00,00,00,00,00,00,00
31512000,2C6,false,Rx,0,8,F4,01,84,03,00,00,00,00
31522000,54,false,Rx,0,8,00,00,FE,FF,FE,FF,00,00
31522000,55,false,Rx,0,8,10,27,00,00,00,00,00,00
31533000,56,false,Rx,0,8,10,27,00,00,00,00,00,00
31533000,57,false,Rx,0,8,00,00,FE,FF,FE,FF,00,00
31605000,625,false,Rx,0,8,25,00,11,43,FD,BB,E4,01
31705000,625,false,Rx,0,8,25,00,11,43,FD,BB,E4,01
31711000,2C4,false,Rx,0,8,03,00,00,00,02,03,00,00
31712000,2C5,false,Rx,0,8,00,00,00,00,00,00,00,00
31712000,2C6,false,Rx,0,8,F4,01,84,03,00,00,00,00
31722000,54,false,Rx,0,8,00,00,FE,FF,FE,FF,00,00
31722000,55,false,Rx,0,8,10,27,00,00,00,00,00,00
31733000,56,false,Rx,0,8,10,27,00,00,00,00,00,00
31733000,57,false,Rx,0,8,00,00,FE,FF,FE,FF,00,00
31805000,625,false,Rx,0,8,25,00,11,43,FD,BB,E4,01
31905000,625,false,Rx,0,8,25,00,11,43,FD,BB,E4,01
31911000,2C4,false,Rx,0,8,03,00,00,00,02,03,00,00
31912000,2C5,false,Rx,0,8,00,00,00,00,00,00,00,00
31912000,2C6,false,Rx,0,8,F4,01,84,03,00,00,00,00
31922000,54,false,Rx,0,8,00,00,FE,FF,FE,FF,00,00
31922000,55,false,Rx,0,8,10,27,00,00,00,00,00,00
31933000,56,false,Rx,0,8,10,27,00,00,00,00,00,00
31933000,57,false,Rx,0,8,00,00,FE,FF,FE,FF,00,00
32005000,625,false,Rx,0,8,25,00,11,43,FD,BB,E4,01
32105000,625,false,Rx,0,8,25,00,11,43,FD,BB,E4,01
32111000,2C4,false,Rx,0,8,03,00,00,00,02,03,00,00
32112000,2C5,false,Rx,0,8,00,00,00,00,00,00,00,00
32112000,2C6,false,Rx,0,8,F4,01,84,03,00,00,00,00
32122000,54,false,Rx,0,8,00,00,FE,FF,FE,FF,00,00
32122000,55,false,Rx,0,8,10,27,00,00,00,00,00,00
32133000,56,false,Rx,0,8,10,27,00,00,00,00,00,00
32133000,57,false,Rx,0,8,00,00,FE,FF,FE,FF,00,00
32205000,625,false,Rx,0,8,25,00,11,43,FD,BB,E4,01
32305000,625,false,Rx,0,8,25,00,11,43,FD,BB,E4,01
32311000,2C4,false,Rx,0,8,03,00,00,00,02,03,00,00
32312000,2C5,false,Rx,0,8,00,00,00,00,00,00,00,00
32312000,2C6,false,Rx,0,8,F4,01,84,03,00,00,00,00
32322000,54,false,Rx,0,8,00,00,FE,FF,FE,FF,00,00
32322000,55,false,Rx,0,8,10,27,00,00,00,00,00,00
32333000,56,false,Rx,0,8,10,27,00,00,00,00,00,00
32333000,57,false,Rx,0,8,00,00,FE,FF,FE,FF,00,00
32405000,625,false,Rx,0,8,25,00,11,43,FD,BB,E4,01
32505000,625,false,Rx,0,8,25,00,11,43,FD,BB,E4,01
32511000,2C4,false,Rx,0,8,03,00,00,00,02,03,00,00
32512000,2C5,false,Rx,0,8,00,00,00,00,00,00,00,00
32512000,2C6,false,Rx,0,8,F4,01,84,03,00,00,00,00
32522000,54,false,Rx,0,8,00,00,FE,FF,FE,FF,00,00
32522000,55,false,Rx,0,8,10,27,00,00,00,00,00,00
32533000,56,false,Rx,0,8,10,27,00,00,00,00,00,00
32533000,57,false,Rx,0,8,00,00,FE,FF,FE,FF,00,00
32605000,625,false,Rx,0,8,25,00,11,43,FD,BB,E4,01
32705000,625,false,Rx,0,8,25,00,11,43,FD,BB,E4,01
32711000,2C4,false,Rx,0,8,03,00,00,00,02,03,00,00
32712000,2C5,false,Rx,0,8,00,00,00,00,00,00,00,00
32712000,2C6,false,Rx,0,8,F4,01,84,03,00,00,00,00
32722000,54,false,Rx,0,8,00,00,FE,FF,FE,FF,00,00
32722000,55,false,Rx,0,8,10,27,00,00,00,00,00,00
32733000,56,false,Rx,0,8,10,27,00,00,00,00,00,00
32733000,57,false,Rx,0,8,00,00,FE,FF,FE,FF,00,00
32805000,625,false,Rx,0,8,25,00,11,43,FD,BB,E4,01
32905000,625,false,Rx,0,8,25,00,11,43,FD,BB,E4,01
32911000,2C4,false,Rx,0,8,03,00,00,00,02,03,00,00
32912000,2C5,false,Rx,0,8,00,00,00,00,00,00,00,00
32912000,2C6,false,Rx,0,8,F4,01,84,03,00,00,00,00
32922000,54,false,Rx,0,8,00,00,FE,FF,FE,FF,00,00
32922000,55,false,Rx,0,8,10,27,00,00,00,00,00,00
32933000,56,false,Rx,0,8,10,27,00,00,00,00,00,00
32933000,57,false,Rx,0,8,00,00,FE,FF,FE,FF,00,00
33005000,625,false,Rx,0,8,25,00,11,43,FD,BB,E4,01
33105000,625,false,Rx,0,8,25,00,11,43,FD,BB,E4,01
33111000,2C4,false,Rx,0,8,03,00,00,00,02,03,00,00
33112000,2C5,false,Rx,0,8,00,00,00,00,00,00,00,00
33112000,2C6,false,Rx,0,8,F4,01,84,03,00,00,00,00
33122000,54,false,Rx,0,8,00,00,FE,FF,FE,FF,00,00
33122000,55,false,Rx,0,8,10,27,00,00,00,00,00,00
33133000,56,false,Rx,0,8,10,27,00,00,00,00,00,00
33133000,57,false,Rx,0,8,00,00,FE,FF,FE,FF,00,00
33205000,625,false,Rx,0,8,25,00,11,43,FD,BB,E4,01
33305000,625,false,Rx,0,8,25,00,11,43,FD,BB,E4,01
33311000,2C4,false,Rx,0,8,03,00,00,00,02,03,00,00
33312000,2C5,false,Rx,0,8,00,00,00,00,00,00,00,00
33312000,2C6,false,Rx,0,8,F4,01,84,03,00,00,00,00
33322000,54,false,Rx,0,8,00,00,FE,FF,FE,FF,00,00
33322000,55,false,Rx,0,8,10,27,00,00,00,00,00,00
33333000,56,false,Rx,0,8,10,27,00,00,00,00,00,00
33333000,57,false,Rx,0,8,00,00,FE,FF,FE,FF,00,00
33405000,625,false,Rx,0,8,25,00,11,43,FD,BB,E4,01
33505000,625,false,Rx,0,8,25,00,11,43,FD,BB,E4,01
33511000,2C4,false,Rx,0,8,03,00,00,00,02,03,00,00
33512000,2C5,false,Rx,0,8,00,00,00,00,00,00,00,00
33512000,2C6,false,Rx,0,8,F4,01,84,03,00,00,00,00
33522000,54,false,Rx,0,8,00,00,FE,FF,FE,FF,00,00
33522000,55,false,Rx,0,8,10,27,00,00,00,00,00,00
33533000,56,false,Rx,0,8,10,27,00,00,00,00,00,00
33533000,57,false,Rx,0,8,00,00,FE,FF,FE,FF,00,00
33605000,625,false,Rx,0,8,25,00,11,43,FD,BB,E4,01
33705000,625,false,Rx,0,8,25,00,11,43,FD,BB,E4,01
33711000,2C4,false,Rx,0,8,03,00,00,00,02,03,00,00
33712000,2C5,false,Rx,0,8,00,00,00,00,00,00,00,00
33712000,2C6,false,Rx,0,8,F4,01,84,03,00,00,00,00
33722000,54,false,Rx,0,8,00,00,FE,FF,FE,FF,00,00
33722000,55,false,Rx,0,8,10,27,00,00,00,00,00,00
33733000,56,false,Rx,0,8,10,27,00,00,00,00,00,00
33733000,57,false,Rx,0,8,00,00,FE,FF,FE,FF,00,00
33805000,625,false,Rx,0,8,25,00,11,43,FD,BB,E4,01
33905000,625,false,Rx,0,8,25,00,11,43,FD,BB,E4,01
33911000,2C4,false,Rx,0,8,03,00,00,00,02,03,00,00
33912000,2C5,false,Rx,0,8,00,00,00,00,00,00,00,00
33912000,2C6,false,Rx,0,8,F4,01,84,03,00,00,00,00
33922000,54,false,Rx,0,8,00,00,FE,FF,FE,FF,00,00
33922000,55,false,Rx,0,8,10,27,00,00,00,00,00,00
33933000,56,false,Rx,0,8,10,27,00,00,00,00,00,00
33933000,57,false,Rx,0,8,00,00,FE,FF,FE,FF,00,00
34005000,625,false,Rx,0,8,25,00,11,43,FD,BB,E4,01
34105000,625,false,Rx,0,8,25,00,11,43,FD,BB,E4,01
34111000,2C4,false,Rx,0,8,03,00,00,00,02,03,00,00
34111000,2C5,false,Rx,0,8,00,00,00,00,00,00,00,00
34112000,2C6,false,Rx,0,8,F4,01,84,03,00,00,00,00
34122000,54,false,Rx,0,8,00,00,FE,FF,FE,FF,00,00
34122000,55,false,Rx,0,8,10,27,00,00,00,00,00,00
34133000,56,false,Rx,0,8,10,27,00,00,00,00,00,00
34133000,57,false,Rx,0,8,00,00,FE,FF,FE,FF,00,00
34205000,625,false,Rx,0,8,25,00,11,43,FD,BB,E4,01
34305000,625,false,Rx,0,8,25,00,11,43,FD,BB,E4,01
34311000,2C4,false,Rx,0,8,03,00,00,00,02,03,00,00
34311000,2C5,false,Rx,0,8,00,00,00,00,00,00,00,00
34312000,2C6,false,Rx,0,8,F4,01,84,03,00,00,00,00
34322000,54,false,Rx,0,8,00,00,FE,FF,FE,FF,00,00
34322000,55,false,Rx,0,8,10,27,00,00,00,00,00,00
34333000,56,false,Rx,0,8,10,27,00,00,00,00,00,00
34333000,57,false,Rx,0,8,00,00,FE,FF,FE,FF,00,00
34405000,625,false,Rx,0,8,25,00,11,43,FD,BB,E4,01
34505000,625,false,Rx,0,8,25,00,11,43,FD,BB,E4,01
34511000,2C4,false,Rx,0,8,03,00,00,00,02,03,00,00
34511000,2C5,false,Rx,0,8,00,00,00,00,00,00,00,00
34512000,2C6,false,Rx,0,8,F4,01,84,03,00,00,00,00
34522000,54,false,Rx,0,8,00,00,FE,FF,FE,FF,00,00
34522000,55,false,Rx,0,8,10,27,00,00,00,00,00,00
34533000,56,false,Rx,0,8,10,27,00,00,00,00,00,00
34533000,57,false,Rx,0,8,00,00,FE,FF,FE,FF,00,00
34605000,625,false,Rx,0,8,25,00,11,43,FD,BB,E4,01
34705000,625,false,Rx,0,8,25,00,11,43,FD,BB,E4,01
34711000,2C4,false,Rx,0,8,03,00,00,00,02,03,00,00
34711000,2C5,false,Rx,0,8,00,00,00,00,00,00,00,00
34712000,2C6,false,Rx,0,8,F4,01,84,03,00,00,00,00
34722000,54,false,Rx,0,8,00,00,FE,FF,FE,FF,00,00
34722000,55,false,Rx,0,8,10,27,00,00,00,00,00,00
34733000,56,false,Rx,0,8,10,27,00,00,00,00,00,00
34733000,57,false,Rx,0,8,00,00,FE,FF,FE,FF,00,00
34805000,625,false,Rx,0,8,25,00,11,43,FD,BB,E4,01
34905000,625,false,Rx,0,8,25,00,11,43,FD,BB,E4,01
34911000,2C4,false,Rx,0,8,03,00,00,00,02,03,00,00
34911000,2C5,false,Rx,0,8,00,00,00,00,00,00,00,00
34912000,2C6,false,Rx,0,8,F4,01,84,03,00,00,00,00
34922000,54,false,Rx,0,8,00,00,FE,FF,FE,FF,00,00
34922000,55,false,Rx,0,8,10,27,00,00,00,00,00,00
34933000,56,false,Rx,0,8,10,27,00,00,00,00,00,00
34933000,57,false,Rx,0,8,00,00,FE,FF,FE,FF,00,00
35005000,625,false,Rx,0,8,25,00,11,43,FD,BB,E4,01
35105000,625,false,Rx,0,8,25,00,11,43,FD,BB,E4,01
35111000,2C4,false,Rx,0,8,03,00,00,00,02,03,00,00
35111000,2C5,false,Rx,0,8,00,00,00,00,00,00,00,00
35112000,2C6,false,Rx,0,8,F4,01,84,03,00,00,00,00
35122000,54,false,Rx,0,8,00,00,FE,FF,FE,FF,00,00
35122000,55,false,Rx,0,8,10,27,00,00,00,00,00,00
35133000,56,false,Rx,0,8,10,27,00,00,00,00,00,00
35133000,57,false,Rx,0,8,00,00,FE,FF,FE,FF,00,00
35205000,625,false,Rx,0,8,25,00,11,43,FD,BB,E4,01
35305000,625,false,Rx,0,8,25,00,11,43,FD,BB,E4,01
35311000,2C4,false,Rx,0,8,03,00,00,00,02,03,00,00
35311000,2C5,false,Rx,0,8,00,00,00,00,00,00,00,00
35312000,2C6,false,Rx,0,8,F4,01,84,03,00,00,00,00
35322000,54,false,Rx,0,8,00,00,FE,FF,FE,FF,00,00
35322000,55,false,Rx,0,8,10,27,00,00,00,00,00,00
35333000,56,false,Rx,0,8,10,27,00,00,00,00,00,00
35333000,57,false,Rx,0,8,00,00,FE,FF,FE,FF,00,00
35405000,625,false,Rx,0,8,25,00,11,43,FD,BB,E4,01
35505000,625,false,Rx,0,8,25,00,11,43,FD,BB,E4,01
35511000,2C4,false,Rx,0,8,03,00,00,00,02,03,00,00
35511000,2C5,false,Rx,0,8,00,00,00,00,00,00,00,00
35512000,2C6,false,Rx,0,8,F4,01,84,03,00,00,00,00
35522000,54,false,Rx,0,8,00,00,FE,FF,FE,FF,00,00
35522000,55,false,Rx,0,8,10,27,00,00,00,00,00,00
35533000,56,false,Rx,0,8,10,27,00,00,00,00,00,00
35533000,57,false,Rx,0,8,00,00,FE,FF,FE,FF,00,00
35605000,625,false,Rx,0,8,25,00,11,43,FD,BB,E4,01
35705000,625,false,Rx,0,8,25,00,11,43,FD,BB,E4,01
35711000,2C4,false,Rx,0,8,03,00,00,00,02,03,00,00
35711000,2C5,false,Rx,0,8,00,00,00,00,00,00,00,00
35712000,2C6,false,Rx,0,8,F4,01,84,03,00,00,00,00
35722000,54,false,Rx,0,8,00,00,FE,FF,FE,FF,00,00
35722000,55,false,Rx,0,8,10,27,00,00,00,00,00,00
35733000,56,false,Rx,0,8,10,27,00,00,00,00,00,00
35733000,57,false,Rx,0,8,00,00,FE,FF,FE,FF,00,00
35805000,625,false,Rx,0,8,25,00,11,43,FD,BB,E4,01
35905000,625,false,Rx,0,8,25,00,11,43,FD,BB,E4,01
35911000,2C4,false,Rx,0,8,03,00,00,00,02,03,00,00
35911000,2C5,false,Rx,0,8,00,00,00,00,00,00,00,00
35912000,2C6,false,Rx,0,8,F4,01,84,03,00,00,00,00
35922000,54,false,Rx,0,8,00,00,FE,FF,FE,FF,00,00
35922000,55,false,Rx,0,8,10,27,00,00,00,00,00,00
35933000,56,false,Rx,0,8,10,27,00,00,00,00,00,00
35933000,57,false,Rx,0,8,00,00,FE,FF,FE,FF,00,00
36005000,625,false,Rx,0,8,25,00,11,43,FD,BB,E4,01
36105000,625,false,Rx,0,8,25,00,11,43,FD,BB,E4,01
36111000,2C4,false,Rx,0,8,03,00,00,00,02,03,00,00
36111000,2C5,false,Rx,0,8,00,00,00,00,00,00,00,00
36112000,2C6,false,Rx,0,8,F4,01,84,03,00,00,00,00
36122000,54,false,Rx,0,8,00,00,FE,FF,FE,FF,00,00
36122000,55,false,Rx,0,8,10,27,00,00,00,00,00,00
36133000,56,false,Rx,0,8,10,27,00,00,00,00,00,00
36133000,57,false,Rx,0,8,00,00,FE,FF,FE,FF,00,00
36205000,625,false,Rx,0,8,25,00,11,43,FD,BB,E4,01
36305000,625,false,Rx,0,8,25,00,11,43,FD,BB,E4,01
36311000,2C4,false,Rx,0,8,03,00,00,00,02,03,00,00
36311000,2C5,false,Rx,0,8,00,00,00,00,00,00,00,00
36312000,2C6,false,Rx,0,8,F4,01,84,03,00,00,00,00
36322000,54,false,Rx,0,8,00,00,FE,FF,FE,FF,00,00
36322000,55,false,Rx,0,8,10,27,00,00,00,00,00,00
36333000,56,false,Rx,0,8,10,27,00,00,00,00,00,00
36333000,57,false,Rx,0,8,00,00,FE,FF,FE,FF,00,00
36405000,625,false,Rx,0,8,25,00,11,43,FD,BB,E4,01
36505000,625,false,Rx,0,8,25,00,11,43,FD,BB,E4,01
36511000,2C4,false,Rx,0,8,03,00,00,00,02,03,00,00
36511000,2C5,false,Rx,0,8,00,00,00,00,00,00,00,00
36512000,2C6,false,Rx,0,8,F4,01,84,03,00,00,00,00
36522000,54,false,Rx,0,8,00,00,FE,FF,FE,FF,00,00
36522000,55,false,Rx,0,8,10,27,00,00,00,00,00,00
36533000,56,false,Rx,0,8,10,27,00,00,00,00,00,00
36533000,57,false,Rx,0,8,00,00,FE,FF,FE,FF,00,00
36605000,625,false,Rx,0,8,25,00,11,43,FD,BB,E4,01
36705000,625,false,Rx,0,8,25,00,11,43,FD,BB,E4,01
36711000,2C4,false,Rx,0,8,03,00,00,00,02,03,00,00
36711000,2C5,false,Rx,0,8,00,00,00,00,00,00,00,00
36712000,2C6,false,Rx,0,8,F4,01,84,03,00,00,00,00
36722000,54,false,Rx,0,8,00,00,FE,FF,FE,FF,00,00
36722000,55,false,Rx,0,8,10,27,00,00,00,00,00,00
36733000,56,false,Rx,0,8,10,27,00,00,00,00,00,00
36733000,57,false,Rx,0,8,00,00,FE,FF,FE,FF,00,00
36805000,625,false,Rx,0,8,25,00,11,43,FD,BB,E4,01
36905000,625,false,Rx,0,8,25,00,11,43,FD,BB,E4,01
36911000,2C4,false,Rx,0,8,03,00,00,00,02,03,00,00
36911000,2C5,false,Rx,0,8,00,00,00,00,00,00,00,00
36912000,2C6,false,Rx,0,8,F4,01,84,03,00,00,00,00
36922000,54,false,Rx,0,8,00,00,FE,FF,FE,FF,00,00
36922000,55,false,Rx,0,8,10,27,00,00,00,00,00,00
36933000,56,false,Rx,0,8,10,27,00,00,00,00,00,00
36933000,57,false,Rx,0,8,00,00,FE,FF,FE,FF,00,00
37005000,625,false,Rx,0,8,25,00,11,43,FD,BB,E4,01
37105000,625,false,Rx,0,8,25,00,11,43,FD,BB,E4,01
37111000,2C4,false,Rx,0,8,03,00,00,00,02,03,00,00
37111000,2C5,false,Rx,0,8,00,00,00,00,00,00,00,00
37112000,2C6,false,Rx,0,8,F4,01,84,03,00,00,00,00
37122000,54,false,Rx,0,8,00,00,FE,FF,FE,FF,00,00
37122000,55,false,Rx,0,8,10,27,00,00,00,00,00,00
37132000,56,false,Rx,0,8,10,27,00,00,00,00,00,00
37133000,57,false,Rx,0,8,00,00,FE,FF,FE,FF,00,00
37205000,625,false,Rx,0,8,25,00,11,43,FD,BB,E4,01
37305000,625,false,Rx,0,8,25,00,11,43,FD,BB,E4,01
37311000,2C4,false,Rx,0,8,03,00,00,00,02,03,00,00
37311000,2C5,false,Rx,0,8,00,00,00,00,00,00,00,00
37312000,2C6,false,Rx,0,8,F4,01,84,03,00,00,00,00
37322000,54,false,Rx,0,8,00,00,FE,FF,FE,FF,00,00
37322000,55,false,Rx,0,8,10,27,00,00,00,00,00,00
37332000,56,false,Rx,0,8,10,27,00,00,00,00,00,00
37333000,57,false,Rx,0,8,00,00,FE,FF,FE,FF,00,00
37405000,625,false,Rx,0,8,25,00,11,43,FD,BB,E4,01
37505000,625,false,Rx,0,8,25,00,11,43,FD,BB,E4,01
37511000,2C4,false,Rx,0,8,03,00,00,00,02,03,00,00
37511000,2C5,false,Rx,0,8,00,00,00,00,00,00,00,00
37512000,2C6,false,Rx,0,8,F4,01,84,03,00,00,00,00
37522000,54,false,Rx,0,8,00,00,FE,FF,FE,FF,00,00
37522000,55,false,Rx,0,8,10,27,00,00,00,00,00,00
37532000,56,false,Rx,0,8,10,27,00,00,00,00,00,00
37533000,57,false,Rx,0,8,00,00,FE,FF,FE,FF,00,00
37605000,625,false,Rx,0,8,25,00,11,43,FD,BB,E4,01
37705000,625,false,Rx,0,8,25,00,11,43,FD,BB,E4,01
37711000,2C4,false,Rx,0,8,03,00,00,00,02,03,00,00
37711000,2C5,false,Rx,0,8,00,00,00,00,00,00,00,00
37712000,2C6,false,Rx,0,8,F4,01,84,03,00,00,00,00
37722000,54,false,Rx,0,8,00,00,FE,FF,FE,FF,00,00
37722000,55,false,Rx,0,8,10,27,00,00,00,00,00,00
37732000,56,false,Rx,0,8,10,27,00,00,00,00,00,00
37733000,57,false,Rx,0,8,00,00,FE,FF,FE,FF,00,00
37805000,625,false,Rx,0,8,25,00,11,43,FD,BB,E4,01
37905000,625,false,Rx,0,8,25,00,11,43,FD,BB,E4,01
37911000,2C4,false,Rx,0,8,03,00,00,00,02,03,00,00
37911000,2C5,false,Rx,0,8,00,00,00,00,00,00,00,00
37912000,2C6,false,Rx,0,8,F4,01,84,03,00,00,00,00
37922000,54,false,Rx,0,8,00,00,FE,FF,FE,FF,00,00
37922000,55,false,Rx,0,8,10,27,00,00,00,00,00,00
37932000,56,false,Rx,0,8,10,27,00,00,00,00,00,00
37933000,57,false,Rx,0,8,00,00,FE,FF,FE,FF,00,00
38005000,625,false,Rx,0,8,25,00,11,43,FD,BB,E4,01
38105000,625,false,Rx,0,8,25,00,11,43,FD,BB,E4,01
38111000,2C4,false,Rx,0,8,03,00,00,00,02,03,00,00
38111000,2C5,false,Rx,0,8,00,00,00,00,00,00,00,00
38112000,2C6,false,Rx,0,8,F4,01,84,03,00,00,00,00
38122000,54,false,Rx,0,8,00,00,FE,FF,FE,FF,00,00
38122000,55,false,Rx,0,8,10,27,00,00,00,00,00,00
38132000,56,false,Rx,0,8,10,27,00,00,00,00,00,00
38133000,57,false,Rx,0,8,00,00,FE,FF,FE,FF,00,00
38205000,625,false,Rx,0,8,25,00,11,43,FD,BB,E4,01
38305000,625,false,Rx,0,8,25,00,11,43,FD,BB,E4,01
38311000,2C4,false,Rx,0,8,03,00,00,00,02,03,00,00
38311000,2C5,false,Rx,0,8,00,00,00,00,00,00,00,00
38312000,2C6,false,Rx,0,8,F4,01,84,03,00,00,00,00
38322000,54,false,Rx,0,8,00,00,FE,FF,FE,FF,00,00
38322000,55,false,Rx,0,8,10,27,00,00,00,00,00,00
38332000,56,false,Rx,0,8,10,27,00,00,00,00,00,00
38333000,57,false,Rx,0,8,00,00,FE,FF,FE,FF,00,00
38405000,625,false,Rx,0,8,25,00,11,43,FD,BB,E4,01
38505000,625,false,Rx,0,8,25,00,11,43,FD,BB,E4,01
38511000,2C4,false,Rx,0,8,03,00,00,00,02,03,00,00
38511000,2C5,false,Rx,0,8,00,00,00,00,00,00,00,00
38512000,2C6,false,Rx,0,8,F4,01,84,03,00,00,00,00
38522000,54,false,Rx,0,8,00,00,FE,FF,FE,FF,00,00
38522000,55,false,Rx,0,8,10,27,00,00,00,00,00,00
38532000,56,false,Rx,0,8,10,27,00,00,00,00,00,00
38533000,57,false,Rx,0,8,00,00,FE,FF,FE,FF,00,00
38605000,625,false,Rx,0,8,25,00,11,43,FD,BB,E4,01
38705000,625,false,Rx,0,8,25,00,11,43,FD,BB,E4,01
38711000,2C4,false,Rx,0,8,03,00,00,00,02,03,00,00
38711000,2C5,false,Rx,0,8,00,00,00,00,00,00,00,00
38711000,2C6,false,Rx,0,8,F4,01,84,03,00,00,00,00
38722000,54,false,Rx,0,8,00,00,FE,FF,FE,FF,00,00
38722000,55,false,Rx,0,8,10,27,00,00,00,00,00,00
38732000,56,false,Rx,0,8,10,27,00,00,00,00,00,00
38733000,57,false,Rx,0,8,00,00,FE,FF,FE,FF,00,00
38805000,625,false,Rx,0,8,25,00,11,43,FD,BB,E4,01
38905000,625,false,Rx,0,8,25,00,11,43,FD,BB,E4,01
38911000,2C4,false,Rx,0,8,03,00,00,00,02,03,00,00
38911000,2C5,false,Rx,0,8,00,00,00,00,00,00,00,00
38911000,2C6,false,Rx,0,8,F4,01,84,03,00,00,00,00
38922000,54,false,Rx,0,8,00,00,FE,FF,FE,FF,00,00
38922000,55,false,Rx,0,8,10,27,00,00,00,00,00,00
38932000,56,false,Rx,0,8,10,27,00,00,00,00,00,00
38933000,57,false,Rx,0,8,00,00,FE,FF,FE,FF,00,00
39005000,625,false,Rx,0,8,25,00,11,43,FD,BB,E4,01
39105000,625,false,Rx,0,8,25,00,11,43,FD,BB,E4,01
39111000,2C4,false,Rx,0,8,03,00,00,00,02,03,00,00
39111000,2C5,false,Rx,0,8,00,00,00,00,00,00,00,00
39111000,2C6,false,Rx,0,8,F4,01,84,03,00,00,00,00
39122000,54,false,Rx,0,8,00,00,FE,FF,FE,FF,00,00
39122000,55,false,Rx,0,8,10,27,00,00,00,00,00,00
39132000,56,false,Rx,0,8,10,27,00,00,00,00,00,00
39133000,57,false,Rx,0,8,00,00,FE,FF,FE,FF,00,00
39205000,625,false,Rx,0,8,25,00,11,43,FD,BB,E4,01
39305000,625,false,Rx,0,8,25,00,11,43,FD,BB,E4,01
39311000,2C4,false,Rx,0,8,03,00,00,00,02,03,00,00
39311000,2C5,false,Rx,0,8,00,00,00,00,00,00,00,00
39311000,2C6,false,Rx,0,8,F4,01,84,03,00,00,00,00
39322000,54,false,Rx,0,8,00,00,FE,FF,FE,FF,00,00
39322000,55,false,Rx,0,8,10,27,00,00,00,00,00,00
39332000,56,false,Rx,0,8,10,27,00,00,00,00,00,00
39333000,57,false,Rx,0,8,00,00,FE,FF,FE,FF,00,00
39405000,625,false,Rx,0,8,25,00,11,43,FD,BB,E4,01
39505000,625,false,Rx,0,8,25,00,11,43,FD,BB,E4,01
39511000,2C4,false,Rx,0,8,03,00,00,00,02,03,00,00
39511000,2C5,false,Rx,0,8,00,00,00,00,00,00,00,00
39511000,2C6,false,Rx,0,8,F4,01,84,03,00,00,00,00
39522000,54,false,Rx,0,8,00,00,FE,FF,FE,FF,00,00
39522000,55,false,Rx,0,8,10,27,00,00,00,00,00,00
39532000,56,false,Rx,0,8,10,27,00,00,00,00,00,00
39533000,57,false,Rx,0,8,00,00,FE,FF,FE,FF,00,00
39605000,625,false,Rx,0,8,25,00,11,43,FD,BB,E4,01
39705000,625,false,Rx,0,8,25,00,11,43,FD,BB,E4,01
39711000,2C4,false,Rx,0,8,03,00,00,00,02,03,00,00
39711000,2C5,false,Rx,0,8,00,00,00,00,00,00,00,00
39711000,2C6,false,Rx,0,8,F4,01,84,03,00,00,00,00
39722000,54,false,Rx,0,8,00,00,FE,FF,FE,FF,00,00
39722000,55,false,Rx,0,8,10,27,00,00,00,00,00,00
39732000,56,false,Rx,0,8,10,27,00,00,00,00,00,00
39733000,57,false,Rx,0,8,00,00,FE,FF,FE,FF,00,00
39805000,625,false,Rx,0,8,25,00,11,43,FD,BB,E4,01
39905000,625,false,Rx,0,8,25,00,11,43,FD,BB,E4,01
39911000,2C4,false,Rx,0,8,03,00,00,00,02,03,00,00
39911000,2C5,false,Rx,0,8,00,00,00,00,00,00,00,00
39911000,2C6,false,Rx,0,8,F4,01,84,03,00,00,00,00
39922000,54,false,Rx,0,8,00,00,FE,FF,FE,FF,00,00
39922000,55,false,Rx,0,8,10,27,00,00,00,00,00,00
39932000,56,false,Rx,0,8,10,27,00,00,00,00,00,00
39932000,57,false,Rx,0,8,00,00,FE,FF,FE,FF,00,00
40005000,625,false,Rx,0,8,25,00,11,43,FD,BB,E4,01
40105000,625,false,Rx,0,8,25,00,11,43,FD,BB,E4,01
40111000,2C4,false,Rx,0,8,03,00,00,00,02,03,00,00
40111000,2C5,false,Rx,0,8,00,00,00,00,00,00,00,00
40111000,2C6,false,Rx,0,8,F4,01,84,03,00,00,00,00
40122000,54,false,Rx,0,8,00,00,FE,FF,FE,FF,00,00
40122000,55,false,Rx,0,8,10,27,00,00,00,00,00,00
40132000,56,false,Rx,0,8,10,27,00,00,00,00,00,00
40132000,57,false,Rx,0,8,00,00,FE,FF,FE,FF,00,00
40205000,625,false,Rx,0,8,25,00,11,43,FD,BB,E4,01
40305000,625,false,Rx,0,8,25,00,11,43,FD,BB,E4,01
40311000,2C4,false,Rx,0,8,03,00,00,00,02,03,00,00
40311000,2C5,false,Rx,0,8,00,00,00,00,00,00,00,00
40311000,2C6,false,Rx,0,8,F4,01,84,03,00,00,00,00
40322000,54,false,Rx,0,8,00,00,FE,FF,FE,FF,00,00
40322000,55,false,Rx,0,8,10,27,00,00,00,00,00,00
40332000,56,false,Rx,0,8,10,27,00,00,00,00,00,00
40332000,57,false,Rx,0,8,00,00,FE,FF,FE,FF,00,00
40405000,625,false,Rx,0,8,25,00,11,43,FD,BB,E4,01
40505000,625,false,Rx,0,8,25,00,11,43,FD,BB,E4,01
40511000,2C4,false,Rx,0,8,03,00,00,00,02,03,00,00
40511000,2C5,false,Rx,0,8,00,00,00,00,00,00,00,00
40511000,2C6,false,Rx,0,8,F4,01,84,03,00,00,00,00
40522000,54,false,Rx,0,8,00,00,FE,FF,FE,FF,00,00
40522000,55,false,Rx,0,8,10,27,00,00,00,00,00,00
40532000,56,false,Rx,0,8,10,27,00,00,00,00,00,00
40532000,57,false,Rx,0,8,00,00,FE,FF,FE,FF,00,00
40605000,625,false,Rx,0,8,25,00,11,43,FD,BB,E4,01
40705000,625,false,Rx,0,8,25,00,11,43,FD,BB,E4,01
40711000,2C4,false,Rx,0,8,03,00,00,00,02,03,00,00
40711000,2C5,false,Rx,0,8,00,00,00,00,00,00,00,00
40711000,2C6,false,Rx,0,8,F4,01,84,03,00,00,00,00
40722000,54,false,Rx,0,8,00,00,FE,FF,FE,FF,00,00
40722000,55,false,Rx,0,8,10,27,00,00,00,00,00,00
40732000,56,false,Rx,0,8,10,27,00,00,00,00,00,00
40732000,57,false,Rx,0,8,00,00,FE,FF,FE,FF,00,00
40805000,625,false,Rx,0,8,25,00,11,43,FD,BB,E4,01
40905000,625,false,Rx,0,8,25,00,11,43,FD,BB,E4,01
40911000,2C4,false,Rx,0,8,03,00,00,00,02,03,00,00
40911000,2C5,false,Rx,0,8,00,00,00,00,00,00,00,00
40911000,2C6,false,Rx,0,8,F4,01,84,03,00,00,00,00
40922000,54,false,Rx,0,8,00,00,FE,FF,FE,FF,00,00
40922000,55,false,Rx,0,8,10,27,00,00,00,00,00,00
40932000,56,false,Rx,0,8,10,27,00,00,00,00,00,00
40932000,57,false,Rx,0,8,00,00,FE,FF,FE,FF,00,00
40943000,65,false,Rx,0,8,34,03,03,00,00,00,00,00
40951000,60D,false,Rx,0,8,0D,10,DF,23,02,20,70,00
41005000,625,false,Rx,0,8,25,00,11,43,FD,BB,E4,01
41051000,60D,false,Rx,0,8,0D,10,DF,23,02,20,70,00
41090000,65,false,Rx,0,8,34,03,03,00,00,00,00,00
41105000,625,false,Rx,0,8,25,00,11,43,FD,BB,E4,01
41111000,2C4,false,Rx,0,8,03,00,00,00,02,03,00,00
41111000,2C5,false,Rx,0,8,00,00,00,00,00,00,00,00
41111000,2C6,false,Rx,0,8,F4,01,84,03,00,00,00,00
41122000,54,false,Rx,0,8,00,00,FE,FF,FE,FF,00,00
41122000,55,false,Rx,0,8,10,27,00,00,00,00,00,00
41132000,56,false,Rx,0,8,10,27,00,00,00,00,00,00
41132000,57,false,Rx,0,8,00,00,FE,FF,FE,FF,00,00
41151000,60D,false,Rx,0,8,0D,10,DF,23,02,20,70,00
41205000,625,false,Rx,0,8,25,00,11,43,FD,BB,E4,01
41240000,65,false,Rx,0,8,34,03,03,00,00,00,00,00
41251000,60D,false,Rx,0,8,0D,10,DF,23,02,20,70,00
41305000,625,false,Rx,0,8,25,00,11,43,FD,BB,E4,01
41311000,2C4,false,Rx,0,8,03,00,00,00,02,03,00,00
41311000,2C5,false,Rx,0,8,00,00,00,00,00,00,00,00
41311000,2C6,false,Rx,0,8,F4,01,84,03,00,00,00,00
41322000,54,false,Rx,0,8,00,00,FE,FF,FE,FF,00,00
41322000,55,false,Rx,0,8,10,27,00,00,00,00,00,00
41332000,56,false,Rx,0,8,10,27,00,00,00,00,00,00
41332000,57,false,Rx,0,8,00,00,FE,FF,FE,FF,00,00
41351000,60D,false,Rx,0,8,0D,10,DF,23,02,20,70,00
41390000,65,false,Rx,0,8,34,03,03,00,00,00,00,00
41405000,625,false,Rx,0,8,25,00,11,43,FD,BB,E4,01
41451000,60D,false,Rx,0,8,0D,10,DF,23,02,20,70,00
41505000,625,false,Rx,0,8,25,00,11,43,FD,BB,E4,01
41511000,2C4,false,Rx,0,8,03,00,00,00,02,03,00,00
41511000,2C5,false,Rx,0,8,00,00,00,00,00,00,00,00
41511000,2C6,false,Rx,0,8,F4,01,84,03,00,00,00,00
41522000,54,false,Rx,0,8,00,00,FE,FF,FE,FF,00,00
41522000,55,false,Rx,0,8,10,27,00,00,00,00,00,00
41532000,56,false,Rx,0,8,10,27,00,00,00,00,00,00
41532000,57,false,Rx,0,8,00,00,FE,FF,FE,FF,00,00
41551000,60D,false,Rx,0,8,0D,10,DF,23,02,20,70,00
41605000,625,false,Rx,0,8,25,00,11,43,FD,BB,E4,01
41651000,60D,false,Rx,0,8,0D,10,DF,23,02,20,70,00
41705000,625,false,Rx,0,8,25,00,11,43,FD,BB,E4,01
41711000,2C4,false,Rx,0,8,03,00,00,00,02,03,00,00
41711000,2C5,false,Rx,0,8,00,00,00,00,00,00,00,00
41711000,2C6,false,Rx,0,8,F4,01,84,03,00,00,00,00
41722000,54,false,Rx,0,8,00,00,FE,FF,FE,FF,00,00
41722000,55,false,Rx,0,8,10,27,00,00,00,00,00,00
41732000,56,false,Rx,0,8,10,27,00,00,00,00,00,00
41732000,57,false,Rx,0,8,00,00,FE,FF,FE,FF,00,00
41751000,60D,false,Rx,0,8,0D,10,DF,23,02,20,70,00
41805000,625,false,Rx,0,8,25,00,11,43,FD,BB,E4,01
41851000,60D,false,Rx,0,8,0D,10,DF,23,02,20,70,00
41905000,625,false,Rx,0,8,25,00,11,43,FD,BB,E4,01
41911000,2C4,false,Rx,0,8,03,00,00,00,02,03,00,00
41911000,2C5,false,Rx,0,8,00,00,00,00,00,00,00,00
41911000,2C6,false,Rx,0,8,F4,01,84,03,00,00,00,00
41922000,54,false,Rx,0,8,00,00,FE,FF,FE,FF,00,00
41922000,55,false,Rx,0,8,10,27,00,00,00,00,00,00
41932000,56,false,Rx,0,8,10,27,00,00,00,00,00,00
41932000,57,false,Rx,0,8,00,00,FE,FF,FE,FF,00,00
42005000,625,false,Rx,0,8,25,00,11,43,FD,BB,E4,01
42105000,625,false,Rx,0,8,25,00,11,43,FD,BB,E4,01
42111000,2C4,false,Rx,0,8,03,00,00,00,02,03,00,00
42111000,2C5,false,Rx,0,8,00,00,00,00,00,00,00,00
42111000,2C6,false,Rx,0,8,F4,01,84,03,00,00,00,00
42122000,54,false,Rx,0,8,00,00,FE,FF,FE,FF,00,00
42122000,55,false,Rx,0,8,10,27,00,00,00,00,00,00
42132000,56,false,Rx,0,8,10,27,00,00,00,00,00,00
42132000,57,false,Rx,0,8,00,00,FE,FF,FE,FF,00,00
42205000,625,false,Rx,0,8,25,00,11,43,FD,BB,E4,01
42305000,625,false,Rx,0,8,25,00,11,43,FD,BB,E4,01
42311000,2C4,false,Rx,0,8,03,00,00,00,02,03,00,00
42311000,2C5,false,Rx,0,8,00,00,00,00,00,00,00,00
42311000,2C6,false,Rx,0,8,F4,01,84,03,00,00,00,00
42322000,54,false,Rx,0,8,00,00,FE,FF,FE,FF,00,00
42322000,55,false,Rx,0,8,10,27,00,00,00,00,00,00
42332000,56,false,Rx,0,8,10,27,00,00,00,00,00,00
42332000,57,false,Rx,0,8,00,00,FE,FF,FE,FF,00,00
42405000,625,false,Rx,0,8,25,00,11,43,FD,BB,E4,01
42505000,625,false,Rx,0,8,25,00,11,43,FD,BB,E4,01
42511000,2C4,false,Rx,0,8,03,00,00,00,02,03,00,00
42511000,2C5,false,Rx,0,8,00,00,00,00,00,00,00,00
42511000,2C6,false,Rx,0,8,F4,01,84,03,00,00,00,00
42522000,54,false,Rx,0,8,00,00,FE,FF,FE,FF,00,00
42522000,55,false,Rx,0,8,10,27,00,00,00,00,00,00
42532000,56,false,Rx,0,8,10,27,00,00,00,00,00,00
42532000,57,false,Rx,0,8,00,00,FE,FF,FE,FF,00,00
42605000,625,false,Rx,0,8,25,00,11,43,FD,BB,E4,01
42705000,625,false,Rx,0,8,25,00,11,43,FD,BB,E4,01
42711000,2C4,false,Rx,0,8,03,00,00,00,02,03,00,00
42711000,2C5,false,Rx,0,8,00,00,00,00,00,00,00,00
42711000,2C6,false,Rx,0,8,F4,01,84,03,00,00,00,00
42722000,54,false,Rx,0,8,00,00,FE,FF,FE,FF,00,00
42722000,55,false,Rx,0,8,10,27,00,00,00,00,00,00
42732000,56,false,Rx,0,8,10,27,00,00,00,00,00,00
42732000,57,false,Rx,0,8,00,00,FE,FF,FE,FF,00,00
42805000,625,false,Rx,0,8,25,00,11,43,FD,BB,E4,01
42905000,625,false,Rx,0,8,25,00,11,43,FD,BB,E4,01
42911000,2C4,false,Rx,0,8,03,00,00,00,02,03,00,00
42911000,2C5,false,Rx,0,8,00,00,00,00,00,00,00,00
42911000,2C6,false,Rx,0,8,F4,01,84,03,00,00,00,00
42922000,54,false,Rx,0,8,00,00,FE,FF,FE,FF,00,00
42922000,55,false,Rx,0,8,10,27,00,00,00,00,00,00
42932000,56,false,Rx,0,8,10,27,00,00,00,00,00,00
42932000,57,false,Rx,0,8,00,00,FE,FF,FE,FF,00,00
43005000,625,false,Rx,0,8,25,00,11,43,FD,BB,E4,01
43105000,625,false,Rx,0,8,25,00,11,43,FD,BB,E4,01
43111000,2C4,false,Rx,0,8,03,00,00,00,02,03,00,00
43111000,2C5,false,Rx,0,8,00,00,00,00,00,00,00,00
43111000,2C6,false,Rx,0,8,F4,01,84,03,00,00,00,00
43122000,54,false,Rx,0,8,00,00,FE,FF,FE,FF,00,00
43122000,55,false,Rx,0,8,10,27,00,00,00,00,00,00
43132000,56,false,Rx,0,8,10,27,00,00,00,00,00,00
43132000,57,false,Rx,0,8,00,00,FE,FF,FE,FF,00,00
43205000,625,false,Rx,0,8,25,00,11,43,FD,BB,E4,01
43305000,625,false,Rx,0,8,25,00,11,43,FD,BB,E4,01
43311000,2C4,false,Rx,0,8,03,00,00,00,02,03,00,00
43311000,2C5,false,Rx,0,8,00,00,00,00,00,00,00,00
43311000,2C6,false,Rx,0,8,F4,01,84,03,00,00,00,00
43322000,54,false,Rx,0,8,00,00,FE,FF,FE,FF,00,00
43322000,55,false,Rx,0,8,10,27,00,00,00,00,00,00
43332000,56,false,Rx,0,8,10,27,00,00,00,00,00,00
43332000,57,false,Rx,0,8,00,00,FE,FF,FE,FF,00,00
43405000,625,false,Rx,0,8,25,00,11,43,FD,BB,E4,01
43505000,625,false,Rx,0,8,25,00,11,43,FD,BB,E4,01
43511000,2C4,false,Rx,0,8,03,00,00,00,02,03,00,00
43511000,2C5,false,Rx,0,8,00,00,00,00,00,00,00,00
43511000,2C6,false,Rx,0,8,F4,01,84,03,00,00,00,00
43522000,54,false,Rx,0,8,00,00,FE,FF,FE,FF,00,00
43522000,55,false,Rx,0,8,10,27,00,00,00,00,00,00
43532000,56,false,Rx,0,8,10,27,00,00,00,00,00,00
43532000,57,false,Rx,0,8,00,00,FE,FF,FE,FF,00,00
43605000,625,false,Rx,0,8,25,00,11,43,FD,BB,E4,01
43705000,625,false,Rx,0,8,25,00,11,43,FD,BB,E4,01
43711000,2C4,false,Rx,0,8,03,00,00,00,02,03,00,00
43711000,2C5,false,Rx,0,8,00,00,00,00,00,00,00,00
43711000,2C6,false,Rx,0,8,F4,01,84,03,00,00,00,00
43722000,54,false,Rx,0,8,00,00,FE,FF,FE,FF,00,00
43722000,55,false,Rx,0,8,10,27,00,00,00,00,00,00
43732000,56,false,Rx,0,8,10,27,00,00,00,00,00,00
43732000,57,false,Rx,0,8,00,00,FE,FF,FE,FF,00,00
43805000,625,false,Rx,0,8,25,00,11,43,FD,BB,E4,01
43905000,625,false,Rx,0,8,25,00,11,43,FD,BB,E4,01
43911000,2C4,false,Rx,0,8,03,00,00,00,02,03,00,00
43911000,2C5,false,Rx,0,8,00,00,00,00,00,00,00,00
43911000,2C6,false,Rx,0,8,F4,01,84,03,00,00,00,00
43922000,54,false,Rx,0,8,00,00,FE,FF,FE,FF,00,00
43922000,55,false,Rx,0,8,10,27,00,00,00,00,00,00
43932000,56,false,Rx,0,8,10,27,00,00,00,00,00,00
43932000,57,false,Rx,0,8,00,00,FE,FF,FE,FF,00,00
44005000,625,false,Rx,0,8,25,00,11,43,FD,BB,E4,01
44105000,625,false,Rx,0,8,25,00,11,43,FD,BB,E4,01
44111000,2C4,false,Rx,0,8,03,00,00,00,02,03,00,00
44111000,2C5,false,Rx,0,8,00,00,00,00,00,00,00,00
44111000,2C6,false,Rx,0,8,F4,01,84,03,00,00,00,00
44122000,54,false,Rx,0,8,00,00,FE,FF,FE,FF,00,00
44122000,55,false,Rx,0,8,10,27,00,00,00,00,00,00
44132000,56,false,Rx,0,8,10,27,00,00,00,00,00,00
44132000,57,false,Rx,0,8,00,00,FE,FF,FE,FF,00,00
44205000,625,false,Rx,0,8,25,00,11,43,FD,BB,E4,01
44305000,625,false,Rx,0,8,25,00,11,43,FD,BB,E4,01
44311000,2C4,false,Rx,0,8,03,00,00,00,02,03,00,00
44311000,2C5,false,Rx,0,8,00,00,00,00,00,00,00,00
44311000,2C6,false,Rx,0,8,F4,01,84,03,00,00,00,00
44322000,54,false,Rx,0,8,00,00,FE,FF,FE,FF,00,00
44322000,55,false,Rx,0,8,10,27,00,00,00,00,00,00
44332000,56,false,Rx,0,8,10,27,00,00,00,00,00,00
44332000,57,false,Rx,0,8,00,00,FE,FF,FE,FF,00,00
44405000,625,false,Rx,0,8,25,00,11,43,FD,BB,E4,01
44505000,625,false,Rx,0,8,25,00,11,43,FD,BB,E4,01
44511000,2C4,false,Rx,0,8,03,00,00,00,02,03,00,00
44511000,2C5,false,Rx,0,8,00,00,00,00,00,00,00,00
44511000,2C6,false,Rx,0,8,F4,01,84,03,00,00,00,00
44522000,54,false,Rx,0,8,00,00,FE,FF,FE,FF,00,00
44522000,55,false,Rx,0,8,10,27,00,00,00,00,00,00
44532000,56,false,Rx,0,8,10,27,00,00,00,00,00,00
44532000,57,false,Rx,0,8,00,00,FE,FF,FE,FF,00,00
44605000,625,false,Rx,0,8,25,00,11,43,FD,BB,E4,01
44705000,625,false,Rx,0,8,25,00,11,43,FD,BB,E4,01
44711000,2C4,false,Rx,0,8,03,00,00,00,02,03,00,00
44711000,2C5,false,Rx,0,8,00,00,00,00,00,00,00,00
44711000,2C6,false,Rx,0,8,F4,01,84,03,00,00,00,00
44722000,54,false,Rx,0,8,00,00,FE,FF,FE,FF,00,00
44722000,55,false,Rx,0,8,10,27,00,00,00,00,00,00
44732000,56,false,Rx,0,8,10,27,00,00,00,00,00,00
44732000,57,false,Rx,0,8,00,00,FE,FF,FE,FF,00,00
44805000,625,false,Rx,0,8,25,00,11,43,FD,BB,E4,01
44905000,625,false,Rx,0,8,25,00,11,43,FD,BB,E4,01
44911000,2C4,false,Rx,0,8,03,00,00,00,02,03,00,00
44911000,2C5,false,Rx,0,8,00,00,00,00,00,00,00,00
44911000,2C6,false,Rx,0,8,F4,01,84,03,00,00,00,00
44922000,54,false,Rx,0,8,00,00,FE,FF,FE,FF,00,00
44922000,55,false,Rx,0,8,10,27,00,00,00,00,00,00
44932000,56,false,Rx,0,8,10,27,00,00,00,00,00,00
44932000,57,false,Rx,0,8,00,00,FE,FF,FE,FF,00,00
45005000,625,false,Rx,0,8,25,00,11,43,FD,BB,E4,01
45105000,625,false,Rx,0,8,25,00,11,43,FD,BB,E4,01
45111000,2C4,false,Rx,0,8,03,00,00,00,02,03,00,00
45111000,2C5,false,Rx,0,8,00,00,00,00,00,00,00,00
45111000,2C6,false,Rx,0,8,F4,01,84,03,00,00,00,00
45122000,54,false,Rx,0,8,00,00,FE,FF,FE,FF,00,00
45122000,55,false,Rx,0,8,10,27,00,00,00,00,00,00
45132000,56,false,Rx,0,8,10,27,00,00,00,00,00,00
45132000,57,false,Rx,0,8,00,00,FE,FF,FE,FF,00,00
45205000,625,false,Rx,0,8,25,00,11,43,FD,BB,E4,01
45305000,625,false,Rx,0,8,25,00,11,43,FD,BB,E4,01
45311000,2C4,false,Rx,0,8,03,00,00,00,02,03,00,00
45311000,2C5,false,Rx,0,8,00,00,00,00,00,00,00,00
45311000,2C6,false,Rx,0,8,F4,01,84,03,00,00,00,00
45322000,54,false,Rx,0,8,00,00,FE,FF,FE,FF,00,00
45322000,55,false,Rx,0,8,10,27,00,00,00,00,00,00
45332000,56,false,Rx,0,8,10,27,00,00,00,00,00,00
45332000,57,false,Rx,0,8,00,00,FE,FF,FE,FF,00,00
45405000,625,false,Rx,0,8,25,00,11,43,FD,BB,E4,01
45505000,625,false,Rx,0,8,25,00,11,43,FD,BB,E4,01
45511000,2C4,false,Rx,0,8,03,00,00,00,02,03,00,00
45511000,2C5,false,Rx,0,8,00,00,00,00,00,00,00,00
45511000,2C6,false,Rx,0,8,F4,01,84,03,00,00,00,00
45522000,54,false,Rx,0,8,00,00,FE,FF,FE,FF,00,00
45522000,55,false,Rx,0,8,10,27,00,00,00,00,00,00
45532000,56,false,Rx,0,8,10,27,00,00,00,00,00,00
45532000,57,false,Rx,0,8,00,00,FE,FF,FE,FF,00,00
45605000,625,false,Rx,0,8,25,00,11,43,FD,BB,E4,01
45704000,625,false,Rx,0,8,25,00,11,43,FD,BB,E4,01
45711000,2C4,false,Rx,0,8,03,00,00,00,02,03,00,00
45711000,2C5,false,Rx,0,8,00,00,00,00,00,00,00,00
45711000,2C6,false,Rx,0,8,F4,01,84,03,00,00,00,00
45722000,54,false,Rx,0,8,00,00,FE,FF,FE,FF,00,00
45722000,55,false,Rx,0,8,10,27,00,00,00,00,00,00
45732000,56,false,Rx,0,8,10,27,00,00,00,00,00,00
45732000,57,false,Rx,0,8,00,00,FE,FF,FE,FF,00,00
45804000,625,false,Rx,0,8,25,00,11,43,FD,BB,E4,01
45904000,625,false,Rx,0,8,25,00,11,43,FD,BB,E4,01
45911000,2C4,false,Rx,0,8,03,00,00,00,02,03,00,00
45911000,2C5,false,Rx,0,8,00,00,00,00,00,00,00,00
45911000,2C6,false,Rx,0,8,F4,01,84,03,00,00,00,00
45922000,54,false,Rx,0,8,00,00,FE,FF,FE,FF,00,00
45922000,55,false,Rx,0,8,10,27,00,00,00,00,00,00
45932000,56,false,Rx,0,8,10,27,00,00,00,00,00,00
45932000,57,false,Rx,0,8,00,00,FE,FF,FE,FF,00,00
46004000,625,false,Rx,0,8,25,00,11,43,FD,BB,E4,01
46104000,625,false,Rx,0,8,25,00,11,43,FD,BB,E4,01
46111000,2C4,false,Rx,0,8,03,00,00,00,02,03,00,00
46111000,2C5,false,Rx,0,8,00,00,00,00,00,00,00,00
46111000,2C6,false,Rx,0,8,F4,01,84,03,00,00,00,00
46122000,54,false,Rx,0,8,00,00,FE,FF,FE,FF,00,00
46122000,55,false,Rx,0,8,10,27,00,00,00,00,00,00
46132000,56,false,Rx,0,8,10,27,00,00,00,00,00,00
46132000,57,false,Rx,0,8,00,00,FE,FF,FE,FF,00,00
46204000,625,false,Rx,0,8,25,00,11,43,FD,BB,E4,01
46304000,625,false,Rx,0,8,25,00,11,43,FD,BB,E4,01
46311000,2C4,false,Rx,0,8,03,00,00,00,02,03,00,00
46311000,2C5,false,Rx,0,8,00,00,00,00,00,00,00,00
46311000,2C6,false,Rx,0,8,F4,01,84,03,00,00,00,00
46322000,54,false,Rx,0,8,00,00,FE,FF,FE,FF,00,00
46322000,55,false,Rx,0,8,10,27,00,00,00,00,00,00
46332000,56,false,Rx,0,8,10,27,00,00,00,00,00,00
46332000,57,false,Rx,0,8,00,00,FE,FF,FE,FF,00,00
46404000,625,false,Rx,0,8,25,00,11,43,FD,BB,E4,01
46504000,625,false,Rx,0,8,25,00,11,43,FD,BB,E4,01
46511000,2C4,false,Rx,0,8,03,00,00,00,02,03,00,00
46511000,2C5,false,Rx,0,8,00,00,00,00,00,00,00,00
46511000,2C6,false,Rx,0,8,F4,01,84,03,00,00,00,00
46521000,54,false,Rx,0,8,00,00,FE,FF,FE,FF,00,00
46522000,55,false,Rx,0,8,10,27,00,00,00,00,00,00
46532000,56,false,Rx,0,8,10,27,00,00,00,00,00,00
46532000,57,false,Rx,0,8,00,00,FE,FF,FE,FF,00,00
46604000,625,false,Rx,0,8,25,00,11,43,FD,BB,E4,01
46704000,625,false,Rx,0,8,25,00,11,43,FD,BB,E4,01
46711000,2C4,false,Rx,0,8,03,00,00,00,02,03,00,00
46711000,2C5,false,Rx,0,8,00,00,00,00,00,00,00,00
46711000,2C6,false,Rx,0,8,F4,01,84,03,00,00,00,00
46721000,54,false,Rx,0,8,00,00,FE,FF,FE,FF,00,00
46722000,55,false,Rx,0,8,10,27,00,00,00,00,00,00
46732000,56,false,Rx,0,8,10,27,00,00,00,00,00,00
46732000,57,false,Rx,0,8,00,00,FE,FF,FE,FF,00,00
46804000,625,false,Rx,0,8,25,00,11,43,FD,BB,E4,01
46904000,625,false,Rx,0,8,25,00,11,43,FD,BB,E4,01
46911000,2C4,false,Rx,0,8,03,00,00,00,02,03,00,00
46911000,2C5,false,Rx,0,8,00,00,00,00,00,00,00,00
46911000,2C6,false,Rx,0,8,F4,01,84,03,00,00,00,00
46921000,54,false,Rx,0,8,00,00,FE,FF,FE,FF,00,00
46922000,55,false,Rx,0,8,10,27,00,00,00,00,00,00
46932000,56,false,Rx,0,8,10,27,00,00,00,00,00,00
46932000,57,false,Rx,0,8,00,00,FE,FF,FE,FF,00,00
47004000,625,false,Rx,0,8,25,00,11,43,FD,BB,E4,01
47104000,625,false,Rx,0,8,25,00,11,43,FD,BB,E4,01
47111000,2C4,false,Rx,0,8,03,00,00,00,02,03,00,00
47111000,2C5,false,Rx,0,8,00,00,00,00,00,00,00,00
47111000,2C6,false,Rx,0,8,F4,01,84,03,00,00,00,00
47121000,54,false,Rx,0,8,00,00,FE,FF,FE,FF,00,00
47122000,55,false,Rx,0,8,10,27,00,00,00,00,00,00
47132000,56,false,Rx,0,8,10,27,00,00,00,00,00,00
47132000,57,false,Rx,0,8,00,00,FE,FF,FE,FF,00,00
47204000,625,false,Rx,0,8,25,00,11,43,FD,BB,E4,01
47304000,625,false,Rx,0,8,25,00,11,43,FD,BB,E4,01
47311000,2C4,false,Rx,0,8,03,00,00,00,02,03,00,00
47311000,2C5,false,Rx,0,8,00,00,00,00,00,00,00,00
47311000,2C6,false,Rx,0,8,F4,01,84,03,00,00,00,00
47321000,54,false,Rx,0,8,00,00,FE,FF,FE,FF,00,00
47322000,55,false,Rx,0,8,10,27,00,00,00,00,00,00
47332000,56,false,Rx,0,8,10,27,00,00,00,00,00,00
47332000,57,false,Rx,0,8,00,00,FE,FF,FE,FF,00,00
47404000,625,false,Rx,0,8,25,00,11,43,FD,BB,E4,01
47504000,625,false,Rx,0,8,25,00,11,43,FD,BB,E4,01
47511000,2C4,false,Rx,0,8,03,00,00,00,02,03,00,00
47511000,2C5,false,Rx,0,8,00,00,00,00,00,00,00,00
47511000,2C6,false,Rx,0,8,F4,01,84,03,00,00,00,00
47521000,54,false,Rx,0,8,00,00,FE,FF,FE,FF,00,00
47522000,55,false,Rx,0,8,10,27,00,00,00,00,00,00
47532000,56,false,Rx,0,8,10,27,00,00,00,00,00,00
47532000,57,false,Rx,0,8,00,00,FE,FF,FE,FF,00,00
47604000,625,false,Rx,0,8,25,00,11,43,FD,BB,E4,01
47704000,625,false,Rx,0,8,25,00,11,43,FD,BB,E4,01
47711000,2C4,false,Rx,0,8,03,00,00,00,02,03,00,00
47711000,2C5,false,Rx,0,8,00,00,00,00,00,00,00,00
47711000,2C6,false,Rx,0,8,F4,01,84,03,00,00,00,00
47721000,54,false,Rx,0,8,00,00,FE,FF,FE,FF,00,00
47722000,55,false,Rx,0,8,10,27,00,00,00,00,00,00
47732000,56,false,Rx,0,8,10,27,00,00,00,00,00,00
47732000,57,false,Rx,0,8,00,00,FE,FF,FE,FF,00,00
47804000,625,false,Rx,0,8,25,00,11,43,FD,BB,E4,01
47904000,625,false,Rx,0,8,25,00,11,43,FD,BB,E4,01
47911000,2C4,false,Rx,0,8,03,00,00,00,02,03,00,00
47911000,2C5,false,Rx,0,8,00,00,00,00,00,00,00,00
47911000,2C6,false,Rx,0,8,F4,01,84,03,00,00,00,00
47921000,54,false,Rx,0,8,00,00,FE,FF,FE,FF,00,00
47922000,55,false,Rx,0,8,10,27,00,00,00,00,00,00
47932000,56,false,Rx,0,8,10,27,00,00,00,00,00,00
47932000,57,false,Rx,0,8,00,00,FE,FF,FE,FF,00,00
48004000,625,false,Rx,0,8,25,00,11,43,FD,BB,E4,01
48104000,625,false,Rx,0,8,25,00,11,43,FD,BB,E4,01
48111000,2C4,false,Rx,0,8,03,00,00,00,02,03,00,00
48111000,2C5,false,Rx,0,8,00,00,00,00,00,00,00,00
48111000,2C6,false,Rx,0,8,F4,01,84,03,00,00,00,00
48121000,54,false,Rx,0,8,00,00,FE,FF,FE,FF,00,00
48122000,55,false,Rx,0,8,10,27,00,00,00,00,00,00
48132000,56,false,Rx,0,8,10,27,00,00,00,00,00,00
48132000,57,false,Rx,0,8,00,00,FE,FF,FE,FF,00,00
48204000,625,false,Rx,0,8,25,00,11,43,FD,BB,E4,01
48304000,625,false,Rx,0,8,25,00,11,43,FD,BB,E4,01
48310000,2C4,false,Rx,0,8,03,00,00,00,02,03,00,00
48311000,2C5,false,Rx,0,8,00,00,00,00,00,00,00,00
48311000,2C6,false,Rx,0,8,F4,01,84,03,00,00,00,00
48321000,54,false,Rx,0,8,00,00,FE,FF,FE,FF,00,00
48322000,55,false,Rx,0,8,10,27,00,00,00,00,00,00
48332000,56,false,Rx,0,8,10,27,00,00,00,00,00,00
48332000,57,false,Rx,0,8,00,00,FE,FF,FE,FF,00,00
48404000,625,false,Rx,0,8,25,00,11,43,FD,BB,E4,01
48504000,625,false,Rx,0,8,25,00,11,43,FD,BB,E4,01
48510000,2C4,false,Rx,0,8,03,00,00,00,02,03,00,00
48511000,2C5,false,Rx,0,8,00,00,00,00,00,00,00,00
48511000,2C6,false,Rx,0,8,F4,01,84,03,00,00,00,00
48521000,54,false,Rx,0,8,00,00,FE,FF,FE,FF,00,00
48522000,55,false,Rx,0,8,10,27,00,00,00,00,00,00
48532000,56,false,Rx,0,8,10,27,00,00,00,00,00,00
48532000,57,false,Rx,0,8,00,00,FE,FF,FE,FF,00,00
48604000,625,false,Rx,0,8,25,00,11,43,FD,BB,E4,01
48704000,625,false,Rx,0,8,25,00,11,43,FD,BB,E4,01
48710000,2C4,false,Rx,0,8,03,00,00,00,02,03,00,00
48711000,2C5,false,Rx,0,8,00,00,00,00,00,00,00,00
48711000,2C6,false,Rx,0,8,F4,01,84,03,00,00,00,00
48721000,54,false,Rx,0,8,00,00,FE,FF,FE,FF,00,00
48722000,55,false,Rx,0,8,10,27,00,00,00,00,00,00
48732000,56,false,Rx,0,8,10,27,00,00,00,00,00,00
48732000,57,false,Rx,0,8,00,00,FE,FF,FE,FF,00,00
48804000,625,false,Rx,0,8,25,00,11,43,FD,BB,E4,01
48904000,625,false,Rx,0,8,25,00,11,43,FD,BB,E4,01
48910000,2C4,false,Rx,0,8,03,00,00,00,02,03,00,00
48911000,2C5,false,Rx,0,8,00,00,00,00,00,00,00,00
48911000,2C6,false,Rx,0,8,F4,01,84,03,00,00,00,00
48921000,54,false,Rx,0,8,00,00,FE,FF,FE,FF,00,00
48922000,55,false,Rx,0,8,10,27,00,00,00,00,00,00
48932000,56,false,Rx,0,8,10,27,00,00,00,00,00,00
48932000,57,false,Rx,0,8,00,00,FE,FF,FE,FF,00,00
49004000,625,false,Rx,0,8,25,00,11,43,FD,BB,E4,01
49104000,625,false,Rx,0,8,25,00,11,43,FD,BB,E4,01
49110000,2C4,false,Rx,0,8,03,00,00,00,02,03,00,00
49111000,2C5,false,Rx,0,8,00,00,00,00,00,00,00,00
49111000,2C6,false,Rx,0,8,F4,01,84,03,00,00,00,00
49121000,54,false,Rx,0,8,00,00,FE,FF,FE,FF,00,00
49122000,55,false,Rx,0,8,10,27,00,00,00,00,00,00
49132000,56,false,Rx,0,8,10,27,00,00,00,00,00,00
49132000,57,false,Rx,0,8,00,00,FE,FF,FE,FF,00,00
49204000,625,false,Rx,0,8,25,00,11,43,FD,BB,E4,01
49304000,625,false,Rx,0,8,25,00,11,43,FD,BB,E4,01
49310000,2C4,false,Rx,0,8,03,00,00,00,02,03,00,00
49311000,2C5,false,Rx,0,8,00,00,00,00,00,00,00,00
49311000,2C6,false,Rx,0,8,F4,01,84,03,00,00,00,00
49321000,54,false,Rx,0,8,00,00,FE,FF,FE,FF,00,00
49322000,55,false,Rx,0,8,10,27,00,00,00,00,00,00
49332000,56,false,Rx,0,8,10,27,00,00,00,00,00,00
49332000,57,false,Rx,0,8,00,00,FE,FF,FE,FF,00,00
49404000,625,false,Rx,0,8,25,00,11,43,FD,BB,E4,01
49504000,625,false,Rx,0,8,25,00,11,43,FD,BB,E4,01
49510000,2C4,false,Rx,0,8,03,00,00,00,02,03,00,00
49511000,2C5,false,Rx,0,8,00,00,00,00,00,00,00,00
49511000,2C6,false,Rx,0,8,F4,01,84,03,00,00,00,00
49521000,54,false,Rx,0,8,00,00,FE,FF,FE,FF,00,00
49522000,55,false,Rx,0,8,10,27,00,00,00,00,00,00
49532000,56,false,Rx,0,8,10,27,00,00,00,00,00,00
49532000,57,false,Rx,0,8,00,00,FE,FF,FE,FF,00,00
49604000,625,false,Rx,0,8,25,00,11,43,FD,BB,E4,01
49704000,625,false,Rx,0,8,25,00,11,43,FD,BB,E4,01
49710000,2C4,false,Rx,0,8,03,00,00,00,02,03,00,00
49711000,2C5,false,Rx,0,8,00,00,00,00,00,00,00,00
49711000,2C6,false,Rx,0,8,F4,01,84,03,00,00,00,00
49721000,54,false,Rx,0,8,00,00,FE,FF,FE,FF,00,00
49722000,55,false,Rx,0,8,10,27,00,00,00,00,00,00
49732000,56,false,Rx,0,8,10,27,00,00,00,00,00,00
49732000,57,false,Rx,0,8,00,00,FE,FF,FE,FF,00,00
49804000,625,false,Rx,0,8,25,00,11,43,FD,BB,E4,01
49904000,625,false,Rx,0,8,25,00,11,43,FD,BB,E4,01
49910000,2C4,false,Rx,0,8,03,00,00,00,02,03,00,00
49911000,2C5,false,Rx,0,8,00,00,00,00,00,00,00,00
49911000,2C6,false,Rx,0,8,F4,01,84,03,00,00,00,00
49921000,54,false,Rx,0,8,00,00,FE,FF,FE,FF,00,00
49921000,55,false,Rx,0,8,10,27,00,00,00,00,00,00
49932000,56,false,Rx,0,8,10,27,00,00,00,00,00,00
49932000,57,false,Rx,0,8,00,00,FE,FF,FE,FF,00,00
50004000,625,false,Rx,0,8,25,00,11,43,FD,BB,E4,01
50104000,625,false,Rx,0,8,25,00,11,43,FD,BB,E4,01
50110000,2C4,false,Rx,0,8,03,00,00,00,02,03,00,00
50111000,2C5,false,Rx,0,8,00,00,00,00,00,00,00,00
50111000,2C6,false,Rx,0,8,F4,01,84,03,00,00,00,00
50121000,54,false,Rx,0,8,00,00,FE,FF,FE,FF,00,00
50121000,55,false,Rx,0,8,10,27,00,00,00,00,00,00
50132000,56,false,Rx,0,8,10,27,00,00,00,00,00,00
50132000,57,false,Rx,0,8,00,00,FE,FF,FE,FF,00,00
50204000,625,false,Rx,0,8,25,00,11,43,FD,BB,E4,01
50304000,625,false,Rx,0,8,25,00,11,43,FD,BB,E4,01
50310000,2C4,false,Rx,0,8,03,00,00,00,02,03,00,00
50311000,2C5,false,Rx,0,8,00,00,00,00,00,00,00,00
50311000,2C6,false,Rx,0,8,F4,01,84,03,00,00,00,00
50321000,54,false,Rx,0,8,00,00,FE,FF,FE,FF,00,00
50321000,55,false,Rx,0,8,10,27,00,00,00,00,00,00
50332000,56,false,Rx,0,8,10,27,00,00,00,00,00,00
50332000,57,false,Rx,0,8,00,00,FE,FF,FE,FF,00,00
50404000,625,false,Rx,0,8,25,00,11,43,FD,BB,E4,01
50504000,625,false,Rx,0,8,25,00,11,43,FD,BB,E4,01
50510000,2C4,false,Rx,0,8,03,00,00,00,02,03,00,00
50511000,2C5,false,Rx,0,8,00,00,00,00,00,00,00,00
50511000,2C6,false,Rx,0,8,F4,01,84,03,00,00,00,00
50521000,54,false,Rx,0,8,00,00,FE,FF,FE,FF,00,00
50521000,55,false,Rx,0,8,10,27,00,00,00,00,00,00
50532000,56,false,Rx,0,8,10,27,00,00,00,00,00,00
50532000,57,false,Rx,0,8,00,00,FE,FF,FE,FF,00,00
50604000,625,false,Rx,0,8,25,00,11,43,FD,BB,E4,01
50704000,625,false,Rx,0,8,25,00,11,43,FD,BB,E4,01
50710000,2C4,false,Rx,0,8,03,00,00,00,02,03,00,00
50711000,2C5,false,Rx,0,8,00,00,00,00,00,00,00,00
50711000,2C6,false,Rx,0,8,F4,01,84,03,00,00,00,00
50721000,54,false,Rx,0,8,00,00,FE,FF,FE,FF,00,00
50721000,55,false,Rx,0,8,10,27,00,00,00,00,00,00
50732000,56,false,Rx,0,8,10,27,00,00,00,00,00,00
50732000,57,false,Rx,0,8,00,00,FE,FF,FE,FF,00,00
50804000,625,false,Rx,0,8,25,00,11,43,FD,BB,E4,01
50904000,625,false,Rx,0,8,25,00,11,43,FD,BB,E4,01
50910000,2C4,false,Rx,0,8,03,00,00,00,02,03,00,00
50911000,2C5,false,Rx,0,8,00,00,00,00,00,00,00,00
50911000,2C6,false,Rx,0,8,F4,01,84,03,00,00,00,00
50921000,54,false,Rx,0,8,00,00,FE,FF,FE,FF,00,00
50921000,55,false,Rx,0,8,10,27,00,00,00,00,00,00
50932000,56,false,Rx,0,8,10,27,00,00,00,00,00,00
50932000,57,false,Rx,0,8,00,00,FE,FF,FE,FF,00,00
51004000,625,false,Rx,0,8,25,00,11,43,FD,BB,E4,01
51104000,625,false,Rx,0,8,25,00,11,43,FD,BB,E4,01
51110000,2C4,false,Rx,0,8,03,00,00,00,02,03,00,00
51111000,2C5,false,Rx,0,8,00,00,00,00,00,00,00,00
51111000,2C6,false,Rx,0,8,F4,01,84,03,00,00,00,00
51121000,54,false,Rx,0,8,00,00,FE,FF,FE,FF,00,00
51121000,55,false,Rx,0,8,10,27,00,00,00,00,00,00
51132000,56,false,Rx,0,8,10,27,00,00,00,00,00,00
51132000,57,false,Rx,0,8,00,00,FE,FF,FE,FF,00,00
51204000,625,false,Rx,0,8,25,00,11,43,FD,BB,E4,01
51304000,625,false,Rx,0,8,25,00,11,43,FD,BB,E4,01
51310000,2C4,false,Rx,0,8,03,00,00,00,02,03,00,00
51311000,2C5,false,Rx,0,8,00,00,00,00,00,00,00,00
51311000,2C6,false,Rx,0,8,F4,01,84,03,00,00,00,00
51321000,54,false,Rx,0,8,00,00,FE,FF,FE,FF,00,00
51321000,55,false,Rx,0,8,10,27,00,00,00,00,00,00
51332000,56,false,Rx,0,8,10,27,00,00,00,00,00,00
51332000,57,false,Rx,0,8,00,00,FE,FF,FE,FF,00,00
51404000,625,false,Rx,0,8,25,00,11,43,FD,BB,E4,01
51504000,625,false,Rx,0,8,25,00,11,43,FD,BB,E4,01
51510000,2C4,false,Rx,0,8,03,00,00,00,02,03,00,00
51511000,2C5,false,Rx,0,8,00,00,00,00,00,00,00,00
51511000,2C6,false,Rx,0,8,F4,01,84,03,00,00,00,00
51521000,54,false,Rx,0,8,00,00,FE,FF,FE,FF,00,00
51521000,55,false,Rx,0,8,10,27,00,00,00,00,00,00
51532000,56,false,Rx,0,8,10,27,00,00,00,00,00,00
51532000,57,false,Rx,0,8,00,00,FE,FF,FE,FF,00,00
51604000,625,false,Rx,0,8,25,00,11,43,FD,BB,E4,01
51704000,625,false,Rx,0,8,25,00,11,43,FD,BB,E4,01
51710000,2C4,false,Rx,0,8,03,00,00,00,02,03,00,00
51711000,2C5,false,Rx,0,8,00,00,00,00,00,00,00,00
51711000,2C6,false,Rx,0,8,F4,01,84,03,00,00,00,00
51721000,54,false,Rx,0,8,00,00,FE,FF,FE,FF,00,00
51721000,55,false,Rx,0,8,10,27,00,00,00,00,00,00
51732000,56,false,Rx,0,8,10,27,00,00,00,00,00,00
51732000,57,false,Rx,0,8,00,00,FE,FF,FE,FF,00,00
51804000,625,false,Rx,0,8,25,00,11,43,FD,BB,E4,01
51904000,625,false,Rx,0,8,25,00,11,43,FD,BB,E4,01
51910000,2C4,false,Rx,0,8,03,00,00,00,02,03,00,00
51911000,2C5,false,Rx,0,8,00,00,00,00,00,00,00,00
51911000,2C6,false,Rx,0,8,F4,01,84,03,00,00,00,00
51921000,54,false,Rx,0,8,00,00,FE,FF,FE,FF,00,00
51921000,55,false,Rx,0,8,10,27,00,00,00,00,00,00
51932000,56,false,Rx,0,8,10,27,00,00,00,00,00,00
51932000,57,false,Rx,0,8,00,00,FE,FF,FE,FF,00,00
52004000,625,false,Rx,0,8,25,00,11,43,FD,BB,E4,01
52104000,625,false,Rx,0,8,25,00,11,43,FD,BB,E4,01
52110000,2C4,false,Rx,0,8,03,00,00,00,02,03,00,00
52111000,2C5,false,Rx,0,8,00,00,00,00,00,00,00,00
52111000,2C6,false,Rx,0,8,F4,01,84,03,00,00,00,00
52121000,54,false,Rx,0,8,00,00,FE,FF,FE,FF,00,00
52121000,55,false,Rx,0,8,10,27,00,00,00,00,00,00
52132000,56,false,Rx,0,8,10,27,00,00,00,00,00,00
52132000,57,false,Rx,0,8,00,00,FE,FF,FE,FF,00,00
52204000,625,false,Rx,0,8,25,00,11,43,FD,BB,E4,01
52304000,625,false,Rx,0,8,25,00,11,43,FD,BB,E4,01
52310000,2C4,false,Rx,0,8,03,00,00,00,02,03,00,00
52311000,2C5,false,Rx,0,8,00,00,00,00,00,00,00,00
52311000,2C6,false,Rx,0,8,F4,01,84,03,00,00,00,00
52321000,54,false,Rx,0,8,00,00,FE,FF,FE,FF,00,00
52321000,55,false,Rx,0,8,10,27,00,00,00,00,00,00
52332000,56,false,Rx,0,8,10,27,00,00,00,00,00,00
52332000,57,false,Rx,0,8,00,00,FE,FF,FE,FF,00,00
52404000,625,false,Rx,0,8,25,00,11,43,FD,BB,E4,01
52504000,625,false,Rx,0,8,25,00,11,43,FD,BB,E4,01
52510000,2C4,false,Rx,0,8,03,00,00,00,02,03,00,00
52511000,2C5,false,Rx,0,8,00,00,00,00,00,00,00,00
52511000,2C6,false,Rx,0,8,F4,01,84,03,00,00,00,00
52521000,54,false,Rx,0,8,00,00,FE,FF,FE,FF,00,00
52521000,55,false,Rx,0,8,10,27,00,00,00,00,00,00
52532000,56,false,Rx,0,8,10,27,00,00,00,00,00,00
52532000,57,false,Rx,0,8,00,00,FE,FF,FE,FF,00,00
52604000,625,false,Rx,0,8,25,00,11,43,FD,BB,E4,01
52704000,625,false,Rx,0,8,25,00,11,43,FD,BB,E4,01
52710000,2C4,false,Rx,0,8,03,00,00,00,02,03,00,00
52711000,2C5,false,Rx,0,8,00,00,00,00,00,00,00,00
52711000,2C6,false,Rx,0,8,F4,01,84,03,00,00,00,00
52721000,54,false,Rx,0,8,00,00,FE,FF,FE,FF,00,00
52721000,55,false,Rx,0,8,10,27,00,00,00,00,00,00
52732000,56,false,Rx,0,8,10,27,00,00,00,00,00,00
52732000,57,false,Rx,0,8,00,00,FE,FF,FE,FF,00,00
52804000,625,false,Rx,0,8,25,00,11,43,FD,BB,E4,01
52904000,625,false,Rx,0,8,25,00,11,43,FD,BB,E4,01
52910000,2C4,false,Rx,0,8,03,00,00,00,02,03,00,00
52911000,2C5,false,Rx,0,8,00,00,00,00,00,00,00,00
52911000,2C6,false,Rx,0,8,F4,01,84,03,00,00,00,00
52921000,54,false,Rx,0,8,00,00,FE,FF,FE,FF,00,00
52921000,55,false,Rx,0,8,10,27,00,00,00,00,00,00
52932000,56,false,Rx,0,8,10,27,00,00,00,00,00,00
52932000,57,false,Rx,0,8,00,00,FE,FF,FE,FF,00,00
53004000,625,false,Rx,0,8,25,00,11,43,FD,BB,E4,01
53104000,625,false,Rx,0,8,25,00,11,43,FD,BB,E4,01
53110000,2C4,false,Rx,0,8,03,00,00,00,02,03,00,00
53110000,2C5,false,Rx,0,8,00,00,00,00,00,00,00,00
53111000,2C6,false,Rx,0,8,F4,01,84,03,00,00,00,00
53121000,54,false,Rx,0,8,00,00,FE,FF,FE,FF,00,00
53121000,55,false,Rx,0,8,10,27,00,00,00,00,00,00
53132000,56,false,Rx,0,8,10,27,00,00,00,00,00,00
53132000,57,false,Rx,0,8,00,00,FE,FF,FE,FF,00,00
53204000,625,false,Rx,0,8,25,00,11,43,FD,BB,E4,01
53304000,625,false,Rx,0,8,25,00,11,43,FD,BB,E4,01
53310000,2C4,false,Rx,0,8,03,00,00,00,02,03,00,00
53310000,2C5,false,Rx,0,8,00,00,00,00,00,00,00,00
53311000,2C6,false,Rx,0,8,F4,01,84,03,00,00,00,00
53321000,54,false,Rx,0,8,00,00,FE,FF,FE,FF,00,00
53321000,55,false,Rx,0,8,10,27,00,00,00,00,00,00
53332000,56,false,Rx,0,8,10,27,00,00,00,00,00,00
53332000,57,false,Rx,0,8,00,00,FE,FF,FE,FF,00,00
53404000,625,false,Rx,0,8,25,00,11,43,FD,BB,E4,01
53504000,625,false,Rx,0,8,25,00,11,43,FD,BB,E4,01
53510000,2C4,false,Rx,0,8,03,00,00,00,02,03,00,00
53510000,2C5,false,Rx,0,8,00,00,00,00,00,00,00,00
53511000,2C6,false,Rx,0,8,F4,01,84,03,00,00,00,00
53521000,54,false,Rx,0,8,00,00,FE,FF,FE,FF,00,00
53521000,55,false,Rx,0,8,10,27,00,00,00,00,00,00
53532000,56,false,Rx,0,8,10,27,00,00,00,00,00,00
53532000,57,false,Rx,0,8,00,00,FE,FF,FE,FF,00,00
53604000,625,false,Rx,0,8,25,00,11,43,FD,BB,E4,01
53704000,625,false,Rx,0,8,25,00,11,43,FD,BB,E4,01
53710000,2C4,false,Rx,0,8,03,00,00,00,02,03,00,00
53710000,2C5,false,Rx,0,8,00,00,00,00,00,00,00,00
53711000,2C6,false,Rx,0,8,F4,01,84,03,00,00,00,00
53721000,54,false,Rx,0,8,00,00,FE,FF,FE,FF,00,00
53721000,55,false,Rx,0,8,10,27,00,00,00,00,00,00
53732000,56,false,Rx,0,8,10,27,00,00,00,00,00,00
53732000,57,false,Rx,0,8,00,00,FE,FF,FE,FF,00,00
53804000,625,false,Rx,0,8,25,00,11,43,FD,BB,E4,01
53904000,625,false,Rx,0,8,25,00,11,43,FD,BB,E4,01
53910000,2C4,false,Rx,0,8,03,00,00,00,02,03,00,00
53910000,2C5,false,Rx,0,8,00,00,00,00,00,00,00,00
53911000,2C6,false,Rx,0,8,F4,01,84,03,00,00,00,00
53921000,54,false,Rx,0,8,00,00,FE,FF,FE,FF,00,00
53921000,55,false,Rx,0,8,10,27,00,00,00,00,00,00
53932000,56,false,Rx,0,8,10,27,00,00,00,00,00,00
53932000,57,false,Rx,0,8,00,00,FE,FF,FE,FF,00,00
54004000,625,false,Rx,0,8,25,00,11,43,FD,BB,E4,01
54104000,625,false,Rx,0,8,25,00,11,43,FD,BB,E4,01
54110000,2C4,false,Rx,0,8,03,00,00,00,02,03,00,00
54110000,2C5,false,Rx,0,8,00,00,00,00,00,00,00,00
54111000,2C6,false,Rx,0,8,F4,01,84,03,00,00,00,00
54121000,54,false,Rx,0,8,00,00,FE,FF,FE,FF,00,00
54121000,55,false,Rx,0,8,10,27,00,00,00,00,00,00
54132000,56,false,Rx,0,8,10,27,00,00,00,00,00,00
54132000,57,false,Rx,0,8,00,00,FE,FF,FE,FF,00,00
54204000,625,false,Rx,0,8,25,00,11,43,FD,BB,E4,01
54304000,625,false,Rx,0,8,25,00,11,43,FD,BB,E4,01
54310000,2C4,false,Rx,0,8,03,00,00,00,02,03,00,00
54310000,2C5,false,Rx,0,8,00,00,00,00,00,00,00,00
54311000,2C6,false,Rx,0,8,F4,01,84,03,00,00,00,00
54321000,54,false,Rx,0,8,00,00,FE,FF,FE,FF,00,00
54321000,55,false,Rx,0,8,10,27,00,00,00,00,00,00
54332000,56,false,Rx,0,8,10,27,00,00,00,00,00,00
54332000,57,false,Rx,0,8,00,00,FE,FF,FE,FF,00,00
54404000,625,false,Rx,0,8,25,00,11,43,FD,BB,E4,01
54504000,625,false,Rx,0,8,25,00,11,43,FD,BB,E4,01
54510000,2C4,false,Rx,0,8,03,00,00,00,02,03,00,00
54510000,2C5,false,Rx,0,8,00,00,00,00,00,00,00,00
54511000,2C6,false,Rx,0,8,F4,01,84,03,00,00,00,00
54521000,54,false,Rx,0,8,00,00,FE,FF,FE,FF,00,00
54521000,55,false,Rx,0,8,10,27,00,00,00,00,00,00
54532000,56,false,Rx,0,8,10,27,00,00,00,00,00,00
54532000,57,false,Rx,0,8,00,00,FE,FF,FE,FF,00,00
54604000,625,false,Rx,0,8,25,00,11,43,FD,BB,E4,01
54704000,625,false,Rx,0,8,25,00,11,43,FD,BB,E4,01
54710000,2C4,false,Rx,0,8,03,00,00,00,02,03,00,00
54710000,2C5,false,Rx,0,8,00,00,00,00,00,00,00,00
54711000,2C6,false,Rx,0,8,F4,01,84,03,00,00,00,00
54721000,54,false,Rx,0,8,00,00,FE,FF,FE,FF,00,00
54721000,55,false,Rx,0,8,10,27,00,00,00,00,00,00
54732000,56,false,Rx,0,8,10,27,00,00,00,00,00,00
54732000,57,false,Rx,0,8,00,00,FE,FF,FE,FF,00,00
54804000,625,false,Rx,0,8,25,00,11,43,FD,BB,E4,01
54904000,625,false,Rx,0,8,25,00,11,43,FD,BB,E4,01
54910000,2C4,false,Rx,0,8,03,00,00,00,02,03,00,00
54910000,2C5,false,Rx,0,8,00,00,00,00,00,00,00,00
54911000,2C6,false,Rx,0,8,F4,01,84,03,00,00,00,00
54921000,54,false,Rx,0,8,00,00,FE,FF,FE,FF,00,00
54921000,55,false,Rx,0,8,10,27,00,00,00,00,00,00
54932000,56,false,Rx,0,8,10,27,00,00,00,00,00,00
54932000,57,false,Rx,0,8,00,00,FE,FF,FE,FF,00,00
55004000,625,false,Rx,0,8,25,00,11,43,FD,BB,E4,01
55104000,625,false,Rx,0,8,25,00,11,43,FD,BB,E4,01
55110000,2C4,false,Rx,0,8,03,00,00,00,02,03,00,00
55110000,2C5,false,Rx,0,8,00,00,00,00,00,00,00,00
55111000,2C6,false,Rx,0,8,F4,01,84,03,00,00,00,00
55121000,54,false,Rx,0,8,00,00,FE,FF,FE,FF,00,00
55121000,55,false,Rx,0,8,10,27,00,00,00,00,00,00
55132000,56,false,Rx,0,8,10,27,00,00,00,00,00,00
55132000,57,false,Rx,0,8,00,00,FE,FF,FE,FF,00,00
55204000,625,false,Rx,0,8,25,00,11,43,FD,BB,E4,01
55304000,625,false,Rx,0,8,25,00,11,43,FD,BB,E4,01
55310000,2C4,false,Rx,0,8,03,00,00,00,02,03,00,00
55310000,2C5,false,Rx,0,8,00,00,00,00,00,00,00,00
55311000,2C6,false,Rx,0,8,F4,01,84,03,00,00,00,00
55321000,54,false,Rx,0,8,00,00,FE,FF,FE,FF,00,00
55321000,55,false,Rx,0,8,10,27,00,00,00,00,00,00
55332000,56,false,Rx,0,8,10,27,00,00,00,00,00,00
55332000,57,false,Rx,0,8,00,00,FE,FF,FE,FF,00,00
55404000,625,false,Rx,0,8,25,00,11,43,FD,BB,E4,01
55504000,625,false,Rx,0,8,25,00,11,43,FD,BB,E4,01
55510000,2C4,false,Rx,0,8,03,00,00,00,02,03,00,00
55510000,2C5,false,Rx,0,8,00,00,00,00,00,00,00,00
55511000,2C6,false,Rx,0,8,F4,01,84,03,00,00,00,00
55521000,54,false,Rx,0,8,00,00,FE,FF,FE,FF,00,00
55521000,55,false,Rx,0,8,10,27,00,00,00,00,00,00
55532000,56,false,Rx,0,8,10,27,00,00,00,00,00,00
55532000,57,false,Rx,0,8,00,00,FE,FF,FE,FF,00,00
55604000,625,false,Rx,0,8,25,00,11,43,FD,BB,E4,01
55704000,625,false,Rx,0,8,25,00,11,43,FD,BB,E4,01
55710000,2C4,false,Rx,0,8,03,00,00,00,02,03,00,00
55710000,2C5,false,Rx,0,8,00,00,00,00,00,00,00,00
55711000,2C6,false,Rx,0,8,F4,01,84,03,00,00,00,00
55721000,54,false,Rx,0,8,00,00,FE,FF,FE,FF,00,00
55721000,55,false,Rx,0,8,10,27,00,00,00,00,00,00
55732000,56,false,Rx,0,8,10,27,00,00,00,00,00,00
55732000,57,false,Rx,0,8,00,00,FE,FF,FE,FF,00,00
55804000,625,false,Rx,0,8,25,00,11,43,FD,BB,E4,01
55904000,625,false,Rx,0,8,25,00,11,43,FD,BB,E4,01
55910000,2C4,false,Rx,0,8,03,00,00,00,02,03,00,00
55910000,2C5,false,Rx,0,8,00,00,00,00,00,00,00,00
55911000,2C6,false,Rx,0,8,F4,01,84,03,00,00,00,00
55921000,54,false,Rx,0,8,00,00,FE,FF,FE,FF,00,00
55921000,55,false,Rx,0,8,10,27,00,00,00,00,00,00
55932000,56,false,Rx,0,8,10,27,00,00,00,00,00,00
55932000,57,false,Rx,0,8,00,00,FE,FF,FE,FF,00,00
56004000,625,false,Rx,0,8,25,00,11,43,FD,BB,E4,01
56104000,625,false,Rx,0,8,25,00,11,43,FD,BB,E4,01
56110000,2C4,false,Rx,0,8,03,00,00,00,02,03,00,00
56110000,2C5,false,Rx,0,8,00,00,00,00,00,00,00,00
56111000,2C6,false,Rx,0,8,F4,01,84,03,00,00,00,00
56121000,54,false,Rx,0,8,00,00,FE,FF,FE,FF,00,00
56121000,55,false,Rx,0,8,10,27,00,00,00,00,00,00
56131000,56,false,Rx,0,8,10,27,00,00,00,00,00,00
56132000,57,false,Rx,0,8,00,00,FE,FF,FE,FF,00,00
56204000,625,false,Rx,0,8,25,00,11,43,FD,BB,E4,01
56304000,625,false,Rx,0,8,25,00,11,43,FD,BB,E4,01
56310000,2C4,false,Rx,0,8,03,00,00,00,02,03,00,00
56310000,2C5,false,Rx,0,8,00,00,00,00,00,00,00,00
56311000,2C6,false,Rx,0,8,F4,01,84,03,00,00,00,00
56321000,54,false,Rx,0,8,00,00,FE,FF,FE,FF,00,00
56321000,55,false,Rx,0,8,10,27,00,00,00,00,00,00
56331000,56,false,Rx,0,8,10,27,00,00,00,00,00,00
56332000,57,false,Rx,0,8,00,00,FE,FF,FE,FF,00,00
56404000,625,false,Rx,0,8,25,00,11,43,FD,BB,E4,01
56504000,625,false,Rx,0,8,25,00,11,43,FD,BB,E4,01
56510000,2C4,false,Rx,0,8,03,00,00,00,02,03,00,00
56510000,2C5,false,Rx,0,8,00,00,00,00,00,00,00,00
56511000,2C6,false,Rx,0,8,F4,01,84,03,00,00,00,00
56521000,54,false,Rx,0,8,00,00,FE,FF,FE,FF,00,00
56521000,55,false,Rx,0,8,10,27,00,00,00,00,00,00
56531000,56,false,Rx,0,8,10,27,00,00,00,00,00,00
56532000,57,false,Rx,0,8,00,00,FE,FF,FE,FF,00,00
56604000,625,false,Rx,0,8,25,00,11,43,FD,BB,E4,01
56704000,625,false,Rx,0,8,25,00,11,43,FD,BB,E4,01
56710000,2C4,false,Rx,0,8,03,00,00,00,02,03,00,00
56710000,2C5,false,Rx,0,8,00,00,00,00,00,00,00,00
56711000,2C6,false,Rx,0,8,F4,01,84,03,00,00,00,00
56721000,54,false,Rx,0,8,00,00,FE,FF,FE,FF,00,00
56721000,55,false,Rx,0,8,10,27,00,00,00,00,00,00
56731000,56,false,Rx,0,8,10,27,00,00,00,00,00,00
56732000,57,false,Rx,0,8,00,00,FE,FF,FE,FF,00,00
56804000,625,false,Rx,0,8,25,00,11,43,FD,BB,E4,01
56904000,625,false,Rx,0,8,25,00,11,43,FD,BB,E4,01
56910000,2C4,false,Rx,0,8,03,00,00,00,02,03,00,00
56910000,2C5,false,Rx,0,8,00,00,00,00,00,00,00,00
56911000,2C6,false,Rx,0,8,F4,01,84,03,00,00,00,00
56921000,54,false,Rx,0,8,00,00,FE,FF,FE,FF,00,00
56921000,55,false,Rx,0,8,10,27,00,00,00,00,00,00
56931000,56,false,Rx,0,8,10,27,00,00,00,00,00,00
56932000,57,false,Rx,0,8,00,00,FE,FF,FE,FF,00,00
57004000,625,false,Rx,0,8,25,00,11,43,FD,BB,E4,01
57104000,625,false,Rx,0,8,25,00,11,43,FD,BB,E4,01
57110000,2C4,false,Rx,0,8,03,00,00,00,02,03,00,00
57110000,2C5,false,Rx,0,8,00,00,00,00,00,00,00,00
57111000,2C6,false,Rx,0,8,F4,01,84,03,00,00,00,00
57121000,54,false,Rx,0,8,00,00,FE,FF,FE,FF,00,00
57121000,55,false,Rx,0,8,10,27,00,00,00,00,00,00
57131000,56,false,Rx,0,8,10,27,00,00,00,00,00,00
57132000,57,false,Rx,0,8,00,00,FE,FF,FE,FF,00,00
57204000,625,false,Rx,0,8,25,00,11,43,FD,BB,E4,01
57304000,625,false,Rx,0,8,25,00,11,43,FD,BB,E4,01
57310000,2C4,false,Rx,0,8,03,00,00,00,02,03,00,00
57310000,2C5,false,Rx,0,8,00,00,00,00,00,00,00,00
57311000,2C6,false,Rx,0,8,F4,01,84,03,00,00,00,00
57321000,54,false,Rx,0,8,00,00,FE,FF,FE,FF,00,00
57321000,55,false,Rx,0,8,10,27,00,00,00,00,00,00
57331000,56,false,Rx,0,8,10,27,00,00,00,00,00,00
57332000,57,false,Rx,0,8,00,00,FE,FF,FE,FF,00,00
57404000,625,false,Rx,0,8,25,00,11,43,FD,BB,E4,01
57504000,625,false,Rx,0,8,25,00,11,43,FD,BB,E4,01
57510000,2C4,false,Rx,0,8,03,00,00,00,02,03,00,00
57510000,2C5,false,Rx,0,8,00,00,00,00,00,00,00,00
57511000,2C6,false,Rx,0,8,F4,01,84,03,00,00,00,00
57521000,54,false,Rx,0,8,00,00,FE,FF,FE,FF,00,00
57521000,55,false,Rx,0,8,10,27,00,00,00,00,00,00
57531000,56,false,Rx,0,8,10,27,00,00,00,00,00,00
57532000,57,false,Rx,0,8,00,00,FE,FF,FE,FF,00,00
57604000,625,false,Rx,0,8,25,00,11,43,FD,BB,E4,01
57704000,625,false,Rx,0,8,25,00,11,43,FD,BB,E4,01
57710000,2C4,false,Rx,0,8,03,00,00,00,02,03,00,00
57710000,2C5,false,Rx,0,8,00,00,00,00,00,00,00,00
57710000,2C6,false,Rx,0,8,F4,01,84,03,00,00,00,00
57721000,54,false,Rx,0,8,00,00,FE,FF,FE,FF,00,00
57721000,55,false,Rx,0,8,10,27,00,00,00,00,00,00
57731000,56,false,Rx,0,8,10,27,00,00,00,00,00,00
57732000,57,false,Rx,0,8,00,00,FE,FF,FE,FF,00,00
57804000,625,false,Rx,0,8,25,00,11,43,FD,BB,E4,01
57904000,625,false,Rx,0,8,25,00,11,43,FD,BB,E4,01
57910000,2C4,false,Rx,0,8,03,00,00,00,02,03,00,00
57910000,2C5,false,Rx,0,8,00,00,00,00,00,00,00,00
57910000,2C6,false,Rx,0,8,F4,01,84,03,00,00,00,00
57921000,54,false,Rx,0,8,00,00,FE,FF,FE,FF,00,00
57921000,55,false,Rx,0,8,10,27,00,00,00,00,00,00
57931000,56,false,Rx,0,8,10,27,00,00,00,00,00,00
57932000,57,false,Rx,0,8,00,00,FE,FF,FE,FF,00,00
58004000,625,false,Rx,0,8,25,00,11,43,FD,BB,E4,01
58104000,625,false,Rx,0,8,25,00,11,43,FD,BB,E4,01
58110000,2C4,false,Rx,0,8,03,00,00,00,02,03,00,00
58110000,2C5,false,Rx,0,8,00,00,00,00,00,00,00,00
58110000,2C6,false,Rx,0,8,F4,01,84,03,00,00,00,00
58121000,54,false,Rx,0,8,00,00,FE,FF,FE,FF,00,00
58121000,55,false,Rx,0,8,10,27,00,00,00,00,00,00
58131000,56,false,Rx,0,8,10,27,00,00,00,00,00,00
58132000,57,false,Rx,0,8,00,00,FE,FF,FE,FF,00,00
58204000,625,false,Rx,0,8,25,00,11,43,FD,BB,E4,01
58304000,625,false,Rx,0,8,25,00,11,43,FD,BB,E4,01
58310000,2C4,false,Rx,0,8,03,00,00,00,02,03,00,00
58310000,2C5,false,Rx,0,8,00,00,00,00,00,00,00,00
58310000,2C6,false,Rx,0,8,F4,01,84,03,00,00,00,00
58321000,54,false,Rx,0,8,00,00,FE,FF,FE,FF,00,00
58321000,55,false,Rx,0,8,10,27,00,00,00,00,00,00
58331000,56,false,Rx,0,8,10,27,00,00,00,00,00,00
58332000,57,false,Rx,0,8,00,00,FE,FF,FE,FF,00,00
58404000,625,false,Rx,0,8,25,00,11,43,FD,BB,E4,01
58504000,625,false,Rx,0,8,25,00,11,43,FD,BB,E4,01
58510000,2C4,false,Rx,0,8,03,00,00,00,02,03,00,00
58510000,2C5,false,Rx,0,8,00,00,00,00,00,00,00,00
58510000,2C6,false,Rx,0,8,F4,01,84,03,00,00,00,00
58521000,54,false,Rx,0,8,00,00,FE,FF,FE,FF,00,00
58521000,55,false,Rx,0,8,10,27,00,00,00,00,00,00
58531000,56,false,Rx,0,8,10,27,00,00,00,00,00,00
58532000,57,false,Rx,0,8,00,00,FE,FF,FE,FF,00,00
58604000,625,false,Rx,0,8,25,00,11,43,FD,BB,E4,01
58704000,625,false,Rx,0,8,25,00,11,43,FD,BB,E4,01
58710000,2C4,false,Rx,0,8,03,00,00,00,02,03,00,00
58710000,2C5,false,Rx,0,8,00,00,00,00,00,00,00,00
58710000,2C6,false,Rx,0,8,F4,01,84,03,00,00,00,00
58721000,54,false,Rx,0,8,00,00,FE,FF,FE,FF,00,00
58721000,55,false,Rx,0,8,10,27,00,00,00,00,00,00
58731000,56,false,Rx,0,8,10,27,00,00,00,00,00,00
58732000,57,false,Rx,0,8,00,00,FE,FF,FE,FF,00,00
58804000,625,false,Rx,0,8,25,00,11,43,FD,BB,E4,01
58904000,625,false,Rx,0,8,25,00,11,43,FD,BB,E4,01
58910000,2C4,false,Rx,0,8,03,00,00,00,02,03,00,00
58910000,2C5,false,Rx,0,8,00,00,00,00,00,00,00,00
58910000,2C6,false,Rx,0,8,F4,01,84,03,00,00,00,00
58921000,54,false,Rx,0,8,00,00,FE,FF,FE,FF,00,00
58921000,55,false,Rx,0,8,10,27,00,00,00,00,00,00
58931000,56,false,Rx,0,8,10,27,00,00,00,00,00,00
58931000,57,false,Rx,0,8,00,00,FE,FF,FE,FF,00,00
59004000,625,false,Rx,0,8,25,00,11,43,FD,BB,E4,01
59104000,625,false,Rx,0,8,25,00,11,43,FD,BB,E4,01
59110000,2C4,false,Rx,0,8,03,00,00,00,02,03,00,00
59110000,2C5,false,Rx,0,8,00,00,00,00,00,00,00,00
59110000,2C6,false,Rx,0,8,F4,01,84,03,00,00,00,00
59121000,54,false,Rx,0,8,00,00,FE,FF,FE,FF,00,00
59121000,55,false,Rx,0,8,10,27,00,00,00,00,00,00
59131000,56,false,Rx,0,8,10,27,00,00,00,00,00,00
59131000,57,false,Rx,0,8,00,00,FE,FF,FE,FF,00,00
59204000,625,false,Rx,0,8,25,00,11,43,FD,BB,E4,01
59304000,625,false,Rx,0,8,25,00,11,43,FD,BB,E4,01
59310000,2C4,false,Rx,0,8,03,00,00,00,02,03,00,00
59310000,2C5,false,Rx,0,8,00,00,00,00,00,00,00,00
59310000,2C6,false,Rx,0,8,F4,01,84,03,00,00,00,00
59321000,54,false,Rx,0,8,00,00,FE,FF,FE,FF,00,00
59321000,55,false,Rx,0,8,10,27,00,00,00,00,00,00
59331000,56,false,Rx,0,8,10,27,00,00,00,00,00,00
59331000,57,false,Rx,0,8,00,00,FE,FF,FE,FF,00,00
59404000,625,false,Rx,0,8,25,00,11,43,FD,BB,E4,01
59504000,625,false,Rx,0,8,25,00,11,43,FD,BB,E4,01
59510000,2C4,false,Rx,0,8,03,00,00,00,02,03,00,00
59510000,2C5,false,Rx,0,8,00,00,00,00,00,00,00,00
59510000,2C6,false,Rx,0,8,F4,01,84,03,00,00,00,00
59521000,54,false,Rx,0,8,00,00,FE,FF,FE,FF,00,00
59521000,55,false,Rx,0,8,10,27,00,00,00,00,00,00
59531000,56,false,Rx,0,8,10,27,00,00,00,00,00,00
59531000,57,false,Rx,0,8,00,00,FE,FF,FE,FF,00,00
59604000,625,false,Rx,0,8,25,00,11,43,FD,BB,E4,01
59704000,625,false,Rx,0,8,25,00,11,43,FD,BB,E4,01
59710000,2C4,false,Rx,0,8,03,00,00,00,02,03,00,00
59710000,2C5,false,Rx,0,8,00,00,00,00,00,00,00,00
59710000,2C6,false,Rx,0,8,F4,01,84,03,00,00,00,00
59721000,54,false,Rx,0,8,00,00,FE,FF,FE,FF,00,00
59721000,55,false,Rx,0,8,10,27,00,00,00,00,00,00
59731000,56,false,Rx,0,8,10,27,00,00,00,00,00,00
59731000,57,false,Rx,0,8,00,00,FE,FF,FE,FF,00,00
59804000,625,false,Rx,0,8,25,00,11,43,FD,BB,E4,01
59904000,625,false,Rx,0,8,25,00,11,43,FD,BB,E4,01
